epoch,elapsed_time,total_loss,l_pred,l_probe,l_coord,spike_rate,grad_norm,p_auto,val_total_loss,val_l_pred,val_l_probe,val_l_coord,val_pos_err,val_vel_err,val_spike_rate,grad_norm_recent,total_loss_rate_run,total_loss_rel_imp_run,val_total_loss_rate_run,val_total_loss_rel_imp_run,l_pred_rate_run,l_pred_rel_imp_run,val_l_pred_rate_run,val_l_pred_rel_imp_run,val_pos_err_rate_run,val_pos_err_rel_imp_run,val_vel_err_rate_run,val_vel_err_rel_imp_run,l_coord_rate_run,l_coord_rel_imp_run,val_l_coord_rate_run,val_l_coord_rel_imp_run,spike_rate_rate_run,spike_rate_rel_imp_run,val_spike_rate_rate_run,val_spike_rate_rel_imp_run,grad_norm_rate_run,grad_norm_rel_imp_run,total_loss_rate_50,total_loss_rel_imp_50,val_total_loss_rate_50,val_total_loss_rel_imp_50,l_pred_rate_50,l_pred_rel_imp_50,val_l_pred_rate_50,val_l_pred_rel_imp_50,val_pos_err_rate_50,val_pos_err_rel_imp_50,val_vel_err_rate_50,val_vel_err_rel_imp_50,l_coord_rate_50,l_coord_rel_imp_50,val_l_coord_rate_50,val_l_coord_rel_imp_50,spike_rate_rate_50,spike_rate_rel_imp_50,val_spike_rate_rate_50,val_spike_rate_rel_imp_50,grad_norm_rate_50,grad_norm_rel_imp_50,total_loss_rate_10,total_loss_rel_imp_10,val_total_loss_rate_10,val_total_loss_rel_imp_10,l_pred_rate_10,l_pred_rel_imp_10,val_l_pred_rate_10,val_l_pred_rel_imp_10,val_pos_err_rate_10,val_pos_err_rel_imp_10,val_vel_err_rate_10,val_vel_err_rel_imp_10,l_coord_rate_10,l_coord_rel_imp_10,val_l_coord_rate_10,val_l_coord_rel_imp_10,spike_rate_rate_10,spike_rate_rel_imp_10,val_spike_rate_rate_10,val_spike_rate_rel_imp_10,grad_norm_rate_10,grad_norm_rel_imp_10
1,8.821733951568604,8.40527399679025,8.230940532684325,0.3486669282118479,0.22587142090002696,0.2658342719078064,3.2610711617229224,0.0,7.769197978079319,7.597553491592407,0.34328897297382355,0.2271183580160141,0.6386746168136597,0.8608388602733612,0.2635184973478317,2.9656984593406124,0.0,0.0,0.0,0.0,0.0,0.0,0.0,0.0,0.0,0.0,0.0,0.0,0.0,0.0,0.0,0.0,0.0,0.0,0.0,0.0,0.0,0.0,0.0,0.0,0.0,0.0,0.0,0.0,0.0,0.0,0.0,0.0,0.0,0.0,0.0,0.0,0.0,0.0,0.0,0.0,0.0,0.0,0.0,0.0,0.0,0.0,0.0,0.0,0.0,0.0,0.0,0.0,0.0,0.0,0.0,0.0,0.0,0.0,0.0,0.0,0.0,0.0,0.0,0.0,0.0,0.0
2,16.32906985282898,7.566516215602557,7.419968255360922,0.29309592048327127,0.20677823026974995,0.2663504759470622,1.691291195622038,0.0,7.38818196952343,7.231897830963135,0.3125682771205902,0.21300306171178818,0.607259064912796,0.8190731108188629,0.26818251609802246,1.5120299997565059,0.0,0.0,0.0,0.0,0.0,0.0,0.0,0.0,0.0,0.0,0.0,0.0,0.0,0.0,0.0,0.0,0.0,0.0,0.0,0.0,0.0,0.0,0.0,0.0,0.0,0.0,0.0,0.0,0.0,0.0,0.0,0.0,0.0,0.0,0.0,0.0,0.0,0.0,0.0,0.0,0.0,0.0,0.0,0.0,0.0,0.0,0.0,0.0,0.0,0.0,0.0,0.0,0.0,0.0,0.0,0.0,0.0,0.0,0.0,0.0,0.0,0.0,0.0,0.0,0.0,0.0
3,23.762513875961304,7.327698203921318,7.187732060750325,0.2799322863419851,0.2015188862880071,0.2666566828886668,1.1404123521635863,0.0,7.240769900381565,7.086644887924194,0.3082500249147415,0.21706122159957886,0.5976629257202148,0.8197864592075348,0.26539379358291626,1.0805234143610796,-1.0775757928689318,12.820233977862344,-0.5284280776977539,6.801578221956837,-1.0432084719340002,12.674231672449984,-0.5109086036682129,6.724646351402379,-0.041011691093444824,6.421374830590838,-0.041052401065826416,4.768883348596756,-0.02435253461201986,10.781591807844759,-0.010057136416435242,4.428147730676229,0.0008224109808603886,-0.3093698096028821,0.0018752962350845337,-0.7116374197478945,-2.120658809559336,65.02951651134555,-1.0775757928689318,12.820233977862344,-0.5284280776977539,6.801578221956837,-1.0432084719340002,12.674231672449984,-0.5109086036682129,6.724646351402379,-0.041011691093444824,6.421374830590838,-0.041052401065826416,4.768883348596756,-0.02435253461201986,10.781591807844759,-0.010057136416435242,4.428147730676229,0.0008224109808603886,-0.3093698096028821,0.0018752962350845337,-0.7116374197478945,-2.120658809559336,65.02951651134555,-1.0775757928689318,12.820233977862344,-0.5284280776977539,6.801578221956837,-1.0432084719340002,12.674231672449984,-0.5109086036682129,6.724646351402379,-0.041011691093444824,6.421374830590838,-0.041052401065826416,4.768883348596756,-0.02435253461201986,10.781591807844759,-0.010057136416435242,4.428147730676229,0.0008224109808603886,-0.3093698096028821,0.0018752962350845337,-0.7116374197478945,-2.120658809559336,65.02951651134555
4,31.136962890625,7.194282418986162,7.057491175333658,0.2735824873050054,0.20550757845242817,0.26436979373296104,0.8520460654862546,0.0,7.108304969966412,6.961676359176636,0.2932572215795517,0.21720627695322037,0.5775823891162872,0.7996137738227844,0.26319095492362976,0.8010127613100264,-0.605495788902044,14.407520543250982,-0.3304465040564537,8.5065795720177,-0.5867246786753335,14.256564637917199,-0.31793856620788574,8.369498590821966,-0.030546113848686218,9.565469816564946,-0.03061254322528839,7.112258667218464,-0.010181921223799392,9.015679082575053,-0.004956040531396866,4.364279994528153,-0.0007322390874226758,0.5508989357674865,-0.00016377121210098267,0.12429579991480641,-1.2045125481183339,73.87220262203377,-0.605495788902044,14.407520543250982,-0.3304465040564537,8.5065795720177,-0.5867246786753335,14.256564637917199,-0.31793856620788574,8.369498590821966,-0.030546113848686218,9.565469816564946,-0.03061254322528839,7.112258667218464,-0.010181921223799392,9.015679082575053,-0.004956040531396866,4.364279994528153,-0.0007322390874226758,0.5508989357674865,-0.00016377121210098267,0.12429579991480641,-1.2045125481183339,73.87220262203377,-0.605495788902044,14.407520543250982,-0.3304465040564537,8.5065795720177,-0.5867246786753335,14.256564637917199,-0.31793856620788574,8.369498590821966,-0.030546113848686218,9.565469816564946,-0.03061254322528839,7.112258667218464,-0.010181921223799392,9.015679082575053,-0.004956040531396866,4.364279994528153,-0.0007322390874226758,0.5508989357674865,-0.00016377121210098267,0.12429579991480641,-1.2045125481183339,73.87220262203377
5,38.44265079498291,7.078647323946158,6.947285016377767,0.2627246151367823,0.203405366341273,0.2638225535551707,0.7399478087778854,0.0,6.975006118416786,6.835819482803345,0.27837327122688293,0.2142031490802765,0.5489730834960938,0.7884068191051483,0.26537877321243286,0.7246958495362197,-0.44220889094803056,15.783265047048973,-0.26473061988751095,10.222314605746098,-0.4278851721021863,15.5954901047976,-0.2539113362630208,10.026043378727262,-0.029900511105855305,14.044950426413664,-0.02414401372273763,8.414123073534569,-0.007488684852917991,9.946390946332995,-0.00430506964524587,5.686554380085364,-0.000670572784211898,0.7567565830388397,0.000620091954867045,-0.7059374895211477,-0.840374450981679,77.30966998012553,-0.44220889094803056,15.783265047048973,-0.26473061988751095,10.222314605746098,-0.4278851721021863,15.5954901047976,-0.2539113362630208,10.026043378727262,-0.029900511105855305,14.044950426413664,-0.02414401372273763,8.414123073534569,-0.007488684852917991,9.946390946332995,-0.00430506964524587,5.686554380085364,-0.000670572784211898,0.7567565830388397,0.000620091954867045,-0.7059374895211477,-0.840374450981679,77.30966998012553,-0.44220889094803056,15.783265047048973,-0.26473061988751095,10.222314605746098,-0.4278851721021863,15.5954901047976,-0.2539113362630208,10.026043378727262,-0.029900511105855305,14.044950426413664,-0.02414401372273763,8.414123073534569,-0.007488684852917991,9.946390946332995,-0.00430506964524587,5.686554380085364,-0.000670572784211898,0.7567565830388397,0.000620091954867045,-0.7059374895211477,-0.840374450981679,77.30966998012553
6,45.75593590736389,6.960907434423764,6.834327030181885,0.25316080848375955,0.19837003747622173,0.26424392064412433,0.6939786693791621,0.0,6.856166627258062,6.719191074371338,0.27395110577344894,0.20738042891025543,0.5181169509887695,0.8044096529483795,0.2655247002840042,0.6878348499793556,-0.36109164059162135,17.184050905634372,-0.22825783770531416,11.75193827467599,-0.3491533756256102,16.96784829092877,-0.21959060430526733,11.56112185578004,-0.030139416456222534,18.87622627408475,-0.014107301831245422,6.555141726183512,-0.006875345855951308,12.175680887037776,-0.004934482276439667,8.690591671311285,-0.0003975878159205165,0.598249146834466,0.0005015507340431213,-0.7613138949879462,-0.64177312308594,78.71930310737186,-0.36109164059162135,17.184050905634372,-0.22825783770531416,11.75193827467599,-0.3491533756256102,16.96784829092877,-0.21959060430526733,11.56112185578004,-0.030139416456222534,18.87622627408475,-0.014107301831245422,6.555141726183512,-0.006875345855951308,12.175680887037776,-0.004934482276439667,8.690591671311285,-0.0003975878159205165,0.598249146834466,0.0005015507340431213,-0.7613138949879462,-0.64177312308594,78.71930310737186,-0.36109164059162135,17.184050905634372,-0.22825783770531416,11.75193827467599,-0.3491533756256102,16.96784829092877,-0.21959060430526733,11.56112185578004,-0.030139416456222534,18.87622627408475,-0.014107301831245422,6.555141726183512,-0.006875345855951308,12.175680887037776,-0.004934482276439667,8.690591671311285,-0.0003975878159205165,0.598249146834466,0.0005015507340431213,-0.7613138949879462,-0.64177312308594,78.71930310737186
7,53.17468810081482,6.8425395329793295,6.72175931930542,0.24156042734781902,0.18898318111896514,0.26468851168950397,0.6916612953848883,0.0,6.81603941321373,6.684962511062622,0.2621538043022156,0.19540254771709442,0.4664563983678818,0.7999056279659271,0.2634675055742264,0.7042192253583519,-0.31254689276218406,18.592308405504532,-0.19063171297311782,12.26842934824048,-0.30183624267578113,18.335464912983912,-0.18251819610595704,12.011642715509344,-0.034443643689155576,26.96493862633411,-0.012186646461486816,7.078355209020723,-0.007377647956212363,16.33152155065644,-0.006343162059783936,13.964441525542995,-0.00022915204366048548,0.43100545692610576,-1.0198354721069336e-05,0.019350358368976275,-0.5138819732676068,78.79036484995125,-0.31254689276218406,18.592308405504532,-0.19063171297311782,12.26842934824048,-0.30183624267578113,18.335464912983912,-0.18251819610595704,12.011642715509344,-0.034443643689155576,26.96493862633411,-0.012186646461486816,7.078355209020723,-0.007377647956212363,16.33152155065644,-0.006343162059783936,13.964441525542995,-0.00022915204366048548,0.43100545692610576,-1.0198354721069336e-05,0.019350358368976275,-0.5138819732676068,78.79036484995125,-0.31254689276218406,18.592308405504532,-0.19063171297311782,12.26842934824048,-0.30183624267578113,18.335464912983912,-0.18251819610595704,12.011642715509344,-0.034443643689155576,26.96493862633411,-0.012186646461486816,7.078355209020723,-0.007377647956212363,16.33152155065644,-0.006343162059783936,13.964441525542995,-0.00022915204366048548,0.43100545692610576,-1.0198354721069336e-05,0.019350358368976275,-0.5138819732676068,78.79036484995125
8,60.60238194465637,6.734744188189507,6.621797529856364,0.2258933166662852,0.17399017214775087,0.26412521600723265,0.7180312852824442,0.0,6.683519121259451,6.563945055007935,0.23914813250303268,0.17844486236572266,0.38895560801029205,0.7885854840278625,0.2648065537214279,0.7364142148516576,-0.2784216347667905,19.87478111051078,-0.1809464761366447,13.974143275574846,-0.2681905004713269,19.549928667789533,-0.17226807276407877,13.604490415609218,-0.04161983480056127,39.09956685756714,-0.012042229374249777,8.393368327093697,-0.008646874792046016,22.969372816421636,-0.008112249275048574,21.430894479634922,-0.0002848426500956236,0.6429027710792898,0.0002146760622660319,-0.4887916357142925,-0.4238399794067464,77.98173515161544,-0.2784216347667905,19.87478111051078,-0.1809464761366447,13.974143275574846,-0.2681905004713269,19.549928667789533,-0.17226807276407877,13.604490415609218,-0.04161983480056127,39.09956685756714,-0.012042229374249777,8.393368327093697,-0.008646874792046016,22.969372816421636,-0.008112249275048574,21.430894479634922,-0.0002848426500956236,0.6429027710792898,0.0002146760622660319,-0.4887916357142925,-0.4238399794067464,77.98173515161544,-0.2784216347667905,19.87478111051078,-0.1809464761366447,13.974143275574846,-0.2681905004713269,19.549928667789533,-0.17226807276407877,13.604490415609218,-0.04161983480056127,39.09956685756714,-0.012042229374249777,8.393368327093697,-0.008646874792046016,22.969372816421636,-0.008112249275048574,21.430894479634922,-0.0002848426500956236,0.6429027710792898,0.0002146760622660319,-0.4887916357142925,-0.4238399794067464,77.98173515161544
9,68.03977489471436,6.633103516201178,6.529667059580485,0.2068729132413864,0.15394164125124613,0.2640779078006744,0.7484823866088653,0.0,6.5394729897379875,6.429357051849365,0.22023187577724457,0.15741845220327377,0.2847241759300232,0.7848420143127441,0.2651955336332321,0.7430689843239475,-0.25316721151272453,21.084029875359402,-0.17567499833447592,15.828210219523084,-0.24303906758626287,20.669247534327774,-0.16688520567757742,15.37595544454922,-0.050564348697662354,55.41952530530979,-0.010856692280088152,8.828231329668842,-0.010275682806968691,31.845454091608033,-0.009957129401820046,30.68880315162625,-0.00025090915816171144,0.6606988988015444,0.0002395766122000558,-0.6364017335704459,-0.35894125358772244,77.04795910637475,-0.25316721151272453,21.084029875359402,-0.17567499833447592,15.828210219523084,-0.24303906758626287,20.669247534327774,-0.16688520567757742,15.37595544454922,-0.050564348697662354,55.41952530530979,-0.010856692280088152,8.828231329668842,-0.010275682806968691,31.845454091608033,-0.009957129401820046,30.68880315162625,-0.00025090915816171144,0.6606988988015444,0.0002395766122000558,-0.6364017335704459,-0.35894125358772244,77.04795910637475,-0.25316721151272453,21.084029875359402,-0.17567499833447592,15.828210219523084,-0.24303906758626287,20.669247534327774,-0.16688520567757742,15.37595544454922,-0.050564348697662354,55.41952530530979,-0.010856692280088152,8.828231329668842,-0.010275682806968691,31.845454091608033,-0.009957129401820046,30.68880315162625,-0.00025090915816171144,0.6606988988015444,0.0002395766122000558,-0.6364017335704459,-0.35894125358772244,77.04795910637475
10,75.39077997207642,6.4899696707725525,6.3940432866414385,0.19185276826222739,0.13199607928593954,0.26449761192003884,0.7363337486637497,0.0,6.372787840664387,6.26878809928894,0.20799948275089264,0.13354244083166122,0.19055703282356262,0.784530758857727,0.2661902457475662,0.7433658393339222,-0.23941304075221215,22.78693504517641,-0.17455126717686653,17.973671688569187,-0.22961215575536087,22.316978706731426,-0.16609567403793335,17.489385152390213,-0.05601469799876213,70.1636752413538,-0.00953851267695427,8.864388555995527,-0.011734417701760928,41.56140747688377,-0.01169698964804411,41.201388563118634,-0.00016708249847094403,0.502817028885996,0.00033396854996681213,-1.013875089082615,-0.3155921766323966,77.42049430547469,-0.23941304075221215,22.78693504517641,-0.17455126717686653,17.973671688569187,-0.22961215575536087,22.316978706731426,-0.16609567403793335,17.489385152390213,-0.05601469799876213,70.1636752413538,-0.00953851267695427,8.864388555995527,-0.011734417701760928,41.56140747688377,-0.01169698964804411,41.201388563118634,-0.00016708249847094403,0.502817028885996,0.00033396854996681213,-1.013875089082615,-0.3155921766323966,77.42049430547469,-0.23941304075221215,22.78693504517641,-0.17455126717686653,17.973671688569187,-0.22961215575536087,22.316978706731426,-0.16609567403793335,17.489385152390213,-0.05601469799876213,70.1636752413538,-0.00953851267695427,8.864388555995527,-0.011734417701760928,41.56140747688377,-0.01169698964804411,41.201388563118634,-0.00016708249847094403,0.502817028885996,0.00033396854996681213,-1.013875089082615,-0.3155921766323966,77.42049430547469
11,82.8060188293457,6.304555543760459,6.210363165537516,0.1883847564458847,0.10748211244742076,0.26642165581385296,0.7849712388196729,0.0,6.227914594113827,6.124475479125977,0.20687822997570038,0.11053380742669106,0.2035006657242775,0.7805932760238647,0.26486118137836456,0.8071074388941982,-0.23341316144775456,24.99286107546285,-0.17125370932949913,19.838384712478703,-0.22450859634964548,24.548559901791027,-0.1636753347184923,19.38884687151681,-0.04835266123215357,68.13703560984779,-0.00891617602772183,9.321789239860093,-0.013154367605845133,52.414470135647015,-0.012953838954369227,51.332068269489106,6.526487844961866e-05,-0.22095868295351992,0.00014918711450364854,-0.5095217390984735,-0.2751222136559166,75.9290368136294,-0.23341316144775456,24.99286107546285,-0.17125370932949913,19.838384712478703,-0.22450859634964548,24.548559901791027,-0.1636753347184923,19.38884687151681,-0.04835266123215357,68.13703560984779,-0.00891617602772183,9.321789239860093,-0.013154367605845133,52.414470135647015,-0.012953838954369227,51.332068269489106,6.526487844961866e-05,-0.22095868295351992,0.00014918711450364854,-0.5095217390984735,-0.2751222136559166,75.9290368136294,-0.23341316144775456,24.99286107546285,-0.17125370932949913,19.838384712478703,-0.22450859634964548,24.548559901791027,-0.1636753347184923,19.38884687151681,-0.04835266123215357,68.13703560984779,-0.00891617602772183,9.321789239860093,-0.013154367605845133,52.414470135647015,-0.012953838954369227,51.332068269489106,6.526487844961866e-05,-0.22095868295351992,0.00014918711450364854,-0.5095217390984735,-0.2751222136559166,75.9290368136294
12,90.26655387878418,6.13602165778478,6.038136704762777,0.19576990604400635,0.08522708515326181,0.26694798668225606,0.886804680233524,0.0,6.106122385710478,5.998656272888184,0.21493222564458847,0.08973687514662743,0.2796205133199692,0.7770525813102722,0.2657932639122009,0.9040291068107715,-0.22692523390054697,26.99795794726069,-0.16630755923688412,21.406013813281437,-0.21928038279215487,26.64098737214929,-0.15988972187042236,21.044895840135812,-0.035905410349369046,56.21862745775107,-0.008378627896308898,9.73309673037791,-0.014064433574676516,62.26743303174057,-0.013738148286938668,60.48893804511387,0.00011137147744496589,-0.4189507870662759,0.00022747665643692018,-0.8632284212544743,-0.23742664814893985,72.80633766467707,-0.22692523390054697,26.99795794726069,-0.16630755923688412,21.406013813281437,-0.21928038279215487,26.64098737214929,-0.15988972187042236,21.044895840135812,-0.035905410349369046,56.21862745775107,-0.008378627896308898,9.73309673037791,-0.014064433574676516,62.26743303174057,-0.013738148286938668,60.48893804511387,0.00011137147744496589,-0.4189507870662759,0.00022747665643692018,-0.8632284212544743,-0.23742664814893985,72.80633766467707,-0.22692523390054697,26.99795794726069,-0.16630755923688412,21.406013813281437,-0.21928038279215487,26.64098737214929,-0.15988972187042236,21.044895840135812,-0.035905410349369046,56.21862745775107,-0.008378627896308898,9.73309673037791,-0.014064433574676516,62.26743303174057,-0.013738148286938668,60.48893804511387,0.00011137147744496589,-0.4189507870662759,0.00022747665643692018,-0.8632284212544743,-0.23742664814893985,72.80633766467707
13,97.84910702705383,6.013731421530247,5.908634154001872,0.21019453505674998,0.06675046930710475,0.2666763583819071,0.9255371725958127,0.0,5.862316455692053,5.74786639213562,0.22890012711286545,0.07298027351498604,0.3465344160795212,0.7865898907184601,0.2674603909254074,0.9320091575059719,-0.21741296138727295,28.452880610117752,-0.17335286567156966,24.544123187071627,-0.21111876169840488,28.214350103257136,-0.16815337267788974,24.345825291045138,-0.026558200066739864,45.74163322657515,-0.00674990632317283,8.625187939508587,-0.01446554105390202,70.44758073370903,-0.014012553136457096,67.86685402602276,7.655331582733844e-05,-0.3167712229342519,0.0003583539615977894,-1.4958697841892192,-0.21232127173882817,71.61861466074775,-0.21741296138727295,28.452880610117752,-0.17335286567156966,24.544123187071627,-0.21111876169840488,28.214350103257136,-0.16815337267788974,24.345825291045138,-0.026558200066739864,45.74163322657515,-0.00674990632317283,8.625187939508587,-0.01446554105390202,70.44758073370903,-0.014012553136457096,67.86685402602276,7.655331582733844e-05,-0.3167712229342519,0.0003583539615977894,-1.4958697841892192,-0.21232127173882817,71.61861466074775,-0.155278479407231,20.521792986716736,-0.1525865513831377,20.65278738566048,-0.15113341013590498,20.368471256829327,-0.14840314388275147,20.520636125052576,-0.026072464883327484,42.934665597905166,-0.0032483220100402834,3.9658511152841953,-0.014002776096264519,67.71881197550329,-0.014002278819680214,65.73745328894157,3.258824348449374e-05,-0.12235098649108754,-7.221251726150513e-05,0.2692663127789844,-0.07657540230262253,45.27629689129846
14,105.34414172172546,5.9060320690274235,5.795546913146973,0.2209703117609024,0.0532922108968099,0.2654455304145813,0.9664346138790992,0.0,5.788242898881435,5.670454502105713,0.235576793551445,0.06086000241339207,0.37738364934921265,0.7852239906787872,0.2677806466817856,0.9858476584678615,-0.20827016064690218,29.734211266845318,-0.16507958993315697,25.497549229497306,-0.20294946829477936,29.588278640413247,-0.16059158245722452,25.364730786288742,-0.02177424728870392,40.91143762187147,-0.0063012391328811646,8.783858755001175,-0.014381600833601424,76.405952251747,-0.01385486296688517,73.20339802337739,-3.2395124435424805e-05,0.146234528164945,0.00035517911116282147,-1.6174004393809311,-0.19121971232031862,70.36450399418752,-0.20827016064690218,29.734211266845318,-0.16507958993315697,25.497549229497306,-0.20294946829477936,29.588278640413247,-0.16059158245722452,25.364730786288742,-0.02177424728870392,40.91143762187147,-0.0063012391328811646,8.783858755001175,-0.014381600833601424,76.405952251747,-0.01385486296688517,73.20339802337739,-3.2395124435424805e-05,0.146234528164945,0.00035517911116282147,-1.6174004393809311,-0.19121971232031862,70.36450399418752,-0.14216661348938944,19.401264835567453,-0.14525270015001296,20.060394426062157,-0.13921851476033523,19.368907130047116,-0.14161903858184816,19.983933274710893,-0.02202792763710022,36.85677442775194,-0.0034562468528747557,4.216033107226259,-0.014822667539119722,73.55473133141197,-0.015620121918618678,71.96182626961215,-0.00012111524740854863,0.4541991826213337,0.00023868530988693237,-0.8993628172859308,-0.017397773828448704,15.255686941167998
15,112.70378994941711,5.819333419700464,5.707057952880859,0.22455093363920847,0.04378231068452199,0.26462196111679076,1.016447027401325,0.0,5.76702443510294,5.64968204498291,0.2346847802400589,0.05213367938995361,0.3834708034992218,0.7844113111495972,0.2643325924873352,1.0418589885871907,-0.1989185059299835,30.765690423385216,-0.1540133494597215,25.770659321920785,-0.19414481383103585,30.663355782748702,-0.14983626512380746,25.638140603617305,-0.019631062562649067,39.958346017827786,-0.005879042240289541,8.878264289729474,-0.014006854631961921,80.61626809179171,-0.013460359894312345,77.04558986540503,-9.3254676231972e-05,0.4560400667360437,6.262270303872916e-05,-0.3089328254740739,-0.17266339494781519,68.83088479233598,-0.1989185059299835,30.765690423385216,-0.1540133494597215,25.770659321920785,-0.19414481383103585,30.663355782748702,-0.14983626512380746,25.638140603617305,-0.019631062562649067,39.958346017827786,-0.005879042240289541,8.878264289729474,-0.014006854631961921,80.61626809179171,-0.013460359894312345,77.04558986540503,-9.3254676231972e-05,0.4560400667360437,6.262270303872916e-05,-0.3089328254740739,-0.17266339494781519,68.83088479233598,-0.13749489992856975,19.111690634456068,-0.1341280534863472,18.86920356583702,-0.1350433222452799,19.13474900503796,-0.13119943141937257,18.845953855127163,-0.019411158561706544,33.60760114484448,-0.0015202462673187256,1.9012257130723866,-0.016172526776790618,78.69552499512473,-0.016507259756326675,75.99807882109153,2.521673838297156e-05,-0.09538434034730493,0.00011416375637054443,-0.43376778052145215,0.016440096191507048,-19.294844325259387
16,120.00636506080627,5.72039371530215,5.607474295298259,0.22583884000778198,0.037151803448796275,0.26433666547139484,1.0227511879638642,0.0,5.6185118034482,5.49826979637146,0.24048401415348053,0.04602176509797573,0.39709489047527313,0.7893766462802887,0.2658885270357132,0.9589874523415041,-0.19177716296343572,31.942804987837214,-0.1536204410450799,27.682216114188996,-0.1873904455275762,31.873225507686737,-0.1499488353729248,27.63104856772714,-0.01725569473845618,37.82516479888069,-0.0051044438566480365,8.30146236316278,-0.013479972675087906,83.551790969943,-0.012935470922717027,79.73665999525642,-0.0001069718883151113,0.5633609337365427,0.00016928783484867642,-0.8993788715913725,-0.159879998125647,68.63756915309037,-0.19177716296343572,31.942804987837214,-0.1536204410450799,27.682216114188996,-0.1873904455275762,31.873225507686737,-0.1499488353729248,27.63104856772714,-0.01725569473845618,37.82516479888069,-0.0051044438566480365,8.30146236316278,-0.013479972675087906,83.551790969943,-0.012935470922717027,79.73665999525642,-0.0001069718883151113,0.5633609337365427,0.00016928783484867642,-0.8993788715913725,-0.159879998125647,68.63756915309037,-0.13582536086440083,19.188038992269192,-0.1356494314968586,19.44793010843248,-0.1339810721079508,19.285385843836732,-0.13375496864318848,19.566778932602247,-0.015187819302082062,27.665872441977623,9.698271751403808e-05,-0.12301100797696637,-0.016625356289247672,81.7350917937617,-0.016818138398230077,78.5148979855902,5.141119162241359e-05,-0.19487034345478146,5.097538232803345e-05,-0.19208537936539558,0.028280337918597888,-38.21936842451947
17,127.3801658153534,5.596812557180723,5.484025796254476,0.2255735218524933,0.032736658304929736,0.2653266767660777,0.9111341533608662,0.0,5.51578851044178,5.397597074508667,0.2363828718662262,0.04186418280005455,0.3928930461406708,0.7832695841789246,0.265917032957077,0.9081505056350656,-0.18723076264063512,33.41308612523522,-0.1502272978425026,29.004402693759403,-0.18312764909532334,33.37303587022768,-0.14666376113891602,28.95611619606565,-0.016385438044865926,38.483065429966565,-0.005171285072962443,9.01089387040501,-0.012875650839673148,85.50650712051822,-0.012350278347730637,81.56723958126595,-3.383967611524745e-05,0.19094420673672582,0.0001599023739496867,-0.9101962986982841,-0.15666246722413707,72.06027994557816,-0.18723076264063512,33.41308612523522,-0.1502272978425026,29.004402693759403,-0.18312764909532334,33.37303587022768,-0.14666376113891602,28.95611619606565,-0.016385438044865926,38.483065429966565,-0.005171285072962443,9.01089387040501,-0.012875650839673148,85.50650712051822,-0.012350278347730637,81.56723958126595,-3.383967611524745e-05,0.19094420673672582,0.0001599023739496867,-0.9101962986982841,-0.15666246722413707,72.06027994557816,-0.13640948772430414,19.596509364528902,-0.13403781168162823,19.54996413720957,-0.1350301233927409,19.757632726151133,-0.13215939998626708,19.66894504464322,-0.012522390484809876,24.169042261428164,-0.0021140068769454957,2.6280227607874758,-0.0165633379171292,83.4971759236302,-0.01655162461102009,79.81285745234358,0.00010827561219533543,-0.4097563036886579,3.9233267307281495e-05,-0.14775750529166493,0.021715548398170414,-31.29137732374006
18,134.70317912101746,5.563914651672046,5.452291615804037,0.22324607173601788,0.029649692897995312,0.26389872233072914,0.9279446779447462,0.0,5.478287875652313,5.361567497253418,0.23344075679779053,0.03897695057094097,0.3785916715860367,0.7819050550460815,0.26504750549793243,0.9086936460972103,-0.17758495906988775,33.804482116861905,-0.14318188140168786,29.487086168878378,-0.17366555730501804,33.75858330948357,-0.13974912464618683,29.43034223863475,-0.016255184076726437,40.72229244449604,-0.004933362826704979,9.169405433464524,-0.012263858000126977,86.87319857472426,-0.01175883796531707,82.83848522355348,-0.00012097184856732848,0.7281038532716056,9.556300938129425e-05,-0.5802280164350251,-0.145820405236136,71.54478906082856,-0.17758495906988775,33.804482116861905,-0.14318188140168786,29.487086168878378,-0.17366555730501804,33.75858330948357,-0.13974912464618683,29.43034223863475,-0.016255184076726437,40.72229244449604,-0.004933362826704979,9.169405433464524,-0.012263858000126977,86.87319857472426,-0.01175883796531707,82.83848522355348,-0.00012097184856732848,0.7281038532716056,9.556300938129425e-05,-0.5802280164350251,-0.145820405236136,71.54478906082856,-0.12786248813072837,18.686408388941437,-0.13377515375614166,19.626522918397757,-0.1269467703501383,18.885944039313816,-0.1323395013809204,19.796595891438155,-0.008786472678184509,18.83664305801815,-0.0018000572919845581,2.250337076089723,-0.01593334882209698,84.3109356491725,-0.015642559714615346,80.0529977595931,-7.897893587748284e-05,0.29838444960592025,0.00015799999237060548,-0.5996944178229687,0.023628338255985794,-34.161718190169
19,142.0746660232544,5.497291889290015,5.3875127792358395,0.2195582201083501,0.027334455773234366,0.26424710353215536,0.9346876381271642,0.0,5.454170860350132,5.3393638134002686,0.22961409389972687,0.03672819212079048,0.3595467060804367,0.7840077579021454,0.2645089328289032,0.9217580379231667,-0.1710577710294256,34.597112582061165,-0.1361780657487757,29.797504507685385,-0.16726045608520507,34.54559952362054,-0.13283468695247874,29.72259005074585,-0.016419288866660175,43.70424366100361,-0.004519476610071519,8.925143359213354,-0.011678645007458388,87.898222951662,-0.011199421523248447,83.82861145984475,-9.336284562653164e-05,0.59705182641066,5.826091065126307e-05,-0.37585045871149797,-0.1368460896232799,71.3380177317768,-0.1710577710294256,34.597112582061165,-0.1361780657487757,29.797504507685385,-0.16726045608520507,34.54559952362054,-0.13283468695247874,29.72259005074585,-0.016419288866660175,43.70424366100361,-0.004519476610071519,8.925143359213354,-0.011678645007458388,87.898222951662,-0.011199421523248447,83.82861145984475,-9.336284562653164e-05,0.59705182641066,5.826091065126307e-05,-0.37585045871149797,-0.1368460896232799,71.3380177317768,-0.12374522988994921,18.37415444924501,-0.1229348260909319,18.393726996290226,-0.12342847506205246,18.639723504915107,-0.1224581241607666,18.656177517411983,-0.0029408901929855345,7.560991877787032,-0.0004577726125717163,0.5804984010529188,-0.01466557163745165,84.28965530879398,-0.014171667024493217,79.41762422640329,1.2188752492270361e-05,-0.04614762905460943,-2.9762089252471923e-05,0.11239181521081668,0.021665635284471997,-30.173664753269936
20,149.43228197097778,5.500181012352308,5.392571099599203,0.21521982550621033,0.025512479494015375,0.26377597053845725,0.8421135388997282,0.0,5.482037048786879,5.368029356002808,0.22801538556814194,0.03504646755754948,0.3366794288158417,0.7920634746551514,0.26558592915534973,0.8208246116269672,-0.16139405469099677,34.56273984104884,-0.12706449607180226,29.438829281293028,-0.15768719072695125,34.48414457393068,-0.12386245197719997,29.345290402454317,-0.016777510444323223,47.2846704796988,-0.0038208547565672132,7.989344904384319,-0.011131052300333975,88.70486607276116,-0.010670660581025813,84.56907320760114,-0.00011435007607495261,0.7742799130365642,0.00011485732263988919,-0.7845490272316994,-0.13438653460128858,74.17678127407639,-0.16139405469099677,34.56273984104884,-0.12706449607180226,29.438829281293028,-0.15768719072695125,34.48414457393068,-0.12386245197719997,29.345290402454317,-0.016777510444323223,47.2846704796988,-0.0038208547565672132,7.989344904384319,-0.011131052300333975,88.70486607276116,-0.010670660581025813,84.56907320760114,-0.00011435007607495261,0.7742799130365642,0.00011485732263988919,-0.7845490272316994,-0.13438653460128858,74.17678127407639,-0.113292250384887,17.079825470561964,-0.10574359409511089,16.170048299159294,-0.11370959599812824,17.414302285334866,-0.10613276958465576,16.507524582746157,0.005195525288581848,-18.24757336327757,0.0007221460342407227,-0.9201164324428759,-0.012842916175723074,83.42717455352006,-0.01223719846457243,77.73674746065085,-3.0193726221716678e-05,0.11433643379402587,3.9039552211761476e-05,-0.14721044384462953,0.009363115229086283,-12.509466350313957
21,156.97108483314514,5.439229179918766,5.333428955078125,0.21160044968128205,0.02403934138516585,0.2641451835632324,0.8053144756067916,0.0,5.33772150054574,5.225932359695435,0.22357828170061111,0.033654363825917244,0.329094260931015,0.7843690812587738,0.26560012996196747,0.7870673061749806,-0.1561076219406044,35.287901596118544,-0.12797244618597783,31.29636397983363,-0.15250060934769477,35.202679038931734,-0.12482216483668278,31.2155897884951,-0.016293702941191823,48.47231246282144,-0.004024725211294074,8.883169957070045,-0.010622741027097952,89.35706815436119,-0.010182315483689308,85.18201517486126,-8.889938655652556e-05,0.6353914912670764,0.00010955961127030222,-0.7899379493607568,-0.129250351900849,75.30521611857989,-0.1561076219406044,35.287901596118544,-0.12797244618597783,31.29636397983363,-0.15250060934769477,35.202679038931734,-0.12482216483668278,31.2155897884951,-0.016293702941191823,48.47231246282144,-0.004024725211294074,8.883169957070045,-0.010622741027097952,89.35706815436119,-0.010182315483689308,85.18201517486126,-8.889938655652556e-05,0.6353914912670764,0.00010955961127030222,-0.7899379493607568,-0.129250351900849,75.30521611857989,-0.10507404908537862,16.190221898659633,-0.10350663401186466,16.24197079830508,-0.10606143315633139,16.58753755670016,-0.10428557395935059,16.63568337414046,0.013853722810745239,-72.70118874894766,-1.6167759895324707e-05,0.020608191218486942,-0.010795673790077369,81.78783679393229,-0.009988807700574398,74.79875040748976,-3.524283568064335e-05,0.13324443810592032,-5.9011578559875486e-05,0.22168948525573473,0.006898072694304191,-9.368133277637163
22,164.56654286384583,5.380474831163883,5.275419394175212,0.21011087397734324,0.022858013647298017,0.2637325664361318,0.8382850237828738,0.0,5.315775040537119,5.204159736633301,0.22323060780763626,0.03238985873758793,0.32001614570617676,0.7855627834796906,0.2645031064748764,0.8640927456048741,-0.15123995828131834,35.986919245957445,-0.12267114687711,31.578844360312324,-0.14777605692545567,35.9074534285967,-0.11966968774795532,31.502163921684527,-0.015932923555374144,49.893711558049134,-0.003763803839683533,8.744502631975347,-0.010150670362636446,89.88007710040695,-0.009736424963921308,85.73877557916119,-0.00010508527358372988,0.7906074173925501,4.923045635223389e-05,-0.37363947387155944,-0.12113930689700243,74.29418181294815,-0.15123995828131834,35.986919245957445,-0.12267114687711,31.578844360312324,-0.14777605692545567,35.9074534285967,-0.11966968774795532,31.502163921684527,-0.015932923555374144,49.893711558049134,-0.003763803839683533,8.744502631975347,-0.010150670362636446,89.88007710040695,-0.009736424963921308,85.73877557916119,-0.00010508527358372988,0.7906074173925501,4.923045635223389e-05,-0.37363947387155944,-0.12113930689700243,74.29418181294815,-0.09240807125965755,14.657349057874935,-0.09121395535767078,14.645986867559103,-0.09349437713623043,15.054574852409353,-0.09203157424926758,15.026849982980323,0.011651547998189926,-57.255576814557344,0.0004969507455825806,-0.636632111557399,-0.008462409880012274,78.7331927826782,-0.007814394868910312,70.69687592271737,-0.0002689089377721166,1.0093358850678469,-3.580749034881592e-05,0.13519342533500037,0.005331378496320094,-6.7918138049703005
23,171.9505639076233,5.291637929777305,5.188027318318685,0.20722122291723888,0.021967395022511483,0.26383340954780576,0.846784932373213,0.0,5.260691046714783,5.150100946426392,0.22118020057678223,0.031703379936516285,0.3095913976430893,0.785683661699295,0.2641739547252655,0.8302694179087038,-0.14826838414347357,37.04383781185432,-0.11945271101735887,32.28784925345258,-0.14490062925550667,36.969204215271695,-0.1165453592936198,32.213692840391474,-0.015670629484312876,51.525958681803075,-0.003578818979717436,8.730460721789497,-0.009709715517976928,90.27438047054457,-0.009305475146642752,86.04103155136367,-9.527916000003012e-05,0.7526728384722903,3.121225606827509e-05,-0.24873296714674442,-0.11496601092141474,74.03353406351823,-0.14826838414347357,37.04383781185432,-0.11945271101735887,32.28784925345258,-0.14490062925550667,36.969204215271695,-0.1165453592936198,32.213692840391474,-0.015670629484312876,51.525958681803075,-0.003578818979717436,8.730460721789497,-0.009709715517976928,90.27438047054457,-0.009305475146642752,86.04103155136367,-9.527916000003012e-05,0.7526728384722903,3.121225606827509e-05,-0.24873296714674442,-0.11496601092141474,74.03353406351823,-0.08443837280074754,13.761094323000055,-0.08454313389956951,13.845633703218429,-0.08501093864440916,14.079001983733495,-0.0848555326461792,14.145756780513723,0.002997088432312012,-10.718414027380208,0.0008631080389022827,-1.1107459902480512,-0.006325969013075033,74.22486644590973,-0.005803349521011114,64.67073331368638,-0.00031145771344502914,1.1667355776530066,-0.00016193091869354248,0.6092363527581077,-0.004001974786031104,4.512802960148176
24,179.28835105895996,5.245458179712296,5.142682329813639,0.20555169979731241,0.021297019285460312,0.26336935758590696,0.7896258128666827,0.0,5.222130749374628,5.111400127410889,0.2214612439274788,0.03094558324664831,0.29908810555934906,0.7875176668167114,0.26374612748622894,0.7713327172113487,-0.14362799168536153,37.59325178792034,-0.1157757831229405,32.784172007087534,-0.14037537285775847,37.5201131706333,-0.11300697109915993,32.723078118933174,-0.015435750511559572,53.170503776790724,-0.0033327815207568083,8.51741212442088,-0.009298836437025755,90.57117575982019,-0.008916944307698444,86.37468872310782,-0.000112041560086338,0.9272372234812108,1.0346824472600764e-05,-0.08638108546010566,-0.11233842494801091,75.78630536693043,-0.14362799168536153,37.59325178792034,-0.1157757831229405,32.784172007087534,-0.14037537285775847,37.5201131706333,-0.11300697109915993,32.723078118933174,-0.015435750511559572,53.170503776790724,-0.0033327815207568083,8.51741212442088,-0.009298836437025755,90.57117575982019,-0.008916944307698444,86.37468872310782,-0.000112041560086338,0.9272372234812108,1.0346824472600764e-05,-0.08638108546010566,-0.11233842494801091,75.78630536693043,-0.07682732418179512,12.77531682022569,-0.06401857063174247,10.92035394465668,-0.07659518241882327,12.963263661695137,-0.06364662647247314,11.073087321507005,-0.004744631052017212,13.691658986414886,9.277760982513427e-05,-0.11794915103776954,-0.004545345002164444,68.09457745161724,-0.004203469026833773,57.59733177720439,-0.0003307000796000159,1.2400802291083504,-0.0003714263439178467,1.3887153257823308,-0.013591135972913004,14.684592229607107
25,186.7721381187439,5.183626159032186,5.082038243611653,0.20317583084106444,0.020744684152305126,0.26407501101493835,0.8369962940466618,0.0,5.195698983967304,5.085510730743408,0.22037650644779205,0.030518117360770702,0.2893657684326172,0.7918726205825806,0.2635938227176666,0.8412369203013664,-0.14007164511991582,38.328885399670796,-0.11189126061356586,33.12438428487864,-0.1369087951770727,38.25689514544133,-0.1092192504716956,33.06383776868267,-0.015187341233958368,54.69277143402698,-0.0029985321604687233,8.011515612675787,-0.00891855377164008,90.81571096084487,-0.008547836550227974,86.56290155170157,-7.648960403774096e-05,0.6617885949175766,3.275016079778257e-06,-0.028584471524013756,-0.10539455946418524,74.33370041503629,-0.14007164511991582,38.328885399670796,-0.11189126061356586,33.12438428487864,-0.1369087951770727,38.25689514544133,-0.1092192504716956,33.06383776868267,-0.015187341233958368,54.69277143402698,-0.0029985321604687233,8.011515612675787,-0.00891855377164008,90.81571096084487,-0.008547836550227974,86.56290155170157,-7.648960403774096e-05,0.6617885949175766,3.275016079778257e-06,-0.028584471524013756,-0.10539455946418524,74.33370041503629,-0.07224059099952376,12.231662502879024,-0.059254391491413115,10.237025730703854,-0.07135086695353196,12.311325923645843,-0.05849437713623047,10.315641738154973,-0.008801788091659546,23.323183468170864,0.0006648629903793335,-0.8467176223240357,-0.003254752674450477,61.0737032613017,-0.0030341885052621365,49.855215000689384,-0.00013705193996429443,0.5163090889126758,-0.00041868239641189574,1.563527467724106,-0.012943831983243748,13.39338616121113
26,194.1085820198059,5.129679085314274,5.028200785319011,0.20295659999052684,0.020339573733508587,0.2638710916042328,0.7309884565827972,0.0,5.098332084715366,4.988782167434692,0.21909983456134796,0.03009551204741001,0.2849447876214981,0.7879401445388794,0.2662387639284134,0.7270081972339977,-0.13648312131149898,38.970709494144245,-0.11128607889016469,34.377626891472744,-0.13344748947355478,38.910981492911084,-0.10869880517323811,34.336991862507176,-0.014738742883006731,55.384983194872476,-0.0030374464889367423,8.468334678958692,-0.008563826965271599,90.99506539939327,-0.008209285248691836,86.74897427477528,-8.179917931556747e-05,0.7384978202714461,0.00011334444085756938,-1.0322867684658372,-0.10542011271417188,77.58440646242771,-0.13648312131149898,38.970709494144245,-0.11128607889016469,34.377626891472744,-0.13344748947355478,38.910981492911084,-0.10869880517323811,34.336991862507176,-0.014738742883006731,55.384983194872476,-0.0030374464889367423,8.468334678958692,-0.008563826965271599,90.99506539939327,-0.008209285248691836,86.74897427477528,-8.179917931556747e-05,0.7384978202714461,0.00011334444085756938,-1.0322867684658372,-0.10542011271417188,77.58440646242771,-0.06896543343861898,11.851088168474252,-0.06686923503875733,11.595101735955057,-0.06788571675618486,11.89504597932406,-0.06608998775482178,11.698001273100262,-0.00985260158777237,25.693224876225457,0.00035288333892822263,-0.44987028350095193,-0.0023442736951013407,53.54385500558089,-0.0022038167342543604,42.27241890544647,-7.508695125579834e-05,0.2837517753209408,0.0001906171441078186,-0.7211261476087233,-0.02854585708185279,28.083959431544475
27,201.44920182228088,5.092569629848003,4.991807810465494,0.2015236387650172,0.020003180640439194,0.2635619918505351,0.7816428819441416,0.0,5.114404164254665,5.005511522293091,0.2177852839231491,0.02977972198277712,0.2799392491579056,0.7871446907520294,0.2631049305200577,0.7985037641192082,-0.13250817467768986,39.41221152585008,-0.10619175255298614,34.17075766784572,-0.12956530888875326,39.35312992915605,-0.10368167877197265,34.116797889843326,-0.014349414706230164,56.1687216325397,-0.0029477667808532715,8.56073917224532,-0.00823472961038351,91.14399663280429,-0.00789354544132948,86.88801634402563,-9.089120229085257e-05,0.8547731791555305,-1.6542673110961915e-05,0.15694034078684033,-0.09917713119115124,76.03110011462688,-0.13250817467768986,39.41221152585008,-0.10619175255298614,34.17075766784572,-0.12956530888875326,39.35312992915605,-0.10368167877197265,34.116797889843326,-0.014349414706230164,56.1687216325397,-0.0029477667808532715,8.56073917224532,-0.00823472961038351,91.14399663280429,-0.00789354544132948,86.88801634402563,-9.089120229085257e-05,0.8547731791555305,-1.6542673110961915e-05,0.15694034078684033,-0.09917713119115124,76.03110011462688,-0.06278240854541464,10.975190112783782,-0.050410763919353486,8.972262706365647,-0.06156664848327642,10.979390228306293,-0.04927582740783691,8.962060654127251,-0.011715564131736755,29.50318529083737,-0.00022319555282592773,0.28274912093950694,-0.0017148622808357081,46.158251326861766,-0.0016242043115198613,35.29209077622496,-7.74673620859756e-05,0.2930632492765508,-0.0002783596515655518,1.046903582749035,-0.024110830601972267,23.57448310568391
28,208.82508969306946,5.0434293553233145,4.942725054423014,0.2014086018006007,0.019702072317401568,0.2641163945198059,0.8977368761226127,0.0,5.089198689907789,4.980725288391113,0.2169468030333519,0.02944772131741047,0.275763675570488,0.7853788137435913,0.2623930424451828,0.9474104204440849,-0.1293017169794975,39.99684772621016,-0.10307689569890499,34.495185934675746,-0.12646982608697352,39.94945006836221,-0.10064723858466515,34.443037565936514,-0.013958113124737373,56.82250894105205,-0.002902309481914227,8.76587361609203,-0.007929590330100976,91.27730624844216,-0.00760271679610014,87.0341959255737,-6.607220723078844e-05,0.6462211872351336,-4.328672702495869e-05,0.4270876291326827,-0.09089747252308883,72.47110438251487,-0.1293017169794975,39.99684772621016,-0.10307689569890499,34.495185934675746,-0.12646982608697352,39.94945006836221,-0.10064723858466515,34.443037565936514,-0.013958113124737373,56.82250894105205,-0.002902309481914227,8.76587361609203,-0.007929590330100976,91.27730624844216,-0.00760271679610014,87.0341959255737,-6.607220723078844e-05,0.6462211872351336,-4.328672702495869e-05,0.4270876291326827,-0.09089747252308883,72.47110438251487,-0.05533832018574083,9.887470702362837,-0.04265898205339909,7.733977104568567,-0.05413007418314617,9.870499555293186,-0.041687178611755374,7.723284646168235,-0.01171293705701828,29.81202434625071,0.0002109229564666748,-0.2692852636270542,-0.0013034585987528168,39.81648299626636,-0.001241646148264408,29.658912827573218,-0.00012102822462717878,0.45614796861863216,-0.0003523990511894226,1.3252218079851437,-0.0013397277238253568,1.4703956809033594
29,216.2710099220276,5.011036836604277,4.9114803632100426,0.19911294678846994,0.019459458626806737,0.2640325506528219,0.7887421280509863,0.0,5.017581954598427,4.90983510017395,0.21549370884895325,0.029185150749981403,0.27078528702259064,0.7867947518825531,0.2626977860927582,0.7651482832823528,-0.12571248741429528,40.38223098357223,-0.10191170457336637,35.41698938866711,-0.12294296923978826,40.329050565886185,-0.099545125608091,35.37610356271576,-0.013625530733002557,57.6019964009944,-0.0027423743848447447,8.601390086792229,-0.007644887491600749,91.38471854948853,-0.007330859528371581,87.1498055001245,-6.673041685127822e-05,0.6777610885361554,-3.0396713150872125e-05,0.31144350902633144,-0.09156774198784949,75.81340335933454,-0.12571248741429528,40.38223098357223,-0.10191170457336637,35.41698938866711,-0.12294296923978826,40.329050565886185,-0.099545125608091,35.37610356271576,-0.013625530733002557,57.6019964009944,-0.0027423743848447447,8.601390086792229,-0.007644887491600749,91.38471854948853,-0.007330859528371581,87.1498055001245,-6.673041685127822e-05,0.6777610885361554,-3.0396713150872125e-05,0.31144350902633144,-0.09156774198784949,75.81340335933454,-0.055287781506776844,9.936849317083247,-0.04607059210538864,8.409669800330253,-0.05408112525939943,9.91897152064274,-0.045173239707946775,8.425379281541783,-0.010780638456344605,28.475635534139464,0.0004889696836471557,-0.6253568518217834,-0.0010190234271188574,34.36876835873589,-0.0009791799820959568,25.122026422097232,1.3382832209274386e-05,-0.050712000767106594,-0.00023497194051742555,0.8865276436991726,-0.01392025498937599,15.001169056982148
30,223.65082788467407,5.003709196547667,4.904831981658935,0.19775442977746327,0.01922484257568916,0.2635156989097595,0.7592645476059876,0.0,4.958357132971287,4.852167367935181,0.21237953007221222,0.029082298278808594,0.2670634239912033,0.7805569469928741,0.26485149562358856,0.7698273083665693,-0.12148445715152081,40.469410057798825,-0.10038717303957258,36.17929229038543,-0.11878959110804965,40.40982361393223,-0.09804950441632952,36.13513385190801,-0.013271828315087728,58.184744318855245,-0.0028672111885888235,9.326009429336562,-0.007380234940154921,91.48859005752735,-0.0070727164191859105,87.19509134670743,-8.280617850167451e-05,0.8721873900634555,4.760708127702985e-05,-0.5058461888530513,-0.08935023621846196,76.7173266097988,-0.12148445715152081,40.469410057798825,-0.10038717303957258,36.17929229038543,-0.11878959110804965,40.40982361393223,-0.09804950441632952,36.13513385190801,-0.013271828315087728,58.184744318855245,-0.0028672111885888235,9.326009429336562,-0.007380234940154921,91.48859005752735,-0.0070727164191859105,87.19509134670743,-8.280617850167451e-05,0.8721873900634555,4.760708127702985e-05,-0.5058461888530513,-0.08935023621846196,76.7173266097988,-0.04935826927423479,8.978651719475915,-0.04958137273788452,9.090542633771035,-0.04826807975769043,8.959251093328586,-0.04871964454650879,9.124616012161688,-0.00924832820892334,25.722188668457253,-0.000345081090927124,0.4401500973032396,-0.0008109613197545207,29.668098259655356,-0.0007645893841981888,20.817506663100435,-7.314046223958482e-05,0.2767881322516922,3.425627946853638e-05,-0.12950897008342227,-0.017542309052117656,18.768097850600892
31,231.02949404716492,4.970792194207509,4.871616617838542,0.19835115273793538,0.019035867787897585,0.2641318738460541,0.8775297222792299,0.0,4.955681521445513,4.849393844604492,0.21257535368204117,0.028822162188589573,0.2651657313108444,0.7814266979694366,0.26472988724708557,0.887844427025961,-0.11843040698561175,40.861033250008006,-0.0970178088494416,36.213730999932075,-0.11583875568433738,40.813366364466006,-0.09476412575820396,36.171639331385805,-0.012879616741476387,58.48187412962281,-0.0027383504242732607,9.224974146579195,-0.007132260452142392,91.57225482000086,-0.006837799856118087,87.30962902322615,-5.870338143973515e-05,0.6403982637508551,4.1772065491511905e-05,-0.45969824184860497,-0.08219108411874802,73.09075212527395,-0.11843040698561175,40.861033250008006,-0.0970178088494416,36.213730999932075,-0.11583875568433738,40.813366364466006,-0.09476412575820396,36.171639331385805,-0.012879616741476387,58.48187412962281,-0.0027383504242732607,9.224974146579195,-0.007132260452142392,91.57225482000086,-0.006837799856118087,87.30962902322615,-5.870338143973515e-05,0.6403982637508551,4.1772065491511905e-05,-0.45969824184860497,-0.08219108411874802,73.09075212527395,-0.0529388818144799,9.624934469536502,-0.05263555273413658,9.601458776310954,-0.05209544817606613,9.66059551443616,-0.05186355113983154,9.661562502789788,-0.007151369750499725,21.240887141968546,-0.0010636776685714721,1.3429197313189782,-0.0006476611706117789,25.386053549350425,-0.0006224305368959903,17.760150459497893,3.559033075968276e-05,-0.13492635696508173,-8.560419082641602e-05,0.3223220111798294,0.00354161833795017,-4.205630445720546
32,238.42311692237854,4.93867885718743,4.8393123308817545,0.19873305261135102,0.018857863110800583,0.26386827826499937,0.7704236980651066,0.0,4.9731085784733295,4.865916728973389,0.21438369899988174,0.028626673854887486,0.2628515362739563,0.7868015170097351,0.26266756653785706,0.7527183452065762,-0.11555317132009399,41.24309500114595,-0.09320297998686632,35.98942139838778,-0.11305427339341903,41.20584018721457,-0.09105455875396729,35.954162950506344,-0.012527436017990112,58.84421748505998,-0.00246791144212087,8.600604210655103,-0.006900451926307546,91.65106278799774,-0.0066163894720375534,87.39570235318934,-6.553312142690096e-05,0.739556125964395,-2.8364360332489014e-05,0.32291122579204856,-0.08302158212192719,76.3751338177463,-0.11555317132009399,41.24309500114595,-0.09320297998686632,35.98942139838778,-0.11305427339341903,41.20584018721457,-0.09105455875396729,35.954162950506344,-0.012527436017990112,58.84421748505998,-0.00246791144212087,8.600604210655103,-0.006900451926307546,91.65106278799774,-0.0066163894720375534,87.39570235318934,-6.553312142690096e-05,0.739556125964395,-2.8364360332489014e-05,0.32291122579204856,-0.08302158212192719,76.3751338177463,-0.05005503227313364,9.202596657984763,-0.03646129220724106,6.830871974776724,-0.049411662419637015,9.264520599377372,-0.03600156307220459,6.889022014495179,-0.006624272465705872,20.128799715211247,0.00024324357509613036,-0.31011367085730535,-0.0005181478274365267,21.554160704097505,-0.0005027689971029758,14.939191829732144,-2.7690529823304334e-05,0.10483072017353531,-0.00029325634241104124,1.1041272549566674,-0.0034890777541685012,4.3325655502957865
33,245.78999090194702,4.92761842161417,4.828658612569173,0.19791961808999378,0.018687707434097926,0.26444241603215535,0.7158915101333002,0.0,4.947783797979355,4.842301368713379,0.2109648585319519,0.02846383210271597,0.2614008039236069,0.780536413192749,0.26333752274513245,0.7115148512971176,-0.1121824379089058,41.374684234019064,-0.09101336064838594,36.31538529537468,-0.10975102968113395,41.33527519248859,-0.08887910073803316,36.26499143346659,-0.012170122996453316,59.071364816761864,-0.0025904015187294253,9.328394753823261,-0.00668334559567513,91.72639576993262,-0.006408210513332198,87.46740142392673,-4.4898576633904806e-05,0.5235802989818245,-5.837890409654186e-06,0.06867624266254145,-0.08210256940611685,78.04735086630023,-0.1121824379089058,41.374684234019064,-0.09101336064838594,36.31538529537468,-0.10975102968113395,41.33527519248859,-0.08887910073803316,36.26499143346659,-0.012170122996453316,59.071364816761864,-0.0025904015187294253,9.328394753823261,-0.00668334559567513,91.72639576993262,-0.006408210513332198,87.46740142392673,-4.4898576633904806e-05,0.5235802989818245,-5.837890409654186e-06,0.06867624266254145,-0.08210256940611685,78.04735086630023,-0.0452856409549713,8.41666253927542,-0.0367991242557764,6.922626329209396,-0.044676078160603885,8.468725388910768,-0.036185836791992186,6.953252517840987,-0.005861534178256989,18.31637014851983,-0.0005026370286941529,0.6398432299296262,-0.00041703062132000915,18.244394624784256,-0.000392602663487196,12.121160103473581,7.098495960235485e-05,-0.2691550784250427,-0.00011655837297439576,0.44066920244457297,-0.012239351364957362,14.60046525670427
34,253.10194277763367,4.896218300859133,4.797573757171631,0.19728908737500508,0.018520179266730944,0.26533507108688353,0.7627012148015434,0.0,4.913376595824957,4.807392358779907,0.21196847409009933,0.028338350355625153,0.25975899398326874,0.7829759418964386,0.2662361264228821,0.7508735227536958,-0.10965799049784739,41.74826064291457,-0.08924441819544882,36.758252142782574,-0.1072927117347717,41.71293379996008,-0.08719253540039062,36.72446842131672,-0.011841113213449717,59.32842997907082,-0.0024332161992788315,9.045005049167631,-0.006479726301040501,91.80056547528952,-0.006211875239387155,87.52265091947035,-1.5600025653839458e-05,0.18778647965149872,8.492590859532356e-05,-1.0312858878605453,-0.07807406084129309,76.61194199765376,-0.10965799049784739,41.74826064291457,-0.08924441819544882,36.758252142782574,-0.1072927117347717,41.71293379996008,-0.08719253540039062,36.72446842131672,-0.011841113213449717,59.32842997907082,-0.0024332161992788315,9.045005049167631,-0.006479726301040501,91.80056547528952,-0.006211875239387155,87.52265091947035,-1.5600025653839458e-05,0.18778647965149872,8.492590859532356e-05,-1.0312858878605453,-0.07807406084129309,76.61194199765376,-0.03954196289181713,7.472537504749731,-0.034731445088982585,6.60206896405213,-0.03904535611470541,7.526050600550629,-0.034270858764648436,6.654405247809497,-0.004983240365982055,16.096184855003486,-0.00027077198028564454,0.34463231639565034,-0.0003447215755780539,15.692419389044273,-0.0003365029580891132,10.614103567598658,0.00015016615390777698,-0.5691703494457072,0.00020621716976165771,-0.7806112831074454,-0.008408371757166955,9.929760716929053
35,260.4540078639984,4.896902930239836,4.798432000478109,0.1969418595234553,0.01838598505904277,0.2648463547229767,0.7733518144094731,0.0,4.894125800579786,4.786646842956543,0.21495791524648666,0.028201669454574585,0.2572137862443924,0.7882919907569885,0.2639019787311554,0.7113528884045219,-0.10631427474395193,41.74011540718562,-0.08712339931816766,37.00603570164523,-0.10401541006685504,41.702506761846145,-0.08517898935260194,36.99752363371269,-0.011559419108159615,59.726943975379974,-0.002198389985344627,8.427462195809245,-0.006287437449726794,91.85997724467295,-0.006027778441255743,87.58283139199779,-2.993688438877915e-05,0.3716289768583075,1.1620647979505135e-05,-0.1455235162552906,-0.07538543476707422,76.28534380093417,-0.10631427474395193,41.74011540718562,-0.08712339931816766,37.00603570164523,-0.10401541006685504,41.702506761846145,-0.08517898935260194,36.99752363371269,-0.011559419108159615,59.726943975379974,-0.002198389985344627,8.427462195809245,-0.006287437449726794,91.85997724467295,-0.006027778441255743,87.58283139199779,-2.993688438877915e-05,0.3716289768583075,1.1620647979505135e-05,-0.1455235162552906,-0.07538543476707422,76.28534380093417,-0.034855524947245975,6.644896165992832,-0.03280049487948418,6.2810558474454465,-0.034425032933553014,6.693983941800369,-0.03247532844543457,6.353509339110283,-0.004187431931495666,14.000663529110957,7.743239402770996e-05,-0.09832464373873118,-0.0002911034226417541,13.668740152782474,-0.00027439137920737267,8.866899583710117,0.00014769971370697242,-0.5608082696514727,1.5585124492645265e-05,-0.059091387013669096,-0.001627399845720956,2.0609759954690334
36,267.7731809616089,4.8896730164686835,4.790946420033773,0.19745319286982219,0.018261829329033693,0.26473979552586874,0.851222413032512,0.0,4.896199271082878,4.789659023284912,0.213080495595932,0.02808823622763157,0.2564593106508255,0.784930408000946,0.264787957072258,0.8885645008987659,-0.10340002883298724,41.82613180324735,-0.08449996197048355,36.979347354805036,-0.1011762974308986,41.79345117354019,-0.08258513142080869,36.95787691938942,-0.011241626651848064,59.84507542662364,-0.0022326015374239754,8.817963009744968,-0.00610616445797039,91.91494468124121,-0.005853827111423016,87.63277593542172,-3.219048182169585e-05,0.41171379976063915,3.733705071841969e-05,-0.48173457924308205,-0.07087790437324737,73.89745973581314,-0.10340002883298724,41.82613180324735,-0.08449996197048355,36.979347354805036,-0.1011762974308986,41.79345117354019,-0.08258513142080869,36.95787691938942,-0.011241626651848064,59.84507542662364,-0.0022326015374239754,8.817963009744968,-0.00610616445797039,91.91494468124121,-0.005853827111423016,87.63277593542172,-3.219048182169585e-05,0.41171379976063915,3.733705071841969e-05,-0.48173457924308205,-0.07087790437324737,73.89745973581314,-0.029395314256350245,5.670801356909297,-0.029949971288442612,5.764377686401988,-0.029109182357788033,5.727855825244834,-0.02958517074584961,5.817541700777181,-0.0032906457781791687,11.371924868664763,-0.0006942212581634522,0.8766829918336029,-0.00024828548232714334,11.968631602402784,-0.00024298811331391335,7.962093809438608,6.64784510930383e-05,-0.25174078697388635,0.00011941343545913696,-0.4530206141706128,0.0014226118985850244,-1.6996633183488326
37,275.2750608921051,4.873545450468858,4.775507799784342,0.19607530136903126,0.0181431720033288,0.2645246684551239,0.7923389021339892,0.0,4.899216685444117,4.793766260147095,0.21090085059404373,0.027986067347228527,0.25549743324518204,0.7805074155330658,0.26471400260925293,0.7680548134935781,-0.10090652989489692,42.01800616696214,-0.08199946550386293,36.940509184253166,-0.0987266495114281,41.981019291522884,-0.08010820661272322,36.9038169266993,-0.010947919530527933,59.99568066132708,-0.002295184135437012,9.331763288983723,-0.005935092825619948,91.96747781059068,-0.005689494019108159,87.67776079762992,-3.741724150521415e-05,0.4926390578926847,3.415729318346296e-05,-0.4536703394461127,-0.07053520741682666,75.70310910616949,-0.10090652989489692,42.01800616696214,-0.08199946550386293,36.940509184253166,-0.0987266495114281,41.981019291522884,-0.08010820661272322,36.9038169266993,-0.010947919530527933,59.99568066132708,-0.002295184135437012,9.331763288983723,-0.005935092825619948,91.96747781059068,-0.005689494019108159,87.67776079762992,-3.741724150521415e-05,0.4926390578926847,3.415729318346296e-05,-0.4536703394461127,-0.07053520741682666,75.70310910616949,-0.02561336348454164,4.993170734182958,-0.019911539927124976,3.9055007787388205,-0.02526929855346687,5.025515016672843,-0.019501590728759767,3.9090884456852883,-0.002944735437631607,10.334407104660569,-0.0007432729005813598,0.943311374262242,-0.00021964017301797853,10.798661559761728,-0.00021094447001814842,7.0091670042311875,6.535768508911244e-05,-0.24768793236031786,-0.00015247613191604614,0.5727044764865424,0.0061350445551191955,-8.3928063430702
38,282.6026518344879,4.849214136103789,4.75108970006307,0.1962488720814387,0.018038049712777136,0.2649241864681244,0.7351795263891557,0.0,4.897958178073168,4.791640758514404,0.212634839117527,0.027828844264149666,0.25424034148454666,0.7860908210277557,0.2638282924890518,0.7296655770953963,-0.09877944057462391,42.30748292137086,-0.07975666111128198,36.956707862347095,-0.0966625231283682,42.27768161855963,-0.07794202036327785,36.931793059214094,-0.010678729870253138,60.19250886265861,-0.0020763344234890407,8.683162749166444,-0.0057731491996458285,92.01401857707312,-0.005535819826440679,87.74698597363606,-2.5280151102278275e-05,0.3423506808022268,8.605420589447021e-06,-0.11756106092665598,-0.07016365653704908,77.45588826707056,-0.09877944057462391,42.30748292137086,-0.07975666111128198,36.956707862347095,-0.0966625231283682,42.27768161855963,-0.07794202036327785,36.931793059214094,-0.010678729870253138,60.19250886265861,-0.0020763344234890407,8.683162749166444,-0.0057731491996458285,92.01401857707312,-0.005535819826440679,87.74698597363606,-2.5280151102278275e-05,0.3423506808022268,8.605420589447021e-06,-0.11756106092665598,-0.07016365653704908,77.45588826707056,-0.02433554937442146,4.778638515178789,-0.021644598618149758,4.2320860696593146,-0.02407181104024243,4.822263186850876,-0.02138707637786865,4.272705453302193,-0.002569890767335892,9.180173109224462,-0.00010538697242736816,0.13388513403638994,-0.00019651309276620574,9.824092293049004,-0.00019508777186274528,6.5510273056132915,0.00013621946175892963,-0.5168403107083024,7.233619689941406e-05,-0.27493288231593804,-0.004646335555498582,5.944320178470738
39,289.9118368625641,4.835892197489739,4.738177235921224,0.195429923137029,0.017909860238432884,0.26511147220929465,0.6842774198317596,0.0,4.839450404047966,4.73388671875,0.211127370595932,0.027758018113672733,0.2536018043756485,0.7822763025760651,0.26552851498126984,0.6842127798877679,-0.09646977835947328,42.46597791652673,-0.07918236686571224,37.70978139954207,-0.09439900802062436,42.4345587590343,-0.07739639926601101,37.69195933942938,-0.010407373309135437,60.29248733245968,-0.0021233123701971932,9.126279182186133,-0.005620582720583624,92.07077187230341,-0.005388117294657875,87.77817066125692,-1.953512698680391e-05,0.27189861311878466,5.4324800903732715e-05,-0.7627614963153739,-0.06964307410516657,79.01678970199978,-0.09646977835947328,42.46597791652673,-0.07918236686571224,37.70978139954207,-0.09439900802062436,42.4345587590343,-0.07739639926601101,37.69195933942938,-0.010407373309135437,60.29248733245968,-0.0021233123701971932,9.126279182186133,-0.005620582720583624,92.07077187230341,-0.005388117294657875,87.77817066125692,-1.953512698680391e-05,0.27189861311878466,5.4324800903732715e-05,-0.7627614963153739,-0.06964307410516657,79.01678970199978,-0.020753715783357586,4.115000790375331,-0.024974828585982323,4.907418654239031,-0.02045478185017897,4.138361253146165,-0.02468385696411133,4.955876008990805,-0.0022161871194839476,8.03654475122293,-0.0003102511167526245,0.39503372299257694,-0.00017922120789686836,9.096566341327144,-0.00016897032037377357,5.737976074701329,9.950776894887547e-05,-0.3767572593507196,0.0003135472536087036,-1.1949526202631975,-0.021345945629085306,23.777507860966917
40,297.2624728679657,4.832187320291996,4.734333419799805,0.19570780098438262,0.01780952960252762,0.26514178117116294,0.7333467941827468,0.0,4.829555485397577,4.723771095275879,0.21156878024339676,0.027717124670743942,0.25251785665750504,0.7853704392910004,0.2655789703130722,0.7143249311653063,-0.09402859674995405,42.51005592277801,-0.07735901296530899,37.8371422761513,-0.0920159766548558,42.48125835680391,-0.07562585253464549,37.82510250828387,-0.010162020004109332,60.462205634957954,-0.00198601107848318,8.766846440737549,-0.0054753129288815615,92.11519123067353,-0.00524740087750711,87.7961760058209,-1.822344043798575e-05,0.2604971630157681,5.422297276948628e-05,-0.7819082857476807,-0.06651906230368883,77.51208858026584,-0.09402859674995405,42.51005592277801,-0.07735901296530899,37.8371422761513,-0.0920159766548558,42.48125835680391,-0.07562585253464549,37.82510250828387,-0.010162020004109332,60.462205634957954,-0.00198601107848318,8.766846440737549,-0.0054753129288815615,92.11519123067353,-0.00524740087750711,87.7961760058209,-1.822344043798575e-05,0.2604971630157681,5.422297276948628e-05,-0.7819082857476807,-0.06651906230368883,77.51208858026584,-0.017884951631228142,3.5691119850852777,-0.018802646920084952,3.7473522286672423,-0.01771469434102375,3.606793274328759,-0.018606400489807128,3.7896182071670643,-0.00182674303650856,6.746094134561165,-0.00014243125915527343,0.18102721048212395,-0.00016499290242791184,8.47880229312355,-0.00014680260792374611,5.030044531253266,0.00011092305183410534,-0.42011127627956285,0.0002881184220314026,-1.0967676062929148,-0.005539533386823947,7.023250299197733
41,304.8637869358063,4.827433646718661,4.729286098480225,0.19629509647687277,0.01771896630525589,0.26497663458188375,0.6978684006937217,0.0,4.827591337263584,4.722844123840332,0.2094944268465042,0.0275880079716444,0.25263164937496185,0.7777148485183716,0.2633153647184372,0.6849369619812103,-0.09173949615568176,42.56661176587308,-0.07542581130296756,37.862423497450266,-0.08978601113343847,42.54257967603271,-0.07371049660902756,37.83730342844287,-0.009898537626633277,60.444388625410184,-0.0021313849167946056,9.656163957165388,-0.005337242425506951,92.15528629755312,-0.005116162821650505,87.85302596732441,-2.199070066468319e-05,0.3226210524954737,-5.208528958834135e-06,0.07708477068553027,-0.06572314771869746,78.6000253878233,-0.09173949615568176,42.56661176587308,-0.07542581130296756,37.862423497450266,-0.08978601113343847,42.54257967603271,-0.07371049660902756,37.83730342844287,-0.009898537626633277,60.444388625410184,-0.0021313849167946056,9.656163957165388,-0.005337242425506951,92.15528629755312,-0.005116162821650505,87.85302596732441,-2.199070066468319e-05,0.3226210524954737,-5.208528958834135e-06,0.07708477068553027,-0.06572314771869746,78.6000253878233,-0.017627554982900584,3.522897572677245,-0.013076579570770264,2.6372807000560177,-0.017554588317871024,3.57903968647946,-0.012932324409484863,2.6652675863875155,-0.0014431774616241455,5.4038753793244325,-0.00028420984745025635,0.36411161100440625,-0.00015058762704332692,7.832970618638669,-0.00014942903071641923,5.138143804312182,0.00014609356721242416,-0.5544017598073109,-0.0001536130905151367,0.5799970664823213,-0.006139614691226591,8.086265466477014
42,312.3266158103943,4.796473224461079,4.698159376780192,0.19662769536177319,0.01763318118949731,0.2654515306154887,0.6987945550458521,0.0,4.850443445146084,4.742685556411743,0.21551577746868134,0.02749229222536087,0.2518971711397171,0.7933914959430695,0.26555192470550537,0.6671552930690371,-0.09022001930822927,42.934956953304265,-0.07296886332333088,37.56828621394975,-0.08831952889760333,42.920746928929645,-0.0713716983795166,37.57614787891804,-0.009669436141848564,60.55938900524508,-0.0016861841082572936,7.835074302857762,-0.005205955992763241,92.19326592127743,-0.004990651644766331,87.89516952063276,-9.568532307942246e-06,0.14397740726614355,5.083568394184113e-05,-0.7716450185239251,-0.06405691516692676,78.57162507681501,-0.09022001930822927,42.934956953304265,-0.07296886332333088,37.56828621394975,-0.08831952889760333,42.920746928929645,-0.0713716983795166,37.57614787891804,-0.009669436141848564,60.55938900524508,-0.0016861841082572936,7.835074302857762,-0.005205955992763241,92.19326592127743,-0.004990651644766331,87.89516952063276,-9.568532307942246e-06,0.14397740726614355,5.083568394184113e-05,-0.7716450185239251,-0.06405691516692676,78.57162507681501,-0.017431896974643025,3.506864961073309,-0.010523807629942894,2.1235843313178093,-0.017345724105834924,3.5605683834642443,-0.010670828819274902,2.2004459033879926,-0.001326856017112732,5.003874409236182,0.0011964797973632812,-1.5311478357117487,-0.0001402686598400274,7.368650665309088,-0.00013298699632287027,4.614053430575677,0.00013196567694346296,-0.4996204169602699,8.220374584197999e-05,-0.3105193247986206,-0.017873516723337778,20.367990131336462
43,319.76762771606445,4.795422450701396,4.697564474741617,0.19571595191955565,0.01752171857903401,0.26506705284118653,0.686058582224094,0.0,4.820453990250826,4.714874267578125,0.21115944534540176,0.027386887930333614,0.25175704061985016,0.7814662754535675,0.2647477239370346,0.6874794174287171,-0.08804515966070375,42.94745831566419,-0.07192058506898763,37.95429072792754,-0.08617990385226117,42.9279745602825,-0.070309249366202,37.94220372655893,-0.00943701405350755,60.581329836488074,-0.0019359167029217976,9.220376598076529,-0.005081700056609584,92.24261373607364,-0.00487149927038245,87.94157893286523,-1.8712660161460047e-05,0.28860803428910026,2.9981136322021484e-05,-0.466466908992867,-0.06280518486582509,78.96217076533748,-0.08804515966070375,42.94745831566419,-0.07192058506898763,37.95429072792754,-0.08617990385226117,42.9279745602825,-0.070309249366202,37.94220372655893,-0.00943701405350755,60.581329836488074,-0.0019359167029217976,9.220376598076529,-0.005081700056609584,92.24261373607364,-0.00487149927038245,87.94157893286523,-1.8712660161460047e-05,0.28860803428910026,2.9981136322021484e-05,-0.466466908992867,-0.06280518486582509,78.96217076533748,-0.014325640648603422,2.9007030144822683,-0.015265458822250366,3.0696009510688453,-0.014174785614013707,2.929090880032322,-0.015104246139526368,3.104090550828859,-0.001109449565410614,4.220822069893832,-0.0005335241556167602,0.6780924338382521,-0.00013361445317665728,7.085344314549161,-0.00012397859245538712,4.33087661821459,0.00011987745761871671,-0.45430795397969514,0.00020801573991775514,-0.7919353830377637,-0.008436511584101258,10.95048296838386
44,327.18959379196167,4.773987410962581,4.675798416137695,0.19637798964977266,0.01746168298025926,0.2657315532366435,0.6431862109454731,0.0,4.813424367457628,4.7064080238342285,0.21403268724679947,0.02739018015563488,0.250992015004158,0.7897468209266663,0.2653994560241699,0.6416617935444285,-0.08645920442446829,43.2024772448151,-0.0703755621576593,38.04477140319199,-0.08464624087015786,43.19241649759806,-0.0688367968513852,38.053637542105804,-0.009230538138321467,60.70111314954799,-0.0016926676034927368,8.258460744223317,-0.004962136617137326,92.26919328231969,-0.004755432806199505,87.94012936915315,-2.4456826467358257e-06,0.03864011604889244,4.478473038900466e-05,-0.7137862029682952,-0.062330594066129744,80.2768422077101,-0.08645920442446829,43.2024772448151,-0.0703755621576593,38.04477140319199,-0.08464624087015786,43.19241649759806,-0.0688367968513852,38.053637542105804,-0.009230538138321467,60.70111314954799,-0.0016926676034927368,8.258460744223317,-0.004962136617137326,92.26919328231969,-0.004755432806199505,87.94012936915315,-2.4456826467358257e-06,0.03864011604889244,4.478473038900466e-05,-0.7137862029682952,-0.062330594066129744,80.2768422077101,-0.015363101065158879,3.1177538012625368,-0.01343594305217266,2.7155477281888953,-0.015286019643147774,3.1656865538925683,-0.01358933448791504,2.806379333536976,-0.0010408788919448852,3.9819268966329466,0.0009210407733917236,-1.1800100005895275,-0.00012260244538386673,6.560593150134837,-0.0001073651947081089,3.7719866503099664,0.00012891372044881443,-0.4874925981357656,0.00020619332790374755,-0.7830001807350063,-0.007270529918782709,10.155910240406293
45,334.62763690948486,4.7650230894486105,4.666837724049886,0.19637073079744974,0.01737262321015199,0.2655375421047211,0.7023688986885283,0.0,4.760118383914232,4.6549341678619385,0.21036843210458755,0.027264200150966644,0.25099384784698486,0.7789976000785828,0.26641687750816345,0.6887288612455708,-0.0846569978451544,43.309128396430076,-0.06997859521314155,38.73089091892319,-0.08288611182870789,43.30128245346577,-0.06843300752861556,38.73114321586318,-0.009015831836434297,60.70082617355449,-0.001903285120808801,9.507152147939694,-0.004848809248601743,92.30862269297837,-0.0046477711131406385,87.99559824704076,-6.90069309500735e-06,0.11162210235564528,6.740418977515643e-05,-1.0998773101328079,-0.05950470379149753,78.46201864796333,-0.0846569978451544,43.309128396430076,-0.06997859521314155,38.73089091892319,-0.08288611182870789,43.30128245346577,-0.06843300752861556,38.73114321586318,-0.009015831836434297,60.70082617355449,-0.001903285120808801,9.507152147939694,-0.004848809248601743,92.30862269297837,-0.0046477711131406385,87.99559824704076,-6.90069309500735e-06,0.11162210235564528,6.740418977515643e-05,-1.0998773101328079,-0.05950470379149753,78.46201864796333,-0.013119521141052281,2.679521282527418,-0.015325821191072463,3.1192034423120085,-0.013073603312174508,2.725044777608993,-0.015245819091796875,3.171328228275961,-0.0008765146136283875,3.3743378821556584,-0.0003978341817855835,0.5081052437217842,-0.00011475560565789543,6.196247023593272,-0.00010741502046585083,3.790447189687207,2.024710178375466e-05,-0.07630767278828655,1.8075108528137207e-05,-0.0678912691939756,-0.006033231611301515,7.910347452208236
46,342.02440571784973,4.748993528882663,4.650734265645345,0.1965185264746348,0.017292449002464613,0.26558268268903096,0.678962781477939,0.0,4.761564143002033,4.657187461853027,0.20875336229801178,0.027187475934624672,0.25014815479516983,0.7784910798072815,0.2657022774219513,0.6829701148749581,-0.08309728336153607,43.499836760869705,-0.06835531443357468,38.712282060043805,-0.08136832425088593,43.49692787625306,-0.066826500675895,38.70148506349107,-0.008830146864056587,60.833239930035724,-0.0018715404651381753,9.565992459951216,-0.004740431179490054,92.3441182007181,-0.004543883683667941,88.02937984752968,-5.71793679035088e-06,0.09464137824286704,4.963136532089927e-05,-0.8287008677182471,-0.058684281369204165,79.17976186943363,-0.08309728336153607,43.499836760869705,-0.06835531443357468,38.712282060043805,-0.08136832425088593,43.49692787625306,-0.066826500675895,38.70148506349107,-0.008830146864056587,60.833239930035724,-0.0018715404651381753,9.565992459951216,-0.004740431179490054,92.3441182007181,-0.004543883683667941,88.02937984752968,-5.71793679035088e-06,0.09464137824286704,4.963136532089927e-05,-0.8287008677182471,-0.058684281369204165,79.17976186943363,-0.014790940135717356,3.020468313631232,-0.013256165757775306,2.7085870486216157,-0.014769773483276438,3.0780416356436433,-0.012945938110351562,2.7045943716113623,-0.0007065631449222565,2.7469878471090716,-0.0009800910949707032,1.2433097208428212,-0.00010935360565781579,5.9476609660374145,-0.0001014193519949913,3.5962180238425603,7.363279660542732e-05,-0.2780208044866072,0.00018002986907958985,-0.6821846124275994,-0.009438903293153411,12.205186717459119
47,349.39346385002136,4.745401072005431,4.64748322168986,0.19583570063114167,0.017238988603154818,0.26571346521377565,0.7155076959971693,0.0,4.729995004832745,4.624525308609009,0.21093939244747162,0.02711347211152315,0.2494284063577652,0.78339022397995,0.26498210430145264,0.7350735661546582,-0.08133050943966263,43.542577269728824,-0.06753784384992388,39.1186192168309,-0.0796323846887659,43.53642571908859,-0.06606729295518664,39.131388627581316,-0.008649915787908765,60.94593400280088,-0.0017210808065202502,8.996879656294475,-0.004636276273263826,92.36778671048208,-0.004444553020099799,88.06196366142653,-2.6845932006833472e-06,0.04544436395042676,3.252459896935357e-05,-0.5554095702393976,-0.05656807701612784,78.05912043884547,-0.08133050943966263,43.542577269728824,-0.06753784384992388,39.1186192168309,-0.0796323846887659,43.53642571908859,-0.06606729295518664,39.131388627581316,-0.008649915787908765,60.94593400280088,-0.0017210808065202502,8.996879656294475,-0.004636276273263826,92.36778671048208,-0.004444553020099799,88.06196366142653,-2.6845932006833472e-06,0.04544436395042676,3.252459896935357e-05,-0.5554095702393976,-0.05656807701612784,78.05912043884547,-0.014427194446325231,2.950543808907806,-0.01662042662501335,3.3945568194444546,-0.01434631983439134,2.9944646791291416,-0.016513371467590333,3.4477133731880762,-0.0007030904293060303,2.7415281883187386,-0.00015401840209960938,0.19621918138177638,-0.0001022840725878875,5.600976262836411,-9.747641161084175e-05,3.470364277090141,9.736696879069085e-05,-0.36778365185817613,1.9414722919464113e-05,-0.07332177465369405,-0.013571471703534265,15.943508413019089
48,356.8165876865387,4.715936148166657,4.617780907948812,0.1963104804356893,0.01715342588722706,0.26570268869400027,0.6874507667572004,0.0,4.755589462816715,4.647127866744995,0.21692319214344025,0.027059332467615604,0.24982235580682755,0.7952346503734589,0.2653857469558716,0.7129114089909946,-0.08020299670920854,43.893130075622196,-0.0655132285926653,38.789184208787795,-0.07854694836381551,43.89728744106438,-0.06413968749668288,38.83389077960962,-0.008453310021887655,60.88425166273424,-0.0014261784760848336,7.620962868598845,-0.004537347717669562,92.40566787118263,-0.004349109251052141,88.08580129585664,-2.8605046479593508e-06,0.04949821287593961,4.059238278347513e-05,-0.7085838856978516,-0.055948269455776564,78.91947974560605,-0.08020299670920854,43.893130075622196,-0.0655132285926653,38.789184208787795,-0.07854694836381551,43.89728744106438,-0.06413968749668288,38.83389077960962,-0.008453310021887655,60.88425166273424,-0.0014261784760848336,7.620962868598845,-0.004537347717669562,92.40566787118263,-0.004349109251052141,88.08580129585664,-2.8605046479593508e-06,0.04949821287593961,4.059238278347513e-05,-0.7085838856978516,-0.055948269455776564,78.91947974560605,-0.015760930230220092,3.2339762479703187,-0.014362722262740135,2.931636460459627,-0.015772689183553013,3.3028297397536015,-0.01466383934020996,3.0589391606590364,-0.0005675077438354493,2.221187651974781,0.0014727234840393067,-1.8868795539033743,-9.897461161017425e-05,5.455198880990324,-9.267348796129226e-05,3.311415169965628,0.00011780202388763649,-0.4453347378738758,6.717443466186523e-05,-0.25376230195507304,-0.010488813537678877,13.23778689829514
49,364.21191692352295,4.724302439391613,4.626267687479655,0.1960695038239161,0.01710195237149795,0.26538599530855816,0.6710981299621579,0.0,4.7185800932347775,4.613956928253174,0.20924632996320724,0.026992150582373142,0.2493395060300827,0.7814044952392578,0.2658986747264862,0.6459870128161238,-0.07831854377443909,43.79359386504595,-0.06490676350733067,39.26554444167617,-0.07669516691924831,43.794179181477965,-0.06348077794338794,39.270491042161616,-0.008283725761352702,60.959853505054795,-0.0016900928730660297,9.227553343593113,-0.004441903585713383,92.4284567284555,-0.004258004413481722,88.11538141691307,-9.537799984004932e-06,0.1686301002617518,5.064207188626553e-05,-0.9032297173100378,-0.05510580918639924,79.42092960622188,-0.07831854377443909,43.79359386504595,-0.06490676350733067,39.26554444167617,-0.07669516691924831,43.794179181477965,-0.06348077794338794,39.270491042161616,-0.008283725761352702,60.959853505054795,-0.0016900928730660297,9.227553343593113,-0.004441903585713383,92.4284567284555,-0.004258004413481722,88.11538141691307,-9.537799984004932e-06,0.1686301002617518,5.064207188626553e-05,-0.9032297173100378,-0.05510580918639924,79.42092960622188,-0.012491169671217595,2.5759162867684595,-0.017937808483839034,3.662303317358189,-0.012482201258341518,2.6272291298090664,-0.017768383026123047,3.7082043336721133,-0.0004900835454463958,1.927638794790497,-0.0004686325788497925,0.5961557701908922,-9.360973412791858e-05,5.189570691869793,-8.366936817765236e-05,3.0065699956299983,4.618088404337861e-05,-0.17431735719960428,0.00020703822374343873,-0.7847461005420041,-0.006408139642699784,8.71642831809184
50,371.5671408176422,4.704342628518741,4.605628649393718,0.19742795825004578,0.01703846671928962,0.2651420732339223,0.6798541366408188,0.0,4.773447781801224,4.666184663772583,0.2145262360572815,0.02693623211234808,0.24935710430145264,0.791182667016983,0.26397430896759033,0.6938456739477489,-0.07710273683898977,44.03106156545041,-0.06241146242246032,38.55932368734278,-0.07552733090188767,44.044928631118395,-0.061070183912913,38.5830627064848,-0.00811078151067098,60.95709806888955,-0.001451170692841212,8.091664592634526,-0.004350686545432028,92.4565637160307,-0.004170460956326376,88.1400022668142,-1.4420805705918591e-05,0.2603872965349452,9.496075411637625e-06,-0.17297139454956612,-0.05377535468921049,79.15242866759058,-0.07710273683898977,44.03106156545041,-0.06241146242246032,38.55932368734278,-0.07552733090188767,44.044928631118395,-0.061070183912913,38.5830627064848,-0.00811078151067098,60.95709806888955,-0.001451170692841212,8.091664592634526,-0.004350686545432028,92.4565637160307,-0.004170460956326376,88.1400022668142,-1.4420805705918591e-05,0.2603872965349452,9.496075411637625e-06,-0.17297139454956612,-0.05377535468921049,79.15242866759058,-0.013154956897099801,2.720275051608554,-0.0066002622246742245,1.3638454108659581,-0.013254858652750645,2.797459443319781,-0.006770205497741699,1.4301579019468798,-0.0004244700074195862,1.6737657228607044,0.0008906364440917969,-1.1385190132423773,-8.713935191432646e-05,4.865440084637488,-8.217860013246537e-05,2.960535575556338,3.060102462765224e-06,-0.011542701027850648,-0.00015542060136795044,0.5853254644945145,-0.00044232831909407633,0.6464166524782152
51,378.9131290912628,4.701737459500631,4.603559684753418,0.19635554949442546,0.016971715539693833,0.26529948115348817,0.751593209567351,0.0,4.725244663655758,4.62116265296936,0.2081640213727951,0.026887805201113224,0.2490396946668625,0.7808731198310852,0.2643412798643112,0.7526772888218332,-0.07558237831203303,44.062056022253415,-0.06212149621272574,39.17976248014315,-0.07402818057001852,44.07006506154313,-0.06074267017598055,39.1756483441252,-0.007951733105036676,61.006796244804804,-0.0016319538865770613,9.28928097145646,-0.004263259293068023,92.48611644976293,-0.0040863378125489975,88.161324590407,-1.0914097026902576e-05,0.20117449510185662,1.6791479928152902e-05,-0.31222951130958326,-0.051213835758276975,76.95256643310226,-0.07558237831203303,44.062056022253415,-0.06212149621272574,39.17976248014315,-0.07402818057001852,44.07006506154313,-0.06074267017598055,39.1756483441252,-0.007951733105036676,61.006796244804804,-0.0016319538865770613,9.28928097145646,-0.004263259293068023,92.48611644976293,-0.0040863378125489975,88.161324590407,-1.0914097026902576e-05,0.20117449510185662,1.6791479928152902e-05,-0.31222951130958326,-0.051213835758276975,76.95256643310226,-0.013044986079136489,2.699602729462941,-0.010431082174181937,2.159843117181463,-0.01307737350463869,2.7622417656405105,-0.010260844230651855,2.1721721954125717,-0.00034781619906425475,1.3773924888646776,-0.0004497319459915161,0.572636711915864,-8.37814062833786e-05,4.704302031171442,-8.293194696307182e-05,2.9920833401095313,1.576999823252323e-05,-0.05947760538857838,-0.00012376904487609863,0.46603480964699906,0.0018246415384604142,-2.488101881584992
52,386.3280577659607,4.699359289308389,4.6017476717631025,0.19522323509057363,0.01691626887768507,0.2653372327486674,0.7081588875530223,0.0,4.684844698756933,4.57859468460083,0.21250002831220627,0.026873004622757435,0.24881388992071152,0.7862011194229126,0.265775591135025,0.6966474443035068,-0.0741182941496372,44.090349807716564,-0.061687065586447716,39.69976422308769,-0.07258385721842446,44.092079714463054,-0.06037917613983154,39.73593355193106,-0.007797214537858963,61.04215145389038,-0.0014927548170089722,8.670349852322795,-0.004179103040446838,92.51066433713524,-0.004004907067865133,88.1678412711743,-9.940783182780244e-06,0.18697331821511323,4.514187574386597e-05,-0.8565219557297502,-0.051058245483398004,78.28446996603164,-0.0741182941496372,44.090349807716564,-0.061687065586447716,39.69976422308769,-0.07258385721842446,44.092079714463054,-0.06037917613983154,39.73593355193106,-0.007797214537858963,61.04215145389038,-0.0014927548170089722,8.670349852322795,-0.004179103040446838,92.51066433713524,-0.004004907067865133,88.1678412711743,-9.940783182780244e-06,0.18697331821511323,4.514187574386597e-05,-0.8565219557297502,-0.051058245483398004,78.28446996603164,-0.012807435741027185,2.653052673180241,-0.014274663850665092,2.9568915124361745,-0.012753842671712246,2.696779684318685,-0.014424943923950195,3.0542917669323164,-0.00038177594542503356,1.5111960293557387,0.0008486270904541016,-1.0911802597967948,-8.026974275708205e-05,4.530159455931244,-7.150033488869667e-05,2.5917179291156645,3.605981667836322e-05,-0.1360867788786861,0.00024602264165878295,-0.9343269502022972,0.0010290486859300563,-1.4745597950947802
53,393.83669209480286,4.691098862886429,4.5931502978007,0.19589713017145793,0.01686861403286457,0.2656286895275116,0.6643980766645886,0.0,4.6962895803153515,4.590713262557983,0.21115263551473618,0.026811610907316208,0.24829917401075363,0.783176064491272,0.26670806109905243,0.6664401046733262,-0.07282696340987883,44.18862651380746,-0.060253105838509166,39.55245324464809,-0.07132922029183579,44.196531616748864,-0.05895765154969459,39.57642723229061,-0.007654420447115805,61.12274271216298,-0.0015227999172958673,9.021757655948205,-0.004098094252297302,92.53176255515265,-0.0039275832766411355,88.19487286649645,-4.031027064603482e-06,0.07733479164269509,6.254046571020986e-05,-1.210375659895568,-0.05091515853055556,79.62638520548055,-0.05750834705432256,38.00186599464183,-0.05383784778416157,36.43511218744003,-0.05653635915120443,38.09744004656419,-0.052823691368103026,36.52132026944581,-0.007179197818040848,59.1114915597991,-0.0007179409265518188,4.382642508152063,-0.0037981923247377074,91.84217119429891,-0.0037238290160894394,87.41257018004997,-1.443572839101126e-05,0.2709912257464934,-2.9489099979400635e-05,0.5497953484898728,-0.02053786237914899,60.71651774783642,-0.010537436157464964,2.196913370375152,-0.015415386483073234,3.178139619069192,-0.010500907897949219,2.235111041538537,-0.015197229385375977,3.204351037953697,-0.00035979971289634705,1.4283594820395216,-0.0010215431451797486,1.287565029879083,-7.645671566327422e-05,4.335957014314208,-6.806813180446625e-05,2.475898744509754,1.7715891202291224e-05,-0.06673870427951312,0.00011561363935470581,-0.4353711217981954,-0.0034396478381263475,4.9222590721255
54,401.27166080474854,4.686938527723154,4.58893985748291,0.19599734048048656,0.016819562328358493,0.26523003578186033,0.6397169854973542,0.0,4.732592064887285,4.626101732254028,0.21298066526651382,0.026769855991005898,0.24828653782606125,0.7894363701343536,0.2643418312072754,0.6322512204842854,-0.07150645132821339,44.23812323651828,-0.058396267561385266,39.08519157009223,-0.07003847452310413,44.24768543448173,-0.057143303064199596,39.11063953187881,-0.007507463057453816,61.12472121332143,-0.0013731248103655302,8.294524496295805,-0.004020228049455163,92.55347920452363,-0.0038528558081732346,88.21325751698225,-1.1619925498962829e-05,0.2272980536368243,1.5833343450839704e-05,-0.3124387349389381,-0.05041065723510708,80.38322521121027,-0.052815193523963286,36.03805182349073,-0.0501635567098856,34.63965669399475,-0.051975844065348296,36.15594155851335,-0.04921086311340332,34.7208473767747,-0.006987527757883072,58.457095606714596,-0.000607001781463623,3.7021944839781518,-0.003693986479192972,91.65360496071804,-0.003805827312171459,87.6671402686615,-2.8532942136129112e-05,0.5350126954823414,-2.1039247512817384e-05,0.39637791126875294,-0.010013907333324641,43.904765299701864,-0.010848392297824194,2.262239126865136,-0.008786192536354065,1.8226898450070854,-0.01086246172587071,2.312360327202999,-0.008877253532409668,1.8828187197809667,-0.000347050279378891,1.3785127062362175,0.0007970094680786133,-1.0198897804208178,-7.021562506755175e-05,4.007348066391716,-6.170319393277169e-05,2.253019550440759,1.6298294067379482e-05,-0.06148743833940205,-4.058927297592163e-05,0.15331301955054785,-0.004634159672673976,6.7547579649113345
55,408.6433517932892,4.683398724595706,4.584981441497803,0.19683456619580586,0.016765805892646313,0.2651116212209066,0.6880346244088197,0.0,4.709174048155546,4.604341506958008,0.20966508239507675,0.026747575029730797,0.24830684065818787,0.7789414525032043,0.2659671902656555,0.6770690160725247,-0.0702240617395197,44.28023730833557,-0.05773630056459949,39.38661285962318,-0.06879168096578345,44.295777338066614,-0.05647569782329055,39.39705048403731,-0.007365429738782487,61.12154231258041,-0.0015452341088708842,9.513674573676909,-0.003945388962403408,92.57727877841305,-0.003780580811061949,88.22306780333238,-1.363491862075106e-05,0.2718425587918279,4.620175316648663e-05,-0.9292299942768855,-0.04854785919460571,78.90157588449219,-0.05021767388780912,34.901099903502214,-0.04798261843621731,33.75109722989561,-0.049450194676717116,35.03383387112719,-0.047146697044372556,33.86159784792742,-0.006585510969161987,57.00927775202731,-0.00041344642639160154,2.5852882974676734,-0.003774835451195637,91.841757847131,-0.0038091740384697914,87.68563440940916,1.483654975891091e-05,-0.28060221157295406,5.5524706840515134e-05,-1.0548369121694696,-0.0032802288215486985,19.24912838883132,-0.009058868636687567,1.8975476591927214,-0.010425031930208207,2.165824397426761,-0.009081697463989258,1.9422773729178266,-0.010206651687622071,2.1686712320592405,-0.0002685174345970154,1.0698246101278044,-0.0010805368423461915,1.3682066375124124,-6.958770876129456e-05,3.9851661973227155,-6.426051259040832e-05,2.346115002722545,-6.199320157369015e-05,0.23329258726938976,5.677342414855957e-05,-0.21391688211821058,0.004484841346334656,-6.9728505835689685
56,415.98797583580017,4.672636069357395,4.575161933898926,0.19494827091693878,0.016722203294436137,0.2658782541751862,0.7170932013062179,0.0,4.772143140435219,4.667216539382935,0.20985320210456848,0.026699116453528404,0.24811074882745743,0.780401736497879,0.2642551064491272,0.7452378049138073,-0.06912292458208989,44.408283761579334,-0.05550101551192778,38.576116171839715,-0.0676996036812111,44.415077283921946,-0.054265499114990234,38.56948102375636,-0.007232664221966708,61.15224524417784,-0.001489576366212633,9.344039574368098,-0.003873133659362793,92.59658294626058,-0.0037114674363423277,88.2444040689807,8.144864329589435e-07,-0.01654499514458255,1.3640909283249467e-05,-0.27952842351069673,-0.04711070297067971,78.0105012818133,-0.04812022509177526,33.98970374536862,-0.04405725955963135,31.582237213600923,-0.047442461649576814,34.144605797613266,-0.043372058868408205,31.72411075037742,-0.006017246693372727,54.80456942490098,-0.00016010165214538574,1.0153492351011317,-0.003733663260936737,91.7788780132872,-0.0037500806525349616,87.53560973862133,4.111401240030954e-05,-0.7791982119472541,-2.2473335266113282e-05,0.42341998559401767,-0.0004570921494333491,3.088678309543837,-0.009238702009121535,1.938857763266495,0.0012024756520986556,-0.25261465264438726,-0.009167579015096017,1.9644092117992875,0.0012282371520996095,-0.2638570402519252,-0.00028830990195274355,1.148673182334365,0.00014041364192962646,-0.18024913287982144,-6.504199157158531e-05,3.7439361220691714,-5.6508369743824006e-05,2.072621585483061,3.40712070465099e-05,-0.12831032017714883,-0.00021617710590362548,0.8114242157837822,0.0014724302617689644,-2.096377365965811
57,423.4315459728241,4.686010187864303,4.587784671783448,0.19645103216171264,0.016672490102549394,0.26534440120061237,0.6598577014698569,0.0,4.759555120021105,4.653911113739014,0.21128801256418228,0.026629195548593998,0.24824713170528412,0.7803361713886261,0.26453085243701935,0.6504435153052476,-0.06762297834410812,44.24916796699589,-0.05472077923742208,38.73814088082037,-0.06623919747092505,44.2617201088288,-0.053520770506425334,38.74460878901191,-0.00709868154742501,61.13089119718171,-0.0014636852524497292,9.351655995080346,-0.003803616923590501,92.61859245578094,-0.0036452574994076383,88.2751901778383,-8.906740130800525e-06,0.18427673139297865,1.8406456167047674e-05,-0.38416851165152255,-0.04729479018641937,79.76561477053956,-0.04549794493118922,32.68104436081732,-0.04193223014473915,30.579938050243104,-0.04493084716796874,32.87144950010753,-0.04130559921264648,30.737032743566623,-0.0053973963856697085,52.08666089161306,-0.0004814696311950684,2.9926892935107854,-0.0036339509474734464,91.59525787529888,-0.003615024667233229,87.15925331598294,2.200961112976074e-05,-0.41646390721326404,-1.9876956939697267e-05,0.37429581727117944,-0.0006824193581861038,4.916717100228748,-0.006298334101835934,1.3262460905727531,-0.0002009022980928421,0.04219250062778296,-0.006294959386189713,1.3535409736673512,-0.0003276348114013672,0.07035035932846175,-0.00019010230898857116,0.7599588697515426,0.00018450915813446046,-0.23700869916214892,-6.19958899915219e-05,3.585142276995347,-5.58280386030674e-05,2.053446915679564,-2.382814884185902e-05,0.08972026564608222,-0.00011714249849319458,0.4408787897108055,-0.0019105080008082087,2.8138626341925423
58,430.86401891708374,4.656104040642579,4.557807604471843,0.1965928723414739,0.016629351240893205,0.26538989742596947,0.6825605196179527,0.0,4.729439422488213,4.623621463775635,0.21163591742515564,0.026602547615766525,0.2477121651172638,0.7861311137676239,0.2646417021751404,0.6798411429619554,-0.06694946350263697,44.60497013636175,-0.05428140277841261,39.125770306893216,-0.06559165943236576,44.62591988882439,-0.05310592906815665,39.143285152355695,-0.006981472351721355,61.2146531902118,-0.0013340669018881662,8.678482112437825,-0.0037364655296273884,92.63769131365515,-0.0035806394714329925,88.28692323766678,-7.935258604230872e-06,0.16716222428650648,2.005722905908312e-05,-0.4262337705372076,-0.0460448328947316,79.06943805368125,-0.043728709846735006,31.953567557756564,-0.04173199981451035,30.61308575593602,-0.04327903429667154,32.19323412277703,-0.04122682094573975,30.835491506134456,-0.004374884665012359,46.89489393135094,-0.00027549028396606446,1.7220174126453283,-0.0034470765975614386,91.20061841353755,-0.003376000002026558,86.38577238292618,1.402771472930997e-05,-0.2649853338887135,2.348393201828003e-05,-0.44567036771948204,-0.0001820155153387115,1.3157850276805316,-0.008929703136285206,1.8817594131219484,-5.555823445320129e-05,0.01174593935013381,-0.008967561721801687,1.9295522531313225,-9.038448333740235e-05,0.019544596970664803,-0.00017162412405014038,0.6880696812213641,0.000274088978767395,-0.3498754137815358,-6.096373622616127e-05,3.536387060143692,-5.109244957566261e-05,1.8843934618741973,-3.235677878061782e-05,0.12177319939200551,-3.404021263122559e-05,0.12846230775079168,-0.0032947176379216625,4.604727043962777
59,438.1986997127533,4.678019891182582,4.580363305409749,0.19531317154566447,0.016599013904730477,0.2650653203328451,0.6898829464586222,0.0,4.668993320316076,4.56310510635376,0.21177642792463303,0.02658313512802124,0.24760844558477402,0.7859581410884857,0.26672394573688507,0.6990679846256487,-0.06539042290539768,44.344230860659714,-0.05438955539935514,39.90379272751738,-0.06404521451358906,44.35188436580803,-0.053235936583134164,39.93980942150159,-0.006860810021559398,61.230892998364375,-0.0013136968278048332,8.698575615080498,-0.0036714457367595875,92.6511225552181,-0.003518161805052506,88.29547053781232,-1.3490378508093307e-05,0.289259759263846,5.623593665005868e-05,-1.2164035622980602,-0.04510856518007544,78.84489751232118,-0.04113448594013849,30.53901142397855,-0.04029051601886749,30.14169278779223,-0.040828684488932294,30.829003986337472,-0.040016798973083495,30.482277531065595,-0.002826943248510361,36.34017854854477,-5.254685878753662e-05,0.33317160822655983,-0.0031478231648604076,90.45979798753532,-0.003037234544754028,85.10288568939625,1.8802086512248463e-05,-0.35593130403220563,3.834784030914307e-05,-0.7240727196934174,-0.000562966776476439,3.920210637165976,-0.003791625698407497,0.8040027640920264,-0.008659614250063896,1.8209339384259726,-0.0037417602539062678,0.8102940196806204,-0.008402276039123534,1.8080578542394987,-0.00022139102220535277,0.8861937975500519,-0.0009276509284973144,1.1665122087696633,-5.544119824965818e-05,3.232077289641675,-4.761973395943642e-05,1.7598266334333021,-6.373683611551884e-05,0.2398802828409544,0.00013381987810134888,-0.5042466659808995,0.00024321797014218439,-0.3537969290360631
60,445.5888409614563,4.6611581226189935,4.563189315795898,0.19593761364618936,0.016556079685688018,0.2656323790550232,0.6730977228393623,0.0,4.719241213053465,4.614198207855225,0.21008601039648056,0.026522008702158928,0.2473473772406578,0.7834436893463135,0.26413775980472565,0.6871703966900566,-0.06455372196846994,44.54484024674311,-0.052585461465963004,39.2570349427478,-0.06323708994635219,44.56053597185056,-0.05143716006443418,39.267315288251915,-0.006747021371948308,61.27176957890216,-0.0013343994987422023,8.990668811404579,-0.0036088851933506715,92.67013081171703,-0.0034585577467906065,88.32238444578361,-3.480911254883004e-06,0.07594688650725681,1.0676938911964153e-05,-0.2349977186142361,-0.04462023170488896,79.35961254878767,-0.03943890787164369,29.72884998350713,-0.03640463553369045,27.834533142669233,-0.039329554875691744,30.116049192727573,-0.03630317687988281,28.232354018540956,-0.0007475359737873078,13.127370925660875,-2.796649932861328e-05,0.17816642597238164,-0.0027477112313111624,89.24522335144715,-0.002617928870022297,83.15190606250455,3.108942508697532e-05,-0.5886411579427077,-2.1155476570129395e-05,0.398865627190155,-0.0015076932753900606,10.07166836764815,-0.006314431677261911,1.336584979109651,6.61119818687439e-05,-0.014010990713823288,-0.0063078371683756625,1.3634829617505575,2.4127960205078126e-05,-0.0052293423151249215,-0.00019921287894248963,0.7989623550407398,0.0002039194107055664,-0.26096523880775535,-5.4587268580993245e-05,3.191873500476366,-4.701418802142143e-05,1.7417725896995924,2.463837464650176e-05,-0.09283976955097155,-0.0001760914921760559,0.6622503566713542,0.00019995928772044148,-0.29795834438060026
61,452.9771718978882,4.667830490569274,4.569846820831299,0.1959673394759496,0.016522529410819213,0.26530367334683735,0.6295307420460253,0.0,4.669566068798304,4.564471244812012,0.21018964797258377,0.026506486348807812,0.2473481073975563,0.7807169556617737,0.2657889276742935,0.6373394796083334,-0.06334650010544027,44.46545713617672,-0.05253613405561043,39.89642068623534,-0.06205243579411909,44.47965208004058,-0.05140817367424399,39.921828127131455,-0.006632652701967854,61.271655255132394,-0.0013579983832472462,9.307421900789265,-0.00354828629642725,92.68498451686268,-0.0034002012146984117,88.32921892340431,-8.993195948627834e-06,0.1995975000368118,3.848186994003037e-05,-0.8615829056830622,-0.044602379994523676,80.69558403278066,-0.03644278360406558,28.076235678099483,-0.03406443543732166,26.726478496552552,-0.03648392931620279,28.52962333898,-0.03408633708953857,27.18734191494281,0.0011358214914798737,-29.802665234915114,-7.627606391906739e-05,0.48612538806078787,-0.0023094709975024063,87.4825604667947,-0.0021407190896570684,80.15126413465744,1.61212285359702e-05,-0.30475187316329844,-8.026361465454101e-06,0.1507636285265251,-0.002136060132354487,14.504700730007752,-0.003651213794946706,0.7761368767683416,-0.010388171300292015,2.1762406912456305,-0.003578182856241874,0.7769151897891081,-0.010171341896057128,2.179798406828087,-0.00020089969038963317,0.8056706102376039,-0.001046571135520935,1.3227933057063168,-5.159373084704065e-05,3.028073575929826,-4.297457635402679e-05,1.5954189945640702,1.6160011291505018e-05,-0.06094849864603648,0.00018146187067031861,-0.6874224669060417,-0.0050323394594793515,7.402086989342012
62,460.34574604034424,4.631358364224434,4.533723322550456,0.19527008334795634,0.016482992811749378,0.2658221900463104,0.6352039094076259,0.0,4.6969418823719025,4.592247009277344,0.20938974618911743,0.026461299508810043,0.2473784014582634,0.7802569270133972,0.2648814916610718,0.6536628059522085,-0.06289859387609692,44.899376677155004,-0.051204268261790274,39.54405724214704,-0.061620286835564496,44.91852656998981,-0.05008844137191772,39.55623985590613,-0.006521603589256604,61.26691198525606,-0.0013430322209993998,9.36086147811392,-0.003489807134804626,92.70248854588606,-0.0033442843084534007,88.34911464667059,-2.013643582663797e-07,0.004544884829662924,2.2716571887334188e-05,-0.5172290852284894,-0.043764454205254946,80.52161765546911,-0.03346394359072049,26.539494622931304,-0.030619454234838486,24.582429457027054,-0.033532796859741205,26.997452456420795,-0.030644569396972656,25.01811747097234,0.000877554714679718,-21.56147036562314,-6.726980209350586e-06,0.04308889415250949,-0.0018199823927134277,84.66443165618585,-0.0016814501583576203,76.06044691226268,-1.1989315350851015e-05,0.2250063966126663,4.0620565414428713e-07,-0.007668274603895359,-0.0029953465882409393,19.079339726796306,-0.007037909527619668,1.4968742062359135,-0.002830278128385544,0.5989696470438116,-0.00698363622029623,1.5170078588153022,-0.0028915643692016602,0.6257222665260799,-0.00016612932085990906,0.6670796841529152,-6.161928176879883e-05,0.07891074773085802,-4.8872272794445516e-05,2.879630682009838,-4.265056923031807e-05,1.5862421239407158,5.227088928222434e-05,-0.19702597628520496,5.402117967605591e-05,-0.20436149701546982,-0.011638930015972503,15.485677448672492
63,467.7378809452057,4.660962310433388,4.563277498881022,0.19536962310473124,0.01645265376816193,0.265395325422287,0.641102397926521,0.0,4.72644579783082,4.620759725570679,0.21137214452028275,0.02642798889428377,0.24714020639657974,0.785505622625351,0.2656996250152588,0.6239217534719144,-0.06138215879273544,44.54716988151385,-0.049881183282762274,39.16430227204379,-0.060125623504972185,44.55946461087093,-0.0487998978036349,39.18095172763053,-0.006418596892083277,61.304207198720476,-0.0012349711089837746,8.751142766032661,-0.0034330945431453284,92.71592054337673,-0.003290006051175907,88.36378127900153,-7.195844024908165e-06,0.16512035200323172,3.575619126929611e-05,-0.8276943324202701,-0.042950307603219696,80.34074185649456,-0.02950118694702784,24.039343887907926,-0.027593531757593156,22.594971091774564,-0.029497184117635092,24.4257339307739,-0.027557930946350097,22.970086710003915,-0.0006496061384677887,11.615852691831048,0.0001690608263015747,-1.0878338890304116,-0.0013754886277019976,80.69551042538234,-0.001266177725046873,70.54946603489233,-3.105322519938114e-05,0.581634377268095,-1.8727779388427735e-06,0.03522997368852443,-0.0049140456461400596,27.706471084737817,-0.0038396978875001155,0.8170683812654829,0.004160109907388687,-0.8879931299521032,-0.0038470172882080433,0.8359904893990214,0.004216504096984863,-0.9209166540043859,-0.00016736835241317748,0.6726648277815683,-6.954967975616455e-05,0.08846296200546676,-4.636151095231376e-05,2.7406463734725275,-4.450157284736633e-05,1.6559954300636752,5.809267361961412e-06,-0.02189390196687573,-7.596611976623535e-06,0.028582805306466768,-0.0067056489626501235,9.46913055885082
64,475.15463399887085,4.672805859645208,4.57495813369751,0.19569545189539592,0.0164260633289814,0.2652442852656047,0.6671517558739138,0.0,4.660999771207571,4.555920124053955,0.2101592943072319,0.026410105638206005,0.24687648564577103,0.7815511226654053,0.26622574031352997,0.6678213425523352,-0.06020109898621035,44.406263716927874,-0.05013222914309271,40.006680427522696,-0.05896745804817445,44.41755330960342,-0.0490586027022331,40.03437910512088,-0.006319324696256268,61.34549907785048,-0.0012788344775476763,9.210520257272998,-0.003378150928565251,92.72769292213744,-0.0032372298770614208,88.37165525987828,-9.51591358389876e-06,0.22193776519768507,4.36652091241652e-05,-1.0273445670589159,-0.041837409771758205,79.54194426344756,-0.026818511237700786,22.29772944438927,-0.024026333689689636,20.492184165835262,-0.026673520406087246,22.5716466029814,-0.0238389253616333,20.73719510447419,-0.001993158608675003,28.758451054073973,-0.00010077536106109619,0.6405838814496421,-0.001006488119562467,75.3918384402534,-0.0009314033575356007,63.81199416472061,-2.8641462326048917e-05,0.5370079016346753,-2.4693012237548826e-05,0.4616199832825997,-0.005167708334437977,27.917346204174258,-0.0018293003241221407,0.38995134777367996,-0.0035289809107780456,0.7514402275298104,-0.0018192164103190578,0.39607160497015265,-0.003479313850402832,0.7579026725063045,-0.0001422688364982605,0.5729734585911226,-0.0001624941825866699,0.20748103773092366,-4.425507038831704e-05,2.623515500567879,-4.015052691102028e-05,1.4975052058533425,-3.844042619069454e-05,0.1447148885124971,-4.8232078552246096e-05,0.1808422225915895,0.00027536792093252327,-0.4144622487694808
65,482.58060693740845,4.655464720229308,4.557582441965739,0.19576455652713776,0.0163907954779764,0.2658125718434652,0.6918957972505648,0.0,4.754161100834608,4.649526357650757,0.20926948636770248,0.02638635504990816,0.24707870185375214,0.7809588015079498,0.26309607923030853,0.6909521316700256,-0.059520782167634,44.61257631806999,-0.047857728210233506,38.807569143579485,-0.05830727128124741,44.62865545112386,-0.046794081491137306,38.80232152631754,-0.006215808173966786,61.31383722646988,-0.0012679374407208155,9.27932769438932,-0.0033250892924135012,92.74330704935392,-0.0031862222693032688,88.38211262162802,-3.444454657335303e-07,0.008163004786959215,-6.705049484495133e-06,0.1602992282418876,-0.04078056134083107,78.78317390396917,-0.025011346975962318,21.174408370661848,-0.020681635960936546,17.865210843979288,-0.024759289423624688,21.360615136648452,-0.020418562889099122,18.004344168105682,-0.00260609894990921,34.52850904382521,-8.530378341674805e-05,0.5431812096253399,-0.00073802830837667,69.24354384599651,-0.0006894729472696781,56.644176793358255,7.340828577677705e-06,-0.13827372731069468,-9.369134902954102e-05,1.7494047869127411,-0.005490776332570688,28.40738656147504,-0.0031473807493846095,0.6715216619052952,0.0021569035947322846,-0.4557552320503362,-0.0031357415517171638,0.6833259203874501,0.0023424625396728516,-0.5063577662680382,-0.00012078359723091125,0.48646857090386025,-0.0008477568626403809,1.0738761155583718,-4.287668503820917e-05,2.54921526500825,-3.8350094109773635e-05,1.4325849986887658,5.825360616048547e-05,-0.2196342732781457,-0.0001245751976966858,0.47126554706736534,0.0052178811753210595,-8.156546244061921
66,490.1516706943512,4.66883271386226,4.571458339691162,0.19474874834219616,0.0163616339986523,0.26515393058458964,0.6469838054747742,0.0,4.653403416275978,4.548726558685303,0.2093537151813507,0.026347591541707516,0.24735096842050552,0.781268298625946,0.26608631014823914,0.6311414800571251,-0.05838189504574984,44.453533392901136,-0.0486842900281772,40.104455705653415,-0.05717940926551818,44.46007328642077,-0.04763792082667351,40.12906176022311,-0.0061144320061430335,61.27120729260594,-0.001243290025740862,9.243374726618098,-0.0032735904203339793,92.75621770410073,-0.0031370432261610404,88.39918015792905,-1.0630333175261873e-05,0.2559268668912292,4.0122075006365776e-05,-0.9744336076028928,-0.04084511494137732,80.16038984157117,-0.02301001411676408,19.770317712735956,-0.02227242037653923,19.310149130781056,-0.022711992263793945,19.898161584577203,-0.022019109725952148,19.48703444781091,-0.0027223967015743257,35.49679241199194,-6.286025047302245e-05,0.40068424294454247,-0.0005484135337173938,62.62957860641993,-0.000515721756964922,49.461477014444505,1.0639389355977524e-05,-0.20102997708647913,3.5074353218078616e-05,-0.6634511637031499,-0.007389264438531018,36.34849745895073,-0.0014566010733445545,0.3110136802350296,-0.00557706318795681,1.1842975288078792,-0.0013523101806640625,0.2949434360681502,-0.0055614948272705075,1.2078806098257624,-9.558722376823425e-05,0.38495606288920936,0.00023268461227416993,-0.2987190006725348,-4.0417189399401256e-05,2.410691717308306,-3.999834880232811e-05,1.4954009385100762,4.230936368304627e-06,-0.015959075459687836,1.1911988258361816e-05,-0.044787435045893394,-0.00410508189340455,5.966388533036054
67,497.59091901779175,4.666587083538373,4.568643633524577,0.195886900027593,0.01633198484778404,0.2653684933980306,0.6834911909804892,0.0,4.654827482998371,4.548061847686768,0.2135312706232071,0.026326915249228477,0.24717408418655396,0.7885568737983704,0.2655671089887619,0.6900010399550001,-0.05751826020387502,44.480250312834315,-0.04791339223201458,40.08612605661613,-0.05634302921784229,44.49426993934772,-0.046915256060086764,40.13781077395853,-0.006023085117340088,61.29890280911701,-0.0011120305611537053,8.396691856131767,-0.003223683631572968,92.7693442655533,-0.0030890991194890095,88.40828391011344,-7.165823227320076e-06,0.17521386781059625,3.151710216815655e-05,-0.7774071503702099,-0.03965507647296051,79.0408992295838,-0.021076132635275524,18.4219248571095,-0.01927368640899658,17.15194973619875,-0.02077661323547364,18.525821199835338,-0.019004158973693848,17.28194475490771,-0.0029984161257743834,37.7544032634826,-1.63954496383667e-05,0.10385061247774152,-0.00041639637202024466,56.03985989457209,-0.00039389699697494506,42.79464250625523,2.0636558532715067e-05,-0.3903461234920558,-6.4283609390258786e-06,0.12088451146601081,-0.006785199939667501,33.17131292301777,-0.0006048985819021802,0.1294555306519664,-0.01173156574368477,2.4583432219962393,-0.0006518300374349195,0.14247146808188138,-0.011915469169616699,2.5530140007585924,-9.36664640903473e-05,0.37751876745769425,0.0008155137300491333,-1.044992203257802,-3.90218446652095e-05,2.333534880430079,-3.722012042999268e-05,1.39405813277667,-5.097607771555879e-05,0.19172714170889224,0.00013120025396347047,-0.4964908936915031,-0.003360201032572874,4.685863743307166
68,504.98578214645386,4.645363855858644,4.547829341888428,0.19506902794043224,0.016304595023393632,0.26551251610120136,0.6769592251253551,0.0,4.624589629471302,4.5184690952301025,0.212241068482399,0.026292763650417328,0.24706419557332993,0.7854136526584625,0.2666893005371094,0.6804941275034576,-0.05696833546866069,44.73274925204598,-0.04764558103951541,40.475327794200695,-0.05580471501205905,44.74714859341522,-0.046652793884277344,40.527314480505815,-0.005933491230914087,61.316108536467226,-0.0011428061759833133,8.761826527086294,-0.0031752549375247477,92.78147055593624,-0.0030428120358423753,88.42332082703616,-4.875087978864237e-06,0.12103623972029737,4.804247256481286e-05,-1.2032564018048195,-0.039153211160569204,79.24120046593228,-0.019028974026441575,16.99983145051674,-0.01782397761940956,16.157234442244754,-0.018723929087320953,17.071335714822105,-0.01758255958557129,16.287395430652627,-0.002916577011346817,37.11667895367344,4.2881369590759274e-05,-0.2737331466516116,-0.0003286412656307221,50.194687339427176,-0.00031142838299274444,37.19508684549536,3.71678670247344e-06,-0.07004170759938896,1.5445351600646972e-05,-0.2904167406820473,-0.0046834985647102225,25.701476272370964,-0.004064633200565914,0.867397431420953,-0.013496549054980277,2.8356744936531864,-0.003995532989501971,0.8709068265727377,-0.013544201850891113,2.9102837419706375,-0.00011829361319541931,0.47651552862997837,0.0005077481269836426,-0.650678701821669,-3.6789507915576185e-05,2.206599475500705,-3.3643189817667006e-05,1.263394898891091,1.6811490058898926e-05,-0.0633572443316363,0.0002158448100090027,-0.8159532546790244,0.001710152365549822,-2.5916987279839208
69,512.3857538700104,4.650913716852665,4.553110917409261,0.19560559888680776,0.01628483859822154,0.26541586716969806,0.6294124213978775,0.0,4.597311995923519,4.491624116897583,0.21137575805187225,0.026286532171070576,0.24699119478464127,0.7835553288459778,0.26785698533058167,0.616858804540122,-0.05603522805876992,44.66672093463312,-0.047341581823220895,40.82642752965275,-0.054892979332463655,44.68298125433823,-0.046357154846191406,40.88065162202415,-0.005846021224313707,61.32753858030596,-0.0011534855436922899,8.977700124137272,-0.003128157944803066,92.79021731331412,-0.002997489937984232,88.42606454154749,-6.244846837437844e-06,0.15739307618448908,6.475355198134237e-05,-1.6463694300075427,-0.039278488661567836,80.69921230834657,-0.018260018696387607,16.409326741649586,-0.017619517594575883,16.08122646573943,-0.017983613967895523,16.49179394198958,-0.0173988676071167,16.22554189239402,-0.0026320095360279085,34.76053137938313,3.3005475997924805e-05,-0.21105808042115567,-0.0002672970859954754,45.07586080487667,-0.0002538083679974079,32.558776954017695,3.0342896779378403e-05,-0.574896621540884,5.618959665298462e-05,-1.0599910485372015,-0.005970645130937376,32.17134206837324,-0.0005190323789913797,0.11147353548391697,-0.013212742656469345,2.7937227811066814,-0.00046966870625819723,0.10304706714635933,-0.013199734687805175,2.8548476105192044,-7.209703326225281e-05,0.2910516454778189,-0.0002575784921646118,0.32765334898161863,-3.445126426716641e-05,2.071714270034021,-3.160154446959496e-05,1.1879142150605786,2.5969743728593286e-06,-0.009785505771122109,0.00032152831554412844,-1.2149571020040537,-0.0053148098220075265,7.786576675988186
70,519.749048948288,4.6408061847090725,4.543372694651286,0.1948669801155726,0.016267022863030434,0.26586993734041847,0.6519210144281588,0.0,4.685411166399717,4.58111572265625,0.20859088748693466,0.026244455948472023,0.2468855157494545,0.7805113196372986,0.26446087658405304,0.6445447225095001,-0.05535982076589967,44.78697319705137,-0.04534980605411179,39.692473024634744,-0.054228938794603526,44.80129364791349,-0.04435937895494349,39.702751316910145,-0.0057616044274147815,61.3440851961264,-0.0011812873622950386,9.331309765750403,-0.003082417618191125,92.79810486948217,-0.002954027971581501,88.4445906628906,5.244916560599313e-07,-0.013416416309347957,1.3858518179725198e-05,-0.35761407480151886,-0.03836985510727593,80.00899146022532,-0.017129714091618845,15.580138763407719,-0.015375193879008294,14.094895697878155,-0.01688280169169108,15.668456283537319,-0.015164961814880371,14.20109431091835,-0.0022532238066196443,31.33422958011413,-6.992876529693604e-05,0.4459698554772724,-0.00022134865820407863,40.48894553459906,-0.00020967472344636916,28.544111667244305,3.2456676165262265e-05,-0.6141349466355214,-9.611248970031738e-07,0.018168099026449034,-0.005655332473980108,30.252526316233897,-0.003721370647350941,0.7955012449530641,0.0016417846083641053,-0.3516356729876327,-0.003699061075846366,0.8075911951083663,0.0018010616302490234,-0.3947008864076325,-7.22929835319519e-05,0.29196493423808056,-0.0005446821451187134,0.6930167354261062,-3.319910417000429e-05,2.0000648448485867,-3.3867917954921724e-05,1.2740377608516764,8.046170075733938e-05,-0.3035542358249764,-0.00022630691528320314,0.8484686841969858,-0.0037961932030463495,5.5026627669713495
71,527.0636329650879,4.669552572568258,4.572061856587728,0.19498143196105958,0.016238673217594625,0.2653321047623952,0.6348831854483669,0.0,4.628012049943209,4.523075580596924,0.20987293869256973,0.02623459231108427,0.24680106341838837,0.7840594053268433,0.2650849521160126,0.6271303307117242,-0.05414089020611582,44.44496902359833,-0.04552443374110305,40.43127665170744,-0.053027227189805765,44.45274099074728,-0.044557650883992515,40.46668331322389,-0.005679326860801033,61.357308256639975,-0.0011127457238625789,8.919143696897752,-0.0030381557635135122,92.81065610120635,-0.0029113589232598524,88.44893361318046,-7.277784716104071e-06,0.18890233445345103,2.2702243017113727e-05,-0.5944382591530956,-0.0380606953083269,80.53145258219575,-0.016612568795681,15.101838247116312,-0.017080499976873397,15.578606843466286,-0.016410184860229507,15.215547979932223,-0.016899075508117676,15.740483506503422,-0.0017975673079490661,26.69553221994307,-0.0001600813865661621,1.0105338251827503,-0.00018547612552841498,36.350078315971466,-0.0001762375049293041,25.14340491518955,3.112268447875932e-05,-0.5899454073702628,-1.0019540786743164e-05,0.18863086645080535,-0.0041446070690272264,24.608362635057524,0.0008394449949264526,-0.18009365330322424,-0.00912291631102562,1.9331320225360697,0.0008872540791829309,-0.19443727134257163,-0.009112262725830078,1.9748312307688334,-5.463138222694397e-05,0.2208690580688475,6.157159805297852e-05,-0.07859096817073397,-3.1740646809339315e-05,1.9171595819738454,-2.8741639107465743e-05,1.0836901318536305,-3.0027429262796667e-05,0.11304129929347498,9.471923112869263e-05,-0.35859784378696025,-0.0038214537390995453,5.677412966098463
72,534.5220808982849,4.6500523999333385,4.55252644220988,0.19505191544691722,0.0162180511901776,0.2657411734263102,0.6343692612791821,0.0,4.616479441523552,4.512160301208496,0.2086382806301117,0.02621165569871664,0.24644234776496887,0.7804155647754669,0.265898659825325,0.6515405677736585,-0.05364602281224159,44.676968273621185,-0.045038836236510955,40.579716792532736,-0.05254877272106351,44.69008220710372,-0.04407704557691302,40.61035165857357,-0.0056033181292670115,61.41347389153072,-0.0011489042213984899,9.342433201999697,-0.0029950481387121335,92.8197860864585,-0.0028700957473899637,88.45903258209165,-1.3299783070884276e-06,0.03502124870057285,3.400232110704694e-05,-0.9032240626173524,-0.037524312863482005,80.54721194909388,-0.015783535599708555,14.508981950953828,-0.014424841180443763,13.512171044301336,-0.0156180502573649,14.641659604834958,-0.01427544116973877,13.65827204331701,-0.001653038263320923,25.114966433088814,-7.907032966613769e-05,0.5040377773384679,-0.00015642580389976497,32.53537636357457,-0.00014885416254401207,22.115135397297184,3.191979726155592e-05,-0.604209337285054,5.970597267150879e-06,-0.11239823692868367,-0.003418904286552189,21.227137907685687,-0.001777809063593505,0.38086410103908663,-0.0053086627274751665,1.1368642501810307,-0.001732037862141933,0.37901442434494087,-0.005231094360351562,1.1460460762672644,-9.057596325874328e-05,0.3661882203657328,-3.0139088630676268e-05,0.038604373085670864,-3.04478220641613e-05,1.8428063468432132,-2.9483065009117127e-05,1.1122962365188471,4.375000794728523e-05,-0.16490539838884885,1.0973215103149414e-05,-0.041285448566903256,0.0004838519233156813,-0.7685914142065943
73,541.9080920219421,4.637011386454105,4.538848622639974,0.19632552762826283,0.01619708680858215,0.2659986992677053,0.658816046462636,0.0,4.560042321681976,4.456143856048584,0.20779693126678467,0.026205924339592457,0.24657349288463593,0.7759408950805664,0.26849307119846344,0.6267148293464068,-0.05307412127234006,44.83212102038724,-0.0451993754422161,41.30613823269699,-0.05200129450766692,44.8562578648623,-0.04424520613442005,41.34764748968421,-0.005522551041253856,61.39293994259734,-0.0011957459886309126,9.862236605563469,-0.002953159635090772,92.82906764209397,-0.002829752586991854,88.46155609413807,2.3158783084353663e-06,-0.061853333928266335,7.006442043143259e-05,-1.8877512966634429,-0.03665148049662375,79.79755688267275,-0.014869268894195552,13.817803596136413,-0.015114654377102852,14.21679271775168,-0.014731415430704758,13.96231686050427,-0.014960317611694337,14.373422770236232,-0.0014688530564308166,22.949671073462742,-0.00019243776798248292,1.2248401530051487,-0.00013321853677431737,29.140444753839045,-0.00012367868795990945,19.092193171003586,4.532265663147017e-05,-0.8592540777941046,7.979929447174072e-05,-1.5084755626361686,-0.0035893795464047563,21.409064009083682,0.0005653022229671123,-0.12205970225363409,-0.013689956068992615,2.9146530682809604,0.000512530008951817,-0.11304836499451232,-0.013610315322875977,2.9637594178580033,-8.049085736274719e-05,0.3253754446154721,-0.0004316031932830811,0.5531552214924076,-2.8590600316722933e-05,1.7345515249113639,-2.5537516921758652e-05,0.96508929628555,1.7650922139489376e-05,-0.06640123661765901,0.0003611579537391663,-1.363469948294027,0.0023612137055010083,-3.717253106491446
74,549.3415718078613,4.618813694516818,4.5209318478902185,0.19576369325319926,0.01617664753769835,0.26636125644048053,0.6274019793914011,0.0,4.700099553912878,4.594363451004028,0.21147220581769943,0.02616845816373825,0.2468632459640503,0.785578578710556,0.2654515355825424,0.6142186884127746,-0.05258972642046433,45.04862427708341,-0.04262636700231168,39.5034137735434,-0.05152789839991815,45.07393377539293,-0.04171097278594971,39.528382971067785,-0.005441824595133464,61.34757207110435,-0.0010452816883722942,8.74266776698558,-0.0029124274078101194,92.83811671559002,-0.002790970831281609,88.47805241622383,7.319229620474099e-06,-0.1982379957603427,2.684775325987074e-05,-0.7335493539032958,-0.03657873864349335,80.76086205184416,-0.013456484705209739,12.714857747056824,-0.011211829856038094,10.656232951600249,-0.013341909408569332,12.858364644167992,-0.011114749908447265,10.790807815291165,-0.00125456303358078,20.261593880381263,-2.1016597747802733e-06,0.013374719860120003,-0.00011581494969626266,26.360647126702823,-0.00011069843545556068,17.458459583367176,5.055693785349535e-05,-0.9581223610032337,2.555161714553833e-05,-0.4836134805967415,-0.004387659059636237,25.907753503237913,-0.004214861591657027,0.9042899965576245,-0.0026346243917942046,0.5574218989252671,-0.004234565099080356,0.927965722031748,-0.002639627456665039,0.5712539957569502,-2.7696043252944948e-05,0.11206611686850254,7.295608520507813e-06,-0.009287786503836997,-2.7600623046358104e-05,1.6775787927762127,-2.595307305455208e-05,0.9820298153737148,9.659310181935332e-05,-0.3639593186717137,-2.4808943271636964e-05,0.09337214258474101,-0.001370041853511994,2.1370094043370265
75,556.7163007259369,4.626963756481806,4.529106489817301,0.19571453332901,0.016155736707150935,0.26624595125516254,0.6273968827219448,0.0,4.649085182696581,4.5436296463012695,0.2109110727906227,0.026156827807426453,0.24652376025915146,0.7843494117259979,0.2653060704469681,0.6302631968836742,-0.0517576745247732,44.95166060917561,-0.042741271169626546,40.16003716453219,-0.05071005538174006,44.974617762907826,-0.04183457322316627,40.19614799251715,-0.005371929541842578,61.4007267912015,-0.0010478006650323738,8.88545488328372,-0.0028728175916832334,92.84737456258283,-0.0027528976740902418,88.48317325119876,5.639443114467699e-06,-0.15486315756115746,2.448730272789524e-05,-0.6783482439097405,-0.03607772984932846,80.7610183400453,-0.012369888464609798,11.791046692977604,-0.011460911333560943,10.973405189953771,-0.012271516799926765,11.931046886549048,-0.011355409622192383,11.107924775147973,-0.001051286906003952,17.574869853781962,-6.336510181427001e-05,0.4023090813340302,-0.00010282565156618752,24.140855156286502,-9.577510878443718e-05,15.474762265922148,5.753187338511156e-05,-1.0922279249275528,3.119885921478271e-05,-0.5914562521190327,-0.0032445786028947564,20.545038865405978,-0.004584210316340176,0.9810401831434618,-0.0011914588510990142,0.25562302286711575,-0.004585164388020857,1.0022308956770931,-0.0012290477752685547,0.2697693861618719,-3.5272538661956786e-05,0.14287524617701883,0.00027982890605926514,-0.3580429967331317,-2.703266218304634e-05,1.6457176404130345,-2.5327783077955246e-05,0.9590186205584492,0.0001001665989557865,-0.37763904641897866,-9.196698665618897e-05,0.34544738817471543,-0.003975487315196901,5.958895079260252
76,564.0617637634277,4.649885842700799,4.552413813273112,0.19494405885537466,0.016140160523355006,0.2657432039578756,0.6546901412669928,0.0,4.635496117174625,4.53054141998291,0.20990939438343048,0.026149856857955456,0.24651861935853958,0.781947135925293,0.26649072766304016,0.6426548293217669,-0.05074848856877636,44.67894985366965,-0.04234732244465802,40.33494666690679,-0.04970982053258397,44.69145056757627,-0.04144610907580402,40.368416951634615,-0.005299405371015136,61.4015317238662,-0.0010661043830820032,9.164517076171027,-0.0028342062213063774,92.85427060269886,-0.0027157905561899817,88.48624255371217,-1.2306479720378502e-06,0.03425741507189263,4.0165274529843715e-05,-1.1279019670809802,-0.03522136514129635,79.92407682017279,-0.010674806326627736,10.296659133131609,-0.011204057335853577,10.782050086452893,-0.010592488606770836,10.421496355410216,-0.01109938621520996,10.912754689623313,-0.0008569429814815521,14.807262554297315,-0.00019850969314575196,1.25341935044874,-9.209047257900241e-05,22.196161653483024,-8.736521005630493e-05,14.313663097810863,3.3363858858744824e-05,-0.631711776334215,5.79380989074707e-05,-1.0990033512569786,-0.00364612305559338,21.78099880206944,-0.0005578877528508386,0.11983502966452712,-0.011866498365998268,2.496023612644314,-0.0005168628692627131,0.11340724514459558,-0.011898493766784668,2.5590765276996,-5.6008249521255495e-05,0.22668181879313593,9.883344173431397e-05,-0.12655397639859736,-2.506349546213954e-05,1.5291201391547022,-2.3649819195270538e-05,0.8962897357569231,-6.936788558958851e-06,0.026096540546787488,0.0003394648432731628,-1.290269487353336,-0.003720565598357206,5.377349614120913
77,571.4932398796082,4.640943765640259,4.543526077270508,0.19483537673950196,0.016127221317340932,0.26594791809717816,0.6301894078574877,0.0,4.610697086900473,4.505855321884155,0.20968353003263474,0.026123059913516045,0.24637385457754135,0.780128538608551,0.2678617835044861,0.6312933529915149,-0.05019106974866654,44.78533635652435,-0.042113345215717954,40.65414345329481,-0.04916552607218423,44.79943015954769,-0.04122264226277669,40.69333862709334,-0.005230676829814911,61.424198161076504,-0.0010761376221974691,9.375775814672267,-0.0027965893277691473,92.85999917427402,-0.0026799373080333075,88.49804122321362,1.515282524956844e-06,-0.0427507666924063,5.7910482088724775e-05,-1.648190241052198,-0.03507842338487246,80.67538619658518,-0.009774706393480308,9.527600295176605,-0.009752699956297874,9.564598572870677,-0.00969349416097005,9.63912796528774,-0.009658536911010741,9.680255207432026,-0.0007714186608791351,13.53628306940355,-0.00015623211860656738,0.9913958546813095,-8.42470483233531e-05,20.71013125131518,-7.944904267787933e-05,13.19948345665656,4.1536529858907655e-05,-0.7870610154068383,3.246039152145386e-05,-0.6096105436055482,-0.0020159809745061907,13.789417304415707,-0.0027888948222001275,0.5973430604869613,-0.004270632937550545,0.9177439726401893,-0.002793226242065394,0.6110142616445889,-0.004287123680114746,0.9424887657687283,-9.771138429641724e-05,0.3950313391549144,-0.00011397600173950196,0.1458858652526373,-2.3441268131136826e-05,1.4326972558527877,-2.245316281914711e-05,0.8521903333594788,7.939875125885232e-05,-0.29944399120842924,0.00017754733562469482,-0.6672546796029513,-0.0016794397617286515,2.595798762685
78,578.9130499362946,4.620895161231359,4.523214626312256,0.19536106983820598,0.016113070615877707,0.266146049896876,0.601510728723768,0.0,4.600757148116827,4.496048927307129,0.2094164416193962,0.026119088754057884,0.2464098110795021,0.7823480069637299,0.2677822709083557,0.6066877395542272,-0.049794458362616985,45.02386045956437,-0.04169001092055911,40.7820837994115,-0.04878586718910618,45.04619966149704,-0.04080927058270103,40.82241168446475,-0.005161379022817863,61.41856829869992,-0.001032774385653044,9.117949587534467,-0.00275997829321249,92.86626411093879,-0.0026447272271310027,88.49978972099815,4.10234196144233e-06,-0.11728284198726054,5.610228369110509e-05,-1.6180168008836249,-0.03499421622367309,81.55481132138277,-0.009433489372332887,9.262013146607135,-0.010272940322756767,10.043144805171913,-0.009371863683064774,9.387244099638957,-0.010189251899719238,10.178032608994382,-0.0006705887615680694,11.97739801734286,-9.593367576599121e-05,0.6093776461500187,-7.780220049122974e-05,19.447457354342397,-7.321266457438469e-05,12.292368715988465,5.1681160926818626e-05,-0.9804365296367695,9.354680776596069e-05,-1.7777471440967392,-0.0036026430644074715,23.045326373642627,-0.004569192230701446,0.9791293184733459,-0.005407033488154411,1.161596967428643,-0.00454290072123209,0.9943653052508659,-0.005201292037963867,1.1436282557611537,-7.642731070518493e-05,0.3092043850661206,-0.0006208866834640503,0.787370834107785,-2.18914231906335e-05,1.3404018797876718,-2.0782649517059327e-05,0.7894069366014451,7.77556498845422e-05,-0.2930101041343865,0.00022151619195938111,-0.8341251023249084,-0.008198046225672117,11.994369984361859
79,586.2921319007874,4.621504883964857,4.523402722676595,0.19620432257652282,0.016099004540592432,0.2660391330718994,0.6047342370379595,0.0,4.668739926069975,4.565110921859741,0.20725800842046738,0.02611143607646227,0.24648835510015488,0.7758192718029022,0.26654544472694397,0.619079251681838,-0.049139858608121985,45.016606410098156,-0.04026568898713434,39.907054251381446,-0.04814984168841208,45.04391442612701,-0.039382371035489167,39.91340861355465,-0.005093328074201361,61.4062703274662,-0.0011041504996163504,9.876365065984688,-0.002724317095577072,92.8724915810761,-0.0026104795057084653,88.50315918776536,2.6605345986106177e-06,-0.07706348870023244,3.931100492353563e-05,-1.1486659986212728,-0.03449788213876575,81.45596317749593,-0.008438489427169156,8.365824950301299,-0.008409175276756286,8.261787158587683,-0.00838644663492838,8.48362648396125,-0.008312287330627442,8.344454722288546,-0.000585506409406662,10.616090175680165,-0.00019119083881378174,1.2171886704102086,-7.206135553618272e-05,18.287760387656167,-6.6725704818964e-05,11.329519201119572,3.845477104187034e-05,-0.7279890957126224,8.304804563522339e-05,-1.582512342196977,-0.005860052781693064,32.63791951491976,-0.0023858971893787385,0.5136082475799373,0.004415029659867287,-0.9546857156214372,-0.0024426619211832977,0.5371050093469456,0.004664182662963867,-1.032248437393892,-5.7584047317504884e-05,0.23307321882022214,-0.0009594380855560303,1.2215704200054724,-2.0559048280120035e-05,1.260935843584104,-1.8132757395505907e-05,0.6896482103058837,5.266169706980572e-05,-0.19833979144596509,-1.4385581016540527e-05,0.0539413504312626,-0.007222498808739564,10.669030778629459
80,593.9368019104004,4.6322188893953955,4.534385744730631,0.19566628932952881,0.01608315991858641,0.2659089267253876,0.5870760450433892,0.0,4.659421980381012,4.553894758224487,0.21105444431304932,0.026097986847162247,0.24630048125982285,0.7851557433605194,0.265804260969162,0.5789452155410142,-0.048372501376857106,44.88913875782852,-0.03986892304741419,40.02698871199441,-0.047391728050688385,44.91047861754082,-0.03902126581240923,40.061037237001216,-0.0050304376353056,61.43568653336919,-0.0009702963706774589,8.791786756560741,-0.002689593089505648,92.87950646677652,-0.002577184245754511,88.50908087081095,9.571130459125225e-07,-0.028083217805365473,2.9304661811926428e-05,-0.8674015844561999,-0.034281988675378634,81.99744758917744,-0.0075763589441776346,7.559671971311774,-0.007163199484348297,7.138099137357878,-0.007541892369588226,7.677819936002961,-0.0071188068389892575,7.249537605384187,-0.0004896961152553558,9.042147759204182,-3.278017044067383e-05,0.20831462311003704,-6.752597416440652e-05,17.350424659652365,-6.174327805638313e-05,10.577858340584804,3.752752145131377e-05,-0.7106608893207822,6.212949752807617e-05,-1.1825280001815155,-0.004033321660151943,25.56806284785652,-0.0018694827457269802,0.40196031565859364,0.006210998445749283,-1.3510065123395225,-0.00187251726786295,0.4112610700308658,0.00622706413269043,-1.3863724948096359,-6.907135248184204e-05,0.2796510723472039,0.0001600414514541626,-0.204250351650179,-2.016786796351297e-05,1.2384444489192232,-1.8854532390832902e-05,0.7172696751374112,4.930595556895123e-05,-0.1857686810315174,-0.00020527243614196778,0.7663508789536558,-0.004233637635448828,6.72633315060138
81,601.5598621368408,4.619596121211846,4.521811866760254,0.19556850890318553,0.01606993395835161,0.2665245989958445,0.6532065445039457,0.0,4.534681294113398,4.429189920425415,0.21098274737596512,0.026088214479386806,0.2461722418665886,0.7840269207954407,0.2683407813310623,0.6580082505205229,-0.04791997310858739,45.03931551813841,-0.04094324916412559,41.632568678157824,-0.04695099577119077,45.06324217986334,-0.0401058679894556,41.70241874141672,-0.0049683844930009,61.45576552036167,-0.0009723030313660827,8.922917287159729,-0.0026557150245781693,92.88536199297904,-0.0025446853612231305,88.5133836351761,8.738317570102822e-06,-0.2596832541883592,6.104156940798216e-05,-1.8299603374200362,-0.0330109445217592,79.96957097499103,-0.007682261506716408,7.676566727755503,-0.008473516777157783,8.544681786646583,-0.007660402297973618,7.809036401877605,-0.008459548950195312,8.717288902789063,-0.0004178236424922943,7.822554587371291,6.939947605133056e-05,-0.4445510114200811,-6.309817234675094e-05,16.410582322931987,-5.9881675988435744e-05,10.2952104084686,6.017800172170018e-05,-1.1418295374938559,6.97857141494751e-05,-1.3174498785662085,-0.002121160062040839,13.96851775003192,-0.0021210063497226093,0.4570340292837662,-0.015072987228631974,3.217004163204336,-0.002156082789103131,0.4745555634565029,-0.015192580223083497,3.316349366148394,-7.132738828659057e-05,0.28890876028132556,0.000351560115814209,-0.45042282791949506,-1.9708890467882294e-05,1.2115855884529485,-1.562414690852165e-05,0.5953313316609752,6.546616554260476e-05,-0.24623380212702356,0.0003879904747009277,-1.467099707572865,0.00012855300757869115,-0.19719107795819887
82,609.1065979003906,4.616196548442046,4.518027718861898,0.19633765916029614,0.01605698193113009,0.26635525027910867,0.6071123865448994,0.0,4.585986290127039,4.479499816894531,0.2129729464650154,0.0260740602388978,0.24637167155742645,0.7883104383945465,0.2656804025173187,0.616583961554382,-0.047363468104352546,45.07976122842815,-0.0397901460994035,40.9722045561674,-0.046411410172780346,45.109216851692516,-0.03897567093372345,41.04023325598657,-0.004903786815702915,61.42453996581673,-0.0009066052734851837,8.425319211981572,-0.002622680487111211,92.89109624088428,-0.002513053722213954,88.5196157339869,6.5122296412784e-06,-0.19597863268847132,2.7023814618587493e-05,-0.8203997788562783,-0.03317448468972529,81.3830377677455,-0.007091912915309262,7.133584183597039,-0.007393904626369476,7.460028044954716,-0.007071777979532872,7.258142968022089,-0.0073978805541992185,7.627634289211435,-0.00037588119506835936,7.08766538591156,0.00013767480850219728,-0.8809195338471916,-5.9577717135349885e-05,15.648805139639485,-5.496203899383545e-05,9.534683524817998,4.4467528661091825e-05,-0.8417675612866238,1.9010305404663086e-05,-0.3590509859379765,-0.005408346714686609,30.815746620179286,-0.00533560241262121,1.1426367579552967,-0.0042025759816169735,0.9080736904452408,-0.005403413772582954,1.181833042087425,-0.004357576370239258,0.9634100276662138,-4.2939186096191405e-05,0.17398298654572225,0.0004251033067703247,-0.542182523265716,-1.8169128646453382e-05,1.118880120499445,-1.6053207218647003e-05,0.6119099175733875,0.0001023145516713453,-0.38560939228582203,5.9545040130615234e-05,-0.22462625530156752,-0.002777079890346745,4.374158827951188
83,616.4924449920654,4.6016039729118345,4.5032559076944985,0.19669613043467205,0.016045357504238685,0.2664822041988373,0.6429231945230043,0.0,4.618964951485395,4.513520956039429,0.21088799089193344,0.026062914170324802,0.2463063821196556,0.7844727039337158,0.2678735703229904,0.6583402206424069,-0.046958889183684134,45.25337336214067,-0.038891765760418806,40.5477249451264,-0.04602079783938058,45.288683719527874,-0.038074475747567636,40.59244254042865,-0.00484405228017289,61.43476261065841,-0.0009427920535758689,8.871132550335279,-0.002590445227108497,92.89624272061381,-0.0024821659734035714,88.5245233375247,7.999164086801034e-06,-0.24373542447363306,5.3766333026650514e-05,-1.6526631029662426,-0.03232281440987553,80.28490754604297,-0.006741497685511906,6.825203541733405,-0.007082872539758683,7.121172228591295,-0.006721128463745121,6.944301177725892,-0.007047915458679199,7.242125021081247,-0.0003309030830860138,6.29448638148972,-4.657626152038574e-05,0.2959848228140201,-5.6250112131237955e-05,14.91423280589556,-5.127519369125366e-05,8.95584201489398,5.227851867675826e-05,-0.9906177245044901,0.00010412007570266724,-1.9819743464151842,-0.002550010070842046,16.549400526270876,-0.004844842702150398,1.041889915524361,0.00024855099618434904,-0.05383994434129248,-0.004927053451538122,1.0822679481563735,0.00013606548309326173,-0.030155285719086523,-1.3596564531326295e-05,0.055171380465395034,0.00040571391582489014,-0.5198690725006464,-1.7269368593891486e-05,1.0648239046347696,-1.4874152839183807e-05,0.567463307551078,7.410307725270737e-05,-0.27885433144313293,0.00019749104976654052,-0.7427305195756796,0.0008553933243822143,-1.3484154680782376
84,623.9056777954102,4.608685266971588,4.510823218027751,0.19572409788767497,0.016036725137382746,0.26634411215782167,0.5989304735397059,0.0,4.6719414331018925,4.566374063491821,0.21113473922014236,0.0260452413931489,0.24625851213932037,0.7845829129219055,0.266113743185997,0.6181188820405585,-0.046299862558764164,45.16912513819868,-0.03777142128021252,39.865846561206084,-0.04536728432508018,45.19674634854089,-0.036965602781714464,39.89678297697996,-0.004785562252126089,61.44225781699275,-0.0009299505774567766,8.858330039519876,-0.0025589597044224904,92.90006452632149,-0.0024521111783276242,88.53230464473837,6.217564024576462e-06,-0.1917887585962155,3.164933948982053e-05,-0.9848438968364651,-0.032465130343697766,81.63393425541585,-0.006378663092851635,6.472359004983727,-0.0055168472975492475,5.575069084265864,-0.006356707890828445,6.582270979233969,-0.005518546104431152,5.698267914598483,-0.00030284583568572997,5.792748743309819,8.092999458312988e-05,-0.5184254905680146,-5.30196459343036e-05,14.185700980518082,-4.83718141913414e-05,8.497066385296351,3.8033922513326376e-05,-0.7191343031123566,5.552440881729126e-05,-1.0542441547729942,-0.0023392207318718872,16.337815847518016,-0.0028326119482517064,0.6108701730874523,0.011189911141991615,-2.4539051071491382,-0.0028025404612223247,0.6174562525049043,0.01102302074432373,-2.4736680637815454,-3.149807453155518e-05,0.12774314936720366,0.0008642017841339111,-1.1137469227526415,-1.6036167119940283e-05,0.990064899290618,-1.6068294644355775e-05,0.6131550422008759,3.454128901163589e-05,-0.12985510495625766,-0.00023793280124664306,0.8861785527074888,-0.005988557292293017,9.089877704781514
85,631.2914090156555,4.608431860307852,4.51018320719401,0.19649730622768402,0.01602582714209954,0.2661464830239614,0.6377589072492449,0.0,4.586053978651762,4.480921983718872,0.21026398986577988,0.026034394279122353,0.24626000225543976,0.7810937464237213,0.26749488711357117,0.6436225668915216,-0.04574508598171564,45.17213999129964,-0.03835113252322358,40.97133331405317,-0.044828401511931515,45.20452201927012,-0.0375497772032956,41.021514508880486,-0.004727886922388192,61.442024503176896,-0.0009607845042125288,9.26365171575975,-0.0025282601657581616,92.90488939315932,-0.002422698358275804,88.5370806188698,3.761579712710617e-06,-0.11744577323094695,4.7908310430595674e-05,-1.5089603977556072,-0.03160617174064672,80.4432692320551,-0.005755728811025627,5.877728950540947,-0.006546452343463897,6.6618670641149444,-0.005747810999552421,5.990331040726922,-0.006529407501220703,6.791007487974037,-0.0002699798345565796,5.1967369910196295,-3.76439094543457e-05,0.24038994967820307,-4.988704249262808e-05,13.46829363100269,-4.6079121530056e-05,8.130170061382792,1.6228238741556876e-05,-0.3058065161737132,2.517521381378174e-05,-0.47279860460774065,-0.0024988461510459703,16.381553500581326,-0.0010381834208965657,0.224772742431468,-0.011404557526111603,2.426450204999849,-0.0010748640696208512,0.23775276995658703,-0.011344146728515626,2.4691443873550174,-6.032437086105347e-05,0.2443635164298142,-0.0004484832286834717,0.5708954404276264,-1.5082039559881008e-05,0.9323340651846158,-1.3406388461589813e-05,0.5123109805593019,-2.1477341651915395e-05,0.08063237851828721,0.00020433515310287477,-0.7697644417631804,0.001035692785784381,-1.6507642943508636
86,638.6947748661041,4.614105697969595,4.5163834889729815,0.19544441799322765,0.016014810651540756,0.2661991477012634,0.5994831098406453,0.0,4.617055919021368,4.512105941772461,0.20989995449781418,0.026033964939415455,0.24629204720258713,0.7820952534675598,0.2655363380908966,0.624199045645464,-0.04513295593834112,45.104636687256125,-0.03752550070307085,40.57229675381777,-0.04422091718703981,45.12919306075863,-0.036731518450237456,40.61106714463227,-0.004671221066798482,61.43700708956693,-0.0009374238905452547,9.14731088938018,-0.0024982929791486455,92.90976672138213,-0.00239386182234046,88.53726965674004,4.343759445916774e-06,-0.1372568671595328,2.402191360791524e-05,-0.7657302099751381,-0.03168557204621759,81.61698778986718,-0.005655944645404816,5.775022219123102,-0.005541397631168366,5.6612742060205115,-0.005640970230102554,5.877930779826092,-0.005490818023681641,5.735557900789434,-0.00021843478083610534,4.246171716250056,-0.00012393474578857423,0.7860966953981162,-4.74234881500403e-05,12.896640565558393,-4.33540903031826e-05,7.686440402582292,2.7055859565734418e-05,-0.5107840656148399,3.268718719482422e-05,-0.6193054586400735,-0.003477374091376555,22.48248485737282,-0.0012858058512210668,0.2778940832246225,-0.003202926367521286,0.6889369072957084,-0.0012723000844319543,0.28091635453757624,-0.0031523704528808594,0.6938000449589986,-2.3171305656433105e-05,0.09399218003195674,-0.00022541582584381103,0.2873921016244187,-1.409260556101792e-05,0.8722973032099601,-1.2286286801099777e-05,0.46971623973498233,-4.680355389913293e-06,0.017579066903548043,2.3026764392852783e-05,-0.08679320587749459,-0.002791377288129948,4.44914114972907
87,646.122102022171,4.609938022991021,4.511419836680094,0.19703637262185414,0.016010036692023277,0.2663672586282094,0.6245795699127402,0.0,4.6756736151874065,4.57027792930603,0.21079137176275253,0.026023545302450657,0.24607562273740768,0.7835959494113922,0.2654974162578583,0.6178657591993852,-0.04465101145646151,45.15422073389358,-0.036394404269316616,39.81780837121473,-0.043759067011814486,45.189497861566956,-0.035615006615133844,39.84539978081649,-0.004618811695014729,61.47089358818171,-0.0009087401277878706,8.972981405305093,-0.0024689574612706314,92.91188029533427,-0.002365821326041923,88.54185741312213,6.270432004741507e-06,-0.2004958640501675,2.328139894148883e-05,-0.7509601526812263,-0.031017548138943318,80.84741059183891,-0.005594699869553246,5.720934560153608,-0.004410513117909432,4.5040171709902355,-0.005590531667073577,5.834475254926946,-0.004387621879577637,4.580307134857854,-0.00020767375826835632,4.048863691892011,-2.668917179107666e-05,0.1700097965311881,-4.503585274020831e-05,12.330597315518594,-4.129381850361824e-05,7.350731845347375,3.254926204681374e-05,-0.6147406358413016,1.4189183712005616e-05,-0.26793483867042955,-0.0045328568623954355,26.62557278212965,-0.003994781970977801,0.8591139881957848,0.004017749801278114,-0.8667356631779399,-0.00409939765930174,0.9004888016439656,0.003973650932312012,-0.8770808086612749,-4.42996621131897e-05,0.17970107989595605,0.00016488134860992432,-0.2108599687046837,-1.301238313317285e-05,0.8062115066540867,-1.263115555047989e-05,0.48302962494562063,6.24054670333829e-05,-0.234833727086677,-9.933114051818848e-05,0.37273769856558053,-0.0030110571354252545,4.599209527728781
88,653.606006860733,4.595137803753217,4.49659169514974,0.19709221720695497,0.016001970569292704,0.2664897998174032,0.6123558735614337,0.0,4.644858833402395,4.539202928543091,0.21131180971860886,0.02601549495011568,0.24620947986841202,0.7852482497692108,0.2662557363510132,0.6016813111504358,-0.04430390922136084,45.33030326545003,-0.03632952493810376,40.21443594940175,-0.04342266090156495,45.36964910274618,-0.035562215849410654,40.254413034850536,-0.004563548104014508,61.44993500810345,-0.0008789605872575627,8.781040679337645,-0.0024403424457062122,92.91545140791612,-0.0023384053844871908,88.54540197570408,7.622417553450882e-06,-0.24659270036638412,3.182836050210997e-05,-1.0387274634343537,-0.03079901497862196,81.22224743976739,-0.005568152934312814,5.7126305591108535,-0.005087157040834427,5.191806535061709,-0.005578322092692041,5.840553849523555,-0.005091266632080078,5.310299205038685,-0.0001857590675354004,3.6352433207644226,9.481668472290039e-05,-0.6074041247778736,-4.282402868072195e-05,11.801692855269422,-3.941144794225693e-05,7.041262256191894,3.930262724558542e-05,-0.7428915321039904,3.083467483520508e-05,-0.5824148804232404,-0.003599660571451109,22.715409793437008,-0.004580596188704167,0.9869967015366828,0.003416174650192261,-0.7409236793928646,-0.004693438212076817,1.0329946680742652,0.0033347606658935547,-0.7400949270823682,-1.6437470912933348e-05,0.06671759445059125,0.000511971116065979,-0.6562650777769755,-1.2525074804822789e-05,0.7766418379435951,-1.0756496340036393e-05,0.4117624954981247,5.4188172022501255e-05,-0.20375482692329533,-0.00016060471534729004,0.5995805495135154,-0.0017833534296053943,2.8298689368144467
89,661.0594699382782,4.588114508986473,4.490081373850504,0.19606627027193704,0.015992256502310436,0.266591215133667,0.6422762903852155,0.0,4.62878667935729,4.522337436676025,0.21289848536252975,0.02600998245179653,0.24616903066635132,0.7883744537830353,0.26586712896823883,0.67469817154528,-0.043875396411537655,45.413861454860935,-0.036096681594506075,40.421306132018444,-0.04299838113602093,45.44874481815542,-0.035347310976050365,40.476398860757904,-0.004511558461463314,61.45626831163483,-0.0008329242125324819,8.417882815758887,-0.0024124041884795,92.91975211446128,-0.0023115905237266385,88.54782912354334,8.70049684897262e-06,-0.2847425279021707,2.6995765751805798e-05,-0.8912587328953321,-0.03010109047514606,80.30474471321008,-0.005221992542346303,5.384369916217014,-0.005383429974317551,5.4955858937482445,-0.005220166524251315,5.493651829160391,-0.005386066436767578,5.620273626728926,-0.00016142621636390685,3.174677461124295,4.567265510559082e-05,-0.29050495110652225,-4.0915864209334e-05,11.341543254632322,-3.6377236247062685e-05,6.535886992246644,3.334057331085272e-05,-0.6292474416046616,4.0776729583740235e-05,-0.7727891728183846,-0.0018580647200788047,12.636809468870242,-0.003278065224488547,0.7094004754730293,0.0028029531240463257,-0.6092373567671627,-0.003313325246175136,0.7325155934235352,0.0026288509368896486,-0.5847024753051735,-2.4078041315078734e-05,0.09771543271590817,0.000602644681930542,-0.7703025719582116,-1.2081411356727051e-05,0.7497895121754207,-1.0910630226135255e-05,0.4177262969957238,4.451652367910008e-05,-0.1672635145114833,-0.00019151419401168822,0.7151862345555765,0.004076556166144751,-6.777196102210888
90,668.4967949390411,4.612610098222891,4.514686203002929,0.1958477904399236,0.015986937222381432,0.2662087678909302,0.6142475215671667,0.0,4.629040420055389,4.524776935577393,0.20852696895599365,0.02600629162043333,0.24609847366809845,0.7794378399848938,0.2658214718103409,0.5884039020656129,-0.04309845339281089,45.12243027432152,-0.03568360861390829,40.41804014885242,-0.042230162837288594,45.14981386300246,-0.03491791540926153,40.44428985482506,-0.004461092535745014,61.46731572081556,-0.0009250115941871296,9.456011344866372,-0.0023850509508823356,92.92210711798842,-0.0022853643908588724,88.5494541931306,4.255636171861128e-06,-0.14087573450787327,2.6170164346694946e-05,-0.8739327545076806,-0.030077541365406316,81.16424048708458,-0.004465641985336948,4.617185209024114,-0.004208199679851532,4.347807424921203,-0.004469820658365898,4.716814542604218,-0.004182195663452149,4.417295883831872,-0.00015006661415100097,2.958705568370372,-5.676925182342529e-05,0.3628465520205714,-3.845846032102904e-05,10.736672371820296,-3.5034529864788056e-05,6.310704482091814,2.194591363271048e-05,-0.41389973526655005,5.859136581420898e-06,-0.11032970567839386,-0.0014005979652918588,10.23413841155403,-0.000889478574196545,0.19246513776989632,-0.0039699506014585495,0.8503259261220728,-0.0008716519673665601,0.19269828949715642,-0.004033398628234863,0.8835269716933256,-3.89881432056427e-05,0.15817438186806335,0.0003618568181991577,-0.46641896038268027,-1.1206731821099963e-05,0.6961133399796882,-1.0514445602893829e-05,0.4026758839346989,1.6963481903076173e-05,-0.06376310773231862,-7.239729166030884e-05,0.2716133143242215,0.0009513284529207189,-1.5731347667372164
91,676.0003008842468,4.587063530087471,4.48889258702596,0.19634188612302145,0.01597776950026552,0.2670003592967987,0.610741022178067,0.0,4.580288223922253,4.475825071334839,0.20892630517482758,0.02599575649946928,0.24618171155452728,0.7816998362541199,0.2678372263908386,0.6168994358532922,-0.04290124119890762,45.42636525782326,-0.03583044667592209,41.045546311917,-0.042045482535487254,45.46318772197453,-0.03507560022761313,41.08860074117452,-0.004410032643361038,61.45428281106191,-0.0008892025170701273,9.193244830293857,-0.0023583556337051846,92.92616594140192,-0.0022598045114218517,88.55409279700925,1.3102105494295737e-05,-0.43865201451403896,4.852504542704379e-05,-1.6388713075068815,-0.02977899033196467,81.27176648744476,-0.004902475804090489,5.072729469223314,-0.004985345229506492,5.1612878706745935,-0.0049088166554768975,5.1842743425583135,-0.004958920478820801,5.248900061838399,-0.00012672290205955505,2.5091869489339094,-7.341206073760987e-05,0.46737219192947477,-3.6635202045242e-05,10.28528065110786,-3.442736342549324e-05,6.210486086573062,3.7171562512715587e-05,-0.7009751980341301,4.516512155532837e-05,-0.8503143434528422,-0.0024521154400935965,16.718662026921873,-0.004515535930792414,0.9748105688895432,-0.007913375645875931,1.6983599423267592,-0.00454931577046711,1.003292623648932,-0.007806968688964844,1.714349826566632,-1.1876970529556274e-05,0.04822146700163056,-0.0003455907106399536,0.4401556169745408,-1.0539041832089217e-05,0.6552842778059946,-1.0223034769296646e-05,0.39171736997055934,0.00010914325714111439,-0.4104535281503732,0.00020329654216766357,-0.7648355275660896,0.0023664977134677857,-4.030990079475793
92,683.4418849945068,4.589786134660244,4.4915740331014,0.1964242031176885,0.015972497562567394,0.26690292755762735,0.5854848143982737,0.0,4.621786817908287,4.517127990722656,0.2093176543712616,0.025992113165557384,0.24612590670585632,0.7778226137161255,0.26493746042251587,0.5870433240792526,-0.042394309579222286,45.393973635922386,-0.034971235113011465,40.51140373885963,-0.041548516662032506,45.43061008318839,-0.0342269500096639,40.54496627471734,-0.004361652334531148,61.46302041346567,-0.0009224027395248413,9.643645331121986,-0.0023322102593051064,92.92849998511456,-0.0022347360538939637,88.55569695351325,1.1873951664677209e-05,-0.4020007059855577,1.576625638537937e-05,-0.5384681109543442,-0.029728737192496097,82.0462423123283,-0.0047529502411683385,4.922854034875289,-0.004116090387105942,4.263089084751588,-0.0047542413075765035,5.02638369573824,-0.004114322662353516,4.355768001726888,-0.0001301148533821106,2.575189088620307,2.155303955078125e-06,-0.013856646553580694,-3.49293748537699e-05,9.856493390195391,-3.191789612174034e-05,5.784740992272131,3.852585951487186e-05,-0.7269671074142672,3.2441914081573484e-05,-0.6160277452146324,-0.0022476717259089594,16.103836508965326,-0.0029809986551602385,0.6452942155424274,0.008710552379488945,-1.9208742168487933,-0.0030237833658854464,0.6687105644781941,0.008793807029724121,-1.9854210787329467,-4.6335160732269285e-06,0.01882225241194347,-0.0006204307079315186,0.7913385261083327,-9.743639578421726e-06,0.6063272944166591,-9.610131382942199e-06,0.3683706062189689,3.783285617828258e-05,-0.1419488344446302,-0.00034033209085464476,1.2682831478930667,-0.006772173010567195,10.367582914696728
93,690.8521769046783,4.565974230070909,4.467835648854574,0.1962771624326706,0.015964480116963387,0.2673655231793722,0.5983373181374194,0.0,4.624079629778862,4.5195653438568115,0.20902857184410095,0.025987306609749794,0.24617423862218857,0.7784514129161835,0.2662738710641861,0.6230962918901096,-0.042190107326586165,45.67727082050469,-0.034561740091213815,40.48189217438355,-0.041352800921206065,45.71901435670444,-0.03382404557951204,40.51288551165522,-0.004313190969137045,61.45545287984843,-0.0009053565643645905,9.570600394482124,-0.0023066696789347647,92.93204954688383,-0.0022102313341347724,88.55781327552684,1.6826937050173418e-05,-0.5760172533723689,3.0278832047850222e-05,-1.0456092244323212,-0.02926081146797256,81.65212322992363,-0.004609979887803401,4.805593268292839,-0.004527276307344437,4.6668684611455005,-0.0046064745585123745,4.90242474667744,-0.004462404251098633,4.704512030178564,-0.00011445865035057067,2.2719320314852824,-0.00029880166053771975,1.883065687404094,-3.3374021450678496e-05,9.463414766745764,-3.0099712312221527e-05,5.474209292096675,3.827985127766942e-05,-0.7210327849478192,1.4438927173614502e-05,-0.2718663626638583,-0.0020091447381686534,14.375789877447037,-0.005022231837113722,1.0879588389295753,0.0038093339651823046,-0.8306466099524209,-0.00501920700073244,1.1109287753543906,0.0040065526962280275,-0.8944196584442813,-1.9743293523788453e-05,0.08013621614442193,-0.0009859025478363038,1.250652661461858,-9.250181416670458e-06,0.5760846874179318,-8.675362914800644e-06,0.3327200610612445,0.00010102729002635091,-0.3792952829744723,5.934685468673706e-05,-0.2233768622917848,-0.0008775068407479991,1.4453779237513589
94,698.2721490859985,4.559469547867775,4.46138703028361,0.19616503516832987,0.0159588435664773,0.26807602643966677,0.606684106406446,0.0,4.5913991667330265,4.485689163208008,0.21142000705003738,0.025978905148804188,0.24611745029687881,0.7845484018325806,0.2678169906139374,0.6132908477919892,-0.041802222270896465,45.75465892475468,-0.03454129142767709,40.90253357312307,-0.04097340763479039,45.797360428400104,-0.03382461226504782,40.958768264389924,-0.004266925723008488,61.46434446937066,-0.0008292441134867461,8.862339046422049,-0.0022816584492777138,92.93454501552861,-0.0021862984007305426,88.5615124309007,2.4366897085438845e-05,-0.8432902634306811,4.672275289245274e-05,-1.631192234840292,-0.028852033209961703,81.39617088006395,-0.00471905805667241,4.920377824045703,-0.0045810964703559874,4.751727202065481,-0.004723548889160156,5.0276573260018615,-0.0045837020874023434,4.860895357191402,-0.00011279180645942688,2.2400923958615526,6.164252758026123e-05,-0.39440299291536,-3.125750025113422e-05,8.919644528629759,-2.8159655630588532e-05,5.1410835181822545,6.0179471969604716e-05,-1.1351745025373055,6.138533353805542e-05,-1.1593174933706851,-0.00158748951635296,11.56963528687717,-0.00421344250440594,0.9156464852710324,-0.002756578475236893,0.5967957116345763,-0.004186887741088885,0.9297467936332354,-0.00278317928314209,0.6166315189958269,-1.8893182277679445e-05,0.07670602001900681,7.569789886474609e-06,-0.009649526170274779,-8.651393776138577e-06,0.5391836095801011,-8.400902152061462e-06,0.3223316509105769,0.000159382224082949,-0.598097064538032,-5.657970905303955e-06,0.021121795996827224,-0.0036239088116558293,5.636612339588199
95,705.6589457988739,4.556757937371731,4.458318487803141,0.19687889913717907,0.01595410838102301,0.2677134692668915,0.5993223453997937,0.0,4.565162301063538,4.460681915283203,0.20896077156066895,0.025974388234317303,0.24611540883779526,0.779322475194931,0.26797665655612946,0.6252297332104534,-0.041381893112027085,45.78691974691325,-0.034451996527051415,41.240237229839195,-0.040565828439582625,45.83464100974173,-0.03372980189579789,41.28791695616917,-0.00422106675242865,61.464664109298376,-0.0008765202696605395,9.469412783310512,-0.00225717540343015,92.93664142304905,-0.002162838384749428,88.56350122411247,2.0206423215968753e-05,-0.706905601598584,4.793719578814763e-05,-1.6917822669629046,-0.028620955014227192,81.62191759461166,-0.004344589471817013,4.5502732808223,-0.004965241327881813,5.157701616182631,-0.004349598566691082,4.651182728150991,-0.004914522171020508,5.22109658377721,-9.753212332725526e-05,1.9429327926157232,-0.00020848691463470459,1.3199604551118802,-3.015149198472497e-05,8.633615676911488,-2.831583842635155e-05,5.168976301991616,3.9638320604959975e-05,-0.7458339087353436,5.154401063919067e-05,-0.9710647378737762,-0.0008772773109135889,6.8197770411154,-0.005192732959985768,1.1267276151834,-0.010677913203835487,2.285540894879323,-0.005250473022460955,1.1639722437973525,-0.010569214820861816,2.314574906458656,-1.4310330152511597e-05,0.05811100712090532,-0.0005260437726974487,0.6704756935610312,-8.26167563597359e-06,0.5151722415392054,-7.085315883159638e-06,0.27203878728585723,0.00013693571090698243,-0.5141307979274625,0.00018629133701324462,-0.7000440292294057,3.918718600878224e-05,-0.065428606057034
96,713.0456619262695,4.56788007269303,4.469732252756755,0.19629563987255097,0.0159490415515999,0.26734288136164347,0.6337210525203052,0.0,4.618450127542019,4.513101577758789,0.21069709956645966,0.02597108017653227,0.24608206003904343,0.7816414535045624,0.26731400191783905,0.6414597521168286,-0.04082333961805553,45.65459645411462,-0.03351859415465213,40.55435141989032,-0.04001285404178267,45.69597198512309,-0.032813318232272536,40.597962452609636,-0.004176516561432087,61.46988567249721,-0.0008425256039233918,9.20002690673717,-0.002233216801579011,92.93888465922427,-0.002139864657866828,88.5649577588523,1.6049036742947587e-05,-0.5674999852390258,4.037770819156728e-05,-1.4403180832491773,-0.02795053307662359,80.56708912216773,-0.003942860335111611,4.13729404988871,-0.0028333651274442674,2.9761498548218865,-0.003942109425862626,4.223533856285085,-0.0028366518020629884,3.0469300958620145,-9.823575615882873e-05,1.9569355384901084,5.2877068519592285e-05,-0.33939172928297995,-2.847163317104183e-05,8.194396674189061,-2.5862399488687516e-05,4.7429228338779215,3.610678513844778e-05,-0.6798809850436931,1.794248819351196e-05,-0.3367370783962847,-0.0013729569233644611,9.773759387182883,-0.004055178761482203,0.8799476447529181,0.003239614889025688,-0.7064057475350718,-0.004045095443725532,0.8968805163553811,0.0032179594039916993,-0.718146715270638,-1.779422163963318e-05,0.07225786354527702,5.4770708084106444e-05,-0.07012053077479752,-7.678559049964159e-06,0.4791365201857652,-6.331410259008408e-06,0.2431940682440124,0.00011963983376820919,-0.4495262624133114,-1.808851957321167e-05,0.06762192641660388,-0.00040378547289396936,0.6331318438742942
97,720.3594350814819,4.55542792926232,4.456958961486817,0.19693793555100758,0.015943107071022193,0.2676755646864573,0.583817102784742,0.0,4.480066742748022,4.373425006866455,0.213283471763134,0.02596939727663994,0.24606820195913315,0.7866730391979218,0.2702625095844269,0.5824403574936166,-0.040524695447662414,45.802743241898874,-0.034622434056118916,42.33553121714151,-0.03972612180207904,45.85115827542875,-0.033938194576062654,42.43640388045747,-0.004132699103731858,61.47205549098466,-0.0007806928534256785,8.615528933241691,-0.0022097717245158394,92.94151203038706,-0.0021173574814670965,88.56569873809636,1.9382029248957008e-05,-0.6926468756028161,7.098960249047531e-05,-2.559217779575216,-0.02818162167303348,82.09738230685241,-0.003871311992406845,4.075928898262452,-0.005629948005080223,5.9118682810925005,-0.0038755060831705632,4.16655291595422,-0.005675249099731446,6.093000492483232,-8.159905672073365e-05,1.6310145639001385,0.00016363918781280517,-1.0510023303883886,-2.69868386288484e-05,7.803070179649538,-2.4361573159694672e-05,4.480293282516333,4.1857639948527095e-05,-0.7880340601412241,9.120464324951172e-05,-1.716293968844558,-0.0019029135738639403,14.013386490211982,-0.005867776870727504,1.2717040429545377,-0.013698917627334595,2.967024412872656,-0.005942452748616489,1.3157546880430637,-0.013868093490600586,3.073530114222645,-2.238452434539795e-05,0.09088610289956132,0.00045777857303619385,-0.585323297905914,-7.170358051856313e-06,0.4477329272179978,-6.456766277551651e-06,0.24801317404311699,0.0001476416985193907,-0.554628742407089,0.00047261714935302733,-1.7798586541900876,-0.0015666007055903375,2.6132524501095142
98,727.6776430606842,4.5608243688941,4.463039429982503,0.19556987782319388,0.015938996834059558,0.26686357259750365,0.636251502005275,0.0,4.528823781758547,4.424354791641235,0.20893798023462296,0.025957918725907803,0.2460443153977394,0.7786599695682526,0.2678023427724838,0.6570214917572205,-0.04004635029058489,45.73854022324843,-0.03375389787834138,41.707962719748444,-0.03924896981981065,45.777284962026215,-0.03305415312449137,41.76605934348066,-0.004089898973082502,61.475795511452816,-0.0008560301115115484,9.54637325259835,-0.0021867960840204937,92.9433317546117,-0.002095421242605274,88.57075273321696,1.0721882184346401e-05,-0.38719638454075056,4.462338984012604e-05,-1.6256336719306768,-0.027341871455392158,80.48949346848585,-0.0036915340622266156,3.8895912128524834,-0.0040234244614839555,4.253095888445051,-0.0036888758341471293,3.968681174502257,-0.004003410339355469,4.328455432931383,-6.768181920051575e-05,1.3567383961760353,-9.460508823394776e-05,0.6038184121912726,-2.59998353819052e-05,7.540997903191114,-2.3111067712306976e-05,4.261915924534954,2.3002147674560102e-05,-0.43283744871668595,5.640476942062378e-05,-1.0643128065066576,-0.0015851238798378865,11.076917052784275,-0.0049113654096920815,1.0653864293180861,-0.014684983342885972,3.1407203649088276,-0.004838040669759102,1.0723986782217472,-0.014592313766479492,3.1928722918378947,-3.1307339668273925e-06,0.012722649777333948,-0.0004935979843139649,0.6299139048443743,-7.103985796371934e-06,0.4437207692291781,-6.562657654285431e-06,0.252181537066259,4.9631396929422646e-05,-0.18632694267690478,0.00023049265146255494,-0.8681540284320289,0.0011671932092534808,-1.8687662316853384
99,735.0068869590759,4.554124213755131,4.456229623158773,0.19578918119271596,0.015934162214398383,0.26756756703058876,0.6056678264188115,0.0,4.6224181689321995,4.517303466796875,0.21022940427064896,0.0259553249925375,0.2460526004433632,0.781213104724884,0.26670464873313904,0.6114006835415302,-0.039702575082836276,45.81825392611556,-0.03244102896027958,40.50327740425349,-0.03891454545902631,45.86001921088501,-0.0317551548947993,40.54265663551028,-0.004047649653302026,61.47449828663666,-0.0008208840778193523,9.249786368054046,-0.002164301635934315,92.94547218461472,-0.0020738457012729546,88.57189475158702,1.786902188435426e-05,-0.652020941597585,3.2846921498013526e-05,-1.2090807352706423,-0.027375292116537227,81.42733487303543,-0.003236238688230522,3.4311731399169023,-0.002663425877690315,2.8003109798640815,-0.003231025695800778,3.4984614474011266,-0.002596487998962402,2.7936481127869954,-7.539510726928711e-05,1.5089743875361092,-0.0002804309129714966,1.7631960128988364,-2.4385273456573528e-05,7.107989277737083,-2.208014950156212e-05,4.079950887182355,3.729756673176987e-05,-0.7018665658804091,2.6378035545349122e-05,-0.4969753622400691,-0.001635658806767779,11.89655234863877,-0.0041013589998086354,0.892543200001255,-0.002244066447019577,0.4831290955242618,-0.0040362071990966975,0.8976147875401636,-0.002189946174621582,0.4824517011237632,-1.5687942504882812e-05,0.06371786542608887,-0.00040351450443267824,0.5138687091009417,-6.780835489432132e-06,0.4237500287898511,-6.016995757818222e-06,0.23128507719556057,0.00010777672131855875,-0.4044309440451626,4.489123821258545e-05,-0.1686019570049899,-0.0006688047142622278,1.0921830640285854
100,742.3662447929382,4.557932118078073,4.45967451731364,0.1965152015288671,0.015929605780790248,0.2675379017988841,0.6207546092024586,0.0,4.564114592969418,4.458740234375,0.21074871718883514,0.02595243975520134,0.2460564523935318,0.7838404178619385,0.2678797096014023,0.6337267634995767,-0.039258590599103846,45.77295017606058,-0.03270493250112144,41.25372263846279,-0.038482306279292715,45.81816622772729,-0.03202870670630007,41.313473616090704,-0.004006307800205386,61.47389517042268,-0.0007856983919532932,8.944582542076656,-0.002142263419584048,92.94748945337318,-0.0020527134516409467,88.5731651188798,1.738397848038465e-05,-0.6408616461870384,4.450216585276078e-05,-1.6549928363525719,-0.02694200563796392,80.9647021356475,-0.003327406426270798,3.521584899525713,-0.0030893100053071974,3.2735589353844694,-0.0033318634033203056,3.601027467927901,-0.0031043338775634767,3.364068982259404,-6.566107273101806e-05,1.3167001446432658,4.871845245361328e-05,-0.31173644860269334,-2.3446931814154054e-05,6.855045349451043,-2.079421654343605e-05,3.8519006627459005,4.303812980651855e-05,-0.8108590989603487,3.9620697498321535e-05,-0.745033752783404,-0.0010068704151939855,7.501663096950972,-0.0030182390908400692,0.6578386578906039,-0.00646720863878727,1.3971714591274371,-0.00304068565368647,0.6772005673204329,-0.006359720230102539,1.4062905121863292,-1.1257827281951904e-05,0.04573210225298551,-0.0004534035921096802,0.575111978748184,-6.265072152018825e-06,0.39175660740019375,-5.754269659519196e-06,0.22123312348185545,9.46686665217078e-05,-0.35510797486046786,0.00020125806331634523,-0.7569873872613565,-0.002152168118275688,3.350844722891593
