epoch,elapsed_time,total_loss,l_pred,l_multi,l_probe,l_coord,spike_rate,grad_norm,val_total_loss,val_l_pred,val_l_multi,val_l_probe,val_l_coord,val_pos_err,val_vel_err,val_spike_rate,grad_norm_recent
1,7.080137252807617,6.438656894365947,5.506417910257976,0.3920703411102295,0.36810190677642823,0.22987892727057138,0.11185904939969381,3.7647990084070515,6.3348056226968765,5.467002868652344,0.32483145594596863,0.35269351303577423,0.23850113153457642,0.6863249242305756,0.8343967795372009,0.10897292196750641,3.324338100477881
2,13.769147157669067,6.282456940412521,5.481986331939697,0.31155462662378947,0.32234664758046466,0.2273299147685369,0.10955973267555237,2.3927882447411424,6.346754975616932,5.502474069595337,0.2911189943552017,0.34936070442199707,0.2421814575791359,0.6823813915252686,0.8405781686306,0.10812505707144737,2.286784741771688
3,20.3347270488739,6.260014022390048,5.491956583658854,0.284267387787501,0.31296187241872153,0.23472989698251087,0.10769390215476354,1.706483445288695,6.318121954798698,5.495675325393677,0.27746060490608215,0.3418581634759903,0.25052594393491745,0.6819100677967072,0.8231460154056549,0.10758957639336586,1.6265160022357175
4,26.67498207092285,6.248254497845967,5.490218639373779,0.27170120080312093,0.31109262903531393,0.24359042346477508,0.10746891250212988,1.441241012794009,6.284887753427029,5.464856386184692,0.26293937861919403,0.34428083896636963,0.25833383202552795,0.6835136711597443,0.8268730044364929,0.10729248076677322,1.4547771384658392
5,33.001673221588135,6.188750737408797,5.4344843546549475,0.2577514519294103,0.3126953283945719,0.2513591110706329,0.10640212694803873,1.1004437135729066,6.160781156271696,5.352235555648804,0.2483285292983055,0.3421906679868698,0.26441138982772827,0.6858256757259369,0.8232005834579468,0.10584193840622902,1.0231013054364222
6,39.4639573097229,6.059456812838714,5.313020451863607,0.24228512346744538,0.3126468996206919,0.2560389111439387,0.10421777268250783,0.9078431734984854,6.0320409424602985,5.2429444789886475,0.23250708729028702,0.3364214599132538,0.26721949875354767,0.687600702047348,0.8118385672569275,0.10413428768515587,0.8981328277542711
7,46.050519943237305,5.949019034206867,5.208692646026611,0.22953799466292063,0.3127786954243978,0.25806671380996704,0.10362065881490708,0.7372603195517314,5.973879370838404,5.193344831466675,0.22836846858263016,0.3331751525402069,0.2687666118144989,0.6874614655971527,0.8051996529102325,0.10417172312736511,0.7194896431348173
8,52.47220230102539,5.895823053022226,5.16178347269694,0.2243646611769994,0.31092862486839296,0.2595686674118042,0.10415917932987213,0.6530643716993383,5.905239384621382,5.1370532512664795,0.22218956798315048,0.3285456746816635,0.27036118507385254,0.6874160468578339,0.7954978942871094,0.10463198646903038,0.6379981977777642
9,58.77493500709534,5.869683297475179,5.134705988566081,0.22177916367848713,0.31204386353492736,0.26084086994330086,0.10286626468102138,0.5919978618951156,5.9262355379760265,5.155393838882446,0.2246643528342247,0.32925476133823395,0.2713630348443985,0.6877217292785645,0.7957801222801208,0.10167823359370232,0.5768727509872847
10,65.31122612953186,5.867267770071824,5.131920369466146,0.2222773998975754,0.3121043503284454,0.2615380714337031,0.10255295137564341,0.5465324072643968,5.854448243975639,5.088269472122192,0.21816423535346985,0.328548327088356,0.27182628214359283,0.6880313158035278,0.796471118927002,0.10314976423978806,0.5291977338558069
11,71.66914391517639,5.794641573727131,5.066926161448161,0.21517229775587718,0.31006463170051574,0.2618794679641724,0.10316319465637207,0.5143542935946003,5.777540888637304,5.015548944473267,0.210021011531353,0.3284907191991806,0.27211353182792664,0.6882656812667847,0.7947592735290527,0.10288330167531967,0.5083168515215262
12,77.94462203979492,5.718656586110592,4.990073331197103,0.20857699414094288,0.3121473789215088,0.262189045548439,0.1028109277288119,0.5032710048148068,5.744162175804377,4.980519771575928,0.20922762900590897,0.3295142948627472,0.27248677611351013,0.6882066130638123,0.7961290776729584,0.10210792347788811,0.5060074442451363
13,84.3286828994751,5.68748786598444,4.964747428894043,0.20695963203907014,0.3096303105354309,0.262539267539978,0.10223703334728877,0.5033847610625777,5.678580742329359,4.928862571716309,0.20308425277471542,0.3240880221128464,0.272749200463295,0.6878966689109802,0.7876014411449432,0.10141927003860474,0.5067394627585015
14,90.72310900688171,5.582513833542665,4.867779668172201,0.19659519294897715,0.3082182844479879,0.262741427620252,0.09952625930309296,0.5413994317041017,5.5248840637505054,4.787456274032593,0.18712721019983292,0.3219320923089981,0.2728279083967209,0.6886070966720581,0.7831752300262451,0.09669073298573494,0.5643004286920548
15,97.02332997322083,5.350111259023349,4.645853010813395,0.17364879647890727,0.30871692498524983,0.2625200887521108,0.09426850030819575,0.5882912965303064,5.195537310093641,4.482198476791382,0.16032668203115463,0.31658774614334106,0.2724551409482956,0.6890384256839752,0.7736232876777649,0.09291811659932137,0.5980829711325102
16,103.27358102798462,5.093983866274357,4.4051355997721355,0.1563771277666092,0.3053298513094584,0.2623197873433431,0.0925973321000735,0.5254799574975582,5.044543460011482,4.335296630859375,0.15233954787254333,0.3165385276079178,0.2724130004644394,0.6882052421569824,0.7751613557338715,0.09231224283576012,0.4918045877162333
17,109.51864314079285,4.956533044576645,4.271783097585042,0.14849817355473835,0.3052504301071167,0.26237541635831196,0.09193343073129653,0.43883572972744683,4.856468193233013,4.162765264511108,0.13975368440151215,0.31191304326057434,0.27246566116809845,0.6879960894584656,0.7620334625244141,0.09128987789154053,0.4257541074486738
18,115.5363199710846,4.829989075164,4.150099817911784,0.14063179393609365,0.30478668014208476,0.262379918495814,0.09119368443886439,0.40708133941430596,4.781620245426893,4.086232662200928,0.1372809037566185,0.3133735656738281,0.2723577916622162,0.6878950893878937,0.7669057548046112,0.09101242572069168,0.391666543097969
19,121.55590605735779,4.776995008687178,4.100096861521403,0.13880708515644075,0.30374730229377744,0.2621980577707291,0.09037006249030431,0.3900198926250555,4.772384773939848,4.076667785644531,0.13758357614278793,0.31346260011196136,0.2722173482179642,0.6880376636981964,0.7659691274166107,0.0901414267718792,0.3857635812507914
20,127.66630387306213,4.779004873832067,4.100405470530192,0.1404517928759257,0.30418675343195595,0.26205126345157626,0.09041482259829839,0.42386753304084684,4.798011306673288,4.097459077835083,0.1398807242512703,0.3153059333562851,0.27184052765369415,0.6874848008155823,0.7727132439613342,0.09049380198121071,0.42708530152472113
21,133.73617720603943,4.81401779850324,4.1319764137268065,0.14304171800613402,0.3052602628866831,0.2617066482702891,0.09145269145568212,0.45160418347603887,4.8509476557374,4.146327495574951,0.14395828545093536,0.3163205087184906,0.27175143361091614,0.6873044669628143,0.7723967432975769,0.09218122437596321,0.44550723152943184
22,139.84135913848877,4.871976898610592,4.187276331583659,0.14765019118785858,0.30543773571650185,0.26166747013727826,0.09321972678105037,0.45535143668332995,4.95014064013958,4.236526012420654,0.15318229794502258,0.3185117393732071,0.27165360748767853,0.6865918934345245,0.7806653380393982,0.09351079910993576,0.4510976535233772
23,146.0965211391449,4.952831424276034,4.263178857167562,0.15616700053215027,0.30578453342119855,0.26152465542157494,0.09381966094175974,0.4457630952383372,5.004953116178513,4.286416292190552,0.15855717658996582,0.31962911784648895,0.27150195837020874,0.6858601272106171,0.783586710691452,0.09435756132006645,0.4426190248459651
24,152.39766430854797,4.986418480674426,4.298431619008382,0.16019289294878641,0.3039452075958252,0.26132162710030876,0.09419221927722295,0.43325886523625096,5.000822905451059,4.288848161697388,0.1602020338177681,0.3159368634223938,0.2712468206882477,0.6851831078529358,0.7745423913002014,0.09410586580634117,0.42782307748244836
25,158.60940098762512,4.962671774625778,4.2729805628458655,0.15854276418685914,0.3052099148432414,0.26110705037911736,0.09420366783936819,0.40574046969475414,5.008005868643522,4.296915054321289,0.16131629794836044,0.3152163326740265,0.27108144760131836,0.6847924590110779,0.776767373085022,0.09574928134679794,0.41726602796166334
26,164.84926509857178,4.999672910074393,4.3093793551127115,0.1618072917064031,0.3046949545542399,0.26098695000012717,0.09611154496669769,0.4651390303892318,5.070053573697805,4.345947504043579,0.16585295647382736,0.3205897957086563,0.2710764408111572,0.6839351654052734,0.7857323288917542,0.09585873410105705,0.469845664808345
27,171.17854404449463,5.018434242407481,4.328556728363037,0.16290460427602133,0.30421260595321653,0.26100874940554303,0.09652295062939326,0.4495885028670623,5.044178009033203,4.327284336090088,0.16217344999313354,0.31790347397327423,0.2711584270000458,0.6833450496196747,0.7808260321617126,0.09652872383594513,0.4501940842061004
28,177.4446840286255,4.97235766450564,4.2871296564737955,0.1598405639330546,0.3026538630326589,0.26101067562898,0.09616769750912985,0.4407864224642745,4.9490180015563965,4.247737646102905,0.15605241060256958,0.3116270750761032,0.27088208496570587,0.6829603314399719,0.7668875753879547,0.09512369707226753,0.45142290582028244
29,183.70909523963928,4.9295516312122345,4.246613057454427,0.1562196453412374,0.30241437554359435,0.26081359187761943,0.09672108292579651,0.44378032301448467,4.931296303868294,4.2271568775177,0.15495362877845764,0.3133313059806824,0.2710998207330704,0.6824443340301514,0.7698130905628204,0.09672194719314575,0.4474213660579903
30,190.05373096466064,4.887834637363752,4.209316031138102,0.15367480317751567,0.30084060231844584,0.2609601189692815,0.09617225428422292,0.43423629669449276,4.92903707921505,4.220301151275635,0.1550615131855011,0.3156025856733322,0.2710263282060623,0.6820870637893677,0.775551825761795,0.09610182791948318,0.4400973376864637
31,196.32885217666626,4.865245376030604,4.188285954793295,0.15220876932144164,0.30042751828829445,0.26076785326004026,0.09691737194856008,0.39957235995179324,4.882384039461613,4.186399459838867,0.1528230458498001,0.30978652834892273,0.27064789831638336,0.6812244355678558,0.7655623853206635,0.09646786749362946,0.4082363434324101
32,202.62625813484192,4.863599332173665,4.187196350097656,0.1523562749226888,0.30011242230733237,0.2605120857556661,0.0976815328001976,0.4007204367078723,4.884299091994762,4.188746213912964,0.1528060883283615,0.3095749169588089,0.27066749334335327,0.6802057921886444,0.7655258476734161,0.09830014035105705,0.40622214462529344
33,208.95852994918823,4.8320096383492155,4.157440853118897,0.15050306518872578,0.2996586263179779,0.26055866678555806,0.09817621558904648,0.4074390363539789,4.819099262356758,4.122605800628662,0.1480693519115448,0.3112293928861618,0.2707744687795639,0.6798767745494843,0.7687800228595734,0.09829229488968849,0.4102737233876777
34,215.2025830745697,4.792760287225247,4.121691417694092,0.14798214932282766,0.2985388974348704,0.26056408882141113,0.0984387477238973,0.3816089720690058,4.778345350176096,4.091785430908203,0.14582926779985428,0.30682264268398285,0.27060550451278687,0.6791455447673798,0.7596861720085144,0.09876883029937744,0.38632090309010625
35,221.49469828605652,4.731094933549563,4.064089552561442,0.14351457158724468,0.29762404759724936,0.26036545634269714,0.09870627125104268,0.3994704595723443,4.73125159367919,4.046541929244995,0.14204328507184982,0.3068440109491348,0.2704393118619919,0.6780347228050232,0.7606379389762878,0.09829310700297356,0.41000361720093037
36,227.7604262828827,4.691734384497007,4.024554014205933,0.14055671493212382,0.2984510064125061,0.2602008750041326,0.0986324871579806,0.39036120931834994,4.701900448650122,4.0150206089019775,0.14059757441282272,0.3082905262708664,0.2702682465314865,0.6773059070110321,0.7673440277576447,0.09804821386933327,0.39481727707097264
37,234.09699702262878,4.61188289274772,3.9497427781422934,0.1353021929661433,0.29724450906117755,0.2601058026154836,0.09815359165271123,0.3841808255960437,4.643124382942915,3.9574151039123535,0.13628938049077988,0.30878229439258575,0.27027827501296997,0.6767434477806091,0.7676288783550262,0.09855329245328903,0.38357504300046863
38,240.36915397644043,4.584488207598527,3.9232598781585692,0.13370938797791798,0.2971868177254995,0.2599245736996333,0.09848025192817052,0.4086568162396074,4.590206932276487,3.915420651435852,0.1331145390868187,0.304114505648613,0.2699955701828003,0.6758508384227753,0.7591045796871185,0.09845244139432907,0.4111212398130376
39,246.6930432319641,4.52501776466767,3.867653322219849,0.12980366249879202,0.2962313055992126,0.2597559650739034,0.09831336885690689,0.40294128977902427,4.476065760478377,3.802563786506653,0.12493396922945976,0.3055174946784973,0.2698480188846588,0.6752808690071106,0.7606939971446991,0.09798246994614601,0.4011993225518843
40,253.0001299381256,4.4931438632309435,3.836198155085246,0.12791550705830257,0.2964939773082733,0.2595988094806671,0.09865234394868215,0.38842073592485427,4.5059878416359425,3.834701180458069,0.1283128634095192,0.303565114736557,0.26977549493312836,0.673961341381073,0.7589584290981293,0.09864135831594467,0.38812447204250705
41,259.29493403434753,4.45086300422748,3.797866185506185,0.12556262115637462,0.29510775407155354,0.2594387720028559,0.09852121224006018,0.39245393951358093,4.479204503819346,3.8089689016342163,0.1262405477464199,0.3035576641559601,0.2695155143737793,0.6733394861221313,0.7580249011516571,0.09821277484297752,0.4032020173386698
42,265.5933310985565,4.4469195311268175,3.793911854426066,0.12539595464865366,0.2951548496882121,0.25917082726955415,0.09865527401367823,0.3904665397893815,4.515527166426182,3.8400566577911377,0.12918336689472198,0.30543941259384155,0.26923561096191406,0.6719540357589722,0.7644708156585693,0.0989571139216423,0.40138665801403545
43,271.9711289405823,4.40646218508482,3.754814926783244,0.1226021776596705,0.29517308473587034,0.2589151511589686,0.09851605892181396,0.41476766005308063,4.398899920284748,3.7298827171325684,0.12147022783756256,0.3041410446166992,0.26899494230747223,0.6705673336982727,0.7626695036888123,0.09758364781737328,0.41890364204389885
44,278.26092624664307,4.3580251341064775,3.712221113840739,0.12022187809149425,0.29284654060999554,0.2586781402428945,0.0977682833870252,0.3893503567130851,4.395236833021045,3.735235810279846,0.12169798836112022,0.2995760142803192,0.26892463862895966,0.6696555614471436,0.7527096271514893,0.09820649772882462,0.4015450763234639
45,284.5573670864105,4.412624119222164,3.76473495165507,0.12439764042695363,0.2928451736768087,0.25859077970186867,0.09850732386112213,0.43304497044926726,4.477265000343323,3.806801676750183,0.1280360221862793,0.30322265625,0.2687842696905136,0.6689146459102631,0.7621373236179352,0.09910615533590317,0.45254874112235133
46,290.8914620876312,4.473101921379566,3.8235087712605793,0.1285505602757136,0.292658934990565,0.25838111837704975,0.09958110849062601,0.408069089224915,4.444797640666366,3.781122088432312,0.12606431171298027,0.30032169818878174,0.26856280863285065,0.6681672930717468,0.7599678635597229,0.09844191744923592,0.4056658328880668
47,297.2184090614319,4.41838686093688,3.7748485883076985,0.12548051724831263,0.2903990070025126,0.2580689380566279,0.09788997371991476,0.41549921451160715,4.4409729447215796,3.7751699686050415,0.1253424696624279,0.30156587064266205,0.26824091374874115,0.6661700904369354,0.7601318955421448,0.09790318086743355,0.4260946813365839
48,303.4988670349121,4.368452526628971,3.7270934104919435,0.12216629485289256,0.29013798435529076,0.25774823129177094,0.0980195313692093,0.41343295198191377,4.422857927158475,3.7686787843704224,0.1248110868036747,0.2958867996931076,0.2679191827774048,0.6647622585296631,0.7488633096218109,0.09881696477532387,0.40996103674329154
49,309.7987849712372,4.385172482828299,3.7455332120259603,0.1232670158147812,0.28900288144747416,0.2574786792198817,0.09891276011864344,0.38948451783684024,4.418871192261577,3.7597004175186157,0.12490707263350487,0.29835861921310425,0.26773519814014435,0.6635746657848358,0.7531998455524445,0.09897582978010178,0.38893531728174047
50,316.11526703834534,4.3701899001995725,3.731292947133382,0.12280545830726623,0.2887471119562785,0.2572738975286484,0.09805056403080623,0.3851151963840151,4.386234221979976,3.7293477058410645,0.12351059541106224,0.29756560921669006,0.26762261986732483,0.6627859771251678,0.7561395168304443,0.09768392145633698,0.38344938101133214
51,322.43103098869324,4.36293499370416,3.727983585993449,0.12282801270484925,0.2867687006791433,0.2571373720963796,0.097432508567969,0.3916343639390136,4.402246428653598,3.746661901473999,0.12475868687033653,0.29660259187221527,0.2673841714859009,0.661105215549469,0.752858579158783,0.09748663008213043,0.39977298451616566
52,328.77017307281494,4.36112295438846,3.7269163449605305,0.123171799381574,0.286310354868571,0.2568484514951706,0.09740684578816096,0.38950673976465505,4.341389650478959,3.6882470846176147,0.12096749618649483,0.29632940888404846,0.26712480187416077,0.6595179438591003,0.7508499324321747,0.0965416319668293,0.3734406738776558
53,335.19083404541016,4.372441896051169,3.739981110890706,0.1238332395752271,0.28527208268642423,0.25655461152394615,0.09766889214515687,0.39387996358210137,4.335773505270481,3.6827272176742554,0.11967720091342926,0.29660384356975555,0.26688316464424133,0.6577284634113312,0.7553862631320953,0.09677519276738167,0.39884329468142143
54,341.4836881160736,4.323790553460518,3.6938325564066568,0.12093295902013779,0.28474575877189634,0.25624181628227233,0.09691916207472483,0.3994620054262575,4.308432957157493,3.664473533630371,0.11981074139475822,0.2920270264148712,0.2666357606649399,0.6560977697372437,0.7466140985488892,0.09579967707395554,0.3959905969221681
55,347.7993950843811,4.322862734397252,3.6949775218963623,0.12123887936274211,0.28363288640975953,0.2560420612494151,0.09702414323886235,0.4133956546663596,4.344508228823543,3.6979739665985107,0.12130391225218773,0.292941153049469,0.26646432280540466,0.6546871960163116,0.7499451637268066,0.09690330550074577,0.4003305315545074
56,354.14773392677307,4.323340648661057,3.695411443710327,0.12106841852267583,0.28369749784469606,0.2558221717675527,0.09740880032380422,0.40651476438844114,4.286600047722459,3.6418118476867676,0.11739783361554146,0.29304464161396027,0.26627106964588165,0.6526928842067719,0.752565324306488,0.09681181237101555,0.4201478554191871
57,360.5038421154022,4.290832341710726,3.6694181601206464,0.11950609087944031,0.28083056807518003,0.25557199915250145,0.09702669233083724,0.38822750338628487,4.2931688111275434,3.647990107536316,0.11842470988631248,0.29298317432403564,0.2660227119922638,0.6514497995376587,0.7548688352108002,0.09626564010977745,0.4029440949827531
58,366.80224609375,4.27107817530632,3.6507657210032147,0.11849224964777628,0.28053316473960876,0.2552836010853449,0.09676763365666072,0.38849826196724474,4.273749420419335,3.6294689178466797,0.11669035628437996,0.29296766221523285,0.26568058133125305,0.6488625407218933,0.7556358277797699,0.09671660140156746,0.37969580182646967
59,373.16630005836487,4.278474752108256,3.658489402135213,0.11893785794576009,0.2802582105000814,0.254896280169487,0.09694205820560456,0.3987275488023468,4.329964954406023,3.686625361442566,0.12115535885095596,0.29138095676898956,0.2653966695070267,0.64593705534935,0.75323086977005,0.09725266322493553,0.4003583435722125
60,379.41296911239624,4.275300978620847,3.6565141836802164,0.11892092029253641,0.27966316739718117,0.2546299437681834,0.09695046693086624,0.4134058184174626,4.244555836543441,3.6042640209198,0.11491669341921806,0.291416734457016,0.2651715874671936,0.6436948776245117,0.755342572927475,0.09659086540341377,0.4217380960098523
61,385.70615792274475,4.246743380029996,3.633233992258708,0.11714947819709778,0.27746732433636984,0.25430926978588103,0.09722243895133337,0.4302577818897318,4.2611446268856525,3.628427743911743,0.11716900020837784,0.28706619143486023,0.2648784965276718,0.6408973336219788,0.7479436993598938,0.09717203676700592,0.4387343652072218
62,391.97456192970276,4.2211179169515765,3.6128883202870687,0.11592162301143011,0.2751343925793966,0.25405123035113014,0.09748757481575013,0.4123261939467246,4.200262168422341,3.5704315900802612,0.11351992562413216,0.286535307765007,0.26473142206668854,0.6389331221580505,0.7488064765930176,0.09693551436066628,0.40595202615477344
63,398.3656771183014,4.203310563415289,3.594673983256022,0.11502941101789474,0.2755609373251597,0.2537403037150701,0.09693267246087392,0.4040325468362156,4.209898993372917,3.5794655084609985,0.11389002203941345,0.28674423694610596,0.2643474340438843,0.6369044482707977,0.7484540045261383,0.0971386693418026,0.42130796566734885
64,404.6371569633484,4.181611640999715,3.57538161277771,0.11362898300091426,0.2747077683607737,0.25330026547114054,0.0974934900800387,0.41765991880289877,4.216663185507059,3.5886446237564087,0.11415589600801468,0.28547030687332153,0.26395681500434875,0.6333138346672058,0.7480050921440125,0.09787469729781151,0.4274226640613765
65,410.9367961883545,4.155187092721462,3.5577139695485434,0.11267581085364024,0.2705676088730494,0.2529037922620773,0.0975009227792422,0.4131541400314999,4.122922072187066,3.509663701057434,0.11028118804097176,0.27905888855457306,0.2637023478746414,0.6297633051872253,0.7397887706756592,0.0962350033223629,0.40007141402827145
66,417.3019461631775,4.116180754204591,3.5222646713256838,0.1102860301733017,0.2693865338961283,0.25261459151903787,0.09734955430030823,0.39793026223568906,4.126045549288392,3.5077871084213257,0.10927968099713326,0.2818093001842499,0.26339080929756165,0.6268022060394287,0.7482062578201294,0.09702945128083229,0.393045810818236
67,423.6222839355469,4.1051211945712565,3.5121341228485106,0.1098516250650088,0.26903062959512075,0.25217476586500803,0.09712988237539927,0.40134612547999904,4.13416900485754,3.5172308683395386,0.1100793331861496,0.2809492349624634,0.26294921338558197,0.623279869556427,0.7492900490760803,0.09741077199578285,0.4070219650902754
68,429.913898229599,4.08706834713618,3.5005179246266684,0.1091175119082133,0.2659958332777023,0.25166493753592173,0.09737494538227717,0.42146273693367836,4.111753614619374,3.4985352754592896,0.10961968079209328,0.27920424938201904,0.26250168681144714,0.6181346476078033,0.748689591884613,0.09688133373856544,0.41699987456805393
69,436.22946405410767,4.07100732550025,3.4869292259216307,0.10860643833875656,0.26488744020462035,0.25118896663188933,0.09701128403345743,0.4196997140130972,4.084230527281761,3.47686231136322,0.10792592167854309,0.2767026275396347,0.2621057331562042,0.614217221736908,0.7455885112285614,0.09684651717543602,0.42106573180574863
70,442.533545255661,4.060989652822415,3.4789230982462565,0.10804256349802017,0.2640226364135742,0.25076747834682467,0.09717713793118794,0.4134364551392187,4.05952462553978,3.4535906314849854,0.10620319843292236,0.27641619741916656,0.26167935132980347,0.6097626686096191,0.7455404698848724,0.09682245180010796,0.4138181355759617
71,448.8541431427002,4.0314957201480865,3.4574987411499025,0.10681925614674886,0.2602936754624049,0.25024588803450265,0.09682297110557556,0.4421708718313853,4.049439303576946,3.448588728904724,0.10662131011486053,0.27376995980739594,0.26121798157691956,0.6043176352977753,0.7459403276443481,0.09657691419124603,0.4478836713486283
72,455.1428163051605,4.008074369033178,3.4387852509816486,0.10557267268498739,0.2582513908545176,0.24971223175525664,0.09682172338167826,0.4377760003718563,4.041645225137472,3.4532095193862915,0.10649573057889938,0.2675939202308655,0.26071618497371674,0.5986863672733307,0.7372754514217377,0.09684686735272408,0.4500213304302962
73,461.50198006629944,4.035274753967921,3.4731170654296877,0.10762926340103149,0.25417152841885887,0.2489094873269399,0.09730061888694763,0.42005898905109995,4.045969095081091,3.4505932331085205,0.1061464175581932,0.2711513265967369,0.259941428899765,0.5906974971294403,0.7478505671024323,0.09725992754101753,0.41139985726106226
74,467.79677724838257,4.029990460971991,3.4705169677734373,0.10741220414638519,0.2528836955626806,0.2481885512669881,0.09706830432017645,0.40043270441751433,4.061315327882767,3.4701106548309326,0.10715258121490479,0.26881419122219086,0.2593100965023041,0.5836659967899323,0.7475456893444061,0.09705380350351334,0.4080912811145678
75,474.10628604888916,4.013072107980649,3.4591339429219565,0.10684642146031062,0.2502574771642685,0.24748888810475667,0.09712087710698446,0.4361955798509665,4.023985177278519,3.437130570411682,0.10539239645004272,0.2670792043209076,0.25876227021217346,0.5772505104541779,0.7479760646820068,0.09691696986556053,0.4392558470006179
76,480.3834972381592,4.017056848357121,3.468050400416056,0.10741043835878372,0.2476506143808365,0.24684896965821584,0.0971614584326744,0.43129254680636714,4.066999953240156,3.4865983724594116,0.10888733714818954,0.2629789561033249,0.2580055445432663,0.5679799318313599,0.7439654767513275,0.09718604758381844,0.43300701209066067
77,486.6794171333313,3.996574838459492,3.4564105033874513,0.10695039331912995,0.2433445692062378,0.2457743207613627,0.09712429443995158,0.4010417171654508,4.001412935554981,3.429695963859558,0.1052515059709549,0.25954560935497284,0.25698746740818024,0.5567370653152466,0.7430511713027954,0.09679094702005386,0.3948385916199642
78,492.94347620010376,3.9868691268066567,3.457619555791219,0.10700150380531946,0.23787440955638886,0.2447013070185979,0.09721516917149226,0.4219142537501244,3.949529493227601,3.3905889987945557,0.1029558964073658,0.25373127311468124,0.256024032831192,0.5449572205543518,0.7398053705692291,0.09600277990102768,0.4384406386219532
79,499.2485921382904,3.956121324499448,3.4342780431111652,0.10545748273531595,0.2345572700103124,0.2436557283004125,0.09710172563791275,0.46172137781443623,3.9884823989123106,3.4323776960372925,0.10528942570090294,0.2517299950122833,0.2549527436494827,0.5322514176368713,0.7452990114688873,0.09718936309218407,0.45634233600797314
80,505.59891390800476,3.935911716769139,3.4283194065093996,0.10486714392900467,0.22757936914761862,0.24187235534191132,0.09700661897659302,0.4219929694013403,4.009726695716381,3.464643120765686,0.10836590826511383,0.24545031040906906,0.2531329393386841,0.5117939710617065,0.7433969378471375,0.09686627984046936,0.434364655633631
81,512.0405020713806,3.9251725703477858,3.430717865626017,0.10507060488065084,0.22095970114072164,0.24010197520256044,0.09727468589941661,0.4522075526718735,3.960181647911668,3.420790672302246,0.10471664741635323,0.24351632595062256,0.25179538130760193,0.49515141546726227,0.7429875135421753,0.09724853560328484,0.4764054382376826
82,518.3366241455078,3.9070456276337304,3.42645206451416,0.10502528150876363,0.2140404611825943,0.23830542067686716,0.09723236709833145,0.46552807576363725,3.991500237956643,3.460321068763733,0.1067475862801075,0.23890268802642822,0.2493734061717987,0.46837887167930603,0.7527375817298889,0.09781808033585548,0.44729188556168104
83,524.6958031654358,3.9080483466386795,3.4436663309733073,0.10576758583386739,0.20574911137421925,0.23503109316031137,0.09754573553800583,0.45871561470763994,4.003427520394325,3.4887349605560303,0.10926774144172668,0.23002934455871582,0.24639802426099777,0.4332088679075241,0.7471157908439636,0.09749215468764305,0.46580702000113694
84,531.0591900348663,3.9003978341817858,3.4573965549468992,0.10677966078122457,0.19480572442213695,0.23163045843442281,0.09742713868618011,0.45179496524170004,3.975273445248604,3.478471040725708,0.10839298367500305,0.22130295634269714,0.24321210384368896,0.3965666592121124,0.7413860559463501,0.09748907387256622,0.47380824723142057
85,537.4513580799103,3.891018368800481,3.464759683609009,0.1072307268778483,0.1863216608762741,0.22782347400983174,0.09767740865548452,0.4324932772314405,3.957262670621276,3.4794358015060425,0.10803795978426933,0.21190394461154938,0.23821884393692017,0.34169310331344604,0.7392907738685608,0.09788458049297333,0.4328101612587602
86,543.7253642082214,3.8911913712819417,3.494257672627767,0.1090262770652771,0.17121028006076813,0.22035307387510936,0.09789225359757742,0.4307710598784314,3.9750361796468496,3.510686755180359,0.10942010208964348,0.2048196867108345,0.23105338960886002,0.28163328766822815,0.7359475791454315,0.09796537831425667,0.43643526754626744
87,550.1992900371552,3.8881945264836153,3.5063418706258136,0.11000525802373887,0.163425013422966,0.2117591847976049,0.09775179127852122,0.4562337019932536,3.988440904766321,3.5313515663146973,0.11208624392747879,0.20052310824394226,0.2206457257270813,0.26328739523887634,0.736359715461731,0.09765416011214256,0.4668584543348017
88,556.4820241928101,3.9408120666941007,3.55342386563619,0.11294926305611928,0.16545678476492565,0.19709691007932026,0.09834396789471309,0.5130189661020513,4.06720957159996,3.5906726121902466,0.11539670825004578,0.20941930264234543,0.20480398833751678,0.33630797266960144,0.7229496240615845,0.0986778624355793,0.5309228140195549
89,562.7830300331116,4.12507574458917,3.6533967018127442,0.11935850183169047,0.20599989593029022,0.17435298959414164,0.09988986601432165,0.6308786149973178,4.338847063481808,3.7088857889175415,0.12309657037258148,0.28420649468898773,0.17607808113098145,0.5797245502471924,0.7325100302696228,0.100761778652668,0.6564194727714415
90,569.1510140895844,4.512855572998523,3.7871012051900226,0.12849783400694528,0.33075272540251416,0.1409370481967926,0.10156222929557164,0.857127707870733,4.7127615213394165,3.8254449367523193,0.1310444474220276,0.4108971804380417,0.14474918693304062,0.8585487604141235,0.7335878312587738,0.1019619032740593,0.9037982956290737
91,575.4311180114746,4.8134945929050446,3.8745126406351726,0.1338844656944275,0.4360198597113291,0.11488642245531082,0.10319525748491287,1.0188862743719438,4.828529324382544,3.872671127319336,0.13348912447690964,0.4445568174123764,0.1264217048883438,0.9440930485725403,0.7100478708744049,0.1034170389175415,1.038867104800643
92,581.7091391086578,4.853875240683555,3.890488608678182,0.13433172106742858,0.4481103857358297,0.09914292246103287,0.10390673826138179,1.0909950558345913,4.79966377094388,3.8444950580596924,0.13120201975107193,0.44478385150432587,0.11103330552577972,0.9554632604122162,0.7082920372486115,0.10399896651506424,1.092177805823956
93,588.0510902404785,4.7803545897205675,3.8728710810343423,0.13300012449423473,0.42049172321955364,0.08619442433118821,0.1044614260395368,1.1038384478583148,4.712268378585577,3.8579213619232178,0.132109634578228,0.3941460996866226,0.1012660302221775,0.8876782357692719,0.6918964385986328,0.10419520735740662,1.1005430977779413
94,594.3491740226746,4.663375009099642,3.865870157877604,0.13227911988894145,0.3656826456387838,0.07715036471684773,0.10460215906302134,1.0827082012657392,4.610089793801308,3.849173665046692,0.13193956017494202,0.3474731743335724,0.09164680913090706,0.8087125420570374,0.685501903295517,0.10400000959634781,1.0596375911092124
95,600.6405701637268,4.563539880514145,3.863973871866862,0.13218223651250202,0.31673744519551594,0.06849881211916606,0.10499978264172873,1.017852116429884,4.566321313381195,3.880803942680359,0.13338536024093628,0.309412345290184,0.08183528482913971,0.7418349087238312,0.6775736510753632,0.10518897324800491,1.0244069728901661
96,606.9602830410004,4.482459682226181,3.8656052271525065,0.13201044797897338,0.2754246155420939,0.06065283889571826,0.10548632740974426,1.0060626262460866,4.457558125257492,3.8597664833068848,0.13220670819282532,0.2658441439270973,0.07524304836988449,0.6493514478206635,0.6668657958507538,0.10560198128223419,0.9977713977950866
97,613.5023121833801,4.393226450681686,3.86016632715861,0.13171984354654948,0.23360010087490082,0.05497281104326248,0.10592778821786245,0.9071855008711898,4.381277360022068,3.847502827644348,0.131552055478096,0.23399925231933594,0.0679100938141346,0.5725004076957703,0.6589742600917816,0.10613031312823296,0.9080714247026542
98,619.8184401988983,4.320488731563091,3.8503139495849608,0.13117075860500335,0.20229470133781433,0.0499856506784757,0.10637521694103877,0.8532242653461348,4.343070201575756,3.8577569723129272,0.1320233792066574,0.20965076982975006,0.063102250918746,0.4896007478237152,0.6626030504703522,0.10619919374585152,0.8694424186626014
99,626.1159839630127,4.258500558137894,3.8416728178660073,0.13040215969085694,0.17581333021322887,0.04614058906833331,0.10666645020246505,0.7923571483504878,4.246766697615385,3.806822419166565,0.1288948878645897,0.18774841725826263,0.059303244575858116,0.4116969555616379,0.6534419655799866,0.10601917281746864,0.7873452589347385
100,632.4957222938538,4.196863787869613,3.8184922536214194,0.1287053535381953,0.15700942873954774,0.0426030233502388,0.10680192063252131,0.7035176704300105,4.234353858977556,3.8262672424316406,0.1296350136399269,0.17163455486297607,0.056288886815309525,0.3442886471748352,0.6461401581764221,0.10688267275691032,0.6996522685405397
101,638.8005340099335,4.1588395543396475,3.8055622736612955,0.12788481662670773,0.14466743618249894,0.03979619952539603,0.10701437691847483,0.6939866608234024,4.201186213642359,3.809252381324768,0.12896499782800674,0.16372566670179367,0.05324500985443592,0.29013170301914215,0.652958333492279,0.10669387131929398,0.6784377953603123
102,645.1392521858215,4.138820894807577,3.802800766626994,0.12743150641520817,0.1361521874864896,0.037318208068609235,0.1072684998313586,0.6376152075295727,4.181335374712944,3.80531644821167,0.12864133715629578,0.1558491289615631,0.050726236775517464,0.241378515958786,0.646619975566864,0.1071038544178009,0.617940535366811
103,651.4527971744537,4.1228736075262225,3.801526355743408,0.12758707652489346,0.12877685676018397,0.035234050204356514,0.10751584271589915,0.6216096179865721,4.163830231875181,3.793267011642456,0.12769540399312973,0.15335775911808014,0.048143619671463966,0.20880138874053955,0.6524942517280579,0.10698486119508743,0.6121998950598985
104,657.777195930481,4.108362189183633,3.792449363072713,0.1271236424644788,0.12617550243933995,0.033517250294486683,0.10766107837359111,0.5474606080475977,4.192658383399248,3.8272610902786255,0.13066334277391434,0.15003281086683273,0.04588013514876366,0.1848752126097679,0.649354100227356,0.10709571465849876,0.5321823559014266
105,664.6596901416779,4.117781846721967,3.7954227606455486,0.15115739703178405,0.12339019378026327,0.031962448731064796,0.10783859690030416,0.6108606821947755,4.175731264054775,3.806414842605591,0.1536887139081955,0.14623603224754333,0.04503946006298065,0.1649758592247963,0.6435815393924713,0.10744873061776161,0.6045629720625818
106,671.1106541156769,4.109682503839334,3.7916306495666503,0.15045476059118906,0.12141223698854446,0.030496121570467948,0.10812120189269384,0.6035446905680562,4.155884891748428,3.7906241416931152,0.15146669745445251,0.14476370066404343,0.043547844514250755,0.1527666375041008,0.6431773900985718,0.10724109411239624,0.5955819007497404
107,677.4353740215302,4.1072815726200735,3.791482655207316,0.14978021184603374,0.1204544057448705,0.02938760134081046,0.1081595594684283,0.598623580311019,4.193728029727936,3.820379614830017,0.15469443798065186,0.1480005979537964,0.04200252704322338,0.14316289871931076,0.6536856591701508,0.10735130682587624,0.5980242721489633
108,683.7667419910431,4.091782145698866,3.776149113972982,0.14809975028038025,0.12079157829284667,0.028470061346888544,0.10823768476645151,0.5948413978434796,4.2230638191103935,3.849772095680237,0.15737099945545197,0.14730311185121536,0.04131842777132988,0.1383906900882721,0.6524614095687866,0.10771379992365837,0.5937337756161835
109,690.2079041004181,4.083561529219151,3.7711878458658856,0.14726674656073252,0.11937015503644943,0.027693053583304088,0.10833159734805425,0.5493960767875016,4.176547884941101,3.814445734024048,0.15275123715400696,0.14286326617002487,0.04030889645218849,0.1357787400484085,0.6379282772541046,0.10777779668569565,0.5535760546748626
110,696.6022880077362,4.089866847296556,3.778726053237915,0.14796762963136037,0.1185784896214803,0.026863411193092664,0.10849278420209885,0.528003077632894,4.171755991876125,3.8117586374282837,0.15301884710788727,0.141743965446949,0.039346955716609955,0.13428028672933578,0.6375382244586945,0.10812157019972801,0.5431333648456266
111,702.8855500221252,4.082333205143611,3.7726743539174397,0.14757820963859558,0.11793487320343653,0.026222506662209828,0.10862299253543219,0.5412285675544898,4.161892078816891,3.798850655555725,0.15240691602230072,0.14341898262500763,0.03865106962621212,0.13331429660320282,0.6386659145355225,0.10794782266020775,0.5477930906732545
112,709.1814680099487,4.0833123077948885,3.7756423155466714,0.1477458655834198,0.11689852972825368,0.025527173280715944,0.10867795050144195,0.5377194424073805,4.156652294099331,3.796228766441345,0.15111510455608368,0.14243298768997192,0.03809100203216076,0.13293135911226273,0.6362850368022919,0.10767833888530731,0.5421624533024343
113,715.600152015686,4.074075132608414,3.7649387677510577,0.1468877911567688,0.11784623463948568,0.025078406557440758,0.10901481161514918,0.5192534918926289,4.161428511142731,3.796507477760315,0.15112602710723877,0.1446790099143982,0.037350332364439964,0.13258131593465805,0.6456787288188934,0.10757998377084732,0.5281563048584742
114,721.9801161289215,4.077208553751309,3.770195802052816,0.14698572556177775,0.11675994445880254,0.02467204655210177,0.1089164490501086,0.49930146171945533,4.146178733557463,3.7906227111816406,0.15038620680570602,0.14018145948648453,0.03687792271375656,0.13271106779575348,0.6322476863861084,0.10814941301941872,0.49008612372447563
115,728.2641661167145,4.068204544981321,3.762893629074097,0.14622618556022643,0.1160989115635554,0.024217833392322065,0.10911458283662796,0.4861316476503285,4.156420826911926,3.7996490001678467,0.15187221765518188,0.14041785895824432,0.03664257377386093,0.1332084834575653,0.6318755149841309,0.1077272817492485,0.5166760501624384
116,734.5911462306976,4.061799225707849,3.7570227940877277,0.14578905602296194,0.11594095180432001,0.023822882771492006,0.10909548699855805,0.5195197244816723,4.156480580568314,3.799075722694397,0.15137508511543274,0.14085865765810013,0.035909876227378845,0.13286244869232178,0.6332314908504486,0.10799182951450348,0.5231489485626207
117,741.074921131134,4.065151144067446,3.760639953613281,0.1459993580977122,0.11575575570265452,0.02340237672130267,0.1093371311823527,0.47790861206270085,4.159837990999222,3.8040765523910522,0.1517796516418457,0.13993580639362335,0.03559274226427078,0.13247355073690414,0.6345885992050171,0.10858950763940811,0.4822799346487686
118,747.3890662193298,4.049865545829137,3.7477140108744305,0.1447124660015106,0.11489765097697575,0.023044388058284918,0.10940098663171133,0.46461789330755604,4.1534718461334705,3.7961302995681763,0.1516343429684639,0.14076218754053116,0.03536156192421913,0.13260088860988617,0.6340866982936859,0.10838768258690834,0.47525427091656064
119,753.6858930587769,4.061808600028356,3.756556685765584,0.14554316798845926,0.11624016513427099,0.022777858624855676,0.109684190650781,0.4797927271508481,4.1379052475094795,3.7858768701553345,0.15004540979862213,0.138502836227417,0.03482820466160774,0.1324438899755478,0.6261859834194183,0.1086091548204422,0.4583460832847863
120,760.0757331848145,4.056533096730709,3.75382391611735,0.14542271196842194,0.11499891231457392,0.022389433719217776,0.10962787568569184,0.4860478263548881,4.125580880790949,3.772042989730835,0.14908383041620255,0.13949798792600632,0.034602757543325424,0.1320340633392334,0.6309437155723572,0.10891979187726974,0.48292951230457215
121,766.4374010562897,4.055743189156056,3.752980852127075,0.14546383718649547,0.11501520921786626,0.022147084462145965,0.1096866860985756,0.5396073582326562,4.125802207738161,3.7720059156417847,0.14913365989923477,0.13961473107337952,0.034177087247371674,0.1316886842250824,0.6329578757286072,0.10886131599545479,0.5289899843338346
122,772.7950429916382,4.052114316324393,3.748407808939616,0.14499737918376923,0.11560390889644623,0.021836482050518195,0.1096413845817248,0.5200934189473515,4.113319214433432,3.765123128890991,0.14822035282850266,0.13704295456409454,0.03393206559121609,0.13112034648656845,0.6236874759197235,0.10850173234939575,0.5314614489572799
123,779.1235361099243,4.058341478308042,3.756851816177368,0.14555129011472065,0.1143570085366567,0.021637679201861222,0.10993098864952723,0.4907986650765456,4.139370653778315,3.780877709388733,0.15033412724733353,0.14166294038295746,0.03367066942155361,0.13121570646762848,0.6371141970157623,0.10915027558803558,0.48683517956993977
124,785.5568301677704,4.051481462021669,3.748916419347127,0.1448569267988205,0.11506828963756562,0.02138303785274426,0.1097928062081337,0.4907026124225548,4.131557542830706,3.773293375968933,0.14951617270708084,0.14175304025411606,0.03344177268445492,0.1308785378932953,0.6333431303501129,0.10908406600356102,0.48923267186623526
125,791.8955271244049,4.054149895906448,3.7524442036946613,0.14518131415049235,0.11455751756827036,0.021204709261655807,0.10980170369148254,0.48032385737047206,4.1503620482981205,3.7969428300857544,0.15181279927492142,0.1387564092874527,0.03331080824136734,0.13076315075159073,0.6292780637741089,0.10934064909815788,0.4647805278658774
126,798.2272291183472,4.03825219621261,3.7396095116933186,0.143942059079806,0.11333582748969397,0.021002625549832978,0.10998426626125972,0.47832234856437805,4.101786527782679,3.75465989112854,0.147865392267704,0.13659697026014328,0.03298180550336838,0.1305295154452324,0.6235180199146271,0.1089794933795929,0.4854404111445586
127,804.6553070545197,4.041745426257451,3.740166346232096,0.14386455416679383,0.11482340147097905,0.020735414574543636,0.11018202006816864,0.5499811001834871,4.108509328216314,3.7606173753738403,0.1475442871451378,0.13705990463495255,0.03281315229833126,0.1307036504149437,0.624192625284195,0.10900071263313293,0.5356463245239717
128,811.0111360549927,4.043772845963637,3.74526096979777,0.14474168519179026,0.11307051678498586,0.020527990721166133,0.10995589147011439,0.49195511424209404,4.095370762050152,3.7464581727981567,0.14667387306690216,0.137787826359272,0.03235972672700882,0.12908275425434113,0.6281863749027252,0.1088649183511734,0.4883055936962616
129,817.3269951343536,4.0399078100919725,3.738673369089762,0.1438660939534505,0.11465069701274236,0.020367799575130144,0.11002587874730428,0.4651808336911686,4.136892858892679,3.7800347805023193,0.14958477765321732,0.1410328447818756,0.03250624239444733,0.12958847731351852,0.6363365352153778,0.10960786417126656,0.4811773917877728
130,823.652083158493,4.045108206073443,3.7458474000295,0.14441552758216858,0.11352652112642923,0.02013858916858832,0.11024131923913956,0.4956277591924227,4.115161284804344,3.764806628227234,0.14761480689048767,0.13827362656593323,0.032125432044267654,0.12884914129972458,0.6284385323524475,0.1091785840690136,0.5078945895544187
131,830.0026552677155,4.036311257382234,3.737326494852702,0.1438799391190211,0.11352239648501078,0.020095467505355676,0.11015456765890122,0.44887719487748584,4.1050333343446255,3.756261467933655,0.14806979149580002,0.13736848533153534,0.03176288120448589,0.1285976842045784,0.6243299543857574,0.1087939478456974,0.4582805131890219
132,836.3413200378418,4.0420418918132786,3.7436445554097495,0.14426233967145283,0.11313308328390122,0.01977881199369828,0.11023540596167246,0.4640172358237248,4.085685677826405,3.736980438232422,0.14586450159549713,0.13788649439811707,0.03191420063376427,0.12849171459674835,0.6262812316417694,0.10938005521893501,0.4758635462785673
133,842.6651630401611,4.042440715432167,3.743259970347087,0.14422467549641926,0.11353420366843542,0.019685340734819572,0.11023280223210653,0.4598167470772712,4.109686743468046,3.7629700899124146,0.1484987959265709,0.1362336277961731,0.031284596771001816,0.1270766481757164,0.6229276061058044,0.1094532422721386,0.45645142800233207
134,849.0622470378876,4.037687551478545,3.739090363184611,0.14409317870934804,0.11327529946962993,0.019505986074606577,0.11022016108036041,0.5085460553978697,4.105907518416643,3.7567249536514282,0.1479494646191597,0.13760391622781754,0.03144115023314953,0.12752792239189148,0.6249589920043945,0.10964227840304375,0.5094521040362587
135,855.3745360374451,4.035556386907896,3.737205410003662,0.1440900961558024,0.11315296441316605,0.019266148408253986,0.11034261037906011,0.5004218234989699,4.130151238292456,3.771372437477112,0.1509130820631981,0.1416611298918724,0.031510256230831146,0.12728579342365265,0.6357604563236237,0.10938244313001633,0.5097246505868693
136,861.6694669723511,4.03253722935915,3.734009297688802,0.14389397005240123,0.11329047332207362,0.019224297379453976,0.11032145172357559,0.5111794560439207,4.106448609381914,3.755854368209839,0.14754609018564224,0.13841059803962708,0.031063321977853775,0.12627911567687988,0.6295550465583801,0.10937819629907608,0.5070632008200534
137,867.9491739273071,4.024621239801248,3.7291101773579913,0.14308935900529227,0.11198319147030512,0.018982839211821555,0.11040771454572677,0.4628467980454299,4.091958537697792,3.7416912317276,0.14590740203857422,0.13865680247545242,0.030752328224480152,0.12572748959064484,0.6270168125629425,0.10897019132971764,0.47217802097483297
138,874.3210361003876,4.030102745691935,3.7326229095458983,0.14346923033396403,0.11287261048952739,0.018868518124024073,0.11048323561747869,0.4833654844465155,4.141137216240168,3.7842888832092285,0.1506943479180336,0.14075057953596115,0.03080854844301939,0.12574853748083115,0.6326441168785095,0.1095244474709034,0.4917034042744127
139,880.6298270225525,4.032654369374116,3.735389804840088,0.143707741300265,0.11270534694194793,0.018750063019494216,0.11036474655071894,0.46858985743361864,4.118458986282349,3.7608206272125244,0.1481463611125946,0.14178258925676346,0.030507061630487442,0.12492336332798004,0.6341834962368011,0.10988717153668404,0.4815803537102594
140,887.0128180980682,4.021837255358696,3.7260169506073,0.1427587628364563,0.11222046166658402,0.018580825130144755,0.11050862669944764,0.46348139015530515,4.078028254210949,3.7253721952438354,0.1460057646036148,0.13982658833265305,0.030405087396502495,0.12448302283883095,0.6322632431983948,0.1088346354663372,0.47564542705138024
141,893.491297006607,4.027344020704429,3.7316203435262043,0.14348736107349397,0.11198999832073847,0.01846552329758803,0.11036653618017832,0.4671097491290508,4.086290001869202,3.7347899675369263,0.1464865803718567,0.13912837207317352,0.030232610180974007,0.12426948919892311,0.6275545656681061,0.10883411392569542,0.472569659173229
142,899.8786060810089,4.0234068070848785,3.7262534300486245,0.1431148161490758,0.11279798448085784,0.01838169985761245,0.11049099415540695,0.4857485970323866,4.1231046468019485,3.7652475833892822,0.1489834189414978,0.1416826769709587,0.030179082415997982,0.1237742081284523,0.6350758373737335,0.1099012978374958,0.492025027222122
143,906.2044389247894,4.026976409057776,3.7310146490732827,0.1435606191555659,0.11209072520335515,0.018239322242637475,0.11056005905071895,0.48944805550262493,4.123605024069548,3.771706223487854,0.15018054097890854,0.1384042650461197,0.03050424624234438,0.1245901770889759,0.6259869337081909,0.10906220972537994,0.5055340755626281
144,912.609500169754,4.033579517404238,3.737096627553304,0.14420663118362426,0.11218978712956111,0.018224697994689145,0.11041845778624217,0.4727042185519557,4.115185268223286,3.7599101066589355,0.1488848775625229,0.14041636139154434,0.02985917031764984,0.12278691679239273,0.632664680480957,0.10900727659463882,0.46725593817092437
145,918.8955020904541,4.024932544926802,3.728097661336263,0.14326638281345366,0.11260084609190622,0.01799726001918316,0.11049191703399022,0.5066983781596364,4.087769117206335,3.736441135406494,0.14648091048002243,0.13904376327991486,0.029692613519728184,0.12224845215678215,0.6297401785850525,0.10924426838755608,0.5030923266232736
146,925.220025062561,4.0169164379437765,3.720927095413208,0.14275007446606955,0.11230715264876684,0.01793339109669129,0.1105883797009786,0.4847010813253225,4.07960195466876,3.7323743104934692,0.14602210372686386,0.13710829615592957,0.02977968566119671,0.12251651659607887,0.6240690648555756,0.10899419710040092,0.4961946880799787
147,931.5723738670349,4.019253479441007,3.7233455022176107,0.14284175435702007,0.11224355002244314,0.01778872273862362,0.11054405371348063,0.48167640370186293,4.103504188358784,3.7524805068969727,0.14767645299434662,0.13859272748231888,0.029560936614871025,0.12166391685605049,0.6252516508102417,0.10954868793487549,0.4812520807530941
148,937.8873052597046,4.022573625048001,3.727461051940918,0.14339348475138347,0.11170791536569595,0.017709335933128994,0.1108104924360911,0.4832568699451239,4.122320909053087,3.772139072418213,0.1499253585934639,0.1376095786690712,0.029308192431926727,0.1211252324283123,0.6247572898864746,0.10981003567576408,0.5139064216891638
149,944.192794084549,4.018072539567948,3.7238800048828127,0.14285969336827595,0.11138134400049846,0.017544569137195747,0.11062445789575577,0.49089334201138907,4.089992001652718,3.7369145154953003,0.14654722809791565,0.13990193605422974,0.02927492745220661,0.12049388885498047,0.6294528841972351,0.10941999033093452,0.5001287318660121
150,950.5011880397797,4.0189423173666,3.7235494295756024,0.1430440664291382,0.11193542728821436,0.017488344013690947,0.11066265255212784,0.4461543379160436,4.087985053658485,3.7384378910064697,0.14667284488677979,0.1381053701043129,0.029214536771178246,0.12059234827756882,0.6251349747180939,0.10944405943155289,0.4413428387539938
151,956.8695862293243,4.029190889000892,3.7329547087351482,0.14373112122217815,0.11218530982732773,0.017369262998302777,0.11072173515955606,0.48616537705840585,4.098329607397318,3.7428390979766846,0.14650259166955948,0.1411196067929268,0.029096858575940132,0.11998225376009941,0.6342889666557312,0.10928745940327644,0.4901559240831884
152,963.4320340156555,4.035933609306812,3.724527136484782,0.17389696737130483,0.11222899456818898,0.017355261432627837,0.11068581938743591,1.0589782669355552,4.138693407177925,3.7686450481414795,0.1855134665966034,0.13864581286907196,0.029379434883594513,0.12073435261845589,0.6226628124713898,0.10905459523200989,1.1493089330772837
153,969.7370750904083,4.027433780829112,3.732352876663208,0.14469903508822124,0.11136569331089656,0.01733615423242251,0.11071343272924423,0.5875057681366519,4.133881613612175,3.776521325111389,0.15022003650665283,0.1411251351237297,0.028951287269592285,0.11963500827550888,0.6357144415378571,0.11021426320075989,0.562091376282082
154,976.1828620433807,4.040064960221449,3.7297361691792807,0.17394903202851614,0.11167713751395543,0.01710910809536775,0.11071782807509105,0.9377441486941215,4.133539814502001,3.7568631172180176,0.18143264204263687,0.1429801881313324,0.02870694361627102,0.11871272698044777,0.6392940878868103,0.1099255345761776,0.9224394531531912
155,982.5589110851288,4.029630672931671,3.720272954305013,0.17235917448997498,0.11158906569083532,0.016983816958963872,0.11100282122691472,0.8867458371715355,4.105742704123259,3.741018056869507,0.17761825770139694,0.13795775920152664,0.02863011695444584,0.11857977882027626,0.6260382831096649,0.10933465883135796,0.8534400101255496
156,988.8516700267792,4.031641213099162,3.722380208969116,0.17231064041455588,0.11155284196138382,0.016926054532329243,0.11084673404693604,0.8830030479898757,4.134728480130434,3.768754482269287,0.1796421781182289,0.13807645440101624,0.02852983307093382,0.11833454668521881,0.6254436671733856,0.10995378717780113,0.8833225653166805
157,995.1458370685577,4.0304660533865295,3.7235150655110676,0.17157560686270396,0.1105815922220548,0.016847775193552177,0.1109091247121493,0.8071100930547828,4.128270763903856,3.758007287979126,0.17725593596696854,0.14081775397062302,0.0285129202529788,0.11798375472426414,0.6323475539684296,0.10990594699978828,0.8003419661557556
158,1001.4820530414581,4.037314267456532,3.7299654960632322,0.17179761230945587,0.11072498261928558,0.016724119645853838,0.11065776844819387,0.7570175533017494,4.127182234078646,3.757554054260254,0.17815283685922623,0.14027588069438934,0.02851984277367592,0.11745476350188255,0.6307548880577087,0.10991042479872704,0.7796764486020191
159,1007.8016650676727,4.040252985060215,3.732388973236084,0.1719697544972102,0.11093956728776296,0.01669750887279709,0.11098030557235082,0.7744293922206759,4.120503280311823,3.744385242462158,0.17724651843309402,0.14374738931655884,0.028344067744910717,0.11697127670049667,0.6434216797351837,0.10972040146589279,0.8094004968310016
160,1014.1155550479889,4.030785471697649,3.723992109298706,0.17084901034832,0.11068442861239115,0.01661204230040312,0.11097108324368794,0.7614667553791787,4.141451936215162,3.7762184143066406,0.17926805466413498,0.13779974728822708,0.02830931916832924,0.11678152903914452,0.6257511377334595,0.11044015362858772,0.7847349938602959
161,1020.6320962905884,4.030646575490634,3.7233431498209635,0.1709867318471273,0.11090502987305323,0.016514888405799864,0.11106211990118027,0.7507223721061578,4.150171052664518,3.7754855155944824,0.17943119257688522,0.14248497039079666,0.028242843225598335,0.11628169566392899,0.6383032202720642,0.11018246784806252,0.7333598750665532
162,1026.9513289928436,4.037375448644161,3.7303935368855794,0.17106888592243194,0.11072373439868291,0.01647562856475512,0.11084787299235661,0.7070065676596352,4.1290854550898075,3.758754849433899,0.17710606008768082,0.1408887878060341,0.02810929622501135,0.11600537225604057,0.6303820013999939,0.11027111113071442,0.7259624257477789
163,1033.270416021347,4.034312876065572,3.727948713302612,0.1705548326174418,0.11054337322711945,0.016377273698647818,0.11109195947647095,0.7023736834976486,4.140950985252857,3.7735941410064697,0.17827282845973969,0.13911021500825882,0.028120369650423527,0.1158098578453064,0.626609206199646,0.11005702614784241,0.7091864398224591
164,1039.6519782543182,4.037484540045261,3.7298580487569173,0.17080232997735342,0.11111266314983367,0.016345081167916456,0.11115218152602514,0.7083027892432253,4.115041222423315,3.7447293996810913,0.17408102005720139,0.14163565635681152,0.028008013032376766,0.1155150905251503,0.6379400789737701,0.11015160009264946,0.6999963601550552
165,1045.986916065216,4.035500610868136,3.72904413541158,0.1709322472413381,0.11049517591794332,0.01627209798122446,0.11116813172896703,0.746046077441102,4.131890766322613,3.76432728767395,0.17837999761104584,0.13918673992156982,0.027870762161910534,0.11514227837324142,0.6275788843631744,0.10994460433721542,0.772750906140548
166,1052.3164219856262,4.029866247872511,3.7235660870869953,0.1708143840233485,0.11044648438692092,0.016182393953204154,0.11111056804656982,0.794675786513421,4.13544163480401,3.763353705406189,0.17629487067461014,0.14197024703025818,0.027930100448429585,0.11497047170996666,0.6381914615631104,0.11056483536958694,0.7476327687392149
167,1058.6320450305939,4.034717040260633,3.7287511030832925,0.17017362713813783,0.11043956180413564,0.016156703947732845,0.11122081180413564,0.743518484615082,4.119566727429628,3.7559878826141357,0.17690888792276382,0.13756220042705536,0.027680132538080215,0.11435503140091896,0.6228327453136444,0.10966424643993378,0.7611154465449964
168,1064.9879910945892,4.034868823488553,3.729318459828695,0.17045088211695353,0.11016246130069098,0.016091388215621314,0.11119601726531983,0.7305354393949471,4.119261160492897,3.7500287294387817,0.1764322817325592,0.14050814509391785,0.02771631069481373,0.11450532451272011,0.6329760253429413,0.10967529192566872,0.7177999575528942
169,1071.2777290344238,4.028827214241028,3.7222335656483967,0.1704363981882731,0.11068772474924723,0.016029662204285464,0.11119759182135264,0.7987671310918747,4.103274449706078,3.7375577688217163,0.17569011449813843,0.13893581181764603,0.027637788094580173,0.11406314745545387,0.6278567910194397,0.1100996881723404,0.8407808450699361
170,1077.5936212539673,4.028667078415553,3.7235281626383463,0.17027754187583924,0.11000007241964341,0.015915285826971135,0.11133409291505814,0.7620416648015359,4.116929717361927,3.7495287656784058,0.17697252333164215,0.1394573450088501,0.02745311427861452,0.11341880261898041,0.6296256184577942,0.11019490659236908,0.7135322384493041
171,1083.9484462738037,4.02946901122729,3.724291181564331,0.16977017720540363,0.11014637053012848,0.01586885154247284,0.11124310990174612,0.7346886614051026,4.108169369399548,3.746155023574829,0.17424382269382477,0.13744621723890305,0.027547300793230534,0.11316150054335594,0.6231588125228882,0.10995012521743774,0.777422114360452
172,1090.2862470149994,4.029026603202025,3.7238360246022544,0.17035484810670218,0.1100065772732099,0.015792739174018303,0.11138015339771906,0.7892916462997601,4.125336930155754,3.753999352455139,0.17595615983009338,0.14167974889278412,0.0273250425234437,0.11255543306469917,0.6363468766212463,0.10989123955368996,0.8304876840246915
173,1096.6074562072754,4.031597502529621,3.7251476764678957,0.17017700374126435,0.11068066209554672,0.015768068625281254,0.11128537307182948,0.7280692166176707,4.1261561922729015,3.7599077224731445,0.17687007039785385,0.13890671730041504,0.027473893016576767,0.11307428777217865,0.6260623335838318,0.10995721444487572,0.7032507380980814
174,1102.9703960418701,4.025178043047587,3.721610196431478,0.16898412903149923,0.1095378910501798,0.015715801467498142,0.1113169476389885,0.6302491166953677,4.116290893405676,3.7445108890533447,0.17439191788434982,0.14229202270507812,0.0272657023742795,0.11247779428958893,0.6383868753910065,0.10976742953062057,0.6352617088750784
175,1109.2888181209564,4.03633239765962,3.7315691630045573,0.17112674117088317,0.10959993203481039,0.01563135233397285,0.11153271496295929,0.6966076413480012,4.132791072130203,3.766924023628235,0.17757850885391235,0.1385388970375061,0.027121239341795444,0.11177988350391388,0.6248156726360321,0.10990152880549431,0.713736706548733
176,1115.5680820941925,4.03192298412323,3.727794361114502,0.1699961543083191,0.10956527292728424,0.015597621351480484,0.11141292403141657,0.766774337766802,4.100731369107962,3.7337597608566284,0.17474829405546188,0.13979873061180115,0.027172046713531017,0.11192931234836578,0.6286927759647369,0.10988903418183327,0.7949587689010755
177,1121.9205222129822,4.031887757281463,3.729122527440389,0.17040600279966991,0.1087811142206192,0.015539571394522984,0.11170920183261236,0.7658138246264816,4.151650905609131,3.7778189182281494,0.17966759204864502,0.14199909567832947,0.0271383635699749,0.11144986748695374,0.6332376897335052,0.11033795773983002,0.7263566196108506
178,1128.2010622024536,4.029754405220349,3.7273042678833006,0.1691845138867696,0.10892894019683202,0.015490480108807485,0.11157210270563761,0.6485310559578533,4.160679139196873,3.784571051597595,0.17986364662647247,0.14308813214302063,0.027023302391171455,0.11122309416532516,0.6380773186683655,0.11086472496390343,0.660072800029296
179,1134.5111520290375,4.032759376366934,3.7285754044850665,0.17043120463689168,0.1094841847817103,0.015409617933134239,0.11158968110879262,0.7288452187010847,4.128429971635342,3.758778929710388,0.17742173373699188,0.14047008752822876,0.027011719532310963,0.1107759103178978,0.6302254498004913,0.11001790314912796,0.7293161222033755
180,1140.8173391819,4.03237259487311,3.730674155553182,0.17023613452911376,0.1082901860276858,0.015377592667937279,0.1115957573056221,0.6593314637565215,4.117853082716465,3.754209041595459,0.176024928689003,0.13781578838825226,0.02695839572697878,0.11068223416805267,0.6246033310890198,0.11015253141522408,0.6771738640371914
181,1147.2382190227509,4.0327675277988115,3.7291114648183186,0.1701773871978124,0.10928368469079336,0.015346986862520376,0.11164149244626363,0.7133139917294528,4.157307468354702,3.7840423583984375,0.1788632720708847,0.14191673696041107,0.026957853697240353,0.11079956218600273,0.6362810134887695,0.11030244454741478,0.7083607395180322
182,1153.5493340492249,4.031700232128302,3.730554723739624,0.1694316993157069,0.1082148293654124,0.015277615593125423,0.11180772582689921,0.5892308790639856,4.118664272129536,3.7473042011260986,0.17464075982570648,0.1420198455452919,0.026785800233483315,0.11015814542770386,0.6344126462936401,0.11035138741135597,0.5798869862120803
183,1159.8504810333252,4.021475793421269,3.7203296025594077,0.1685653358697891,0.10843176146348317,0.015234724277009566,0.11162310093641281,0.6698175866029413,4.103742461651564,3.7353750467300415,0.17210351675748825,0.141157828271389,0.026795092970132828,0.10993507504463196,0.6329383850097656,0.11041614413261414,0.6779805530030525
184,1166.1760210990906,4.030962236722311,3.729760758082072,0.17009581327438356,0.10807678600152333,0.015185702654222647,0.11181466976801555,0.7508315257209796,4.122716125100851,3.7483614683151245,0.1764528974890709,0.14306410402059555,0.026738553307950497,0.10967618972063065,0.6409116089344025,0.10977382212877274,0.7954549236073841
185,1172.5303242206573,4.02710978637139,3.724701515833537,0.1696554849545161,0.1087902640302976,0.015123306897779305,0.11169520318508148,0.7520104503002969,4.104948218911886,3.7329249382019043,0.1737104281783104,0.14258403331041336,0.026639146730303764,0.10938537865877151,0.6383972764015198,0.11014148592948914,0.7708494374563679
186,1178.8573830127716,4.027745320399602,3.7263133684794107,0.17026279966036478,0.10815027604500453,0.015103972734262545,0.11164322942495346,0.7408635706791044,4.142915051430464,3.764144539833069,0.17894893139600754,0.1446480229496956,0.02670667413622141,0.10928160697221756,0.6430806517601013,0.11010114476084709,0.7538630082864565
187,1185.1909799575806,4.031171909471353,3.729866059621175,0.170073331395785,0.10813459207614264,0.01504335751136144,0.11198518921931584,0.7339661278604044,4.126986093819141,3.756885528564453,0.17447490990161896,0.1414315551519394,0.026581509970128536,0.10897490382194519,0.6337915658950806,0.1108517050743103,0.7620072713226199
188,1191.659541130066,4.030423168838024,3.7289783000946044,0.16916748781998953,0.10843056241671244,0.015008060665180286,0.11190299391746521,0.6637962360337315,4.129812899976969,3.7515532970428467,0.1779836192727089,0.14463389664888382,0.026589431799948215,0.10867788270115852,0.6451289653778076,0.1101175919175148,0.677408485028696
189,1197.9884951114655,4.035608706871669,3.7355958143870036,0.17012866735458373,0.10747427940368652,0.014963815764834484,0.11204465081294378,0.6627105276182064,4.145854234695435,3.7666646242141724,0.1786363422870636,0.1449357196688652,0.026561190374195576,0.1084720753133297,0.6437774002552032,0.11099324747920036,0.662927026210556
190,1204.3508450984955,4.035099330544472,3.7332357088724772,0.17051981488863627,0.10830185711383819,0.014927554285774629,0.11188715249300003,0.6993624459052469,4.156405758112669,3.77793288230896,0.17889507859945297,0.14451266825199127,0.026483671739697456,0.10821888968348503,0.6448127329349518,0.11129976063966751,0.680059446274873
191,1210.6925029754639,4.0362527976433435,3.7349561214447022,0.17042827010154724,0.10804127057393392,0.014880039729177952,0.1120493158698082,0.6740497271426077,4.112001594156027,3.744777202606201,0.17386998981237411,0.1401446983218193,0.026397780515253544,0.10784740373492241,0.631933718919754,0.11059366911649704,0.698421861979148
192,1217.0012142658234,4.031359384457271,3.7315866311391193,0.1696788469950358,0.10746666491031646,0.014845818001776933,0.1120562603076299,0.7008360904770207,4.134940583258867,3.7576801776885986,0.17539746314287186,0.14478083699941635,0.026383521035313606,0.107567697763443,0.6420032978057861,0.11059610918164253,0.7129170089004813
193,1223.3024280071259,4.039715881148974,3.739025370279948,0.17060380578041076,0.1076943039894104,0.014805002355327208,0.11212494522333145,0.6772221788165214,4.13057491928339,3.7592767477035522,0.1757577508687973,0.14170964807271957,0.026373039931058884,0.10733887180685997,0.6372941732406616,0.11113560199737549,0.6831080960039408
194,1229.644053220749,4.040546261767546,3.740175501505534,0.17151491741339367,0.10730665077765783,0.014769991021603346,0.11222504327694575,0.7519747520670413,4.136052370071411,3.7629023790359497,0.17655402421951294,0.14243648946285248,0.02623668685555458,0.10712989047169685,0.636234313249588,0.1107642762362957,0.7559391775641735
195,1236.0098819732666,4.032952247560024,3.732821830113729,0.17043975492318472,0.10745526999235153,0.014717197728653748,0.11220589280128479,0.8057332505447764,4.126586329191923,3.750769019126892,0.17581849545240402,0.14395403116941452,0.026218002662062645,0.10678312182426453,0.6453711986541748,0.11082229018211365,0.7773389055977105
196,1242.3194131851196,4.037073035538197,3.7370317459106444,0.1707520474990209,0.10733263293902079,0.014676010049879552,0.11215044558048248,0.7251655835704726,4.123000707477331,3.751155734062195,0.17417391389608383,0.1423790082335472,0.026106419041752815,0.1065664179623127,0.6368882358074188,0.11125645413994789,0.7611627525034554
197,1248.6746611595154,4.0355751792589825,3.7353952089945475,0.17082976500193278,0.10738254388173421,0.014629731327295304,0.1121792530020078,0.8179517203418939,4.127542644739151,3.7508773803710938,0.174661785364151,0.14466718584299088,0.026101103983819485,0.10610997676849365,0.6415312588214874,0.11078397929668427,0.8263397913903114
198,1255.1147530078888,4.039026329418023,3.7391330083211263,0.1710916688044866,0.10717374334732692,0.014606059497843186,0.11223611136277517,0.7208560192712592,4.124364499002695,3.7528181076049805,0.17590612918138504,0.14179666340351105,0.02609443012624979,0.10598519071936607,0.6340245604515076,0.1109224446117878,0.6760320973939953
199,1261.4447700977325,4.035406916340192,3.735321219762166,0.17019185622533162,0.10749488423268,0.01457213352744778,0.1123504767815272,0.6351806885716706,4.1220281682908535,3.7482433319091797,0.17469894140958786,0.14321768283843994,0.026019166223704815,0.10562755167484283,0.6375289857387543,0.11162074655294418,0.6317891325580857
200,1267.7614431381226,4.034613646566868,3.7357163270314535,0.17014771004517873,0.10691173225641251,0.014518284859756628,0.11244553079207738,0.6146432898998307,4.141731508076191,3.7587097883224487,0.176465705037117,0.14739443361759186,0.02605176717042923,0.10551789030432701,0.6496782898902893,0.11090529710054398,0.619897028588268
201,1274.8836102485657,4.015650704254707,3.738519048690796,0.12410259991884232,0.10754017780224483,0.014497598012288412,0.1124208981792132,0.3726945529935917,4.102706676349044,3.7575669288635254,0.12615717574954033,0.14103057980537415,0.02587653510272503,0.10526172816753387,0.6348215937614441,0.11131498962640762,0.37060671829852826
202,1281.5877630710602,4.026755570371946,3.7292966842651367,0.16918808221817017,0.10643242249886195,0.014453214748452107,0.11263894389073054,0.6034222182353524,4.116729483008385,3.747408151626587,0.17475107312202454,0.14097289741039276,0.025938013568520546,0.10492145270109177,0.6321360468864441,0.11131888255476952,0.6227983721674415
203,1288.1513810157776,4.041097592314085,3.740883636474609,0.17111266056696575,0.10732881277799607,0.01441850612560908,0.11249728600184122,0.6889231719162795,4.1144617311656475,3.737053871154785,0.1724562868475914,0.14558985829353333,0.025781557895243168,0.10461052134633064,0.644618809223175,0.11144514009356499,0.7040857883622066
204,1294.8099839687347,4.033633842567602,3.7341817220052085,0.17037950853506725,0.10713118314743042,0.014378362769881884,0.11254036525885264,0.6550296550345642,4.132809668779373,3.761591911315918,0.17570489645004272,0.14168265461921692,0.02580801397562027,0.10445435345172882,0.6346221268177032,0.11107270792126656,0.6359014707868395
205,1301.4410049915314,4.035336326062679,3.7350510438283284,0.16946700910727183,0.10777588884035746,0.014329700575520595,0.11273486365874609,0.6070961285566393,4.134388767182827,3.7539981603622437,0.1760142594575882,0.14619173854589462,0.025806820951402187,0.10439527407288551,0.6464201807975769,0.11183285713195801,0.6321722913215473
206,1308.052062034607,4.048937756319841,3.747825924555461,0.17124074598153433,0.10774572938680649,0.014327643097688754,0.11282015045483908,0.6426922226000203,4.128711633384228,3.7544949054718018,0.17411808669567108,0.14357884228229523,0.025689533911645412,0.10399584844708443,0.6380821764469147,0.11180774495005608,0.6719969765268615
207,1314.6729719638824,4.03615867048502,3.737837298711141,0.17004504104455312,0.10664942562580108,0.014292660200347503,0.11280680348475774,0.6789230859215164,4.10568280518055,3.7351019382476807,0.1723831295967102,0.14219465106725693,0.025690636597573757,0.1037435345351696,0.6356954276561737,0.11171165853738785,0.6741630584476679
208,1321.1390619277954,4.039961811900139,3.741587177912394,0.17057466705640156,0.10654365022977193,0.014263252230981986,0.112806369860967,0.6918303895893095,4.147897265851498,3.7697476148605347,0.1771208494901657,0.14479461312294006,0.025803488679230213,0.10394332930445671,0.6455244719982147,0.11152477562427521,0.6784208827822795
209,1327.6119689941406,4.035480434199174,3.737102683385213,0.17064952154954274,0.10652649501959482,0.014228160120546817,0.1129657655954361,0.6734494780385106,4.128437623381615,3.753795027732849,0.17491912841796875,0.1435915157198906,0.02554977312684059,0.10334238037467003,0.6388339400291443,0.11181006953120232,0.6778935285174537
210,1334.2402381896973,4.037538536389669,3.739064327875773,0.17052439053853352,0.10660600662231445,0.014178671035915613,0.11301047106583913,0.8140977441049941,4.114131335169077,3.7353163957595825,0.17470891028642654,0.14573024213314056,0.02557486481964588,0.1030125692486763,0.6451565325260162,0.11159330606460571,0.8390521470254353
211,1340.9684569835663,4.037043583393097,3.73669851620992,0.170637842019399,0.10751307308673859,0.014158465185513098,0.11318711986144384,0.7253748839227239,4.11008870229125,3.742707848548889,0.17271005362272263,0.14051291346549988,0.0254899924620986,0.10255449265241623,0.6337043642997742,0.11185291036963463,0.7053467615896931
212,1347.5902290344238,4.037566692133745,3.737934414545695,0.17065537671248118,0.10715229461590449,0.014101964173217614,0.11301139295101166,0.7530517729010355,4.126598998904228,3.750702381134033,0.1748846173286438,0.14422715455293655,0.02539659943431616,0.10236477106809616,0.6417330503463745,0.11163376271724701,0.7951471963248029
213,1354.2391018867493,4.0352217455705,3.737325366338094,0.17136324048042298,0.10610737949609757,0.01407793452963233,0.11315842072168986,0.8054044956601928,4.112345486879349,3.7303998470306396,0.17424583435058594,0.14741136133670807,0.02537969872355461,0.10217609256505966,0.6496236622333527,0.11127598211169243,0.7960522963040786
214,1360.927013874054,4.042711461087068,3.742444721857707,0.17169609566529592,0.10720934569835663,0.014071923773735761,0.1131738285223643,0.8001060463559206,4.117116842418909,3.7412415742874146,0.17426655441522598,0.14437099546194077,0.025331656448543072,0.1020684652030468,0.642077773809433,0.11167189851403236,0.7781159891791771
215,1367.584697008133,4.044969372948011,3.7458455244700115,0.17097135583559672,0.1068190852801005,0.014014748701204857,0.11316021084785462,0.7296982873310506,4.143702939152718,3.7657723426818848,0.17782029509544373,0.14451022446155548,0.025376146659255028,0.10196219384670258,0.6416486501693726,0.1126273013651371,0.7619998417545275
216,1374.2634618282318,4.04492765814066,3.7450183391571046,0.17135208944479624,0.10711663713057835,0.014003548150261244,0.11321001549561818,0.6712163418978281,4.121905941516161,3.7464717626571655,0.1731993928551674,0.14441724121570587,0.025195861235260963,0.10158784314990044,0.6388548314571381,0.11211710795760155,0.6356940671168652
217,1380.8162529468536,4.034698515633742,3.7375593503316242,0.1696315735578537,0.1061616892615954,0.013960923875371616,0.11339990248282751,0.6721721637718953,4.134699281305075,3.754886746406555,0.17583604902029037,0.14594725519418716,0.0251999543979764,0.1013031080365181,0.6464274227619171,0.1120535135269165,0.6991101213311975
218,1387.3391301631927,4.04206517736117,3.7429290930430095,0.1704323907693227,0.10695994446674982,0.013925964819888274,0.11334564884503683,0.6146637663246785,4.125927802175283,3.750656843185425,0.17389600723981857,0.14416147768497467,0.025178984738886356,0.10120388865470886,0.6375662088394165,0.11201160028576851,0.6262790115306482
219,1393.998673915863,4.041443856060505,3.7429439544677736,0.17036678890387216,0.1066582535703977,0.013904687762260438,0.11349034359057744,0.6685885867894454,4.129515912383795,3.7559573650360107,0.1751178726553917,0.1429998055100441,0.025114260613918304,0.10101858898997307,0.637758731842041,0.11249976605176926,0.6447525721772853
220,1400.5253930091858,4.035504967470964,3.738036839167277,0.17005125184853873,0.10622125118970871,0.01387499508758386,0.11350575089454651,0.6555462598806262,4.103438876569271,3.7294057607650757,0.17282558977603912,0.14381016045808792,0.024934399873018265,0.10054640844464302,0.6395297646522522,0.11192179471254349,0.6485886688711193
221,1407.1506230831146,4.0439418291052185,3.7463052749633787,0.1706600159406662,0.10615327308575312,0.01381576427568992,0.11363726059595744,0.6520011748259642,4.1466563157737255,3.7686362266540527,0.17717551440000534,0.14471616595983505,0.02507753949612379,0.10054363682866096,0.6428456008434296,0.11262143030762672,0.6646684756096221
222,1413.7278048992157,4.045772162079811,3.7463723023732505,0.1712350328763326,0.10689117163419723,0.013816405677547057,0.11362440238396326,0.7199791743933045,4.141129650175571,3.76015567779541,0.17412038147449493,0.1469568908214569,0.02480220515280962,0.10003559663891792,0.6460311114788055,0.11197823658585548,0.7094086786451165
223,1420.3691990375519,4.044133233527343,3.7459487120310464,0.17071452836195627,0.1064136286576589,0.013753032280753056,0.11375238647063574,0.5986678996639168,4.140356555581093,3.76096248626709,0.17652463912963867,0.14556587487459183,0.024936500936746597,0.10006515681743622,0.6440611481666565,0.11268693953752518,0.5981232167206656
224,1426.981644153595,4.046981787681579,3.748042345046997,0.17208752433458965,0.10644784023364386,0.013741265796124936,0.11375461121400197,0.7837732941307782,4.129884775727987,3.756845712661743,0.17595692723989487,0.14253029972314835,0.02483359072357416,0.09980234876275063,0.6350223124027252,0.11245320364832878,0.8450638031104996
225,1433.6858019828796,4.040550338725249,3.743455696105957,0.17078142662843068,0.1058519646525383,0.013727638404816389,0.11375406881173451,0.7034897249261581,4.122337322682142,3.7413004636764526,0.17271503061056137,0.14733967185020447,0.02460592333227396,0.0993870422244072,0.645742267370224,0.11238798499107361,0.6663768805210424
226,1440.3019630908966,4.0436674281954765,3.744535223642985,0.17041043937206268,0.10696349243323008,0.013676803776373465,0.11371028671662013,0.6650617879838109,4.107123032212257,3.7342008352279663,0.17242801189422607,0.14335409551858902,0.024744126945734024,0.09937651082873344,0.6378162205219269,0.11259620636701584,0.6529415955666058
227,1446.9107038974762,4.043334135909875,3.743882656097412,0.17025059560934702,0.1071630910038948,0.013671125533680122,0.11377604107062021,0.6506727199062969,4.1180675104260445,3.7453629970550537,0.1729390174150467,0.1431175023317337,0.024611911736428738,0.0988268330693245,0.6374171376228333,0.11249912530183792,0.6605616899977356
228,1453.6459739208221,4.036871951321761,3.7404740969340007,0.17054379681746165,0.10556297798951467,0.01363047795991103,0.11388623217741649,0.6871602955796675,4.121734663844109,3.7458720207214355,0.1732712984085083,0.14461349695920944,0.02455164212733507,0.09887230396270752,0.6427519023418427,0.11273536458611488,0.6839937771380699
229,1460.3172631263733,4.040928915639719,3.7437542120615643,0.17079533835252125,0.1058885172009468,0.013610875544448694,0.11378238995869955,0.6606623728467991,4.12301529943943,3.749001979827881,0.1744711697101593,0.14338886737823486,0.0244907159358263,0.09853296354413033,0.6398080587387085,0.11229381710290909,0.6840459445825176
230,1466.9712219238281,4.041304405033588,3.7438239892323812,0.17085643112659454,0.10602610011895498,0.013579065445810556,0.11403656701246898,0.6987181156164881,4.149428352713585,3.7687671184539795,0.17718133330345154,0.14603528380393982,0.024541071616113186,0.09832963347434998,0.6461132764816284,0.11246901750564575,0.7245209960647696
231,1473.7506999969482,4.03886214196682,3.7410693963368735,0.170836873849233,0.10618715435266494,0.0135517545354863,0.11396012355883917,0.7657913722538754,4.114320870488882,3.738452672958374,0.17150598019361496,0.14505760371685028,0.024478724226355553,0.09805887565016747,0.6447731554508209,0.11276041716337204,0.7596518862945265
232,1480.3146958351135,4.043035232524077,3.745933691660563,0.17067959606647493,0.10588087141513824,0.01353757365917166,0.11419954399267833,0.6425009398948145,4.116588298231363,3.7395700216293335,0.1724546030163765,0.14539548754692078,0.02422282285988331,0.09753283858299255,0.6435186862945557,0.11258428916335106,0.6209778913526331
233,1486.9389140605927,4.048565630118052,3.7505202770233153,0.17094072302182514,0.10628749579191207,0.013481707902004321,0.11413167317708334,0.7049772933214599,4.141640894114971,3.761992335319519,0.17674507200717926,0.14563801139593124,0.024346250109374523,0.09767840802669525,0.6450783312320709,0.11323922127485275,0.7603335828678477
234,1493.6333889961243,4.045861495534579,3.7470892747243245,0.17111961444218954,0.10660620679457983,0.013482248410582542,0.11423301945130031,0.6930464073605787,4.117793019860983,3.7422298192977905,0.17183136194944382,0.14482375979423523,0.024207710288465023,0.09733147919178009,0.6440910696983337,0.11285307258367538,0.6872415683961757
235,1500.2103390693665,4.036459268629551,3.740178600947062,0.17019425928592682,0.10559176901976268,0.013450538646429777,0.11431141396363577,0.6553115588916788,4.124286599457264,3.7513405084609985,0.17326952517032623,0.14315566420555115,0.024226807057857513,0.09713073819875717,0.637548416852951,0.11318475753068924,0.6847024931317722
236,1506.8266999721527,4.045401949683825,3.7465728759765624,0.17103168567021687,0.10665661543607712,0.013444826348374288,0.11422943770885467,0.6396016277633992,4.122454784810543,3.745808243751526,0.1731097251176834,0.14504583925008774,0.02414832543581724,0.09685834124684334,0.6420950591564178,0.1129513718187809,0.6411145311935679
237,1513.4506402015686,4.034742785493533,3.736418104171753,0.16952776114145915,0.10678040037552515,0.013397745974361896,0.11424826482931773,0.6663755947618083,4.10944501683116,3.735470175743103,0.17087840288877487,0.14426781982183456,0.02399718575179577,0.09664356335997581,0.6401706337928772,0.1131967306137085,0.6574789483492359
238,1520.0524580478668,4.042088758945465,3.7444457530975344,0.17025327285130817,0.1062581847111384,0.013376528148849804,0.11454117894172669,0.6170054773460493,4.102211993187666,3.727721691131592,0.17092015594244003,0.14451511204242706,0.02410108968615532,0.0966971404850483,0.6417943239212036,0.11333455517888069,0.6086151827258602
239,1526.6769530773163,4.038496028880278,3.74098695119222,0.17039824028809866,0.10615497877200444,0.013374259912719328,0.11436762164036433,0.6618580959185629,4.124583069235086,3.7497637271881104,0.17368564754724503,0.1439882591366768,0.024107790552079678,0.09652063995599747,0.640177309513092,0.11330438405275345,0.6802302735658899
240,1533.3203451633453,4.038575495779514,3.7395583470662435,0.17039066255092622,0.10691090871890387,0.013338428301115831,0.11452072461446126,0.7254115623054822,4.0844243839383125,3.7148009538650513,0.17042987048625946,0.14220424741506577,0.023980434983968735,0.09618178009986877,0.6351829767227173,0.11354079470038414,0.7323900390322539
241,1539.952875137329,4.043042732775211,3.7442443052927654,0.1705550620953242,0.10676044821739197,0.013322495420773824,0.11457931846380234,0.6717541646966346,4.138145472854376,3.7595481872558594,0.17546134442090988,0.14543330669403076,0.02388017438352108,0.09592476859688759,0.6427721381187439,0.11355340853333473,0.7095034320533227
242,1546.533432006836,4.0378962789972626,3.7401463349660236,0.17072199881076813,0.10619447231292725,0.013282015174627303,0.11474875261386236,0.6776215241478319,4.122680403292179,3.7481194734573364,0.17301516234874725,0.14402667433023453,0.023949751630425453,0.09564406424760818,0.637461245059967,0.11330502480268478,0.688009861888812
243,1553.2253279685974,4.043718194464843,3.745539124806722,0.17132594287395478,0.10625804911057155,0.013267752062529326,0.11451123158137004,0.6943175668389202,4.138409812003374,3.7624698877334595,0.1757063940167427,0.14404336363077164,0.023700703866779804,0.09524310380220413,0.6405098140239716,0.11385172605514526,0.7071976408492253
244,1559.8308789730072,4.046303965648016,3.74885671933492,0.17108798027038574,0.10595162808895112,0.01324556137745579,0.11470925509929657,0.6417947330836056,4.093578647822142,3.722621440887451,0.1700836345553398,0.14295769482851028,0.02389655727893114,0.09552781283855438,0.6375799477100372,0.11377906426787376,0.6216614001004601
245,1566.452964067459,4.042123940090338,3.743872849146525,0.17050354381402333,0.10649965951840083,0.013223921445508798,0.11472064803044,0.680939776909088,4.148459210991859,3.7656115293502808,0.17878901958465576,0.1467265859246254,0.023620626889169216,0.09481576830148697,0.6482235789299011,0.11368349939584732,0.7041620303598165
246,1573.1012959480286,4.0413842896620435,3.7421674887339273,0.17136631806691488,0.1067668209473292,0.013188922312110662,0.11505441715319951,0.6851144099947919,4.131480611860752,3.7528436183929443,0.17497877776622772,0.14557380229234695,0.023741839453577995,0.09515026956796646,0.64507856965065,0.1141010969877243,0.689001057490913
247,1579.7421278953552,4.048137102027734,3.748359727859497,0.1717914968729019,0.10694081286589305,0.013189536177863677,0.1150002176562945,0.6964119244365433,4.132033556699753,3.7555830478668213,0.17501258850097656,0.14447210729122162,0.023862995207309723,0.09502296149730682,0.6401176750659943,0.11369117349386215,0.7081342385691711
248,1586.4233100414276,4.046504151821137,3.7469285488128663,0.17150511940320332,0.1069115216533343,0.013171703430513541,0.11490869174400965,0.6850761134188494,4.1084426529705524,3.7344415187835693,0.171819306910038,0.14404574036598206,0.02365031186491251,0.09463102370500565,0.6402206122875214,0.11427856609225273,0.7059838312757634
249,1593.1733040809631,4.037508593499661,3.738898833592733,0.17055733501911163,0.10666554619868597,0.013142280808339516,0.1150560975074768,0.6655674570587812,4.116336960345507,3.736074686050415,0.17284408956766129,0.1469201147556305,0.023648045025765896,0.09450021013617516,0.6487307250499725,0.11396891251206398,0.6813835938966897
250,1599.7946329116821,4.046284075578054,3.746618556976318,0.17191646893819174,0.10685364206631978,0.013128045356522004,0.11514415095249812,0.7534979543334328,4.116323057562113,3.737141489982605,0.17304978519678116,0.14632833749055862,0.02359845396131277,0.09422613307833672,0.6480532288551331,0.1142565943300724,0.7835315660544986
251,1606.3939990997314,4.044712647298971,3.746074422200521,0.17175883948802947,0.10637940267721811,0.013108017450819413,0.11535362501939138,0.7530230111401484,4.108150869607925,3.7340922355651855,0.17437630891799927,0.14343523979187012,0.023706755600869656,0.0944054014980793,0.637274980545044,0.11421462520956993,0.803344872935479
252,1613.040508031845,4.038497246305147,3.739956029256185,0.17074931661287943,0.1065832793712616,0.013085789000615477,0.11523128350575765,0.7411023573735797,4.1027316600084305,3.728326916694641,0.17193228006362915,0.1442193016409874,0.023558998480439186,0.09383305162191391,0.6418018341064453,0.11387631297111511,0.6884306265288977
253,1619.582356929779,4.039295550684134,3.7411399523417157,0.17145861486593883,0.10621314545472463,0.013054370228201152,0.11526443163553873,0.7287362703255079,4.106530465185642,3.7310723066329956,0.17235593497753143,0.14464009553194046,0.023566365242004395,0.09394535422325134,0.6436803638935089,0.11445225402712822,0.7881625815216711
254,1626.1871581077576,4.038112270832062,3.7403311729431152,0.17022307912508647,0.10633477916320165,0.013059254021694262,0.11558854281902313,0.6658492431354426,4.119123641401529,3.742775559425354,0.17249713093042374,0.14504975825548172,0.023483156226575375,0.09367237240076065,0.6453539431095123,0.11442970111966133,0.6336614793832538
255,1632.8519229888916,4.044130092859268,3.7447546164194745,0.17159395416577658,0.10678924967845281,0.013040300024052461,0.11552115827798844,0.6250806396945809,4.114525243639946,3.7423993349075317,0.172972172498703,0.14281991124153137,0.023569785989820957,0.09372588619589806,0.6376948058605194,0.11480079218745232,0.654738966121392
256,1639.4174489974976,4.036904190977414,3.739375686645508,0.1700790544350942,0.10624448855717977,0.013026098596553008,0.1156645506620407,0.6662146465186692,4.126789886504412,3.744608759880066,0.17333690077066422,0.14775633811950684,0.023500689305365086,0.0932699702680111,0.652952253818512,0.11464739218354225,0.6418123623402804
257,1646.0396370887756,4.044986354808013,3.7460224787394205,0.17217982113361358,0.10643698275089264,0.013019710158308348,0.11555533856153488,0.6856514047875764,4.1265793070197105,3.7441017627716064,0.17348156869411469,0.14786837995052338,0.023552152328193188,0.09336436539888382,0.6504368185997009,0.11441569030284882,0.7180701954183929
258,1652.6806600093842,4.044249111413956,3.745384407043457,0.17098043560981752,0.10668724328279496,0.012990172548840443,0.11573193321625391,0.6474565072235776,4.105243261903524,3.730577230453491,0.17045830935239792,0.14471843838691711,0.023486695252358913,0.09297152608633041,0.643162190914154,0.11496372893452644,0.6433460484444354
259,1659.240314245224,4.032244559129079,3.7337777773539225,0.17047089139620464,0.10661566803852716,0.012961154151707888,0.11578651269276936,0.6944948527501368,4.112223990261555,3.7367037534713745,0.17240102589130402,0.1446598619222641,0.02350048441439867,0.09299017488956451,0.6413892805576324,0.11522257700562477,0.7218816454530137
260,1665.7871580123901,4.036877888441086,3.7392850716908774,0.1705831229686737,0.10615062763293584,0.012940450944006443,0.1159756933649381,0.6408995648595767,4.133418641984463,3.7537803649902344,0.17355017364025116,0.1464315950870514,0.023349384777247906,0.09266990423202515,0.645806759595871,0.1149933710694313,0.6433683203087986
261,1672.5211169719696,4.0343357215325035,3.7363904317220054,0.16975165208180745,0.10653473188479741,0.0129364307038486,0.11595437328020732,0.6467943944199063,4.12426869943738,3.747783660888672,0.17472968250513077,0.1445600986480713,0.023376322351396084,0.09256782755255699,0.642282098531723,0.11485886201262474,0.6479687492437143
262,1679.131821155548,4.035651422540346,3.7376353899637857,0.17065734068552654,0.10634368111689886,0.012909375255306561,0.11596923818190892,0.6785111461715513,4.118680227547884,3.7404847145080566,0.17311445623636246,0.14581914246082306,0.02331126295030117,0.09229018166661263,0.645210862159729,0.11522908508777618,0.700092166998394
263,1685.725520849228,4.033259046574433,3.7351375420888266,0.17002520263195037,0.10655445158481598,0.01289556585252285,0.11604085167249044,0.7027052087452037,4.098959904164076,3.726372480392456,0.17123889178037643,0.1434839889407158,0.023296408355236053,0.09216829761862755,0.6410206258296967,0.11535807326436043,0.726134823816957
264,1692.347944021225,4.029272773861885,3.732060607274373,0.1704646130402883,0.10598993003368377,0.01288506801550587,0.1161582574248314,0.6783579884688985,4.115528933703899,3.740213394165039,0.1736455112695694,0.1442463919520378,0.023328916169703007,0.09212588891386986,0.6409114897251129,0.11520728468894958,0.6615633168991522
265,1698.9440598487854,4.026450388630232,3.729135100046794,0.16984179814656575,0.10619719475507736,0.012851397506892681,0.11633534034093221,0.7555408748755215,4.105143036693335,3.731034517288208,0.17275991290807724,0.14386428147554398,0.023272073827683926,0.09185857325792313,0.6395885050296783,0.1152864582836628,0.7701021757450952
266,1705.5680289268494,4.027209405601025,3.7312779585520426,0.17013279894987743,0.10543252378702164,0.0128411204709361,0.11634152581294378,0.7374102739200076,4.105066645890474,3.7303744554519653,0.17121759802103043,0.1445416957139969,0.023150972090661526,0.09167436510324478,0.64033243060112,0.11528128385543823,0.7102274900886432
267,1712.2814021110535,4.03215131064256,3.73372475306193,0.1706007997194926,0.10656307886044185,0.012829529742399851,0.11642041007677714,0.7731549906027364,4.120471049100161,3.7425211668014526,0.17326635867357254,0.14565835148096085,0.023276369087398052,0.09168573841452599,0.6428254544734955,0.11529738828539848,0.797211179514368
268,1718.959802865982,4.0322935084501905,3.734158817927043,0.1703129529953003,0.10648910701274872,0.01282088238125046,0.11661892334620158,0.688418333573639,4.0913686119019985,3.722021460533142,0.17057394236326218,0.14203009009361267,0.023008499294519424,0.09100570902228355,0.6341979801654816,0.11537376791238785,0.6682925882498761
269,1725.651818037033,4.026522841552893,3.730557330449422,0.16939460337162018,0.10563410470883051,0.012805005193998416,0.11663080503543218,0.64753622344443,4.104979932308197,3.7227221727371216,0.17284634709358215,0.14791729301214218,0.023152099922299385,0.09141794219613075,0.65131875872612,0.11618797481060028,0.6519263643315062
270,1732.2627708911896,4.01886510848999,3.7226692994435626,0.16939602295557657,0.10574889878431956,0.012799840482572714,0.11681678593158722,0.6573388346726977,4.109654899686575,3.73230242729187,0.17119719833135605,0.1458769366145134,0.023079470731317997,0.09121433272957802,0.6449622511863708,0.11594970524311066,0.6284555333101844
271,1738.8473439216614,4.023494256536166,3.7281463464101154,0.16950562795003254,0.10529754807551701,0.012787953050186237,0.11674848099549612,0.6437487832119493,4.105309162288904,3.729810118675232,0.17252076417207718,0.14461933076381683,0.02319951355457306,0.09140264987945557,0.6424155235290527,0.11573317646980286,0.6733327692740756
272,1745.4825809001923,4.023456505934397,3.726476621627808,0.16963051358858744,0.10608231375614802,0.012762798617283503,0.11681201060612996,0.659864352129149,4.0997333116829395,3.7295092344284058,0.1705782189965248,0.14246748387813568,0.023094707168638706,0.09096381068229675,0.6355684399604797,0.11600347608327866,0.6444319532311804
273,1752.075557231903,4.013257656991482,3.71712163289388,0.16827679971853893,0.10599881211916605,0.01274485836426417,0.11704335063695907,0.6513466199770562,4.118036650121212,3.739854574203491,0.17393778264522552,0.14560659229755402,0.023111981339752674,0.09089392423629761,0.644800454378128,0.11623331531882286,0.664465333774836
274,1758.6809720993042,4.022840528190136,3.725720024108887,0.1692130615313848,0.10625698665777843,0.012734934765224656,0.1169766162832578,0.664437950234747,4.102351997047663,3.7248404026031494,0.17063570767641068,0.146096870303154,0.02302414085716009,0.09052478149533272,0.6464022994041443,0.11665172502398491,0.632135040235956
275,1765.3096179962158,4.017739139993986,3.722143809000651,0.16924219528834025,0.10548711667458216,0.012708865959818164,0.11711973796288172,0.6623532667229195,4.104938603937626,3.729367971420288,0.17222754657268524,0.1447284296154976,0.023177665658295155,0.09091268107295036,0.6411033570766449,0.11593581363558769,0.6876255151635635
276,1771.8059680461884,4.019604163865249,3.7226051330566405,0.17004697223504384,0.10598777234554291,0.012708733417093753,0.1172266701857249,0.7250573731249198,4.121747527271509,3.741455316543579,0.17417926341295242,0.14660128951072693,0.0230789827182889,0.0904989019036293,0.6460930109024048,0.11633818224072456,0.7520384993447504
277,1778.368819952011,4.022458909451961,3.7254308541615804,0.16959767639636994,0.10611460854609807,0.012676317058503628,0.11743012169996897,0.694351295694166,4.124862473458052,3.744388222694397,0.17431601136922836,0.14665812253952026,0.02313921693712473,0.09071515500545502,0.6488883197307587,0.11698143556714058,0.6880790079082538
278,1785.0583381652832,4.02750338713328,3.73123885790507,0.1703295687834422,0.10554987241824468,0.012685746109733978,0.11750618517398834,0.6320193096261715,4.111770398914814,3.7335551977157593,0.17339669167995453,0.14575842767953873,0.02294851653277874,0.09018385410308838,0.6463581919670105,0.11683320626616478,0.6210130723684643
279,1791.6646599769592,4.010760753353437,3.716245651245117,0.16860674222310384,0.10510586549838384,0.012652800496046742,0.11767209221919378,0.6980374956022944,4.1142320819199085,3.7352311611175537,0.17601893097162247,0.1454957276582718,0.023061711341142654,0.09016826376318932,0.643839418888092,0.11662766337394714,0.6989178635418458
280,1798.3266730308533,4.01929642111063,3.722939650217692,0.16981855730215709,0.10572374612092972,0.012644173329075177,0.11763140310843785,0.7451858130513948,4.100995399057865,3.7250319719314575,0.1729118973016739,0.14475373923778534,0.023014726117253304,0.0899878516793251,0.64120152592659,0.11670886725187302,0.7140751718073126
281,1805.093183040619,4.008653080463409,3.7146594842274983,0.1679627279440562,0.10500611613194148,0.012626472115516662,0.11776546289523443,0.6283529575863102,4.114243093878031,3.732684373855591,0.17341069132089615,0.14742668718099594,0.022900965996086597,0.08987733349204063,0.648399829864502,0.11717541143298149,0.614092011929296
282,1811.7964589595795,4.003222740689913,3.7085240840911866,0.16819956103960673,0.10529943803946178,0.012614590146889289,0.11782807111740112,0.6648442717231121,4.105683501809835,3.7275251150131226,0.17450790852308273,0.14545221626758575,0.022847484797239304,0.08956164494156837,0.6462977230548859,0.11721569299697876,0.6869116445095736
283,1818.3525619506836,4.001766615112623,3.7066822687784833,0.16776795784632365,0.10560018370548883,0.012610851476589838,0.11780468821525573,0.6892566115531484,4.119729358702898,3.7400639057159424,0.1736970916390419,0.14640845358371735,0.02299537044018507,0.08956621214747429,0.6440357565879822,0.1177077516913414,0.7090763536101232
284,1824.904844045639,4.0057268361250555,3.711116075515747,0.1690295139948527,0.10504800180594126,0.012580906972289085,0.11808908383051554,0.7670936830540427,4.103670164942741,3.7266311645507812,0.17352208495140076,0.14513897895812988,0.022876412607729435,0.08931584656238556,0.6429116427898407,0.11707694083452225,0.822542183729069
285,1831.656082868576,3.9931808163722358,3.699764442443848,0.16714462041854858,0.10492203185955683,0.012574806281675895,0.11810932060082753,0.7356511231020938,4.095837127417326,3.7222564220428467,0.17086195200681686,0.14407486468553543,0.022947673685848713,0.08940815925598145,0.6405433416366577,0.11782772839069366,0.7538642785589227
286,1838.3183329105377,3.996977488696575,3.7033133347829184,0.16795894205570222,0.10484234144290289,0.012568976792196433,0.11822167932987213,0.7917293761723678,4.084514047950506,3.7111843824386597,0.17140095680952072,0.1438145935535431,0.02270290721207857,0.08895187824964523,0.6389386057853699,0.11782505363225937,0.8418091542732584
287,1844.8164989948273,4.001596003770828,3.7067888895670573,0.16807580987612405,0.10538460463285446,0.012544088376065096,0.11820822457472484,0.7209315313820622,4.086158387362957,3.7148468494415283,0.1701137274503708,0.14312733709812164,0.02297217771410942,0.08935964852571487,0.6376602649688721,0.117588821798563,0.6903206112842379
288,1851.527918100357,3.9927797997991243,3.6986843903859454,0.1667230099439621,0.10536695222059886,0.012536676973104477,0.1183493380745252,0.6258073384483709,4.0970135778188705,3.7175042629241943,0.17155706882476807,0.1468653902411461,0.022791916504502296,0.08900708332657814,0.6467253863811493,0.11805646494030952,0.6298696726794014
289,1858.1464920043945,3.990776558717092,3.698494466145833,0.1666900595029195,0.1044685314098994,0.012521565891802311,0.11849256753921508,0.6256988434423364,4.081301715224981,3.7028799057006836,0.17048247903585434,0.14659028500318527,0.02278760075569153,0.08881284669041634,0.648485004901886,0.11802199855446815,0.6531321125002896
290,1864.6675260066986,3.988885727028052,3.6952524820963544,0.1673170357942581,0.1049873635172844,0.012507751553008954,0.11857839673757553,0.7834683046361485,4.084586691111326,3.710194706916809,0.17099743336439133,0.14444663375616074,0.022665007039904594,0.08841390535235405,0.640721321105957,0.11810221150517464,0.8258750790737286
291,1871.4264159202576,3.9941704417268435,3.7004640102386475,0.1673258195320765,0.1050217608610789,0.01249827528372407,0.11878233502308527,0.7680193088122536,4.083800066262484,3.714011549949646,0.17130885273218155,0.1420670449733734,0.022888251580297947,0.08891686424612999,0.6348285973072052,0.11803862079977989,0.7509269179125144
292,1877.9959008693695,3.994848041733106,3.700849994023641,0.16728543639183044,0.1051776647567749,0.012491409356395403,0.11875141014655431,0.7372680500526002,4.088311526924372,3.7114083766937256,0.1696775034070015,0.1460321992635727,0.02269911766052246,0.08843620121479034,0.6470655202865601,0.11801066249608994,0.7574278764731102
293,1884.5362071990967,3.985408675670624,3.691922601064046,0.16618520617485047,0.10519673575957617,0.01248810241619746,0.11888113071521124,0.6133823832953177,4.067579627037048,3.7023818492889404,0.16851657629013062,0.1404697448015213,0.022763628512620926,0.08867275714874268,0.6309362053871155,0.11808082088828087,0.611481621439499
294,1891.177435874939,3.9865531399846077,3.6949368953704833,0.16661535402139027,0.10415428380171458,0.012479926366358996,0.11895312517881393,0.6389826014786059,4.082300443202257,3.7111871242523193,0.17004922777414322,0.1430443525314331,0.022834016010165215,0.08880452066659927,0.6389968693256378,0.1187959797680378,0.6268507450441645
295,1897.7285089492798,3.979819323122501,3.687598196665446,0.16531016131242116,0.10478302290042242,0.012446642480790615,0.11919015894333522,0.6325670988157654,4.078345127403736,3.708467125892639,0.17021973431110382,0.14238406717777252,0.022732301615178585,0.0881858766078949,0.635553777217865,0.11844982206821442,0.6254641361394391
296,1904.377678155899,3.9752136463920276,3.6827694098154704,0.16515139043331145,0.10493427067995072,0.012443548782418172,0.11935519725084305,0.6991835679134066,4.077258959412575,3.702406406402588,0.16876381635665894,0.1452353224158287,0.022569543682038784,0.08788064867258072,0.6432906687259674,0.11883585527539253,0.7056524012756629
297,1910.987447977066,3.9760388230284054,3.68406236966451,0.16539116203784943,0.10464043617248535,0.012433342604587476,0.11944194883108139,0.7026336702481719,4.068557113409042,3.698172688484192,0.1684507131576538,0.14307953417301178,0.022731068544089794,0.08802898228168488,0.6381722390651703,0.1187310479581356,0.7071370477830563
298,1917.5773329734802,3.9760873461763064,3.6842954953511557,0.1659313827753067,0.10441307971874873,0.012408799258992076,0.11952609519163768,0.6349309141231597,4.045940697193146,3.678798198699951,0.1674557328224182,0.14170731604099274,0.02261130791157484,0.08797187358140945,0.6350115537643433,0.1190907470881939,0.5817469182271975
299,1924.1725590229034,3.973815622925758,3.681594212849935,0.16523460348447164,0.10480205416679382,0.012400773959234357,0.11960790952046713,0.6423991797424683,4.0805954448878765,3.7100800275802612,0.17160554975271225,0.14235632121562958,0.02260176744312048,0.08768681064248085,0.6379089057445526,0.11882946267724037,0.6573036860352705
300,1930.720290184021,3.96836263636748,3.6780715306599934,0.16461994846661884,0.10399056573708852,0.012394010586043199,0.11975135654211044,0.6261942944042471,4.058401055634022,3.688360571861267,0.16801561415195465,0.14301633834838867,0.022548547945916653,0.08779580146074295,0.6349820792675018,0.11895112320780754,0.6379575379367527
301,1937.170949935913,3.976561079919338,3.6834325790405273,0.1653805007537206,0.10521912525097529,0.012386496691033245,0.11983523269494374,0.6673955052728331,4.052125450223684,3.6867940425872803,0.16704612225294113,0.14090417325496674,0.022740847431123257,0.08805013075470924,0.6314181089401245,0.1189526915550232,0.671170450064825
302,1943.8269848823547,3.9648025463024776,3.673859691619873,0.1645887831846873,0.10432423154513042,0.012388243308911721,0.12004231810569763,0.6732169043777411,4.089664496481419,3.7139666080474854,0.17131052911281586,0.14502131193876266,0.022641430608928204,0.08769673481583595,0.6451979279518127,0.11976684629917145,0.710559297462161
303,1950.4732520580292,3.968998402853807,3.678011735280355,0.16504562596480052,0.10423192729552587,0.01235540322959423,0.12014024506012598,0.7430204948830663,4.048416666686535,3.681260824203491,0.16769950091838837,0.14165304601192474,0.022565956227481365,0.08733861520886421,0.6323302090167999,0.11920119449496269,0.7305032351772214
304,1957.0396211147308,3.9627982184290884,3.670929797490438,0.16441024243831634,0.1048316498597463,0.012332415006433924,0.12029758046070735,0.743979620714533,4.083885602653027,3.711552619934082,0.1713356226682663,0.1433325856924057,0.02256943564862013,0.08724407479166985,0.6396312713623047,0.12036841735243797,0.7386727920010955
305,1963.7045459747314,3.958749436835448,3.667517868677775,0.16406892041365306,0.10459855397542318,0.012355274800211192,0.1204690749446551,0.7502180287914094,4.0514954924583435,3.6820932626724243,0.1672942042350769,0.14287756383419037,0.022635122761130333,0.08726156130433083,0.634889155626297,0.11971871554851532,0.7212606092650147
306,1970.312360048294,3.9582865655422212,3.6683089256286623,0.1638955553372701,0.10401493112246195,0.012344315322116018,0.12056005746126175,0.6821583922350223,4.05812032148242,3.687453866004944,0.17000975459814072,0.14283078908920288,0.02249279525130987,0.08707879483699799,0.6383369266986847,0.12021350488066673,0.7032212500227619
307,1976.8429679870605,3.953321412205696,3.663568147023519,0.16322074929873148,0.10407144526640574,0.012303235164533058,0.12066536496082941,0.6246907074783384,4.053228780627251,3.6852222681045532,0.16778865456581116,0.14205609261989594,0.022555215284228325,0.08709349855780602,0.6336469650268555,0.11952409893274307,0.6125913883428147
308,1983.3568229675293,3.948394047220548,3.6599703311920164,0.16275604168574015,0.10352284759283066,0.012308145811160406,0.12068424423535665,0.6500620786050282,4.071778252720833,3.7015780210494995,0.16928091645240784,0.1427798867225647,0.022619372233748436,0.08729254081845284,0.6378127336502075,0.12085158377885818,0.6164777765936733
309,1989.948128938675,3.9543996304273605,3.6631691296895346,0.16340139706929524,0.1047649011015892,0.0122924176355203,0.12087038854757945,0.6402517742079988,4.048423048108816,3.679373025894165,0.16693591326475143,0.1427910327911377,0.022624618373811245,0.08710458502173424,0.6356743574142456,0.11963925510644913,0.64500576556522
310,1996.4719932079315,3.9483874986569085,3.6590139547983807,0.16329541206359863,0.10386291891336441,0.012297868666549524,0.12105658650398254,0.7023748714116235,4.061820663511753,3.6902109384536743,0.16992487013339996,0.1433236449956894,0.022595522925257683,0.08690496161580086,0.639648824930191,0.12011457234621048,0.7138414056085848
311,2003.04123711586,3.9405107513070106,3.652535247802734,0.16242686410744986,0.10338103572527567,0.012283207072565952,0.12117187529802323,0.7188289790149974,4.045884847640991,3.6722195148468018,0.16754698753356934,0.1449459195137024,0.022618701681494713,0.08673367276787758,0.6416106820106506,0.12013927474617958,0.6906019885372456
312,2009.7086808681488,3.943633623421192,3.6542375882466636,0.1633209119240443,0.1038677896062533,0.012267301386843125,0.12119688640038172,0.7616543735836164,4.045269664376974,3.6746625900268555,0.16926410049200058,0.14298751205205917,0.02244574297219515,0.08637944981455803,0.6388130784034729,0.12083403021097183,0.7767559154352112
313,2016.279825925827,3.929627713064353,3.6413896878560386,0.16175375481446583,0.10368057390054067,0.012278197007253766,0.12117415368556976,0.7564790422357373,4.054069768637419,3.6819989681243896,0.16835611313581467,0.14394637197256088,0.022258777171373367,0.08624233677983284,0.6397664546966553,0.1215294823050499,0.7635578264731413
314,2022.9868128299713,3.9427932520707447,3.6536404609680178,0.1632059415181478,0.10377491017182668,0.012224359391257166,0.12147309134403865,0.7418986629056721,4.053017031401396,3.680760145187378,0.1682645007967949,0.1440623179078102,0.022531197406351566,0.08662113919854164,0.6400888562202454,0.12046369165182114,0.7388405711829554
315,2029.640697002411,3.929457015792529,3.6412304719289144,0.16144616802533468,0.10375172992547353,0.01223736914495627,0.12153651316960652,0.6718392144528041,4.014982208609581,3.650937795639038,0.16453817486763,0.14088766276836395,0.022484611719846725,0.08630771189928055,0.6302841007709503,0.12086106091737747,0.6744573808538251
316,2036.237419128418,3.9281812697649,3.639698108037313,0.1616643269856771,0.10382549911737442,0.012225265925129255,0.12164632181326548,0.7161880871372854,4.010194815695286,3.645348906517029,0.16358934342861176,0.14152561873197556,0.022499995306134224,0.08633241429924965,0.6312299072742462,0.12082001939415932,0.6922604884486827
317,2042.9392051696777,3.9283796429634092,3.6398881912231444,0.16124024192492167,0.10393566538890203,0.01222088352466623,0.12183751066525778,0.6837819415989682,4.046645309776068,3.675320267677307,0.16899650543928146,0.14341339468955994,0.02254606783390045,0.0864296555519104,0.6386911869049072,0.12136311829090118,0.6682436006963017
318,2049.6136059761047,3.9190069809556007,3.6316493352254233,0.16063315371672313,0.103520534435908,0.012197300574431818,0.12201638370752335,0.6749354127969152,4.0180364809930325,3.6506869792938232,0.16469421237707138,0.14250119775533676,0.022409627214074135,0.08614537492394447,0.6345877647399902,0.12156308069825172,0.7038873109865326
319,2056.180778980255,3.920285866657893,3.63289376894633,0.16071253220240275,0.10351791580518087,0.012198979190240303,0.12209988037745158,0.7371925015174827,4.058809112757444,3.6815409660339355,0.17025195807218552,0.14607108384370804,0.02229991741478443,0.08581582084298134,0.647192120552063,0.12160272523760796,0.7124779047986346
320,2062.9120461940765,3.917041923602422,3.629680601755778,0.16072932680447896,0.1034983292222023,0.012180444256712993,0.12220410207907359,0.7613974952635209,4.009667221456766,3.640634536743164,0.16283149272203445,0.14380846917629242,0.022404310293495655,0.08590714260935783,0.6368342638015747,0.12099063023924828,0.6951436118785512
321,2069.617560148239,3.9179160078366597,3.630562988917033,0.16081518332163494,0.1034727136294047,0.01216744516665737,0.12229079753160477,0.723349701834788,4.013289373368025,3.6436715126037598,0.16421806067228317,0.14375441521406174,0.022343430668115616,0.08573919162154198,0.6404868960380554,0.12179391086101532,0.7016287473003688
322,2076.2248260974884,3.9097207064429917,3.6235761324564617,0.1598990152279536,0.10309753318627675,0.012179993620763222,0.12241096943616867,0.6170143158400295,4.025238286703825,3.6533294916152954,0.1665790006518364,0.1443096473813057,0.022545707412064075,0.08623776212334633,0.6402685344219208,0.12206147611141205,0.6012124816646977
323,2082.9447889328003,3.9073471248149874,3.621415615081787,0.15983870426813762,0.10300607879956564,0.012182152861108382,0.12257421861092249,0.6855762395897561,4.013263218104839,3.6414294242858887,0.16316615045070648,0.1451253592967987,0.022446652874350548,0.08581128716468811,0.6395761072635651,0.12179123610258102,0.7023005923579164
324,2089.5565781593323,3.9112707952658337,3.6246907711029053,0.1609733243783315,0.10304668098688126,0.012147708827008804,0.12275689045588176,0.779860969493086,4.0053163059055805,3.6396325826644897,0.16388682276010513,0.1418701559305191,0.02247150707989931,0.08569249510765076,0.6311942934989929,0.1217404305934906,0.8014289779383741
325,2096.2020530700684,3.906716000040372,3.620112737019857,0.15983169277509054,0.10334370831648508,0.012138388367990654,0.12290299584468206,0.7568491731775693,4.020599212497473,3.646659255027771,0.16653578728437424,0.14533603191375732,0.022286390885710716,0.08538498356938362,0.6438159942626953,0.12245442718267441,0.7398821852971695
326,2102.758481025696,3.905207105477651,3.6189202308654784,0.160043736298879,0.10313250323136648,0.012136871181428432,0.12308024068673452,0.748397149603969,4.008815638720989,3.6404021978378296,0.1642964631319046,0.14313260465860367,0.022367645986378193,0.0855887122452259,0.6374025344848633,0.12285667657852173,0.7239043593924362
327,2109.4648299217224,3.895398261149724,3.6096680323282877,0.15902593731880188,0.10310863008101781,0.012123187398537993,0.12319303353627523,0.7921056919688844,4.019145999103785,3.645207405090332,0.1677270010113716,0.14503754675388336,0.02239659707993269,0.08561807125806808,0.6424953937530518,0.12232410162687302,0.8085751681087568
328,2116.003294944763,3.8954904109239576,3.610030158360799,0.15954718391100567,0.10284333030382792,0.012112501294662554,0.12329334964354834,0.847380088317404,3.9906990490853786,3.623048186302185,0.16259770840406418,0.14317600429058075,0.022248362191021442,0.08519739285111427,0.6358670294284821,0.12226445972919464,0.835802819637423
329,2122.6244852542877,3.8915023475885393,3.606877501805623,0.15877313216527303,0.10261913985013962,0.012103615654632449,0.12334809154272079,0.7668364007982041,3.9978987723588943,3.628185272216797,0.16338703036308289,0.14400999248027802,0.02230937872081995,0.08529841154813766,0.6391066014766693,0.12212355807423592,0.7864094757206621
330,2129.1766650676727,3.889683091143767,3.6038639386494955,0.1581075221300125,0.10338269571463267,0.012099407240748405,0.1236241320768992,0.6538124193143842,4.031248275190592,3.6505154371261597,0.16806522756814957,0.14835011214017868,0.022145647555589676,0.08492523804306984,0.6518256664276123,0.12312482669949532,0.6652377902411832
331,2135.6538429260254,3.885348853468895,3.599429480234782,0.15794540246327718,0.10347333600123723,0.012091664504259825,0.12371565699577332,0.6826017686351435,4.001505270600319,3.629487991333008,0.16493234038352966,0.14477555453777313,0.022298535332083702,0.08510569483041763,0.6426169574260712,0.12305635213851929,0.6866919806967545
332,2142.1868460178375,3.8836890478928883,3.5993010997772217,0.15768998662630718,0.10277147740125656,0.012073483535399039,0.12380051016807556,0.662210816696555,3.989310849457979,3.624644160270691,0.16284508258104324,0.14162207394838333,0.02234311681240797,0.08522133156657219,0.63369420170784,0.12304623425006866,0.6853357563269151
333,2148.8585221767426,3.878670414288839,3.5939953486124674,0.15743984977404277,0.10297757039467494,0.01207058095994095,0.1240169271826744,0.7442679756055501,3.9939806759357452,3.6204193830490112,0.1631353795528412,0.1459968015551567,0.02229093573987484,0.08511858806014061,0.6450335085391998,0.12287411838769913,0.7739504416165046
334,2155.484442949295,3.883607282737891,3.5980788230895997,0.15792535245418549,0.10328289171059926,0.012061084884529312,0.12416091610987981,0.7369925761640267,4.013430170714855,3.6405004262924194,0.16547630727291107,0.1450957953929901,0.02208631858229637,0.08468732237815857,0.6446551084518433,0.12383097410202026,0.7411034018168113
335,2162.110586166382,3.879750623802344,3.5949689229329427,0.15754632254441578,0.1030042697985967,0.012056605253989498,0.12422894885142645,0.7227201793967327,3.9960807748138905,3.623874068260193,0.16354454308748245,0.14521721750497818,0.02223906386643648,0.08491173014044762,0.6424597799777985,0.12334024906158447,0.7507109139823138
336,2168.7298200130463,3.869210956990719,3.585189119974772,0.15647763510545096,0.10289150973161061,0.012050314464916785,0.1244684785604477,0.740700784045553,3.9794853888452053,3.609366774559021,0.1621481403708458,0.1445222720503807,0.022129826247692108,0.08458837121725082,0.64042729139328,0.12321411073207855,0.7409082510960211
337,2175.301167011261,3.875537025928497,3.5902137597401937,0.156720103820165,0.10348160713911056,0.012048890658964714,0.12453005611896514,0.6884578961085339,4.010144762694836,3.6334409713745117,0.16448839008808136,0.14722979813814163,0.022316214628517628,0.08486002683639526,0.6477875113487244,0.12365612387657166,0.6865010041472267
338,2181.891359090805,3.8692039430141447,3.585096565882365,0.1563364028930664,0.10296958784262339,0.012040969155107936,0.12465483744939168,0.5976648540286906,3.990077394992113,3.6158254146575928,0.16137851029634476,0.14678136259317398,0.022203220054507256,0.0845421589910984,0.6471470594406128,0.12395339086651802,0.591842295460171
339,2188.538197040558,3.867339800794919,3.582690985997518,0.15624902645746866,0.10326215078433355,0.012025201988096038,0.1249399408698082,0.7333342856927507,3.9894810430705547,3.617520332336426,0.16349642723798752,0.1451062485575676,0.02207584585994482,0.08427261561155319,0.6453175246715546,0.1247873604297638,0.797484467501184
340,2195.266268968582,3.8597126508752506,3.5776512463887533,0.15548790991306305,0.10215872476498286,0.012012390481928984,0.12492670267820358,0.6125309637699697,3.981180641800165,3.604908585548401,0.16297069936990738,0.1473933532834053,0.022240089252591133,0.08454641327261925,0.6502306163311005,0.12424397841095924,0.6001870246660576
341,2201.8868250846863,3.861501640578111,3.5775485833485923,0.15598382850488027,0.10298057148853938,0.012033410680790743,0.12526513586441676,0.650006333874596,3.9770669788122177,3.6089285612106323,0.1626797914505005,0.14339926093816757,0.02210009004920721,0.08433141559362411,0.6378381252288818,0.12456938251852989,0.6763272043893344
342,2208.5571467876434,3.8564606100320815,3.572261619567871,0.15584147572517396,0.10313912630081176,0.01199604778861006,0.12529920786619186,0.7190710762827685,3.9558229967951775,3.5871400833129883,0.15868811309337616,0.14466942846775055,0.02228300180286169,0.08449986204504967,0.6378916203975677,0.12439168617129326,0.7294822168804288
343,2215.176810026169,3.856529192129771,3.572412697474162,0.15590184728304546,0.10308278550704321,0.011993551766499877,0.12535834511121113,0.7139721783753878,3.9679080434143543,3.5992751121520996,0.16051913052797318,0.14418668299913406,0.02225045207887888,0.08451968058943748,0.6396279335021973,0.1245918795466423,0.7178836396663218
344,2221.8530690670013,3.850302105645339,3.567944796880086,0.15439830720424652,0.10257907758156458,0.011998080524305503,0.12571245580911636,0.6700725912665585,3.9526603892445564,3.5854119062423706,0.1597103625535965,0.1436966508626938,0.022187978960573673,0.08415381237864494,0.6396293640136719,0.12491745501756668,0.6740862418664796
345,2228.3539719581604,3.85148254185915,3.570349629720052,0.15564810534318288,0.1016544297337532,0.01198576473010083,0.1258071834842364,0.6671782645762725,3.9590931460261345,3.5877288579940796,0.1600731462240219,0.14566385746002197,0.02227124758064747,0.08415725082159042,0.6449633836746216,0.12475236877799034,0.6546055167965555
346,2234.8996880054474,3.8480072538057963,3.5655409336090087,0.1547687292098999,0.10254097779591878,0.011979263958831627,0.12600374271472295,0.6996403492430238,3.947591621428728,3.581316590309143,0.15978796035051346,0.14319052547216415,0.02223572786897421,0.08401656523346901,0.6388488113880157,0.12499791011214256,0.6940868786561231
347,2241.642196893692,3.839647908508778,3.557583443323771,0.15408377349376678,0.10251128921906154,0.011970900061229865,0.12606423596541086,0.7613458311423482,3.9637494049966335,3.590097665786743,0.16129305213689804,0.14650260657072067,0.022231275215744972,0.0841747410595417,0.6455530524253845,0.12509724870324135,0.7414820298420992
348,2248.213109970093,3.8366075719396275,3.5552502473195395,0.15373604396979015,0.10224465131759644,0.011962371536840995,0.12627349098523458,0.6842691894966537,3.9524157643318176,3.5847729444503784,0.1582498848438263,0.14425893872976303,0.02213961537927389,0.08381244167685509,0.6402775347232819,0.12539928779006004,0.6655620312063917
349,2254.867774963379,3.831947475671768,3.5496967156728108,0.15406994422276815,0.10260789394378662,0.011966472662364443,0.12635660668214163,0.7620321025460419,3.9565680138766766,3.5855209827423096,0.1609986647963524,0.1452738493680954,0.022280307486653328,0.08421937003731728,0.6410187780857086,0.12561354786157608,0.8069060346610375
350,2261.5166862010956,3.83060543636481,3.549674654006958,0.15344040195147196,0.10210529069105784,0.011950377079968651,0.12664246757825215,0.6529438369951955,3.939089462161064,3.5735188722610474,0.15810224413871765,0.14325973391532898,0.022144032642245293,0.08372687920928001,0.6376305520534515,0.12588053196668625,0.6438153702100184
351,2268.1400561332703,3.8338464091221494,3.5529493490854898,0.1541056533654531,0.10192211667696635,0.011940560272584359,0.12677891651789347,0.6833472942398996,3.9713539965450764,3.599378824234009,0.16179967671632767,0.14553766697645187,0.02218316774815321,0.08402504026889801,0.6431705355644226,0.1262679025530815,0.7017447337712693
352,2274.757600069046,3.829987409710884,3.5484518369038898,0.15370628039042156,0.10234121630589167,0.011944042177249987,0.1269144962231318,0.735173961129283,3.9268715158104897,3.5618094205856323,0.15794505178928375,0.14304478466510773,0.022086935117840767,0.08362527936697006,0.6385907530784607,0.12570446357131004,0.7298325381368328
353,2281.2972841262817,3.8250251173973084,3.54494473139445,0.15341365933418274,0.10168677816788356,0.011946740529189507,0.12693565487861633,0.6482647435206251,3.930449530482292,3.5659236907958984,0.1589929163455963,0.1425146907567978,0.022264842875301838,0.08399862423539162,0.6373128294944763,0.12622854858636856,0.6292839747568422
354,2287.9618821144104,3.820095405479272,3.540154457092285,0.1521050085624059,0.10194422205289205,0.011918761953711509,0.12724560598532358,0.6709444526768014,3.9362946152687073,3.5716001987457275,0.15814822912216187,0.1428101509809494,0.02208388689905405,0.08339910954236984,0.6384924948215485,0.12613176554441452,0.6948765888672517
355,2294.6249809265137,3.8190652300914127,3.5381616910298663,0.15297736525535582,0.10220742821693421,0.011935713607817889,0.12738167395194372,0.7731294571778923,3.9548045732080936,3.5851465463638306,0.16269854456186295,0.1441543772816658,0.022102249786257744,0.08367961645126343,0.6406011283397675,0.1267024725675583,0.7744618413763649
356,2301.2509031295776,3.8209613750378293,3.5408843994140624,0.15344708959261577,0.10167671541372934,0.01192496477936705,0.12759624421596527,0.7367812879315235,3.9284231550991535,3.560994029045105,0.15629182010889053,0.14464160799980164,0.022277687676250935,0.08369911834597588,0.6395227015018463,0.12701689451932907,0.722655449111321
357,2307.90869808197,3.819206334153811,3.5385104497273763,0.1522644817829132,0.10228182176748911,0.011907502325872581,0.12780040204524995,0.7148281018511949,3.9323206059634686,3.5650694370269775,0.1572735831141472,0.1443071886897087,0.022125903517007828,0.08335071802139282,0.64211705327034,0.12686262279748917,0.7170055445563588
358,2314.6961448192596,3.8150037561853725,3.534441868464152,0.15185531079769135,0.1023171161611875,0.011900462846582135,0.12787673672040303,0.6724417061725532,3.94237606972456,3.5751891136169434,0.15979917347431183,0.14364368468523026,0.02223603893071413,0.08361450582742691,0.640906810760498,0.12688284367322922,0.6651203691768822
359,2321.4086480140686,3.810971608757973,3.531180238723755,0.15164225498835246,0.10198512127002081,0.011890796991065145,0.12808029452959696,0.6896080017227965,3.9144091084599495,3.5521390438079834,0.15535478293895721,0.14229633659124374,0.022044694051146507,0.08318548277020454,0.6365659236907959,0.12700840085744858,0.6795827651629638
360,2328.2300448417664,3.809460353354613,3.5306516170501707,0.15146904885768891,0.10153710593779881,0.01190002386768659,0.1282840698957443,0.6660683138393376,3.913733970373869,3.547910690307617,0.15620487183332443,0.14386042207479477,0.0222647525370121,0.08358180522918701,0.6365198194980621,0.12749040871858597,0.675189768680013
361,2334.844053030014,3.802457869052887,3.523519817988078,0.15060224533081054,0.10181846419970195,0.011872568757583697,0.12844243546326956,0.6628201375133401,3.9210959523916245,3.5509707927703857,0.15583419799804688,0.14610403031110764,0.022083916701376438,0.0830668956041336,0.6452473402023315,0.12739235162734985,0.6641989934541238
362,2341.4420680999756,3.7996142307917276,3.5210092067718506,0.15062401294708253,0.10164650877316793,0.011888248147442937,0.12863026261329652,0.6711000970253294,3.9155971072614193,3.551004648208618,0.15565647929906845,0.14338210970163345,0.021894113160669804,0.0828445702791214,0.6374726295471191,0.12799856811761856,0.6496444974806639
363,2348.2153000831604,3.795040538410346,3.5165997982025146,0.15079346795876822,0.10152200311422348,0.011879377765581012,0.12876643935839335,0.6449787796173732,3.905344307422638,3.5419458150863647,0.15679100155830383,0.14250149577856064,0.022175409831106663,0.0832725279033184,0.636201411485672,0.12794142961502075,0.6560173961648743
364,2354.913255929947,3.796848666171233,3.51900151570638,0.15058226486047108,0.10127800901730856,0.011859171356384953,0.1289466142654419,0.6553031058440482,3.9221631065011024,3.5540308952331543,0.15555252134799957,0.14517797529697418,0.022122183814644814,0.08317834138870239,0.6451793611049652,0.1283034011721611,0.6516008082540083
365,2361.5493171215057,3.792382131020228,3.5143550395965577,0.14981607000033062,0.10155952821175257,0.011849540766949456,0.1291513701279958,0.6461343940871187,3.913759931921959,3.545631766319275,0.15635117888450623,0.14497628808021545,0.022048653103411198,0.08304337412118912,0.6446808576583862,0.1284346505999565,0.6733451341740566
366,2368.1429069042206,3.7923884163300197,3.514044761657715,0.150568954149882,0.10152958879868189,0.011849746604760488,0.1292329102754593,0.6903741326749511,3.9180894270539284,3.5502548217773438,0.1556655615568161,0.1450009122490883,0.022062527015805244,0.08290939778089523,0.6410941183567047,0.12833420932292938,0.7019328029199122
367,2374.739984035492,3.7869584441184996,3.5101670265197753,0.14942182699839274,0.101040252049764,0.011837288923561572,0.12962386012077332,0.7244756107087753,3.9234817400574684,3.553210496902466,0.15758638083934784,0.14573902636766434,0.022019567899405956,0.08269583806395531,0.6448476910591125,0.12882870435714722,0.8029566710838049
368,2381.2698409557343,3.786028880874316,3.5077144622802736,0.14964191118876138,0.10174673149983088,0.011843970821549496,0.12962505221366882,0.6966028510712055,3.9116325676441193,3.5443915128707886,0.15491771697998047,0.14489109814167023,0.022081589326262474,0.08306670933961868,0.6415466368198395,0.12893693894147873,0.661499540468865
369,2387.9149980545044,3.7829030533631642,3.5050342082977295,0.14915568232536316,0.1016455019513766,0.011826764124756058,0.12987500031789143,0.6737602036842139,3.900150865316391,3.53167188167572,0.1540125608444214,0.14573635160923004,0.021990456618368626,0.08264066651463509,0.6445293426513672,0.1289302036166191,0.679995868821577
370,2394.588855981827,3.7805362741152444,3.502956247329712,0.149076513449351,0.10152088503042857,0.011820018601914247,0.13003162940343221,0.6706800578367372,3.895417220890522,3.529894471168518,0.15408127009868622,0.1442410573363304,0.021950222551822662,0.08253024518489838,0.6425255239009857,0.12901809066534042,0.6964841770222898
371,2401.291823863983,3.7751412853598594,3.49831059773763,0.14851468900839487,0.10128667155901591,0.01182079860009253,0.13024642070134482,0.6178158376006818,3.9032720886170864,3.535269021987915,0.1572011634707451,0.14470124244689941,0.022008400410413742,0.08264550939202309,0.6414961218833923,0.1293153017759323,0.6252962328166486
372,2407.958909034729,3.7776468127965925,3.5004594961802167,0.149477219581604,0.10122435341278711,0.011834413511678576,0.1303685446580251,0.7817230912453713,3.892369844019413,3.527314782142639,0.155380979180336,0.14368228614330292,0.02189149148762226,0.08239584788680077,0.6392649412155151,0.12944452464580536,0.8260754060938554
373,2414.7290182113647,3.771429847180843,3.4940253098805747,0.14884302914142608,0.10149151136477788,0.011809799882272879,0.13045420944690705,0.7636948851300751,3.8910424523055553,3.5252450704574585,0.15472569316625595,0.14421726763248444,0.022106628865003586,0.08267311379313469,0.6392231285572052,0.1294918954372406,0.7745750705058531
374,2421.5134630203247,3.7650401333967847,3.4881561279296873,0.14802997907002766,0.10143450796604156,0.011795489536598324,0.1306558718283971,0.6948287178621707,3.9084362126886845,3.540575385093689,0.15529585629701614,0.1451064497232437,0.02203762624412775,0.08250625804066658,0.6432324051856995,0.1297045275568962,0.6491501675268043
375,2428.5032720565796,3.766665343443553,3.488987398147583,0.14884503285090128,0.1016277144352595,0.01179606948668758,0.13094916542371113,0.7797687974955558,3.8833320401608944,3.5157079696655273,0.1541442796587944,0.14527596533298492,0.021911215968430042,0.08214006945490837,0.6414228975772858,0.13008103519678116,0.8088944194964519
376,2435.115607023239,3.7653896043697994,3.488236363728841,0.1482191801071167,0.1015218252936999,0.011801646758491794,0.13102766772111257,0.7113422147636134,3.890174839645624,3.5235888957977295,0.15420601516962051,0.1447414681315422,0.022024301812052727,0.0824226588010788,0.6394399106502533,0.13035254925489426,0.7321505159027281
377,2441.81232213974,3.761656286815802,3.4847566286722818,0.14735836088657378,0.10161023885011673,0.011786371655762195,0.1313745121161143,0.6377977560171513,3.878336425870657,3.5166133642196655,0.15278338640928268,0.14266568422317505,0.021909535862505436,0.08223685994744301,0.6371440291404724,0.13001853972673416,0.6264599167235423
378,2448.584393978119,3.7559626777966817,3.479373327891032,0.14694768985112508,0.10155775249004365,0.01179533867786328,0.13143104314804077,0.6745421085161745,3.896326530724764,3.5276362895965576,0.1546388939023018,0.14568539708852768,0.021950670517981052,0.08225932717323303,0.6433411240577698,0.13060162961483002,0.6970282806197872
379,2455.150078058243,3.752253897488117,3.475558296839396,0.14673141141732535,0.1016649474700292,0.011775088465462128,0.131757323940595,0.7267131302714307,3.891852091997862,3.522808074951172,0.1556137129664421,0.14561858028173447,0.02203755546361208,0.08237709477543831,0.6419617533683777,0.13054490089416504,0.7233412582393152
380,2461.7821278572083,3.7508135358492534,3.4746477127075197,0.14657974243164062,0.10143797596295674,0.011777477338910103,0.13186485568682352,0.7028944100256026,3.8827152475714684,3.5163222551345825,0.15300719439983368,0.1449446976184845,0.021913676522672176,0.08211365714669228,0.6408223211765289,0.13059238344430923,0.7013356854493316
381,2468.4908270835876,3.7492053856452308,3.4737903912862143,0.146540629863739,0.10107233971357346,0.01176351021664838,0.13202446897824605,0.7183666517688131,3.8805928602814674,3.515905022621155,0.15557651221752167,0.1434497907757759,0.022074359469115734,0.08243776485323906,0.6377255320549011,0.13104544579982758,0.704400677807598
382,2475.0875980854034,3.7491455475489297,3.4725256125132242,0.14675875504811606,0.10162027875582377,0.011758342881997426,0.13219379186630248,0.7750006613215573,3.8823521584272385,3.5145552158355713,0.15421411395072937,0.14534494280815125,0.02198693621903658,0.08224495500326157,0.6417897343635559,0.13125157356262207,0.7407505855164465
383,2481.6758258342743,3.7439997096856437,3.46730850537618,0.14618183175722757,0.10180014421542485,0.011772618753214677,0.13226692676544188,0.7608542019440937,3.887992423027754,3.5202234983444214,0.1544811949133873,0.1452641636133194,0.02183165866881609,0.08195393905043602,0.6451186537742615,0.13141700625419617,0.7930594865265286
384,2488.369010925293,3.743413937588533,3.468174441655477,0.1467327227195104,0.10093656728665033,0.011753054211537044,0.1325473646322886,0.7890489121319458,3.8658728152513504,3.4983203411102295,0.15385136008262634,0.14531339704990387,0.02198638767004013,0.08209017291665077,0.64303919672966,0.13176391273736954,0.829066969503715
385,2495.02383685112,3.7351952622334164,3.460330327351888,0.14572106599807738,0.10100220094124476,0.011775341102232535,0.13279394408067066,0.7173374369279473,3.87490339204669,3.5050435066223145,0.15326156467199326,0.14661455154418945,0.022190166637301445,0.08258151635527611,0.6467976272106171,0.13159098476171494,0.7501769458627809
386,2501.6334137916565,3.7390193447470663,3.4625422159830728,0.14569317400455475,0.10181527088085811,0.011743021508057913,0.1328436940908432,0.7834648779058633,3.8682693280279636,3.5026071071624756,0.15226445347070694,0.1447649970650673,0.021961646154522896,0.08191754296422005,0.641742616891861,0.13172630220651627,0.7990269151991697
387,2508.2778749465942,3.7321277250846228,3.457449261347453,0.1450124979019165,0.10108610739310582,0.011757579864934087,0.13298806349436443,0.7093942077013821,3.8563137724995613,3.494091749191284,0.15260444581508636,0.14295990020036697,0.021816263906657696,0.08187677711248398,0.6342260539531708,0.1324198991060257,0.710547060063028
388,2514.9519209861755,3.730073298017184,3.454200045267741,0.14476845264434815,0.1017445132136345,0.011749538344641526,0.13336306413014729,0.6882228449689337,3.851770244538784,3.4886984825134277,0.15101300179958344,0.1437826305627823,0.022128896787762642,0.08213116973638535,0.639299750328064,0.1322065070271492,0.6472649063896305
389,2521.5308361053467,3.7219100634257,3.448289426167806,0.1444221556186676,0.10070477972428003,0.011725812094906966,0.13343240022659303,0.7150555642383382,3.861918367445469,3.498143196105957,0.1528327912092209,0.14367938786745071,0.022056780755519867,0.0820571593940258,0.6380932629108429,0.13272425532341003,0.7616648640344624
390,2528.182605981827,3.7285327702760696,3.453401279449463,0.14502240220705667,0.1013101448615392,0.011726404586806894,0.1336891273657481,0.6991977644254919,3.8618480153381824,3.499239444732666,0.1553691402077675,0.14246200025081635,0.021951803006231785,0.08181335404515266,0.6341393887996674,0.13305705040693283,0.713469065460848
391,2534.797904253006,3.7193705489238105,3.445346450805664,0.14447588523228963,0.10089307775100072,0.011720165098085999,0.13386214276154837,0.7034247047816463,3.8487792052328587,3.4843509197235107,0.15234453231096268,0.1441280096769333,0.022058045491576195,0.0818694569170475,0.640224277973175,0.13318649679422379,0.706687760686507
392,2541.340162038803,3.717949979007244,3.4433773676554362,0.1437037060658137,0.10136037915945054,0.011711318464949726,0.1341113825639089,0.6602004063515635,3.8558322191238403,3.4933000802993774,0.15332835912704468,0.14293397963047028,0.022002453915774822,0.08181250467896461,0.6350674331188202,0.13332455605268478,0.6557991978486846
393,2547.9814178943634,3.7132998287677763,3.4388935407002768,0.14387019872665405,0.10123559435208639,0.011707390658557415,0.1342205931742986,0.7393125883676156,3.8605813421308994,3.4911166429519653,0.1531986966729164,0.14643267542123795,0.02191762998700142,0.0817306786775589,0.6440019011497498,0.13394874334335327,0.7727270736123183
394,2554.614940881729,3.7093762854735055,3.4357468128204345,0.1441334863503774,0.1007813647389412,0.011717828533922633,0.1345702052116394,0.7521407147423896,3.849991485476494,3.4823609590530396,0.15185248851776123,0.14585214108228683,0.021905592642724514,0.08189814910292625,0.64295294880867,0.13339175283908844,0.7323179953417189
395,2561.3473489284515,3.7109378879268964,3.4365962664286296,0.14366794129212698,0.10125382542610169,0.011695216689258815,0.13467165927092234,0.7533041940243616,3.843497321009636,3.478814482688904,0.15172016620635986,0.1444113776087761,0.021895602345466614,0.08150364086031914,0.6403767764568329,0.13379283994436264,0.6910938966941037
396,2568.014000892639,3.7069972549875576,3.4324401060740155,0.1428275575240453,0.1015716850757599,0.011697959279020627,0.13487689991792043,0.6524937998485371,3.8494879454374313,3.482611060142517,0.15163901448249817,0.14552868902683258,0.02197911124676466,0.08171853050589561,0.641741931438446,0.13391275703907013,0.6666747406337571
397,2574.670655965805,3.7039162263274195,3.429931863149007,0.14288042883078259,0.10127207438151041,0.011687819799408316,0.13500737845897676,0.7223889138745462,3.844805780798197,3.4744778871536255,0.15077469497919083,0.14747027307748795,0.02188983280211687,0.08140544220805168,0.6471641361713409,0.1343611627817154,0.7001449216936061
398,2581.2922298908234,3.702412359416485,3.4277904351552326,0.1430905113617579,0.10153833429018656,0.011690038892750939,0.13514344692230223,0.7220350210151326,3.8439019210636616,3.4761968851089478,0.1511732116341591,0.14605921506881714,0.021974296309053898,0.08180184289813042,0.6420271992683411,0.1348336935043335,0.6880148802780934
399,2587.9288980960846,3.697915676732858,3.424675877888997,0.14266410171985627,0.10095387399196624,0.01169882098523279,0.13548008898893993,0.684921954534292,3.8548571690917015,3.4860126972198486,0.15364553034305573,0.1460108533501625,0.021777726709842682,0.08114420250058174,0.6425494849681854,0.13497965782880783,0.7165014816516792
400,2594.5758521556854,3.69882795214653,3.4238525390625,0.14278382261594136,0.10179175088802973,0.01167595509129266,0.13561300933361053,0.7280485504325309,3.8414705023169518,3.4712772369384766,0.150749072432518,0.1474093645811081,0.021859372965991497,0.08159742876887321,0.6463166177272797,0.1350942850112915,0.7010139582848978
401,2601.9704883098602,3.6746937731901803,3.4195707003275553,0.10379833181699118,0.10161195347706477,0.011678023884693781,0.13582568168640136,0.3603656784555699,3.8109744302928448,3.4684771299362183,0.10779836028814316,0.14429906010627747,0.02194602508097887,0.08130083605647087,0.6376134157180786,0.13499349355697632,0.35786462345413694
402,2608.4938414096832,3.688164380192757,3.4146432558695476,0.14205521543820698,0.10124675830205282,0.011679612006992102,0.13608023921648663,0.6776822703658938,3.8346328735351562,3.4697307348251343,0.15116840600967407,0.14465896785259247,0.022009119391441345,0.08145226165652275,0.639978289604187,0.13577456772327423,0.7124151749865787
403,2615.152145385742,3.689987470706304,3.4162118593851725,0.1421157717704773,0.10135886271794638,0.011659670605634649,0.1363354484240214,0.6384425232478431,3.8315142542123795,3.463770031929016,0.15119990706443787,0.1460721343755722,0.02191234566271305,0.08132999390363693,0.6431235074996948,0.13509242981672287,0.6464624859762969
404,2621.791341304779,3.681786152720451,3.4082079410552977,0.14131381511688232,0.10146065205335617,0.011656316524992386,0.1364658733208974,0.7128982087696071,3.8229809626936913,3.4574191570281982,0.1508335918188095,0.14507250487804413,0.02184627205133438,0.08118119463324547,0.6403076350688934,0.1357305645942688,0.6857168873232679
405,2628.2648952007294,3.6823863491415976,3.408266719182332,0.1415810118118922,0.10166456202665965,0.011652552305410306,0.13656716644763947,0.7177725161157725,3.8224353305995464,3.4587477445602417,0.1495654210448265,0.14445243775844574,0.021911945194005966,0.08114729076623917,0.6401000320911407,0.13572189956903458,0.7454060390938876
406,2634.904483318329,3.675058053433895,3.402526632944743,0.14081139465173084,0.10106286158164342,0.011660963374500474,0.1368003447850545,0.6730842138715146,3.817585963755846,3.4540640115737915,0.15055731683969498,0.14412164688110352,0.02176162786781788,0.08099016547203064,0.6384011209011078,0.1362706944346428,0.6863768512637509
407,2641.5085542201996,3.6757450332244237,3.4019454161326093,0.14095160762468975,0.1016619066397349,0.011658026728158195,0.13698578476905823,0.7410548482234297,3.810188699513674,3.446161389350891,0.14906767755746841,0.14474673569202423,0.021884359419345856,0.0813491940498352,0.6383791267871857,0.13630132377147675,0.7559935931662608
408,2648.0491211414337,3.67730967849493,3.4034202098846436,0.14080154796441396,0.10174434731403986,0.011641361036648352,0.13717751801013947,0.6634804712529071,3.810782752931118,3.445265769958496,0.1492805927991867,0.14543834328651428,0.021965879946947098,0.08114637434482574,0.6407759189605713,0.136826291680336,0.6598380539157389
409,2654.6725504398346,3.6686114480098087,3.3957274754842124,0.1401079813639323,0.10141499092181523,0.011637002850572268,0.13759022255738576,0.5728401253507568,3.811231691390276,3.4463038444519043,0.14888674765825272,0.14524223655462265,0.02180096134543419,0.08082996308803558,0.6407845616340637,0.13697975128889084,0.578432509268738
410,2661.1867163181305,3.6691388174891473,3.3962912559509277,0.14055486420790356,0.10128506471713385,0.011638536381845673,0.13765738805135092,0.6266004918440448,3.7913863360881805,3.4310418367385864,0.14745363593101501,0.1433088406920433,0.021900998428463936,0.08110161870718002,0.63583904504776,0.13697213679552078,0.6577899765394144
411,2667.8079142570496,3.665166688958804,3.3915186564127606,0.14012073477109274,0.10179383258024852,0.011638888840874035,0.13789241512616476,0.6908898211040574,3.8147814832627773,3.4425047636032104,0.1486453339457512,0.14897702634334564,0.02193615958094597,0.08098958432674408,0.650395393371582,0.1370568871498108,0.6639770212868399
412,2674.356858253479,3.6630112503965697,3.3902674039204914,0.13990925053755443,0.10139461060365042,0.011625939390311639,0.13802197178204853,0.7107489457766563,3.7977507673203945,3.4343862533569336,0.14883872121572495,0.14447257667779922,0.021901067346334457,0.08100521937012672,0.639230489730835,0.1373719424009323,0.7227186030579196
413,2680.933226108551,3.660750084122022,3.3878746509552,0.140196031332016,0.1013887087504069,0.011641593898336093,0.13817599813143414,0.8203074893522848,3.8024376183748245,3.4327917098999023,0.14697739481925964,0.14807860553264618,0.021613729186356068,0.08052428439259529,0.6457555890083313,0.1376032903790474,0.7947107140401894
414,2687.456077337265,3.6579916790127753,3.385392173131307,0.13957554002602895,0.10140586793422698,0.011618892041345438,0.13835964600245157,0.7532741981587127,3.788324225693941,3.421892762184143,0.1463678851723671,0.14662376046180725,0.02183451224118471,0.08081867545843124,0.6451062560081482,0.13801978528499603,0.7533568814505124
415,2694.010525226593,3.656997728347778,3.3846417903900146,0.13958138624827068,0.10128262241681417,0.011639418173581361,0.13867643276850383,0.6679146115435675,3.7933983020484447,3.4300464391708374,0.1480068787932396,0.14467421174049377,0.022022992372512817,0.08123841509222984,0.6380680799484253,0.13790405541658401,0.6719437771247595
416,2700.5592682361603,3.6485803236564,3.376925818125407,0.1390191435813904,0.10107246687014898,0.01161525414014856,0.13896348774433137,0.7314265628575886,3.7831962257623672,3.4186218976974487,0.14691731333732605,0.14555783569812775,0.02173724491149187,0.0804278627038002,0.6422482132911682,0.13852068036794662,0.7508459587022688
417,2707.125810146332,3.6505187874039016,3.378591855367025,0.13885212043921152,0.10125043590863546,0.011620855191722512,0.13911512692769368,0.6867701406139434,3.7991272062063217,3.4317535161972046,0.14739647507667542,0.1468377262353897,0.021691461093723774,0.0805770568549633,0.6426525115966797,0.13894548267126083,0.6807932183679835
418,2713.8148732185364,3.6481082985798516,3.3758755048116047,0.13865609367688497,0.10145237346490224,0.011592326344301303,0.1392616629600525,0.7032192744906798,3.7858797162771225,3.4175814390182495,0.1474824845790863,0.14727851748466492,0.021856016479432583,0.08072409778833389,0.645077645778656,0.1385655626654625,0.6930276061693297
419,2720.5334792137146,3.6449165806174277,3.372051811218262,0.13859754502773286,0.10178299844264985,0.011598304255555074,0.13945296108722688,0.7483072043025253,3.7924296744167805,3.4249837398529053,0.14835277944803238,0.1466347724199295,0.02193280402570963,0.0807495228946209,0.645535796880722,0.13850266486406326,0.7624424647669157
420,2727.11363530159,3.6451424012581506,3.373163843154907,0.13882791598637897,0.101282300055027,0.011601210525259375,0.13968185881773632,0.7255742193170313,3.785651884973049,3.420470118522644,0.14721675217151642,0.14578669518232346,0.02191152423620224,0.08075197786092758,0.642643541097641,0.1392153799533844,0.7168800007021011
421,2733.682037115097,3.636486584941546,3.365256182352702,0.13770273526509602,0.10118951747814814,0.01159713314846158,0.13991541961828868,0.6915403925814206,3.782742653042078,3.4123624563217163,0.14648348838090897,0.1485692262649536,0.021890749223530293,0.08049441874027252,0.6521649658679962,0.13947288691997528,0.7055769921169104
422,2740.3364782333374,3.6374546458323795,3.3661935329437256,0.1385583758354187,0.10099096248547236,0.011590518631661932,0.13998101154963175,0.7962466279078163,3.7781278789043427,3.409101366996765,0.14611250162124634,0.14798513054847717,0.02186539862304926,0.08064722269773483,0.6468567550182343,0.13958031684160233,0.8330520154887837
423,2746.967981338501,3.6361801927288373,3.364410400390625,0.1383316526810328,0.10130198299884796,0.011599849568059047,0.1403423935174942,0.7606769508409157,3.772762704640627,3.406605362892151,0.14607850462198257,0.14655904471874237,0.021851548925042152,0.08047143742442131,0.6431449055671692,0.13980986177921295,0.755381249124959
424,2753.545035123825,3.626418277124564,3.356000804901123,0.13687106470266977,0.10099096993605296,0.011576739496861894,0.14050488273302714,0.6420494692029391,3.767319440841675,3.3991353511810303,0.1455928087234497,0.14769384264945984,0.02183391898870468,0.08038640767335892,0.6473768651485443,0.1397787630558014,0.6579076038197647
425,2760.1208453178406,3.626277963320414,3.3549970308939616,0.1372737685839335,0.10132202406724294,0.011574187998970349,0.14075444936752318,0.7189797171455343,3.7594692558050156,3.3980733156204224,0.14447882771492004,0.1445782631635666,0.021759282797574997,0.08021054044365883,0.6389928460121155,0.14044050127267838,0.7076630899085592
426,2766.7365012168884,3.6271038894852,3.3560719013214113,0.1374774525562922,0.1011466309428215,0.011579662219931681,0.14097721378008524,0.7231689042335412,3.7680030427873135,3.4009329080581665,0.145365409553051,0.14719371497631073,0.021784217096865177,0.08023658394813538,0.6451458632946014,0.14024943113327026,0.7098853913651434
427,2773.2297542095184,3.6248147785663605,3.3526342709859214,0.1375850796699524,0.10169398387273153,0.011568268745516736,0.14112472931543987,0.8007033652957767,3.769741252064705,3.3982678651809692,0.14731433987617493,0.1489081084728241,0.021832745522260666,0.08034418150782585,0.6505004465579987,0.14073456823825836,0.853681002644727
428,2779.723533153534,3.6237275754412015,3.3512664794921876,0.1385453909635544,0.10159420023361841,0.011566644363726179,0.1414802501598994,1.0461673925750374,3.7719908989965916,3.4038785696029663,0.14489514380693436,0.14783237874507904,0.02179954294115305,0.0802118070423603,0.647321492433548,0.14129766821861267,1.0496368067062414
429,2786.3669962882996,3.6191152329246203,3.3476343472798664,0.1367409696181615,0.10155520041783651,0.011563273736586173,0.141693577170372,0.7772908548168985,3.761672731488943,3.3922168016433716,0.14354755729436874,0.14884107559919357,0.02185115683823824,0.08016284555196762,0.6488931477069855,0.14145932346582413,0.7257386523671725
430,2792.847163438797,3.6181904325882592,3.3465134938557943,0.13653023838996886,0.10170590976874033,0.011566549648220341,0.14171885748704274,0.7489965158205564,3.763584692031145,3.392912268638611,0.14524243026971817,0.14902560412883759,0.021911700256168842,0.08033322542905807,0.647767573595047,0.14134753495454788,0.7632015094914083
431,2799.3396451473236,3.613982365032037,3.3426647822062177,0.1359760214885076,0.10166478604078293,0.011567366899301608,0.14204964141050974,0.6744727592876693,3.757200300693512,3.3887577056884766,0.14403432607650757,0.1482127159833908,0.021743728779256344,0.08003129810094833,0.6463492512702942,0.14174339920282364,0.6688373036383897
432,2805.8880252838135,3.609923811753591,3.3391204198201496,0.13559718132019044,0.10150240063667297,0.011556194272513191,0.14223361512025198,0.68200840148598,3.764664191752672,3.4001392126083374,0.14347205311059952,0.14639447629451752,0.0216961232945323,0.0800526961684227,0.6459676623344421,0.14172636717557907,0.6879437124678114
433,2812.3920493125916,3.610066917538643,3.339073594411214,0.13587499260902405,0.10152791341145834,0.011550985090434552,0.1423925797144572,0.7182104876353035,3.754090528935194,3.386181592941284,0.14454521983861923,0.1478181630373001,0.021911881864070892,0.08024352416396141,0.645520955324173,0.1419937014579773,0.7381189357614433
434,2818.841697216034,3.6064064179857573,3.3353822867075604,0.13522968391577403,0.10170464466015498,0.011554284673184156,0.14270599881807963,0.6829564005846007,3.753876455128193,3.386884570121765,0.14397920668125153,0.147501140832901,0.021898708306252956,0.08022361621260643,0.6461430191993713,0.14236746728420258,0.6659506249602254
435,2825.5176091194153,3.602406649788221,3.3308032830556233,0.13508041302363077,0.10203158011039098,0.011541016787911454,0.14288785854975383,0.6719785012536837,3.7487595081329346,3.3744102716445923,0.14259013533592224,0.15152708441019058,0.021692677401006222,0.07969078794121742,0.6559224426746368,0.14269519597291946,0.6545127190458679
436,2831.859940290451,3.600217545032501,3.329335848490397,0.13473077416419982,0.10175815473000209,0.011544655325512092,0.14315651953220368,0.6283318550418056,3.7528329640626907,3.382491707801819,0.14381736516952515,0.14921628683805466,0.02179522067308426,0.07994282245635986,0.6496081948280334,0.14281348884105682,0.6331427689150793
437,2838.1979582309723,3.599608729283015,3.3285531202952066,0.1348054269949595,0.10182644774516424,0.011548953379193943,0.1432901491721471,0.7426134888373668,3.7523643858730793,3.3847594261169434,0.1441623643040657,0.14776188880205154,0.021888604387640953,0.08016372099518776,0.6458330750465393,0.14298897981643677,0.7415471625731861
438,2844.6722934246063,3.5958042189478876,3.324890867869059,0.13432305554548898,0.10187591165304184,0.011551671288907528,0.1436187614997228,0.6791828133436777,3.739139039069414,3.3696199655532837,0.1417851224541664,0.14931325614452362,0.021685645915567875,0.07958313077688217,0.6499585509300232,0.14339983463287354,0.6677205219932177
439,2850.9935672283173,3.5918033997217815,3.322481218973796,0.13399245937665302,0.10116297552982965,0.011569773219525814,0.1436870684226354,0.6408298447287142,3.7447173446416855,3.374521017074585,0.14276841282844543,0.1494060605764389,0.02196299284696579,0.0802622027695179,0.651981920003891,0.14363275468349457,0.6335900393779275
440,2857.2831642627716,3.590910881261031,3.3202371915181477,0.13396971722443898,0.10184441556533178,0.011524209938943385,0.14401421546936036,0.685133412499387,3.7464876882731915,3.375084161758423,0.1424373909831047,0.15009241551160812,0.021774809807538986,0.07967860251665115,0.6525593101978302,0.14383260160684586,0.6886451047404829
441,2863.7403712272644,3.5883464256922406,3.3182140827178954,0.13399962584177652,0.10156626502672832,0.011534380555773775,0.144087619582812,0.7017236918304942,3.7399259246885777,3.374229907989502,0.14229319244623184,0.1472747102379799,0.02179136499762535,0.07968084141612053,0.6450902819633484,0.143874391913414,0.7279236650720711
442,2870.1918523311615,3.584966435531775,3.3150092124938966,0.13467212816079457,0.1013105794787407,0.011525389769424995,0.1442468007405599,0.8479156206139538,3.7471673525869846,3.376899003982544,0.1450432613492012,0.14887335896492004,0.021676596254110336,0.0795554593205452,0.6499757468700409,0.14417584985494614,0.8375611490760686
443,2876.8300561904907,3.5846757402022678,3.3145453770955404,0.13449340264002482,0.10144183089335759,0.011516772381340464,0.144692059357961,0.718993510599285,3.7755355797708035,3.390979766845703,0.14679618924856186,0.1555788591504097,0.021700615994632244,0.07945731282234192,0.6632364094257355,0.14421799033880234,0.703550151317711
444,2883.506081342697,3.582251081864039,3.3116835912068683,0.13383215069770812,0.10182570765415827,0.011514727119356393,0.144918292760849,0.7110483343490945,3.7269507832825184,3.3552619218826294,0.14095992594957352,0.15060444921255112,0.021809091791510582,0.07947009429335594,0.651928037405014,0.14458013325929642,0.675600679180127
445,2890.1823081970215,3.577918591101964,3.307901128133138,0.13344323635101318,0.10164792239665985,0.011518581009780367,0.14499484499295553,0.6869810682264654,3.7611064091324806,3.386392593383789,0.1468314379453659,0.1506490483880043,0.021845290437340736,0.0794728547334671,0.6537154912948608,0.14464419335126877,0.7275965191003417
446,2896.72038936615,3.575037362674872,3.3052162647247316,0.13288778762022654,0.10168860207001368,0.011507862775276104,0.14528521100680034,0.7420333966387106,3.7269720919430256,3.357605218887329,0.1413051262497902,0.1493571549654007,0.021827178075909615,0.07961468026041985,0.6510366797447205,0.14520222693681717,0.7387534503346023
447,2903.3336861133575,3.573785340289275,3.304055690765381,0.13312061727046967,0.10158467044432958,0.011504707423349221,0.14551052451133728,0.7498349218759803,3.7225512452423573,3.350582480430603,0.14092669636011124,0.1507527083158493,0.02177525032311678,0.0792597271502018,0.6531133353710175,0.14565400779247284,0.7380939887924312
448,2909.9094994068146,3.5711864377061526,3.300992250442505,0.13283567329247792,0.10188817530870438,0.011499008148287733,0.14579041798909506,0.7358158161463305,3.729868870228529,3.356593370437622,0.14095672219991684,0.15139856934547424,0.021677358075976372,0.07914409041404724,0.6552686989307404,0.1453108713030815,0.7675117592339961
449,2916.559644460678,3.569524880250295,3.3000887393951417,0.13281806707382202,0.1015135536591212,0.011495226062834263,0.14589691956837972,0.672872481317843,3.7211629077792168,3.3521485328674316,0.13996835052967072,0.14951509982347488,0.021715626120567322,0.07915976271033287,0.6490380465984344,0.14607607573270798,0.6702843292198086
450,2923.230877161026,3.56298323571682,3.293806298573812,0.1317884345849355,0.10164135992527008,0.011506962667529782,0.14625282088915506,0.6425753276607529,3.7328194193542004,3.3594250679016113,0.141840361058712,0.15123708546161652,0.02162519097328186,0.07904058694839478,0.6556340157985687,0.1458682045340538,0.6215727127153176
451,2929.7995631694794,3.5629490139583746,3.2937028566996256,0.131933423380057,0.10163972278436025,0.011483773790920774,0.14637326300144196,0.6447340905528567,3.7290040403604507,3.35948646068573,0.14190807938575745,0.14928176999092102,0.021755455061793327,0.07931789755821228,0.6496890485286713,0.14631865173578262,0.6327112579366341
452,2936.3966143131256,3.5597363357742626,3.2903127511342367,0.13173572719097137,0.1017778605222702,0.011495911283418536,0.1466306934754054,0.6855450393708319,3.7167737521231174,3.347306966781616,0.1406942680478096,0.14955982565879822,0.0216368455439806,0.07900300621986389,0.6514931619167328,0.1462409868836403,0.696289891913229
453,2942.991973400116,3.5607649137576423,3.2911622683207193,0.1319692313671112,0.10180901487668355,0.011485348564262192,0.14694357613722484,0.6853676482828595,3.7165437489748,3.3439886569976807,0.13938239216804504,0.15143194794654846,0.02176636178046465,0.07908838614821434,0.6552298963069916,0.14641665667295456,0.65959356783829
454,2949.546512365341,3.5526555821299555,3.2831021308898927,0.13150464395682018,0.10190056463082632,0.011485267352933684,0.14713557958602905,0.7420870860275414,3.7002490535378456,3.3346835374832153,0.1390204280614853,0.14802765101194382,0.021663350984454155,0.07902596890926361,0.6445482969284058,0.1473277062177658,0.7849568927389804
455,2956.134711265564,3.5530897888044515,3.283129326502482,0.13159190664688747,0.1020822544892629,0.01148158290113012,0.14733371436595916,0.738733710517255,3.71457651630044,3.3385016918182373,0.13934246450662613,0.15320179611444473,0.021708747372031212,0.07892667129635811,0.6591135263442993,0.14723946899175644,0.6940763023515111
456,2962.6329460144043,3.548867557446162,3.2799203554789225,0.1317440887292226,0.10153757880131403,0.011478778130064407,0.14758333166440327,0.8072751292119527,3.705763652920723,3.3363704681396484,0.13994374871253967,0.14971065521240234,0.021803434938192368,0.07891096919775009,0.6506972014904022,0.14733979851007462,0.8167933853408611
457,2969.3152804374695,3.5456934521595636,3.276478926340739,0.13079161643981935,0.10190935879945755,0.011473444104194642,0.1478953977425893,0.7464376096806948,3.6942264400422573,3.3247913122177124,0.13882174342870712,0.15001212805509567,0.021702894940972328,0.07886496186256409,0.6516148149967194,0.14730282127857208,0.7236462396313079
458,2975.948000192642,3.541679349044959,3.272661034266154,0.13035572866598766,0.10192022522290548,0.011487564879159133,0.14802859127521514,0.6762594916385068,3.6988236233592033,3.324759602546692,0.1385042816400528,0.15240593999624252,0.021757625974714756,0.07892239838838577,0.6595576107501984,0.14778698235750198,0.6870574621596413
459,2982.50000333786,3.5419312263528506,3.272446314493815,0.13086723387241364,0.10202564746141433,0.01148376688361168,0.14815326730410258,0.7132641014786096,3.7010737769305706,3.334904670715332,0.13901906460523605,0.14832978695631027,0.021756816655397415,0.07879913225769997,0.6474789381027222,0.14773710072040558,0.6971443976751097
460,2989.0738472938538,3.5412399483223758,3.2718248844146727,0.13053081880013148,0.10207482725381851,0.011469242178524535,0.14846229255199433,0.7096412174804978,3.6836203075945377,3.3181740045547485,0.13745258003473282,0.1483600065112114,0.02169461827725172,0.07868512347340584,0.6464208662509918,0.14851463586091995,0.7026828735142204
461,2995.698833465576,3.534517935166756,3.2658258120218915,0.13045849253733952,0.10173143843809763,0.011468450414637725,0.14868674178918204,0.7449409322213201,3.6892871521413326,3.3224316835403442,0.13867967575788498,0.14875781536102295,0.021622665226459503,0.07853627949953079,0.6493436694145203,0.14825939387083054,0.7221463807818533
462,3002.259503364563,3.5334545508027078,3.265199613571167,0.13011251588662465,0.10159933964411418,0.011466316847751538,0.1488530804713567,0.658917295339839,3.6903821267187595,3.324988842010498,0.13796452432870865,0.14820551127195358,0.02185481507331133,0.07888339087367058,0.6471307873725891,0.14882748574018478,0.6555349424627073
463,3008.812658071518,3.5331479919453463,3.2643078645070394,0.13078148812055587,0.10172469168901443,0.011463844636455178,0.1492113709449768,0.8218382287106898,3.685339618474245,3.316757082939148,0.1382334604859352,0.14973290264606476,0.02170612383633852,0.07851159572601318,0.6517201960086823,0.14896687865257263,0.7923605899894686
464,3015.3915894031525,3.528290417045355,3.2601805210113524,0.12961158206065496,0.10165205250183741,0.011462162900716066,0.14941200017929077,0.6909703226630699,3.6734242029488087,3.3089362382888794,0.13639087229967117,0.14814626425504684,0.021598252467811108,0.07842104882001877,0.6454494893550873,0.14925595372915268,0.6900136338125599
465,3022.0437111854553,3.5244027341405553,3.2569095452626544,0.12946459750334421,0.10138044506311417,0.011446791266401609,0.1495998243490855,0.7802459787663314,3.6757942736148834,3.3118538856506348,0.13760992884635925,0.14756771177053452,0.021713431924581528,0.07839344441890717,0.6454386115074158,0.14954764395952225,0.8131147275920296
466,3028.634299993515,3.5219556748867036,3.253520886103312,0.12934106588363647,0.10188212792078653,0.011459276142219702,0.1498607317606608,0.7032542080777847,3.661457296460867,3.3005961179733276,0.1362367793917656,0.14637139439582825,0.02166751492768526,0.07845001295208931,0.6438239216804504,0.14958874136209488,0.6804572770202232
467,3035.214123249054,3.5166861921548844,3.2493007659912108,0.1287473221619924,0.1015058825413386,0.011448331053058307,0.15007150769233704,0.6894801574368612,3.6698281802237034,3.302821636199951,0.13624338060617447,0.1494424268603325,0.02175835706293583,0.07850805297493935,0.6501445472240448,0.149787075817585,0.7033582887563291
468,3041.835505247116,3.5204883836209775,3.252302392323812,0.1289302592476209,0.10186043083667755,0.01144642368890345,0.15030360420544941,0.6650132245701336,3.6601401194930077,3.2982336282730103,0.13565786182880402,0.1470387801527977,0.021705144084990025,0.07837174460291862,0.6450276076793671,0.1498715952038765,0.6842941751361585
469,3048.386928319931,3.514601065466801,3.2471821784973143,0.12874311357736587,0.10152366509040196,0.01144690609847506,0.15054611663023632,0.7405207382009042,3.656748950481415,3.2916747331619263,0.13542979955673218,0.14867965877056122,0.0216939402744174,0.07842087373137474,0.6490243673324585,0.15038905292749405,0.7441245943275617
470,3054.979390144348,3.5108619573215645,3.243247969945272,0.12845417310794194,0.10169345041116079,0.011453925957903266,0.15072368582089743,0.7282200844462263,3.6607429310679436,3.293918251991272,0.13484202325344086,0.14970183372497559,0.021686548367142677,0.07835537567734718,0.6521251201629639,0.1506025642156601,0.6915090139518716
471,3061.6163432598114,3.5093647594253223,3.2419358253479005,0.12788385053475698,0.10174350440502167,0.011438908629740278,0.1509424904982249,0.638448587080894,3.6433505453169346,3.2780202627182007,0.13491303473711014,0.14893688261508942,0.021742203272879124,0.07844241335988045,0.6488200724124908,0.1509096547961235,0.6295117636139325
472,3068.2238862514496,3.506736514220635,3.2394661903381348,0.12843110809723537,0.10152738491694133,0.011442624125629663,0.15124565958976746,0.7259342079027338,3.656805779784918,3.2912517786026,0.13614114373922348,0.148741714656353,0.02157985232770443,0.07818175852298737,0.6500729620456696,0.1513085961341858,0.7634762630954333
473,3074.827377319336,3.50470030978322,3.2377789497375487,0.1283172383904457,0.1013813704252243,0.011442624513680737,0.15140125850836436,0.7381869136996584,3.6449783463031054,3.2795439958572388,0.1333409585058689,0.14938193559646606,0.021792173385620117,0.07833591476082802,0.650879979133606,0.15127522498369217,0.7198799961393225
474,3081.4923300743103,3.5032534867525102,3.235539690653483,0.12772560119628906,0.10192549775044123,0.011455509314934413,0.1515861541032791,0.668075825047871,3.6303353384137154,3.2688424587249756,0.13405965268611908,0.14723152667284012,0.02164600510150194,0.07857432961463928,0.6450337767601013,0.1511586755514145,0.7016328373151922
475,3088.0763821601868,3.496496595193942,3.230479288101196,0.12734291205803552,0.10117292553186416,0.011427879628414909,0.15179785192012787,0.6304683410174226,3.6378117129206657,3.2726672887802124,0.13319732248783112,0.1492728814482689,0.02171630971133709,0.07823115959763527,0.6497911214828491,0.15177856385707855,0.6248949958312066
476,3094.59059214592,3.495078713198503,3.2280033429463706,0.12734256088733673,0.10170204490423203,0.011429204264034827,0.15215049783388773,0.6697358005011986,3.6472960487008095,3.2812652587890625,0.13481096923351288,0.14931265264749527,0.021653220988810062,0.07799283415079117,0.6514980494976044,0.15215977281332016,0.6810673237661569
477,3101.106065273285,3.4921997358401615,3.2256559213002522,0.12751636505126954,0.1013928160071373,0.011435478134080768,0.15222905973593395,0.7220381700124959,3.641969047486782,3.273045778274536,0.13450740277767181,0.15083478391170502,0.021808866411447525,0.07837334275245667,0.6529927551746368,0.1523466557264328,0.7311638795823191
478,3107.9235582351685,3.491035149991512,3.224301815032959,0.12736628154913585,0.1015250970919927,0.011425258281330267,0.1525271276632945,0.7480164681343004,3.6385275423526764,3.2713067531585693,0.13442283868789673,0.15000468492507935,0.021782959811389446,0.07837393507361412,0.6517820954322815,0.15256045013666153,0.7558277258468291
479,3114.548748254776,3.489832475533088,3.2228448232014975,0.12754403700431188,0.10160781691471736,0.011450699452931682,0.15272819002469382,0.7905830201779097,3.634287901222706,3.266235589981079,0.13400150835514069,0.1505257785320282,0.02153159026056528,0.07791362330317497,0.6532613039016724,0.15254586189985275,0.8281534347684225
480,3121.167136192322,3.4875816742579144,3.2206087589263914,0.127236137787501,0.10167742321888605,0.011430125000576179,0.15293267071247102,0.7954459753221458,3.6362327076494694,3.269755244255066,0.13469956070184708,0.14956384152173996,0.02176515758037567,0.07820133119821548,0.6516334712505341,0.15286435186862946,0.757058166852839
481,3127.97020816803,3.482477208475272,3.2161344051361085,0.12677445511023203,0.10147778789202372,0.011423091047133009,0.15314778685569763,0.7540110093218568,3.6360782012343407,3.2673476934432983,0.13519258797168732,0.15056710690259933,0.021757508628070354,0.0780719667673111,0.6541228592395782,0.153268001973629,0.7881127342672263
482,3134.652031183243,3.482604197661082,3.2156182130177817,0.1278133233388265,0.10153966148694356,0.011415878698850671,0.1534321298201879,0.9160998039765506,3.617028396576643,3.252737879753113,0.13381271809339523,0.1486920788884163,0.021670101210474968,0.07790672406554222,0.6485191881656647,0.15342674404382706,0.9686211475691501
483,3141.184843301773,3.4788844741880895,3.2129974683125813,0.1275211011370023,0.10106322765350342,0.011421283117185037,0.15361827115217844,0.877762609879975,3.6280288714915514,3.2594305276870728,0.1331385113298893,0.151014544069767,0.021583808586001396,0.07760719582438469,0.6546527743339539,0.15347202867269516,0.8858105197647811
484,3147.4821531772614,3.4770823697249096,3.210863145192464,0.12687896688779196,0.10138987054427465,0.011411665364479025,0.1538612186908722,0.7873341237854297,3.623385665938258,3.2576855421066284,0.1336098276078701,0.14944760501384735,0.02160238940268755,0.07775412499904633,0.6499460339546204,0.15366124361753464,0.8497099047414511
485,3153.7971811294556,3.4725826206306616,3.2067787488301596,0.12588108628988265,0.1014316643277804,0.011402460420504213,0.15408718486626943,0.6984717410422374,3.611160673201084,3.244917631149292,0.131916806101799,0.15014231950044632,0.021620554849505424,0.07763464748859406,0.6531150639057159,0.1539522260427475,0.7049927107083332
486,3160.234026193619,3.4692272948722045,3.202971935272217,0.12547978510459265,0.10175773352384568,0.011411760793998837,0.15424723426500955,0.6343660588420007,3.6122171375900507,3.2453359365463257,0.1327008493244648,0.1502653881907463,0.021567401476204395,0.07747938483953476,0.6536829471588135,0.1543452963232994,0.6567593861852827
487,3166.592709302902,3.468349086244901,3.202868096033732,0.12558268904685974,0.10134482284386953,0.01140986210666597,0.154500217239062,0.6879238036531387,3.6036977618932724,3.236401677131653,0.1319103240966797,0.15067046135663986,0.02166603598743677,0.07764225080609322,0.6543565988540649,0.15449393540620804,0.6920556650633449
488,3172.869403362274,3.4624970592558384,3.197823731104533,0.1250125303864479,0.10108353147904078,0.011416046476612488,0.15478141407171886,0.7176628872634846,3.6048956029117107,3.235513687133789,0.13184478133916855,0.1517297625541687,0.021562150679528713,0.07744026556611061,0.6575436294078827,0.15465198457241058,0.7349463322917817
489,3179.2261850833893,3.461791334549586,3.1960099220275877,0.1256116251150767,0.10148779998222987,0.011393202639495333,0.15499446590741475,0.8234060388238775,3.6025369577109814,3.2402161359786987,0.13221853226423264,0.14810577780008316,0.021609218791127205,0.07751990854740143,0.6474374234676361,0.1549340859055519,0.834212292463423
490,3185.5787291526794,3.463181349883477,3.198166831334432,0.12585843453804652,0.10104265064001083,0.01140161200116078,0.1551746944586436,0.7399442106115467,3.6086052246391773,3.242159366607666,0.13243237882852554,0.15011483430862427,0.02153734490275383,0.07736733555793762,0.6521036028862,0.15542899072170258,0.7479231904689965
491,3191.9390032291412,3.461336848884821,3.195672305425008,0.12545658499002457,0.10146812548240026,0.011402260962252815,0.15541308422883351,0.6671100637371603,3.5961563289165497,3.2291266918182373,0.13214826583862305,0.15047775208950043,0.02175348438322544,0.07765231654047966,0.653049498796463,0.1552358865737915,0.6859704775877791
492,3198.3862433433533,3.452178045610587,3.1880133310953775,0.1249879648288091,0.10083536605040232,0.011388168421884377,0.1556486556927363,0.7144690462392819,3.5991663970053196,3.23160457611084,0.13142258673906326,0.15092526376247406,0.02163630072027445,0.0774422250688076,0.654068648815155,0.155791774392128,0.7054964169829272
493,3204.828102350235,3.4521447740495206,3.187733284632365,0.12453044503927231,0.10107313344875972,0.011390753680219252,0.15590787728627523,0.6704670101116241,3.5864541847258806,3.2220228910446167,0.1307065226137638,0.149539016187191,0.02163829281926155,0.07749640569090843,0.6529262661933899,0.15554048120975494,0.6728667209135653
494,3211.1515753269196,3.447777856886387,3.183497969309489,0.12461221913496653,0.10098688900470734,0.011382043113311131,0.15605365733305612,0.7962482509192731,3.5933567378669977,3.2267508506774902,0.1311921365559101,0.15050490945577621,0.021646768786013126,0.07738762721419334,0.6544228494167328,0.15607916563749313,0.8304419975186669
495,3217.6061692237854,3.444747217744589,3.18092360496521,0.12469121267398199,0.10073900322119395,0.011391435874005158,0.15634651879469555,0.8329506744851237,3.5924234073609114,3.226007580757141,0.1320354901254177,0.1501990407705307,0.021525928750634193,0.07721976563334465,0.6531291306018829,0.15625674277544022,0.7970971498944683
496,3223.9095361232758,3.444491043438514,3.1808091481526692,0.12446203976869583,0.10072543770074845,0.01137910494580865,0.15656190117200217,0.7979462251291304,3.5877414774149656,3.2219730615615845,0.1314101479947567,0.1500316709280014,0.02159794047474861,0.07714848965406418,0.6515117585659027,0.15636788308620453,0.7728961500295867
497,3230.2038102149963,3.4406981532772383,3.1767898559570313,0.12359016637007396,0.10105660706758499,0.01140437366751333,0.15683436393737793,0.6807444854304336,3.58896916359663,3.222674012184143,0.13202457129955292,0.15014143288135529,0.02178188879042864,0.07762271910905838,0.6534192860126495,0.1567002683877945,0.6869797529915941
498,3236.6156980991364,3.438890745242437,3.1752100149790445,0.12410707275072734,0.10081359694401423,0.011382156765709322,0.1570436199506124,0.7788484144623621,3.577626045793295,3.214509963989258,0.1307164654135704,0.14887892454862595,0.021523132920265198,0.07713624462485313,0.6484067738056183,0.15685657411813736,0.8064668105579335
499,3242.9648542404175,3.435031094153722,3.172134526570638,0.12324549754460652,0.10063690940539043,0.011386245147635539,0.15729117890199026,0.658422103566677,3.5911627132445574,3.220629334449768,0.1311250664293766,0.1524854227900505,0.021539688110351562,0.07713872939348221,0.6585932970046997,0.1569799855351448,0.6239843106571699
500,3249.22745513916,3.4350643888115884,3.171499824523926,0.1236841986576716,0.10086123247941335,0.011378668357307713,0.15748686989148458,0.7093020272803076,3.5741166789084673,3.2069802284240723,0.1309998370707035,0.15081826597452164,0.021570847369730473,0.07730733975768089,0.6547874212265015,0.15729189664125443,0.7566222824683719
501,3255.6035392284393,3.430473407606284,3.166986417770386,0.12290070950984955,0.10101831754048665,0.011394383121902744,0.1577380657196045,0.6653663653721653,3.58128528483212,3.2124117612838745,0.13022002950310707,0.15188175439834595,0.021440125070512295,0.07711317017674446,0.6584160625934601,0.1576385796070099,0.6511860233167754
502,3261.983763217926,3.4257234091560047,3.163105758031209,0.12271919151147206,0.10062902768452962,0.011376838851720094,0.15781602660814922,0.667309467957734,3.577545415610075,3.211049795150757,0.13157852739095688,0.15035317838191986,0.021669181063771248,0.07728460431098938,0.6542827785015106,0.15768857300281525,0.693725056212053
503,3268.4347763061523,3.424228289226691,3.160900020599365,0.12305117150147755,0.10090134143829346,0.011395811196416616,0.15822656353314718,0.7680487537567298,3.563781486824155,3.196943998336792,0.12975547090172768,0.1509798765182495,0.02162641752511263,0.07734490558505058,0.6545929312705994,0.1580331027507782,0.8072071600810231
504,3274.8567502498627,3.4232433130343756,3.160665686925252,0.1232854962348938,0.10046743899583817,0.011364690167829395,0.15842301448186238,0.8053057437770619,3.5605770871043205,3.196144461631775,0.12776048481464386,0.15027619153261185,0.021652468480169773,0.07709885761141777,0.6531020402908325,0.15834612399339676,0.7960633719064507
505,3281.206505060196,3.418629985799392,3.1563748677571613,0.12218315352996191,0.10058177063862482,0.011373123666271568,0.158611003557841,0.6356040166187306,3.5485520008951426,3.186117649078369,0.12808822467923164,0.1491951197385788,0.0216860119253397,0.07710431888699532,0.6525996923446655,0.15850062668323517,0.6188500146799192
506,3287.4853641986847,3.4147784573336444,3.152965021133423,0.12233840078115463,0.10032211790482203,0.011432894753913085,0.1588633914788564,0.6941091692406952,3.5587390325963497,3.195349097251892,0.1290530487895012,0.14943170547485352,0.021432791836559772,0.07699619606137276,0.6513570249080658,0.15887992084026337,0.710314430495742
507,3293.8238382339478,3.4141368535657723,3.151931381225586,0.12211466977993647,0.1005740687251091,0.011355306611706813,0.1589799255132675,0.7564046338549469,3.5537003744393587,3.184798240661621,0.12904787436127663,0.15218909829854965,0.02169156540185213,0.07713056355714798,0.6577720642089844,0.15921910107135773,0.7478813836240478
508,3300.1134293079376,3.4104757289091747,3.147787586847941,0.1217381238937378,0.1009095400571823,0.011367719372113545,0.15931195815404256,0.6719341626301746,3.550732634961605,3.186938762664795,0.12812934815883636,0.14986459910869598,0.02157664019614458,0.07717172056436539,0.6515980958938599,0.15939924120903015,0.6563976306664442
509,3306.4155752658844,3.4075421082476773,3.14531143506368,0.12218714902798335,0.1005685493350029,0.011357260247071585,0.15961371461550394,0.8347276245058397,3.5519010946154594,3.185659408569336,0.1297244280576706,0.1506897360086441,0.021610694006085396,0.07682208344340324,0.6541197896003723,0.15946248173713684,0.8961664986574303
510,3312.7995290756226,3.4068206223348776,3.1446110725402834,0.12164182116587957,0.10069431960582734,0.011358209140598773,0.15976719955603283,0.7432816504295029,3.5574143547564745,3.18942129611969,0.1283998228609562,0.15189657360315323,0.0216330848634243,0.07685428485274315,0.6572943031787872,0.1596512272953987,0.7546077154360699
511,3319.146082162857,3.3991496443748472,3.137983544667562,0.12104286750157674,0.1003223329782486,0.011358711356297135,0.16002685725688934,0.7142476454347603,3.5388685036450624,3.172281265258789,0.12717333808541298,0.15150028467178345,0.02155977115035057,0.07665117457509041,0.6552568078041077,0.15974411368370056,0.7071621272780537
512,3325.466809272766,3.4020329679052037,3.140054448445638,0.12108186582724254,0.1007187932729721,0.011354662664234638,0.1602310647567113,0.7004470204485728,3.5311217475682497,3.1682664155960083,0.1268618442118168,0.1497122049331665,0.021609109826385975,0.07679363712668419,0.6527775824069977,0.16024722158908844,0.7310357627318986
513,3331.7132561206818,3.396663730343183,3.1348445892333983,0.12117860714594524,0.10061491876840592,0.011351572660108408,0.16046939889589945,0.7825860325314619,3.5486111268401146,3.179754376411438,0.13003556430339813,0.15191948413848877,0.021571598015725613,0.07692248001694679,0.6588111519813538,0.16041358560323715,0.8313918287011518
514,3338.129063129425,3.3962680213153362,3.134674835205078,0.12147731830676396,0.10042726347843806,0.011354870240514478,0.1606866866350174,0.7918022490393759,3.5357536040246487,3.1673470735549927,0.12814977020025253,0.15216582268476486,0.021572916768491268,0.0767454132437706,0.6579811871051788,0.1604865938425064,0.753060324985833
515,3344.478704214096,3.391637376199166,3.130927038192749,0.12101127157608668,0.1001023511091868,0.011346292418117325,0.16089827418327332,0.7080847261956464,3.5311909317970276,3.1635254621505737,0.12809520959854126,0.1518089324235916,0.021412157453596592,0.07635923847556114,0.658411979675293,0.16068324446678162,0.6959141449707944
516,3350.883228302002,3.3898299331466357,3.1281041940053305,0.1205052008231481,0.10073656936486562,0.011359466426074504,0.16119807958602905,0.7193524234962343,3.539197539910674,3.169151782989502,0.12741632387042046,0.15316879749298096,0.02146894484758377,0.07642477750778198,0.6612813770771027,0.1611454263329506,0.7450117616904074
517,3357.2226283550262,3.3874789362152415,3.125816822052002,0.12051476736863455,0.10070236523946126,0.011352385580539703,0.16149381399154664,0.7427839910469707,3.5315422378480434,3.1647109985351562,0.1275104209780693,0.15153801441192627,0.021526235155761242,0.07650217041373253,0.6569301187992096,0.16134358942508698,0.7807411981509859
518,3364.3770310878754,3.3837031722068787,3.1233760356903075,0.12001187205314637,0.10016060024499893,0.011342852112526695,0.16163905163606007,0.660373503784051,3.5196506045758724,3.152161717414856,0.1266847774386406,0.15207324922084808,0.021548100747168064,0.07662416994571686,0.6579702496528625,0.1615077406167984,0.633533793924041
519,3371.0876801013947,3.381011348714431,3.120635668436686,0.12013018081585566,0.10015529493490855,0.01134071284905076,0.16184971531232198,0.7206371854909913,3.52625316567719,3.1633715629577637,0.1275070644915104,0.14956403523683548,0.021495348773896694,0.07640941441059113,0.650748610496521,0.16163039952516556,0.7238574077238442
520,3377.3995831012726,3.3811569578945635,3.1199854373931886,0.12118800034125646,0.10028876016537348,0.011344902419174711,0.16214105884234112,0.8661200053183088,3.5352175794541836,3.163955807685852,0.13045042008161545,0.1530182808637619,0.021423792466521263,0.07628051191568375,0.6598619222640991,0.1618468090891838,0.9318387778214701
521,3383.6212391853333,3.3801849437256655,3.1184062798817953,0.12134352376063665,0.10055345098177591,0.011345497503255805,0.16233165363470714,0.9672590950135211,3.5257303938269615,3.1569862365722656,0.12756885588169098,0.1524798646569252,0.021481232717633247,0.07619815692305565,0.6596185266971588,0.16217616200447083,0.9123171929524014
522,3390.043028116226,3.3766274727880954,3.1160355885823567,0.12016746749480565,0.10025407522916793,0.011337498140831789,0.1626055767138799,0.7980477726191253,3.5262914299964905,3.1538668870925903,0.12832677364349365,0.15413057804107666,0.02147879172116518,0.07626727968454361,0.6626352071762085,0.1623290404677391,0.8141881998143742
523,3396.33399105072,3.372237033396959,3.1121440092722574,0.11951967825492223,0.10016659249862035,0.011339284526184202,0.16283957262833912,0.7573073630957293,3.5283798165619373,3.1569912433624268,0.1275426521897316,0.1538086235523224,0.02139629889279604,0.07614674791693687,0.6637893617153168,0.16287656128406525,0.7053880539401137
524,3402.5598442554474,3.3685645177960395,3.1084142525990806,0.11950904031594595,0.10019787251949311,0.011332291768242915,0.16308604478836058,0.7108722147176761,3.522250948473811,3.1535061597824097,0.12702181562781334,0.1526169404387474,0.021490585058927536,0.07625603303313255,0.6597103774547577,0.16289324313402176,0.7289237142591527
525,3408.946714401245,3.3675807401537896,3.1074493726094565,0.11906005243460337,0.10030067066351572,0.011353042752792438,0.16332074602444965,0.7071730891899597,3.5175705794245005,3.146066427230835,0.1263996846973896,0.15415215492248535,0.021262281574308872,0.07613369822502136,0.6629405617713928,0.16308622807264328,0.6649074456175694
526,3415.2360422611237,3.3657818709810576,3.1058839480082194,0.11870513061682383,0.10027267883221308,0.011348490106562774,0.1635027676820755,0.6394571957161983,3.516113720834255,3.145817995071411,0.1258838027715683,0.15367691218852997,0.021711147390305996,0.0765715129673481,0.6602731049060822,0.16350580006837845,0.653196903772008
527,3421.516620159149,3.3626880337794622,3.102634636561076,0.11886095801989237,0.10031145910422007,0.011384122415135305,0.16380392909049987,0.7666864826371211,3.519128216430545,3.1491482257843018,0.1262069307267666,0.1534382626414299,0.02144821733236313,0.07686266675591469,0.6621019244194031,0.1638331264257431,0.7397745763249474
528,3427.812720298767,3.36272338082393,3.1026931444803876,0.11872712473074595,0.10033333698908488,0.011351904661084215,0.1640228420495987,0.6739866556327897,3.5020959116518497,3.129317879676819,0.12529299408197403,0.15506576746702194,0.021810615435242653,0.07668809592723846,0.6630587875843048,0.1639678105711937,0.692191131851729
529,3434.2166652679443,3.357602127889792,3.0979844252268474,0.1183797707160314,0.10021390865246455,0.0113257205268989,0.16427929798762003,0.6714218809500748,3.515073351562023,3.1434913873672485,0.12618328630924225,0.15424516052007675,0.021628734655678272,0.07637004554271698,0.6666330993175507,0.16417288780212402,0.6954262754367273
530,3440.521402359009,3.354906501372655,3.095379527409871,0.11864310105641683,0.1001027117172877,0.011333170393481851,0.16444715758164724,0.7802006141058259,3.5072726272046566,3.1378246545791626,0.1256670579314232,0.1533072218298912,0.021399809047579765,0.07600344717502594,0.6609642505645752,0.1643500104546547,0.8289013995009846
531,3446.8344852924347,3.3574215347568193,3.0981592019399007,0.11865649322668712,0.09996704310178757,0.01132734827697277,0.16472629010677337,0.6962808378194669,3.50328098423779,3.131692886352539,0.12558526173233986,0.15439773350954056,0.021451808512210846,0.07596108317375183,0.6628240048885345,0.16483962535858154,0.7044680079634033
532,3453.2916402816772,3.351751130570968,3.0920613606770835,0.11878167937199274,0.10014946510394414,0.011322005372494458,0.16499175330003102,0.8116400982511583,3.495944218710065,3.123725414276123,0.1253211535513401,0.1547791138291359,0.021439929492771626,0.07610583677887917,0.6630051732063293,0.16483613103628159,0.845879092931715
533,3459.661393404007,3.351522863904635,3.091376543045044,0.1189737856388092,0.10032971402009329,0.011365771619603037,0.16519829630851746,0.8939748111661124,3.4979471061378717,3.12416410446167,0.12440608814358711,0.15578997880220413,0.021790903992950916,0.07715999707579613,0.6659687757492065,0.16562779247760773,0.8726396917161962
534,3465.9301331043243,3.347788392752409,3.08813525835673,0.1183372621734937,0.100242251654466,0.011335600446909667,0.16555572052796683,0.7978620639035398,3.4904041551053524,3.1207135915756226,0.1252017244696617,0.1535448506474495,0.021420110948383808,0.07584314420819283,0.6615618467330933,0.16541637480258942,0.8141691846842638
535,3472.401933193207,3.3422590951124826,3.0832401116689048,0.11823864976565043,0.09994982928037643,0.011322654876857996,0.1656671533981959,0.802258362976371,3.494529392570257,3.1211694478988647,0.12634774297475815,0.15509303659200668,0.021535473875701427,0.07599227875471115,0.6648119390010834,0.16530564427375793,0.8384685217357232
536,3478.7900393009186,3.341966742525498,3.082456175486247,0.1182568793495496,0.10019106368223826,0.01132272214939197,0.16594878335793814,0.8435059268658276,3.489870712161064,3.1190744638442993,0.12475839257240295,0.15420852601528168,0.021587053313851357,0.07623640820384026,0.6640552580356598,0.16586239635944366,0.7946563345209686
537,3485.0424892902374,3.3400183275341986,3.080845816930135,0.11807214518388112,0.10006821900606155,0.011332896118983627,0.16619710326194764,0.8124308626916968,3.5043336786329746,3.129658579826355,0.12642336636781693,0.1557317078113556,0.021475976333022118,0.0760769173502922,0.668615460395813,0.16616978496313095,0.8479350969883261
538,3491.475430250168,3.3399978431562585,3.080751339594523,0.11783376981814703,0.10016480932633082,0.011322847086315353,0.16636821925640105,0.7913677450817621,3.486812260001898,3.1142667531967163,0.12371387332677841,0.15534428507089615,0.021401825360953808,0.0758701041340828,0.6654672026634216,0.16626174747943878,0.7530986274202199
539,3497.7897782325745,3.3336829180518786,3.075180991490682,0.11692404846350352,0.10001995116472244,0.011311426945030689,0.1666406810283661,0.650230415156667,3.483286188915372,3.112990379333496,0.12429216876626015,0.15407486259937286,0.02143874764442444,0.07596620544791222,0.661196768283844,0.1668570339679718,0.6454039185041532
540,3504.0843772888184,3.331741474320491,3.0736818313598633,0.11663641184568405,0.09987071851889293,0.011320776244004568,0.16684760053952535,0.6626422575535552,3.4907044656574726,3.1146551370620728,0.12424445897340775,0.156963549554348,0.02150197420269251,0.07582700997591019,0.6716021597385406,0.16691208630800247,0.6567735916905765
541,3510.525060415268,3.3306930010517437,3.0718496799468995,0.11745157142480214,0.10005876769622167,0.01135725611820817,0.1671270618836085,0.7520158818299688,3.4869134686887264,3.113906741142273,0.1251315101981163,0.15522048622369766,0.02131155040115118,0.07654337957501411,0.6657175719738007,0.1671883761882782,0.7795305565316523
542,3516.8658072948456,3.327991519123316,3.070287847518921,0.11638527065515518,0.09975551813840866,0.011322624034558732,0.1673522134621938,0.6837710487241072,3.473127268254757,3.103471517562866,0.12286587059497833,0.15411140769720078,0.021728801541030407,0.0762391909956932,0.6622527837753296,0.16738972812891006,0.7099200026791215
543,3523.173347234726,3.3239845308164755,3.0656404813130695,0.1165726030866305,0.10002887398004531,0.011315521132200957,0.1676438252131144,0.7395623475293952,3.475081190466881,3.10536789894104,0.12380623817443848,0.15390508621931076,0.021558155305683613,0.07589343562722206,0.6625595986843109,0.16773054003715515,0.7958137910506798
544,3529.5838322639465,3.3221407254536945,3.064018392562866,0.11632537047068278,0.09997982382774354,0.01132264311114947,0.1677917202313741,0.7294172611687677,3.4685717411339283,3.096062660217285,0.12421665340662003,0.15520037710666656,0.02152764331549406,0.0766800306737423,0.6635783016681671,0.16787097603082657,0.715071087784281
545,3535.9219963550568,3.3212599091231825,3.0635554154713946,0.1162841444214185,0.0997812107205391,0.011305707475791375,0.16809998949368796,0.7375295610001846,3.472379807382822,3.096846342086792,0.1237136498093605,0.1568383201956749,0.021548127755522728,0.07594682276248932,0.6695619523525238,0.16812215745449066,0.7171322781075788
546,3542.2188053131104,3.3175854571163654,3.0593624750773114,0.11599731395641963,0.10011216253042221,0.01130365493396918,0.16835243006547293,0.7263256331394389,3.4614194463938475,3.0925933122634888,0.12243935093283653,0.15380322933197021,0.02157598454505205,0.07577576115727425,0.6602204740047455,0.1683500111103058,0.718198333730682
547,3548.553348302841,3.313026418288549,3.055666987101237,0.115619562069575,0.09977482507626216,0.011304206556330125,0.1685869683821996,0.6810180462394889,3.467839017510414,3.0951775312423706,0.12233439087867737,0.15574714541435242,0.02138559054583311,0.07554463669657707,0.6662541925907135,0.168670192360878,0.7022110108100761
548,3554.871909379959,3.3094085820019243,3.0522900263468427,0.11563736150662104,0.09964993745088577,0.011299922736361623,0.16878738005956015,0.7890312971203407,3.463026087731123,3.0930769443511963,0.12335210293531418,0.1541365459561348,0.021386830136179924,0.07546444609761238,0.6631972789764404,0.1688455045223236,0.841741669338794
549,3561.1378502845764,3.3114567153155803,3.0536745230356854,0.11548659255107244,0.10001944800217946,0.011306124118467173,0.16894444425900776,0.708120047944629,3.4738429225981236,3.097414970397949,0.12397269159555435,0.15722080320119858,0.021477005444467068,0.07569095864892006,0.6703884303569794,0.16921404749155045,0.7292607810229252
550,3567.5770201683044,3.3061652903755507,3.048490031560262,0.11536344985167185,0.09999676694472631,0.011311775228629509,0.1693846583366394,0.703960448406544,3.458073725923896,3.083627939224243,0.12288350984454155,0.15650201588869095,0.021576047874987125,0.07579602301120758,0.6684622764587402,0.16941464692354202,0.6951904770464447
551,3573.9072711467743,3.306061290452878,3.0480140368143718,0.11518853257099787,0.1002264936765035,0.011322095477953553,0.1695196400086085,0.7190959938039281,3.4598853904753923,3.085937023162842,0.12239084020256996,0.15637647360563278,0.021406136453151703,0.0754336416721344,0.6690953373908997,0.1693587228655815,0.7153154269214579
552,3580.217628479004,3.3037630540629226,3.044903262456258,0.11505671590566635,0.10066571682691575,0.011301414078722398,0.1697386066118876,0.7144992829432529,3.455171074718237,3.081426501274109,0.12298985570669174,0.15612482279539108,0.021433706395328045,0.07556669786572456,0.6663666069507599,0.16977981477975845,0.7555537969235294
553,3586.5815954208374,3.297903786847989,3.0397061347961425,0.11491877983013789,0.10036913106838861,0.011301487125456334,0.17009185155232748,0.7175158771062765,3.4549142606556416,3.0832090377807617,0.12308041006326675,0.15508250892162323,0.021531060338020325,0.07556629180908203,0.6654089093208313,0.17010318487882614,0.7055829018042787
554,3592.9017271995544,3.300580188135306,3.0427610874176025,0.11553649803002676,0.10002542585134507,0.011312408527980248,0.17027045389016468,0.8001338146537161,3.4599572084844112,3.084803819656372,0.12242846935987473,0.1569695770740509,0.021349924616515636,0.07550840079784393,0.6702026128768921,0.1702418178319931,0.8031836156997116
555,3599.2046642303467,3.29518355752031,3.0380014419555663,0.1143452470501264,0.10000474601984025,0.011322441014150779,0.17046077648798624,0.6910658025717532,3.4483376555144787,3.0738015174865723,0.12143995612859726,0.1569080799818039,0.021705600433051586,0.07583601772785187,0.6682090163230896,0.17065417766571045,0.6652535318438465
556,3605.4905722141266,3.293354826668898,3.0361477851867678,0.11435721615950266,0.10001421670118968,0.011302373185753823,0.1707773983478546,0.6649768906952869,3.4453727044165134,3.075116991996765,0.12157458811998367,0.15473420917987823,0.02144808042794466,0.07529018446803093,0.6636753678321838,0.17071352899074554,0.6553901060315827
557,3611.794953107834,3.2894909270107746,3.032504145304362,0.11426988194386165,0.0999259203672409,0.011292272107675671,0.1711060643196106,0.7875069353580246,3.4446430280804634,3.071760892868042,0.12185375392436981,0.15597762912511826,0.02149497251957655,0.07539182901382446,0.6673743426799774,0.17080391943454742,0.7965372870200409
558,3618.0997681617737,3.2865009364982445,3.0296948909759522,0.11421646426121394,0.09984890669584275,0.011287076119333505,0.17124978204568228,0.7242696415065758,3.4451304711401463,3.0700987577438354,0.12176410108804703,0.15707483142614365,0.02142547443509102,0.07527902349829674,0.668152779340744,0.17144322395324707,0.7201704848028344
559,3624.466425180435,3.2852279839416343,3.0274646441141764,0.11409719536701839,0.10035737107197444,0.011303975386545062,0.17152539094289143,0.7123737574143616,3.436729684472084,3.064409017562866,0.12137824296951294,0.15581577271223068,0.021314579993486404,0.07542388886213303,0.6668575704097748,0.17151285707950592,0.763628378766217
560,3630.8769931793213,3.2828795559704305,3.0253453890482587,0.11385866552591324,0.10030241707960764,0.011287973914295434,0.17172184387842815,0.712951904431325,3.4296337887644768,3.0592267513275146,0.12018708884716034,0.15515674650669098,0.021513708867132664,0.07544808834791183,0.665034830570221,0.17183908075094223,0.7242053120059249
561,3637.170936346054,3.279942901432514,3.0229643026987714,0.11343803703784942,0.10012979010740916,0.011290654912590981,0.17199663519859315,0.7764626068333246,3.4329506289213896,3.0578469038009644,0.1208924911916256,0.1573287397623062,0.021545598283410072,0.07553619518876076,0.6688270270824432,0.17221052199602127,0.7617195154701658
562,3643.7166142463684,3.278941283375025,3.021314748128255,0.1136807198325793,0.10039308766523997,0.01130073278521498,0.17234407564004262,0.7460938845532952,3.430368458852172,3.0570281744003296,0.1208648793399334,0.1564539223909378,0.02124030515551567,0.07497105002403259,0.6677372753620148,0.1721573919057846,0.7973362653526295
563,3650.033949136734,3.2755905047059057,3.0181980609893797,0.11372793614864349,0.10026423782110214,0.011287988039354484,0.17250206073125204,0.7246765896844352,3.4293548725545406,3.058898448944092,0.1208992525935173,0.1550033986568451,0.021310608834028244,0.07513313367962837,0.663692444562912,0.17236670851707458,0.726463659557601
564,3656.2835841178894,3.2725413317481675,3.0159264087677,0.11304508745670319,0.10004618962605795,0.011285328585654498,0.1727125644683838,0.6555767823463533,3.4282735511660576,3.053249478340149,0.11969710886478424,0.15758775919675827,0.021501858718693256,0.0754539966583252,0.6703692376613617,0.17298630625009537,0.6460875110474504
565,3662.677793264389,3.271906975408395,3.0147351741790773,0.1132984588543574,0.10026128590106964,0.0112943634390831,0.17305143276850382,0.7317790279391995,3.4281838089227676,3.0570831298828125,0.12134802341461182,0.15521333366632462,0.02138101402670145,0.07535909861326218,0.6632541120052338,0.17307204753160477,0.7502754472017785
566,3669.0067043304443,3.2670317351818086,3.010272757212321,0.1129840632279714,0.10013347317775091,0.011278786851714054,0.17326513826847076,0.7737546202688229,3.422710442915559,3.0487829446792603,0.12031163647770882,0.15688583999872208,0.021459299139678478,0.07545642554759979,0.6691786050796509,0.17326625436544418,0.7214935752076413
567,3675.2642641067505,3.265009818474452,3.0080729961395263,0.11257263422012329,0.10032525261243185,0.011276994443808993,0.1735272894303004,0.712492887039815,3.4147426672279835,3.044785737991333,0.12082353979349136,0.1547725796699524,0.0214449604973197,0.07525717467069626,0.6646678447723389,0.17366431653499603,0.7290453576111781
568,3681.6427142620087,3.2633186226089794,3.00675843556722,0.11290142436822255,0.1000547374288241,0.011284811065221827,0.17368809580802919,0.7346375595408791,3.4221736881881952,3.04190456867218,0.12075068429112434,0.15994688868522644,0.021441489458084106,0.07518795505166054,0.6750363111495972,0.1738092377781868,0.7176778309338292
569,3687.96964430809,3.2616165784498055,3.004358704884847,0.11235000441471736,0.10054143567879995,0.011284998975073297,0.17403494119644164,0.6534675369845566,3.4151284731924534,3.0419445037841797,0.11955080181360245,0.15670428425073624,0.021318068727850914,0.07513334974646568,0.6668030321598053,0.17394548654556274,0.6489599525605138
570,3694.265855073929,3.254705200344324,2.998715623219808,0.11153961767752965,0.10010988414287567,0.011278913465018074,0.17423801024754842,0.6160302311853745,3.4209439270198345,3.046154499053955,0.12068476527929306,0.15722352266311646,0.02154640667140484,0.07529952749609947,0.6662546098232269,0.17403902113437653,0.5880298109970996
571,3700.6173672676086,3.254016302525997,2.9975026925404866,0.11212735076745352,0.10022496730089188,0.011280175639937322,0.17454942564169565,0.7411806224960125,3.4093401730060577,3.0376622676849365,0.1201772391796112,0.1557946428656578,0.021520416252315044,0.07550163567066193,0.6646660268306732,0.17454247176647186,0.8036352425325012
572,3707.1239461898804,3.2536287285387515,2.996355581283569,0.11255409866571427,0.10049804896116257,0.011288394856577118,0.17475862801074982,0.770851518048912,3.413763605058193,3.0379613637924194,0.12034927308559418,0.15781380236148834,0.021380389109253883,0.07498350366950035,0.6707576811313629,0.1746661737561226,0.8015876543843861
573,3713.447412252426,3.2507184776167075,2.994281848271688,0.11217168023188909,0.10017539461453756,0.011281964338074128,0.1749868720769882,0.7738296768642958,3.403321795165539,3.0298402309417725,0.119291290640831,0.15691795945167542,0.021349535323679447,0.07509103417396545,0.6666181087493896,0.17501133680343628,0.7631565087444623
574,3719.717205286026,3.2489268243312837,2.992208703358968,0.11204087734222412,0.1003488411506017,0.011283975342909496,0.1752180447181066,0.7337370335096477,3.4014323856681585,3.0292205810546875,0.11854420229792595,0.15646985173225403,0.021306367591023445,0.07539992406964302,0.6664360761642456,0.17528373003005981,0.743596797447245
575,3726.0285062789917,3.245915400981903,2.9891459147135415,0.11171525915463766,0.10045592834552129,0.01127768784450988,0.17544232805569968,0.7449128220728674,3.396753430366516,3.0271644592285156,0.11923554539680481,0.15498559921979904,0.02157216425985098,0.07520178705453873,0.6629434823989868,0.17538917064666748,0.7510966090679296
576,3732.3537681102753,3.2426944067080816,2.986121479670207,0.11151653130849203,0.10040733069181443,0.011278237992276749,0.17578065395355225,0.7429486624311029,3.4025157764554024,3.0269778966903687,0.11930079758167267,0.1579437404870987,0.02141227200627327,0.07507935166358948,0.6703291237354279,0.1757686361670494,0.7477220591840203
577,3738.6364800930023,3.2391173390050727,2.982823292414347,0.11094245860973993,0.1004114086429278,0.011281817452982068,0.17590983013312023,0.6859670652820401,3.398407617583871,3.025559663772583,0.11933865025639534,0.1565893143415451,0.021406300365924835,0.0750112533569336,0.6660040616989136,0.17593564093112946,0.6799294870940474
578,3745.023838043213,3.2388851207991443,2.9822601954142254,0.11122936656077703,0.10050512105226517,0.011272202137236793,0.17626231610774995,0.7039393861586966,3.39163276925683,3.0159335136413574,0.11842579394578934,0.15824317932128906,0.021420540288090706,0.07505851611495018,0.6711047291755676,0.1761142760515213,0.6827926214803453
579,3751.3446712493896,3.2367100092271963,2.9793498039245607,0.11133021960655848,0.10084754774967829,0.011291636247187853,0.17648187975088755,0.7680967325405794,3.384302182123065,3.014899253845215,0.11921164020895958,0.15489855408668518,0.021362521685659885,0.07514531537890434,0.6626228392124176,0.17629534006118774,0.7981148772456697
580,3757.595490217209,3.232419515401125,2.9762048085530597,0.11112171759208044,0.10032692402601243,0.011267384591822823,0.17675325473149617,0.7494890689507451,3.3906048983335495,3.016256809234619,0.11924034357070923,0.15736395865678787,0.02149571105837822,0.07539143785834312,0.6688179969787598,0.17658325284719467,0.7847496049082767
581,3763.9752950668335,3.2306980937719345,2.974166011810303,0.11086805860201518,0.1005490263303121,0.011263912031427025,0.17704058090845745,0.7539761690441819,3.377719320356846,3.0056813955307007,0.1186075359582901,0.15636707842350006,0.02153069991618395,0.07511378079652786,0.6649184823036194,0.17705555260181427,0.704139054233248
582,3770.30824303627,3.2270066673556963,2.9707211812337238,0.11000066697597503,0.10064257631699244,0.011262125320111711,0.17727072636286417,0.6397758967981394,3.380262879654765,3.0070884227752686,0.11841186508536339,0.15698426216840744,0.021404790692031384,0.07485265284776688,0.6669780015945435,0.17734159529209137,0.6263053830310098
583,3776.6032412052155,3.226025430113077,2.9698345343271892,0.11029033213853837,0.10052286485830943,0.01126260490467151,0.17743364870548248,0.7647637648008024,3.3684955928474665,2.9985724687576294,0.11741187050938606,0.15560859441757202,0.021378301084041595,0.07484608516097069,0.6642169058322906,0.1774389073252678,0.7509777720095868
584,3782.9903512001038,3.2219851831595103,2.9653687795003254,0.11041491627693176,0.10070447276035945,0.011263843066990376,0.17769108017285665,0.7875059010400032,3.3733660243451595,2.9978612661361694,0.11749022454023361,0.15837982296943665,0.021393686532974243,0.07485463097691536,0.6707074046134949,0.17771170288324356,0.8238454166364161
585,3789.331695318222,3.220335224022468,2.96404865582784,0.1101361667116483,0.1006092424194018,0.011264319205656648,0.1779105911652247,0.7141344205344249,3.3714972641319036,2.9988207817077637,0.11749173328280449,0.15696530789136887,0.021388749592006207,0.07493657246232033,0.6659514009952545,0.17796700447797775,0.7219265904975034
586,3795.617272377014,3.216197742521763,2.96014412244161,0.10983041226863861,0.10056920697291692,0.011266683771585425,0.17823345263799031,0.7075367969256571,3.366729026660323,2.995044708251953,0.11726168915629387,0.15652673691511154,0.021427510306239128,0.07478710263967514,0.6649258434772491,0.17805489897727966,0.687821107870781
587,3801.882123231888,3.213765720029672,2.9577217578887938,0.10949061810970306,0.10064932654301326,0.011274527898058296,0.17845779259999592,0.7165878879819851,3.3669953737407923,2.9956467151641846,0.11728032305836678,0.15635424852371216,0.021602205000817776,0.07506578788161278,0.6646326780319214,0.17836233973503113,0.7535932918063579
588,3808.3545343875885,3.211671792467435,2.9553233782450357,0.10943933327992757,0.1008143737912178,0.011252279859036207,0.17875591417153677,0.7167906503609061,3.36893099360168,2.994493007659912,0.11802109703421593,0.15771371871232986,0.021395398303866386,0.07473625242710114,0.6684186458587646,0.1788412630558014,0.7319441522514827
589,3814.6702921390533,3.2134017730752626,2.95635937054952,0.10991131961345672,0.10104337135950724,0.011258193897083402,0.1788981666167577,0.7933844611498537,3.3574623614549637,2.9867610931396484,0.11684229969978333,0.1561400592327118,0.02137328777462244,0.07472386956214905,0.6644738912582397,0.17899297922849655,0.7868349833929181
590,3821.1308953762054,3.206577875216802,2.950434430440267,0.10973331928253174,0.10063839256763459,0.01126585400973757,0.1791582574446996,0.796181467516421,3.370491025969386,2.995833396911621,0.11753621324896812,0.15794476121664047,0.021224559284746647,0.07522814348340034,0.6692053973674774,0.1791836991906166,0.7819994302897569
591,3827.4506220817566,3.207385993997256,2.951162846883138,0.10947157343228658,0.10074368019898733,0.011266691765437523,0.17950276831785839,0.7357082441199473,3.354683842509985,2.985228419303894,0.11662908643484116,0.15557043999433517,0.02147452812641859,0.0749875083565712,0.6630862653255463,0.17946050316095352,0.7302853779658509
592,3833.7256512641907,3.204286330938339,2.9480921109517415,0.1088206688563029,0.10089194277922313,0.01126949164705972,0.17977360089619954,0.7264664070510143,3.357142386958003,2.9811915159225464,0.11634334549307823,0.15888959914445877,0.021490677259862423,0.07481443136930466,0.6723679304122925,0.17971696704626083,0.7244448819546128
593,3840.113886117935,3.2010907058914504,2.9446668942769367,0.1089443951845169,0.10097580701112747,0.011247588911404212,0.17997602025667828,0.7448803058988188,3.353945005685091,2.9799206256866455,0.11789295822381973,0.15753895044326782,0.02131586614996195,0.07452468946576118,0.6679106056690216,0.17991077154874802,0.7726867838506011
594,3846.4126851558685,3.1980314068496227,2.942153215408325,0.10928059468666712,0.10061894704898199,0.011253666675960025,0.1802122950553894,0.8107479743170728,3.346502471715212,2.974028468132019,0.11686322838068008,0.1570211946964264,0.02129970584064722,0.07453041523694992,0.6678485572338104,0.18031354993581772,0.7859251132261937
595,3852.7057564258575,3.1986831250290075,2.941416867574056,0.10946634064118067,0.10126654356718064,0.01127546870460113,0.18042382796605427,0.8636030874107614,3.350610526278615,2.979529023170471,0.11671609058976173,0.15636172890663147,0.021240511909127235,0.0745435543358326,0.6640500128269196,0.1802903488278389,0.8621154375965772
596,3859.124763250351,3.1915240111450354,2.935554790496826,0.10839345504840216,0.1008862465620041,0.01125339133044084,0.18062294026215872,0.7521830619545449,3.353357881307602,2.977220296859741,0.11673858761787415,0.15888414531946182,0.021468385122716427,0.07494402676820755,0.6712858378887177,0.1808818131685257,0.7369988992112486
597,3865.464818239212,3.190594089279572,2.935131788253784,0.10867453267176946,0.10056251734495163,0.011251866941650708,0.18101866245269777,0.7823909636237706,3.3472937922924757,2.971850633621216,0.1166752241551876,0.15855277329683304,0.021446730941534042,0.07466332241892815,0.6702776551246643,0.1810338795185089,0.7881545420015318
598,3871.7659873962402,3.1882918251057464,2.9327130635579426,0.10838557134071986,0.10069298793872197,0.01124248856989046,0.18116780916849773,0.745516578173603,3.3412530329078436,2.96301531791687,0.11564717814326286,0.16020706295967102,0.021364151500165462,0.07443561032414436,0.6740656197071075,0.18137602508068085,0.7042211664780688
599,3877.9834792613983,3.183043343325456,2.9278083165486652,0.10779799123605092,0.10066801557938258,0.011249230693404872,0.18143712083498637,0.6485714035322723,3.340606387704611,2.9662580490112305,0.11553382128477097,0.15829071402549744,0.021322470158338547,0.0745219923555851,0.6692409515380859,0.18125418573617935,0.6536024667630858
600,3884.3955521583557,3.1791437680522603,2.9243366082509357,0.10739163060983022,0.10055567224820455,0.011258206314717729,0.18169591029485066,0.6828360807089054,3.3306787833571434,2.9580551385879517,0.11459197103977203,0.15766382962465286,0.021428851410746574,0.07477128505706787,0.6679495275020599,0.18188360333442688,0.6626041852816386
