epoch,elapsed_time,total_loss,l_pred,l_multi,l_var,l_vel,l_sparse,l_probe,l_coord,spike_rate,grad_norm,val_total_loss,val_l_pred,val_l_multi,val_l_probe,val_l_coord,val_pos_err,val_vel_err,val_spike_rate,grad_norm_recent,combined_score
1,7.278248071670532,1.2889497429132462,0.26926729281743367,0.0,0.46172498861948646,0.42052781184514365,0.0,0.3653626581033071,0.2168048878510793,0.1144000103076299,1.2739277104536693,6.730997532606125,5.809762716293335,0.4901166558265686,0.3380882441997528,0.20648597180843353,0.656436949968338,0.8222217261791229,0.11494966223835945,0.8737372189760209,1.0675478130578995
2,14.499398946762085,1.1193391450991232,0.26516337593396505,0.0,0.3095174829165141,0.32909979422887164,0.0,0.3166175921758016,0.16959289610385894,0.11951307505369187,0.36937479476133983,6.44238305836916,5.649817943572998,0.2542305737733841,0.3327249139547348,0.1561560407280922,0.6013831496238708,0.8358422219753265,0.12061959132552147,0.35677038282155993,1.0193042606115341
3,21.777996063232422,0.995601233591636,0.2513822545607885,0.0,0.27693997224171957,0.29295178651809695,0.0,0.2757457852363586,0.12371680289506912,0.12441509316364924,0.223542453845342,6.310962583869696,5.587873697280884,0.2490760013461113,0.2992754429578781,0.11804060637950897,0.5420079827308655,0.8120490610599518,0.1247662641108036,0.2049598902463913,0.9480325132608414
4,30.368875980377197,0.9163405306016406,0.2453685909509659,0.0,0.262477187315623,0.2709525336821874,0.0,0.24769305189450583,0.0924123004078865,0.1281238595644633,0.18578196465969085,6.203033100813627,5.529269218444824,0.24402203410863876,0.2758764326572418,0.09199526906013489,0.4798853099346161,0.8006573021411896,0.12740182131528854,0.18820557743310928,0.8802139610052109
5,37.97414302825928,0.8497307355826099,0.23982175588607788,0.0,0.2522616356611252,0.2530186355113983,0.0,0.22387899259726207,0.06943677018086115,0.1303101678689321,0.1784684141476949,6.117323379963636,5.474538564682007,0.23886322230100632,0.2616766020655632,0.07122229784727097,0.4119664132595062,0.8081730306148529,0.12831194698810577,0.1705423191189766,0.8160529285669327
6,45.677836179733276,0.7853657733649015,0.2337495227654775,0.0,0.24131214022636413,0.24273282587528228,0.0,0.1991093506415685,0.05266612693667412,0.13051812052726747,0.18128946175177893,5.982711490243673,5.394642353057861,0.2319428250193596,0.2360488623380661,0.05873126536607742,0.33778366446495056,0.7958087623119354,0.1282898485660553,0.19479148536920549,0.7356880456209183
7,53.368212938308716,0.7295124103625615,0.22859057386716206,0.0,0.2346451312303543,0.23314231634140015,0.0,0.17712107996145884,0.04429339542984963,0.13014708161354066,0.16284502943356832,5.891911271959543,5.351089239120483,0.22806627303361893,0.21339444816112518,0.052698519080877304,0.2698437571525574,0.7783502340316772,0.12778017669916153,0.16034096851944923,0.659018874168396
8,60.848450899124146,0.6895963666960597,0.22565135657787322,0.0,0.2315622677405675,0.22105698088804882,0.0,0.16215440134207407,0.039676610256234805,0.12947238584359486,0.14706782946983973,5.851443786174059,5.326697587966919,0.22596491128206253,0.20588187128305435,0.048371780663728714,0.2246934175491333,0.7786290645599365,0.12778349220752716,0.15300790816545487,0.6140079498291016
9,68.76986813545227,0.6642261351458728,0.22391484280427296,0.0,0.22820062637329103,0.21232724686463675,0.0,0.15306969086329142,0.034588166822989784,0.1287579208612442,0.1421188975373904,5.819805692881346,5.3222362995147705,0.22547443956136703,0.19241608679294586,0.04173913225531578,0.2063392847776413,0.7533230483531952,0.12637852132320404,0.1337382435798645,0.5830008089542389
10,76.93766784667969,0.6544710441026836,0.22330993711948394,0.0,0.22187918523947397,0.20632471938927968,0.0,0.15082973837852479,0.027675722166895865,0.12761235932509105,0.155465134481589,5.798929758369923,5.308640956878662,0.22439493238925934,0.18904566764831543,0.03604254126548767,0.19785696268081665,0.7486365139484406,0.12571562081575394,0.16007027626037598,0.5721752196550369
11,85.47134590148926,0.6410298557175944,0.22227331300576528,0.0,0.21433108846346538,0.19859208563963573,0.0,0.14723480095465977,0.02371859544267257,0.12693690260251364,0.1702239270011584,5.753381844609976,5.2681965827941895,0.22091572731733322,0.18736369907855988,0.033463070169091225,0.176144041121006,0.7509757876396179,0.12529000639915466,0.16423131749033928,0.551631934940815
12,94.63071584701538,0.6253197012158732,0.22115403215090434,0.0,0.2124331255753835,0.19014896949132284,0.0,0.14229092846314112,0.021773448648552098,0.12670486172040304,0.1499146764477094,5.723236981779337,5.252018928527832,0.21962208300828934,0.18070350587368011,0.0318544153124094,0.1642196848988533,0.7369777858257294,0.12493012845516205,0.14661414101719855,0.532708577811718
13,102.91713380813599,0.6106480320527529,0.21867900888125102,0.0,0.21139441827932995,0.18393961389859517,0.0,0.1378907412290573,0.020521984808146952,0.12627322127421697,0.171356134613355,5.666714731603861,5.212480306625366,0.21634192019701004,0.1730317324399948,0.03064718097448349,0.1561526358127594,0.7204297482967377,0.12481886893510818,0.17691200971603394,0.5163675099611282
14,116.41972780227661,0.5982196215462561,0.21641657153765362,0.0,0.2106408804655075,0.17836139003435772,0.0,0.13431104570627211,0.019574491369227568,0.12603840976953506,0.16736820191144944,5.651219118386507,5.200436353683472,0.21545223146677017,0.17152832448482513,0.03000615816563368,0.15041782706975937,0.7178050577640533,0.12472330406308174,0.1545204609632492,0.509320355951786
15,124.66247892379761,0.5880513135654231,0.21431423127651214,0.0,0.21023897627989452,0.17355818450450897,0.0,0.1315525437394778,0.01886004420618216,0.12555636962254843,0.14262505769729614,5.592142343521118,5.15928316116333,0.2119291126728058,0.1634473130106926,0.02951177768409252,0.1454320028424263,0.6945395171642303,0.12407418712973595,0.13462976962327958,0.4927017614245415
16,132.03166604042053,0.5777766121163344,0.2120667318503062,0.0,0.21067458788553875,0.16868185102939606,0.0,0.12878181288639703,0.01825246661901474,0.12520605623722075,0.16380971521139145,5.5984103716909885,5.1610634326934814,0.2119407132267952,0.16568829119205475,0.02869959268718958,0.14060774445533752,0.7023096978664398,0.12381545081734657,0.15789885073900223,0.49176259338855743
17,139.6353349685669,0.5697454104665667,0.2100015699863434,0.0,0.21054775516192117,0.1644705206155777,0.0,0.1268935903906822,0.017777508497238158,0.12497515281041463,0.14863544801870981,5.5577523447573185,5.136129856109619,0.20984668284654617,0.15834957361221313,0.028139333240687847,0.13652663677930832,0.6860640347003937,0.12376069650053978,0.139891617000103,0.47955865412950516
18,146.7369909286499,0.5657665172591806,0.20809031625588734,0.0,0.21138889094193777,0.16408808529376984,0.0,0.1259470373392105,0.017327956606944403,0.12465657591819763,0.18487541476885477,5.537372909486294,5.118586778640747,0.20829634368419647,0.15731897950172424,0.027936402708292007,0.13341134041547775,0.6812416911125183,0.12338489294052124,0.16854816377162934,0.4740321859717369
19,153.87881302833557,0.5545307618721078,0.2062494973341624,0.0,0.21112828950087228,0.15851231515407563,0.0,0.12268184224764506,0.016990609529117743,0.12426529973745346,0.16143270681301752,5.462426416575909,5.05602240562439,0.20313163101673126,0.1524190977215767,0.027728614397346973,0.13077840209007263,0.6684604585170746,0.12286220118403435,0.16702540814876557,0.4650086313486099
20,161.055242061615,0.5501294411486015,0.2029847284158071,0.0,0.21195343633492789,0.15815269152323405,0.0,0.12218439429998398,0.016694854634503525,0.12393098970254263,0.15584457119305928,5.433537852019072,5.029312372207642,0.20098241418600082,0.15186713635921478,0.027393894270062447,0.12813007831573486,0.6716494858264923,0.1226152665913105,0.15237470120191574,0.463954821228981
21,167.54920411109924,0.5419428595885013,0.20047915081183115,0.0,0.21306429505348207,0.15457616448402406,0.0,0.12020200391610464,0.01643460855508844,0.12366476853688559,0.18128037005662917,5.416455697268248,5.015369653701782,0.19984891265630722,0.15058079361915588,0.02709772251546383,0.1261288747191429,0.6638062000274658,0.12249947711825371,0.17381420880556106,0.4580319747328758
22,174.00520396232605,0.5376753729224826,0.19856399695078533,0.0,0.213708824912707,0.1544700026512146,0.0,0.11903701176246008,0.016209821434070668,0.12341916362444559,0.20497382879257203,5.39139723777771,4.998074054718018,0.19845256209373474,0.1470484510064125,0.026729869656264782,0.12428286299109459,0.6531830430030823,0.12197893485426903,0.21694727391004562,0.4508743844926357
23,180.59337186813354,0.5327832089504227,0.19578452905019125,0.0,0.2135993520418803,0.1543420414129893,0.0,0.1180314838886261,0.01603170605376363,0.12299034297466278,0.19197951555252074,5.347990721464157,4.951480150222778,0.1946968138217926,0.14958108216524124,0.026463566347956657,0.12286446616053581,0.6611914932727814,0.12184733152389526,0.1986297309398651,0.4534602127969265
24,187.07704091072083,0.5290170595282688,0.19361232618490856,0.0,0.21504789193471271,0.15254777272542316,0.0,0.11762427339951197,0.015850116312503815,0.12275423258543014,0.20610675265391667,5.3294523768126965,4.935906410217285,0.19336425513029099,0.1484319195151329,0.026341993361711502,0.12201397120952606,0.6584360599517822,0.12130609527230263,0.20784567445516586,0.4512320011854172
25,193.5653908252716,0.5236572441800187,0.1913003534078598,0.0,0.2156335949897766,0.15210572481155396,0.0,0.11619293292363485,0.015698682175328334,0.12242518415053685,0.2059518242875735,5.266779042780399,4.884588718414307,0.18945075571537018,0.1437324732542038,0.026055913418531418,0.12093951553106308,0.6416959464550018,0.12139572948217392,0.20494329854846,0.441787488758564
26,200.12623500823975,0.5198519569278385,0.18925469716389973,0.0,0.2170981675386429,0.15202362587054571,0.0,0.11526835610469183,0.015592780895531178,0.12211691637833913,0.21646633048852285,5.253099713474512,4.865994691848755,0.18790466338396072,0.14657634496688843,0.025819309055805206,0.12022030726075172,0.6509900093078613,0.1208522841334343,0.23601019978523255,0.4457153119146824
27,206.73762893676758,0.5138644688374673,0.1870776742696762,0.0,0.2172137955824534,0.1497940460840861,0.0,0.11392544905344645,0.01544998235379656,0.12187885294357935,0.2113392839829127,5.2338800095021725,4.847924470901489,0.1864786073565483,0.14635811746120453,0.025910992175340652,0.12012504786252975,0.6503671407699585,0.12098411843180656,0.20169366300106048,0.445308618247509
28,213.16739296913147,0.5086923980852589,0.18462527692317962,0.0,0.21891939242680866,0.1478489155570666,0.0,0.11297436207532882,0.015346681543936333,0.12166590591271718,0.19183248927195867,5.203675340861082,4.821986198425293,0.18445878475904465,0.1447298750281334,0.025722356513142586,0.11961110681295395,0.6460677683353424,0.12035749107599258,0.20433691367506981,0.44264499098062515
29,219.66628408432007,0.5074817276249329,0.18307312130928038,0.0,0.21991705298423767,0.14780675967534382,0.0,0.11311319023370743,0.015247639765342077,0.12141162107388179,0.21878622074921925,5.171154450625181,4.792369604110718,0.1821914240717888,0.14384456723928452,0.025663779117166996,0.11937172338366508,0.6432926058769226,0.12067969888448715,0.22178933173418044,0.4410180263221264
30,226.14436197280884,0.5022819912759587,0.18134228388468424,0.0,0.22012132505575815,0.14555698881546655,0.0,0.1119370386004448,0.015166696750869353,0.12120496879021327,0.22494237224260966,5.158641770482063,4.774204254150391,0.1808013617992401,0.1470184177160263,0.025607413612306118,0.11920855566859245,0.6501367390155792,0.1201942078769207,0.2268481194972992,0.44427692517638206
31,232.90429091453552,0.500975661422126,0.1790023187796275,0.0,0.22010585963726043,0.14793823957443236,0.0,0.11186490257581075,0.015092206404854853,0.12100021640459696,0.24068503181139628,5.1052847392857075,4.731385946273804,0.17757237702608109,0.1425563022494316,0.0252353111281991,0.11854656413197517,0.6391504108905792,0.120185486972332,0.23575017005205154,0.4381217695772648
32,239.51747584342957,0.49707616756980616,0.17728632887204487,0.0,0.22149681349595388,0.14569609065850575,0.0,0.11127044210831324,0.015008176739017168,0.12081022163232168,0.24471461524566016,5.096882205456495,4.720212697982788,0.1767253503203392,0.1441534161567688,0.025076836347579956,0.11823614314198494,0.6435958743095398,0.12001917883753777,0.22720930203795434,0.44003408029675484
33,246.18456101417542,0.4918846884276718,0.1755326340595881,0.0,0.2238845666249593,0.14328059355417888,0.0,0.11004164318243663,0.01493347892537713,0.12060031493504843,0.2039994974931081,5.073388509452343,4.699117422103882,0.17522038519382477,0.14333044737577438,0.02542457263916731,0.11887725815176964,0.6404744982719421,0.12010074034333229,0.21005560904741288,0.4391145072877407
34,252.92105984687805,0.4894084996466214,0.17420739730199178,0.0,0.22357083757718405,0.1445935825506846,0.0,0.10915845135847728,0.014868832690020402,0.1205040156841278,0.23525423208872479,5.049229066818953,4.678271055221558,0.17354481667280197,0.14209280163049698,0.025345107540488243,0.11864128708839417,0.6357851922512054,0.11946690455079079,0.24198965579271317,0.4365338832139969
35,259.3778078556061,0.48867531730405367,0.17272827724615733,0.0,0.22361820042133332,0.14318360487620035,0.0,0.10988732079664866,0.014791813647995393,0.12032063752412796,0.22219544053077697,5.033103261142969,4.659383535385132,0.1721223071217537,0.14382928609848022,0.024920458905398846,0.11786618828773499,0.6429263949394226,0.119110107421875,0.21041105538606644,0.4393293857574463
36,266.3334290981293,0.48605166339160255,0.17141962945461273,0.0,0.2244604190190633,0.1434016466140747,0.0,0.10913717548052469,0.014738788393636544,0.1203056106964747,0.2671702156464259,5.01671676337719,4.642459392547607,0.1709577739238739,0.14438924193382263,0.024969708174467087,0.11794696748256683,0.6419906616210938,0.11932111158967018,0.2661156564950943,0.4389422982931137
37,272.8615939617157,0.4826986266998574,0.1698268453280131,0.0,0.2251390129327774,0.1405950203537941,0.0,0.10892805308103562,0.014695063326507806,0.12015283207098643,0.2081549564997355,4.957650493830442,4.589049816131592,0.1670982763171196,0.14252576977014542,0.025065867230296135,0.1181081049144268,0.6338205337524414,0.11946556344628334,0.19509528279304506,0.4350183717906475
38,279.7903850078583,0.4804845897752481,0.16839057008425395,0.0,0.22728335460027058,0.13936532934506735,0.0,0.10874295135339102,0.014647462281088035,0.12002549966176351,0.21139620343844095,4.972943916916847,4.603708982467651,0.16806578636169434,0.14260102063417435,0.024692120030522346,0.11743189021945,0.6373756527900696,0.1187293641269207,0.22419380396604538,0.4361197166144848
39,286.44029092788696,0.4800417523792324,0.16678367853164672,0.0,0.2281937579313914,0.14288865824540456,0.0,0.10839996188879013,0.014629622548818588,0.12004980444908142,0.29181605875492095,4.926188599318266,4.558515310287476,0.16479840129613876,0.14263704419136047,0.02514956146478653,0.11820490285754204,0.6333924531936646,0.11943725496530533,0.28516037166118624,0.4349011294543743
40,293.46999406814575,0.47339151467507085,0.16504283646742504,0.0,0.2297503223021825,0.13958058108886082,0.0,0.10670288304487864,0.014517251340051492,0.1199410264690717,0.24553977052370707,4.922981549054384,4.555116891860962,0.16451431065797806,0.14280375093221664,0.024874016642570496,0.11760719865560532,0.6367603540420532,0.11888770759105682,0.23542730063199996,0.4359873756766319
41,300.37082695961,0.473254674327715,0.1643305867910385,0.0,0.2296072651942571,0.13807134379943212,0.0,0.10737713327010473,0.014489462381849687,0.11987228790918986,0.20807651082674664,4.898878686130047,4.5360236167907715,0.16321279108524323,0.14062433689832687,0.024620109237730503,0.11709639430046082,0.6307910680770874,0.11912045627832413,0.21238821148872375,0.4324919283390045
42,306.9849019050598,0.4733001879998483,0.1635453661282857,0.0,0.2308159202337265,0.13913254489501317,0.0,0.10747122168540954,0.014430073400338491,0.11958620796600977,0.24901157716910044,4.894009627401829,4.528305292129517,0.16270415484905243,0.14217612892389297,0.02442951872944832,0.11672486737370491,0.6351150572299957,0.11860659718513489,0.23212021440267563,0.4342823959887028
43,313.6277310848236,0.46811415142534923,0.1621612201134364,0.0,0.23066237568855286,0.13575087040662764,0.0,0.10642777880032857,0.01437134730319182,0.11966319382190704,0.22110691269238789,4.864043064415455,4.499512672424316,0.1605978161096573,0.1421157419681549,0.024537481367588043,0.11684416234493256,0.6323639750480652,0.11871954053640366,0.2331569492816925,0.43302614986896515
44,320.2612748146057,0.4674218879935021,0.16075803736845654,0.0,0.231465686360995,0.13682599663734435,0.0,0.10647703111171722,0.01433481511970361,0.11959885011116664,0.26089820166428884,4.850619725883007,4.490316390991211,0.15992046892642975,0.14017155021429062,0.024660426191985607,0.11700500175356865,0.6279668807983398,0.11853550374507904,0.2765882611274719,0.43098844215273857
45,326.84007000923157,0.46282876684175184,0.1590194304784139,0.0,0.23425288995107016,0.13446896870930988,0.0,0.10550240923961003,0.014298282905171315,0.11970714032649994,0.2314761737982432,4.824277304112911,4.462997674942017,0.15809513628482819,0.14111603051424026,0.024680246599018574,0.11685493215918541,0.6287868022918701,0.1185101605951786,0.22845406979322433,0.43124833330512047
46,333.40382385253906,0.4608180136846689,0.15796416401863098,0.0,0.2347393641869227,0.13406377385059992,0.0,0.1051057000954946,0.014244146179407835,0.11962348024050394,0.2205912133057912,4.799825977534056,4.442723274230957,0.15660806745290756,0.13939933478832245,0.024524100124835968,0.11654239520430565,0.62765172123909,0.1188252754509449,0.22395074516534805,0.43036825582385063
47,340.13920998573303,0.4593225411100624,0.15713426371415457,0.0,0.23551783661047618,0.13263959189256033,0.0,0.10509278972943624,0.01420746948570013,0.1195575624704361,0.21333871235450108,4.790678892284632,4.4322755336761475,0.15587616711854935,0.1402326375246048,0.02439048606902361,0.11612667515873909,0.6283771693706512,0.11842494457960129,0.23415625095367432,0.4303152598440647
48,346.77149295806885,0.4595938531604285,0.1563334474960963,0.0,0.23602622449398042,0.13431090563535691,0.0,0.1051885242263476,0.014168545448531708,0.11943549265464147,0.26823794543743135,4.777570262551308,4.418886184692383,0.15495797991752625,0.14060254395008087,0.024160953238606453,0.11566997691988945,0.6286849677562714,0.11869076639413834,0.2791133657097816,0.43001246079802513
49,353.5843641757965,0.45547767032015446,0.15498381952444712,0.0,0.23718983232975005,0.12995129177967707,0.0,0.10484042763710022,0.014122435760994752,0.1194532871246338,0.20583921273549396,4.754964891821146,4.397018194198608,0.1535315290093422,0.14059046655893326,0.02422588225454092,0.11568833515048027,0.6303636133670807,0.11876098811626434,0.19925098717212678,0.4308701418340206
50,360.37590312957764,0.45596644962982585,0.1543663462003072,0.0,0.23789862990379335,0.1312494178613027,0.0,0.10503380248943965,0.01411949765558044,0.11939013650019964,0.22571334441502888,4.765882924199104,4.409147024154663,0.1542799472808838,0.13979796320199966,0.024035688489675522,0.115268774330616,0.626418262720108,0.11848039925098419,0.23480128198862077,0.42847790569067
51,367.30474400520325,0.4513596678851172,0.15315950214862822,0.0,0.2384305347998937,0.12932396531105042,0.0,0.10379416644573211,0.014045301048705975,0.11939398845036825,0.22197873294353485,4.727000363171101,4.372430086135864,0.15183599293231964,0.13932614028453827,0.02428699191659689,0.11559416726231575,0.6252198219299316,0.1189386285841465,0.23698239475488664,0.42820407822728157
52,374.0762040615082,0.4484089270272913,0.15200985769430797,0.0,0.2403092622756958,0.12839260001977285,0.0,0.10303345868984858,0.014032850166161855,0.11959450989961624,0.2588729073603948,4.715163126587868,4.359151124954224,0.15078535676002502,0.1403096616268158,0.024145408533513546,0.11518470570445061,0.6269537508487701,0.11854032799601555,0.24391378611326217,0.4286615811288357
53,380.6924579143524,0.4475870217351864,0.1512160787979762,0.0,0.24103594223658245,0.12740729252497354,0.0,0.1032326340675354,0.013989564465979735,0.11968646893898646,0.2317492793003718,4.713432315737009,4.3530213832855225,0.1503879502415657,0.14260847866535187,0.024311387911438942,0.11532600596547127,0.6319617331027985,0.11849929019808769,0.20401232093572616,0.4313068725168705
54,387.3515820503235,0.44554870267941926,0.15009220739205678,0.0,0.2423111875851949,0.12695955634117126,0.0,0.10282573153575261,0.013960906645903985,0.11950276742378871,0.2705446183681488,4.6749900579452515,4.326731204986572,0.1486840844154358,0.13695840537548065,0.024097680114209652,0.11476945877075195,0.6190384328365326,0.11867600306868553,0.26873734444379804,0.42428867518901825
55,393.92813086509705,0.4437212846009061,0.14913935859998068,0.0,0.24352158109347025,0.12636750886837642,0.0,0.10247841278711954,0.013927917182445525,0.11966731796662013,0.26280111968517306,4.67819831892848,4.321633815765381,0.14830448478460312,0.14120613038539886,0.024060530588030815,0.11459789052605629,0.6286170184612274,0.11817173287272453,0.2680464133620262,0.42890639975667
56,400.54768991470337,0.44217054224573077,0.14820484320322672,0.0,0.24497174620628356,0.12615463236967722,0.0,0.10215355704228084,0.013893959826479356,0.11972222278515497,0.27495632469654085,4.642752032727003,4.292252063751221,0.14634209126234055,0.13866446167230606,0.024193188175559044,0.11469244956970215,0.623774528503418,0.11909650638699532,0.2724958896636963,0.42657971382141113
57,407.22697710990906,0.4404461585528528,0.14760650595029196,0.0,0.24517984787623087,0.12502727061510086,0.0,0.10186444719632466,0.013860915849606196,0.11962358951568604,0.26126851042111715,4.659710843116045,4.304986953735352,0.14723125845193863,0.14055413007736206,0.023936325684189796,0.11402520164847374,0.6273041367530823,0.11866524815559387,0.2804560288786888,0.4276772700250149
58,413.7424850463867,0.43719222750514747,0.1465341160694758,0.0,0.24528830349445344,0.12392576386531194,0.0,0.10104391674200694,0.01385710621252656,0.11971728553374608,0.26819110413392383,4.64982557669282,4.299864292144775,0.14688054472208023,0.13826050609350204,0.02409948129206896,0.11423186585307121,0.6207621395587921,0.11900605633854866,0.27195805311203003,0.42461293563246727
59,420.20433807373047,0.4361399555113167,0.1463225891192754,0.0,0.24511140485604604,0.12361696660518647,0.0,0.10071160743633906,0.013830186954389015,0.11964360922574997,0.2884748925765355,4.619548171758652,4.266424894332886,0.14457017183303833,0.1404190957546234,0.02399782557040453,0.11387481540441513,0.6256828010082245,0.11854637414216995,0.2876705780625343,0.4267162159085274
60,426.732882976532,0.436462470353581,0.14554210702578227,0.0,0.24616258442401887,0.12432171801726023,0.0,0.1010385051369667,0.013774900914480288,0.11960009833176931,0.30920958518981934,4.620283853262663,4.267318964004517,0.1446618065237999,0.14031699299812317,0.023976564407348633,0.11366987973451614,0.6279206275939941,0.1186612956225872,0.3014022454619408,0.4276301935315132
61,433.20762181282043,0.5045476274564862,0.14396493534247082,0.14396493534247082,0.2519416928291321,0.12199340562025705,0.0,0.10017347087462743,0.013749391616632542,0.11975515435139338,0.2980444918076197,4.5874699875712395,4.235297203063965,0.14247740805149078,0.14046704024076462,0.023779992014169693,0.113181933760643,0.6277538239955902,0.11862612515687943,0.2735164910554886,0.4270588457584381
62,440.39849305152893,0.6216778842848726,0.142776624361674,0.36997431914011636,0.27709899346033734,0.1265573928753535,0.0,0.10043320755163829,0.013727259418616692,0.11971202194690704,1.4671746214230856,4.665863014757633,4.232324123382568,0.3036617487668991,0.14085400849580765,0.02410131599754095,0.11363215371966362,0.6261168718338013,0.11907156556844711,1.0407442033290863,0.42669058963656425
63,446.94335103034973,0.5799253547176098,0.14269287089506785,0.28834830125172933,0.280768483877182,0.12900167405605317,0.0,0.09921326984961827,0.013694083131849766,0.1198388119538625,0.6407885352770487,4.64701022952795,4.228273391723633,0.2837834805250168,0.13842254877090454,0.023927937261760235,0.11311602964997292,0.6206429898738861,0.11901454254984856,0.6760584264993668,0.42343752458691597
64,453.6057469844818,0.5729947951816333,0.14177198708057404,0.2767560064792633,0.2809250771999359,0.12726051211357117,0.0,0.0995351587732633,0.013678164407610893,0.11980978697538376,0.6949552913506826,4.652083911001682,4.232056140899658,0.27395300567150116,0.14152563363313675,0.023595348931849003,0.11236823350191116,0.6272384226322174,0.1185506172478199,0.693017241358757,0.42598744481801987
65,460.3441140651703,0.5646931639057584,0.14094175000985462,0.2679069777329763,0.2807463844617208,0.12231419036785761,0.0,0.09926097393035889,0.013628317353626093,0.11984358628590902,0.6067734936873118,4.598940998315811,4.1854376792907715,0.26546716690063477,0.14038486778736115,0.02382932510226965,0.11265994608402252,0.6237499415874481,0.1189679242670536,0.5885037809610367,0.4245349168777466
66,467.0101709365845,0.5596990205347538,0.14007795949776966,0.26315837701161704,0.28037265737851463,0.12151830544074377,0.0,0.0986011266708374,0.013621367638309796,0.11996723115444183,0.4945304155349731,4.604032814502716,4.190469741821289,0.2637164890766144,0.1408524140715599,0.02375902235507965,0.11235107481479645,0.624919980764389,0.11908569559454918,0.4757257878780365,0.42481106519699097
67,473.6755311489105,0.5576689863810316,0.13960933983325957,0.26054625312487284,0.28137588302294414,0.12213364094495774,0.0,0.09827249596516291,0.013580794942875703,0.11985514263312022,0.5938257336616516,4.5963562205433846,4.177401304244995,0.2650780528783798,0.14320794492959976,0.02382094692438841,0.11230472847819328,0.6305198967456818,0.11898059397935867,0.611546990275383,0.42756467685103416
68,480.424733877182,0.5540000214939937,0.13874821563561757,0.2558387438456217,0.2826048632462819,0.12061954935391744,0.0,0.09836395333210628,0.01356180760388573,0.12004117916027705,0.5651406606038412,4.587822437286377,4.171346664428711,0.2600308060646057,0.14323018491268158,0.023769626393914223,0.11202763393521309,0.6338063180446625,0.11892101541161537,0.5114733278751373,0.4289307929575443
69,487.0459978580475,0.5544459457004753,0.13850906093915302,0.2544230192899704,0.28232407569885254,0.1208150123556455,0.0,0.09902695367733637,0.013543701140830915,0.11981429060300192,0.5879781981309254,4.578022051602602,4.160624742507935,0.2579769864678383,0.14420440793037415,0.023683576844632626,0.11173103377223015,0.6330348551273346,0.11933192610740662,0.6207480639219284,0.42824846133589745
70,493.7570049762726,0.5518663552900155,0.1381622314453125,0.2531377603610357,0.2828855514526367,0.12122943997383118,0.0,0.09810032000144323,0.01354217305779457,0.11996196856101354,0.5277672052383423,4.579769238829613,4.1651246547698975,0.2557348310947418,0.14338858425617218,0.02357994019985199,0.11143318563699722,0.6326034665107727,0.11890479549765587,0.47851552367210387,0.4277349188923836
71,500.441282749176,0.5486010500229895,0.13749085267384847,0.24907039205233256,0.283754958709081,0.11884711384773254,0.0,0.0983760083715121,0.013492900598794221,0.12003190169731776,0.47239717841148376,4.5563160963356495,4.143277883529663,0.25357571989297867,0.14312517642974854,0.023808295838534832,0.11172040179371834,0.6297459006309509,0.11910998821258545,0.4824627935886383,0.4265933521091938
72,507.11018919944763,0.5449640139665765,0.13708199063936868,0.2481233149766922,0.2838869273662567,0.11641032596429189,0.0,0.09760240266720453,0.01347801008572181,0.12007020463546117,0.5223080893357595,4.552633065730333,4.143347501754761,0.25174183398485184,0.14170732349157333,0.02352089434862137,0.11102844774723053,0.6280193626880646,0.11947253718972206,0.5447853773832321,0.4250381290912628
73,513.7964029312134,0.5435887166221316,0.1367112308740616,0.24757349888483685,0.28321671883265176,0.11763096898794174,0.0,0.09696794847647348,0.013451223634183407,0.1200711265206337,0.6015297015508015,4.559230171144009,4.143111705780029,0.2517862170934677,0.14511267840862274,0.023787902668118477,0.11131398007273674,0.6347185671329498,0.11928978189826012,0.6371078759431839,0.42867326363921165
74,520.4863398075104,0.5409930685302242,0.13602330287297568,0.24397387007872265,0.28524696826934814,0.11568748702605565,0.0,0.09729883323113124,0.013444826534638802,0.12013037105401357,0.51255122423172,4.549035783857107,4.136307239532471,0.2506914958357811,0.14369139820337296,0.02355656959116459,0.11085726320743561,0.6300950646400452,0.1192643791437149,0.5518633484840393,0.4259047955274582
75,527.2326548099518,0.537662710416286,0.13543208340803783,0.24214090605576832,0.2860969225565592,0.1155710463722547,0.0,0.09637793203194936,0.013393982065220673,0.12017323126395543,0.5057309329509735,4.541275940835476,4.127261638641357,0.2479328066110611,0.14502394944429398,0.023677277378737926,0.11080772802233696,0.6355118155479431,0.11959990113973618,0.47890157997608185,0.4285636357963085
76,533.9592700004578,0.537474043686719,0.13531834582487742,0.24236218730608622,0.28579487800598147,0.1146628275513649,0.0,0.0965286319454511,0.013376251887530088,0.12013172705968221,0.5421697874863942,4.515551045536995,4.108930349349976,0.24574550986289978,0.14187397062778473,0.0236037103459239,0.11046517267823219,0.6268830597400665,0.1197294108569622,0.5428106874227524,0.42390670254826546
77,540.6253299713135,0.5367304610088468,0.13515767852465313,0.24180061320463817,0.28521159092585247,0.11430050730705262,0.0,0.09649770210186641,0.013371093943715096,0.12026247829198837,0.5918456196784974,4.520471926778555,4.1130218505859375,0.24547835439443588,0.14235544949769974,0.023795918561518192,0.11067976802587509,0.6276542544364929,0.11962681263685226,0.6187687784433364,0.42450689524412155
78,547.3318998813629,0.5356052703806199,0.13441344102223715,0.2404848615328471,0.28765942255655924,0.11374482562144597,0.0,0.0966551865140597,0.013337834893415371,0.12019569128751754,0.5852354228496551,4.52744497731328,4.115607500076294,0.24730566889047623,0.14409232139587402,0.023717871867120266,0.1103716716170311,0.6313949227333069,0.11953932791948318,0.5831051677465439,0.42606913298368454
79,554.0396239757538,0.5364222470127668,0.13468967974185944,0.24080086052417754,0.2863698621590932,0.11497212002674738,0.0,0.09660209516684214,0.013366012182086707,0.12025987307230632,0.5736475666364034,4.505196034908295,4.093223810195923,0.2466563582420349,0.14432202279567719,0.023312787525355816,0.10949834808707237,0.6316790878772736,0.11945823952555656,0.5774794608354569,0.42533789202570915
80,560.8734378814697,0.5331493931007572,0.13409227430820464,0.2386748005946477,0.28722471396128335,0.11385858903328577,0.0,0.09603546410799027,0.013313469601174195,0.12023670723040898,0.5088679909706115,4.5134109146893024,4.100216388702393,0.24490386992692947,0.14537129551172256,0.023696333169937134,0.1100257933139801,0.6336633265018463,0.11977951973676682,0.4758149176836014,0.42685745656490326
81,567.5507769584656,0.5305551233390967,0.13326265613238017,0.2368533194065094,0.28870354890823363,0.11347326984008153,0.0,0.09563330113887787,0.013281399508317311,0.12040478537480036,0.6500227749347687,4.517254337668419,4.099405527114868,0.2460697889328003,0.1474069580435753,0.023638400249183178,0.10972189158201218,0.6386629939079285,0.1196000762283802,0.7473712861537933,0.4290533885359764
82,574.3545939922333,0.5319749323534779,0.13352406521638235,0.23888064424196878,0.28760871092478435,0.11314469923575719,0.0,0.09584471335013707,0.013252667151391506,0.1204282229145368,0.6129179696242014,4.492375701665878,4.083540201187134,0.2441176474094391,0.14338833838701248,0.023424223996698856,0.10921923071146011,0.6274558901786804,0.11972545459866524,0.5443748414516449,0.4229471758008003
83,581.1120908260345,0.5319035247589151,0.1334219088157018,0.23669065038363138,0.2871975859006246,0.11420182188351949,0.0,0.09616431643565496,0.013246579188853502,0.12039545377095541,0.6185469309488932,4.478544697165489,4.0709898471832275,0.23934414982795715,0.14394138753414154,0.023326747119426727,0.10892373695969582,0.6304082572460175,0.11977614462375641,0.6758326232433319,0.42412786558270454
84,587.8216168880463,0.5269386827518853,0.1327468862136205,0.23442728221416473,0.2882652481396993,0.11184609234333039,0.0,0.09512332578500111,0.013212865560005109,0.12048491736253103,0.5235633452733358,4.501256328076124,4.085848808288574,0.24197392910718918,0.1472102776169777,0.023385731503367424,0.10886044427752495,0.6388874053955078,0.11981648579239845,0.5271513551473618,0.42830414697527885
85,594.5825490951538,0.5275730589365897,0.13275759518146515,0.2344304104646047,0.2879404286543528,0.11053823679685593,0.0,0.09577954014142355,0.013186758446196715,0.12060063978036245,0.5064487715562185,4.504195559769869,4.0879223346710205,0.24102292209863663,0.14788088202476501,0.02340567111968994,0.10871467366814613,0.6383979916572571,0.1196829080581665,0.5136688411235809,0.4279136694967747
86,601.317085981369,0.5251102356977451,0.13248573541641234,0.23264002899328867,0.2883314251899719,0.11069771498441697,0.0,0.09507280786832174,0.013179095648229121,0.12057313372691472,0.43763719995816547,4.491278667002916,4.073171138763428,0.2398301139473915,0.14909623563289642,0.02336782217025757,0.10847651585936546,0.6429262459278107,0.12004312872886658,0.4623508810997009,0.4299396388232708
87,607.9746179580688,0.5241819174222958,0.13221712211767833,0.23189817865689596,0.2886433959007263,0.11038362433513006,0.0,0.09499291976292928,0.013158156008770069,0.1206615130106608,0.45942209760348,4.496542040258646,4.0825886726379395,0.24230936914682388,0.1463993415236473,0.023395773023366928,0.10836365073919296,0.6337779462337494,0.11998442187905312,0.4849643737077713,0.42525262385606766
88,614.6334438323975,0.5256549763454434,0.13217533032099407,0.23265241583188376,0.28875664869944256,0.10953688820203146,0.0,0.09576801210641861,0.013155325936774412,0.1206323246161143,0.5062445640563965,4.482976522296667,4.066605567932129,0.2415364310145378,0.14780136942863464,0.02321865502744913,0.10789011791348457,0.6383767127990723,0.11979556083679199,0.5188157349824906,0.4270784743130207
89,621.3530697822571,0.5243649217920999,0.13214658002058666,0.2339169015487035,0.2892551481723785,0.10883316198984781,0.0,0.09497569650411605,0.013109354488551616,0.12066031992435455,0.6399296542008718,4.479309190064669,4.066465377807617,0.24113980680704117,0.14613695442676544,0.023269866593182087,0.10784393921494484,0.6337631940841675,0.12023117765784264,0.66994768679142,0.4247255362570286
90,628.0205340385437,0.5241416110152689,0.1319814920425415,0.23334366579850516,0.2888432780901591,0.10928735186656316,0.0,0.09499716460704803,0.01310635448123018,0.12073258409897486,0.6348788996537527,4.48725537955761,4.073251247406006,0.23992469906806946,0.14702089130878448,0.023136856965720654,0.10748622566461563,0.637725830078125,0.12003691121935844,0.6280675679445267,0.42634914070367813
91,634.6752541065216,0.5215292574061702,0.1318079541126887,0.2312705010175705,0.288853120803833,0.10829634666442871,0.0,0.09454438984394073,0.013091908674687147,0.12080099831024806,0.5042784810066223,4.466709773987532,4.052793264389038,0.24030616134405136,0.14688171446323395,0.023404882289469242,0.10780106857419014,0.6343676447868347,0.12004255130887032,0.5224030286073684,0.4249848909676075
92,641.3547339439392,0.5202837905458485,0.13138998448848724,0.22982507546742756,0.2899468799432119,0.10728134910265605,0.0,0.0946935663620631,0.013058503748228152,0.12086496353149415,0.4878857394059499,4.454984027892351,4.045431137084961,0.23675686866044998,0.1455872282385826,0.023291660472750664,0.10738867148756981,0.6314809918403625,0.1202145516872406,0.472603914141655,0.4231291674077511
93,648.008129119873,0.520050632856631,0.1313891480366389,0.22923265099525453,0.28900174697240194,0.10733568469683329,0.0,0.094759797056516,0.01305032984043161,0.12091145863135656,0.45677456458409627,4.45605618134141,4.048177719116211,0.23627931624650955,0.14486940205097198,0.02323673479259014,0.10714362561702728,0.6310964524745941,0.12030930072069168,0.4492456942796707,0.42269185185432434
94,654.7232530117035,0.5191016755959329,0.1308457225561142,0.2300861060619354,0.2907670001188914,0.10763742824395497,0.0,0.09418214261531829,0.013021311194946369,0.12094661394755045,0.6317444125811259,4.465198073536158,4.051961183547974,0.2386256530880928,0.1469620317220688,0.023323671892285347,0.10709577053785324,0.6337268948554993,0.12054780498147011,0.7059788763523102,0.4239592179656029
95,661.4516959190369,0.51872453581697,0.13071730534235637,0.2291873166958491,0.2908049484093984,0.10669532765944799,0.0,0.09451667865117391,0.01301371284450094,0.12095610946416854,0.568619974454244,4.483898647129536,4.063741445541382,0.23850484192371368,0.1504523903131485,0.02312115579843521,0.10661538317799568,0.6449606120586395,0.12028203904628754,0.5376853823661805,0.42909568920731544
96,668.143059015274,0.5176566942672556,0.13045799533526103,0.22834181984265645,0.2918524344762166,0.10714470247427622,0.0,0.09416125466426213,0.012984549657752116,0.12098725040753683,0.525338186820348,4.466448500752449,4.055668354034424,0.23610851168632507,0.14636294543743134,0.02319780644029379,0.10655825957655907,0.6333360373973846,0.12052304297685623,0.48153895437717437,0.4232262782752514
97,674.8911559581757,0.5175808173526699,0.13080210983753204,0.2282065600156784,0.29146594603856407,0.10616948207219441,0.0,0.09424633433421453,0.013009515932450692,0.12109076529741288,0.5356617391109466,4.45561533048749,4.042257308959961,0.23819518834352493,0.14713021367788315,0.023415084928274155,0.10680944100022316,0.6369063258171082,0.12063528969883919,0.5580207705497742,0.42526260390877724
98,681.7809300422668,0.5155646700994112,0.13032565315564473,0.22860712210337322,0.2914538284142812,0.10446635435024897,0.0,0.09380630205074945,0.012961936369538306,0.12116080770889918,0.5451009094715118,4.467587094753981,4.052215099334717,0.23894648998975754,0.14794937521219254,0.02307405322790146,0.10600810125470161,0.6381981670856476,0.12063296511769295,0.540709838271141,0.4251071847975254
99,688.426509141922,0.5164853909052909,0.13044779300689696,0.22789765894412994,0.29152895013491315,0.10548409720261892,0.0,0.094125264386336,0.012955313051740329,0.1211736649274826,0.5568722307682037,4.455998621881008,4.039563775062561,0.23722220957279205,0.14891187101602554,0.022974404506385326,0.1057262048125267,0.6426794528961182,0.12082665041089058,0.5548824816942215,0.4270659312605858
100,695.1388778686523,0.5150252615916543,0.13019025921821595,0.22676155070463816,0.2916657865047455,0.10467993319034577,0.0,0.09400392174720765,0.012932270579040051,0.12125916878382365,0.4590308368206024,4.481751933693886,4.066340684890747,0.23947563767433167,0.14783671498298645,0.023137872107326984,0.10579168796539307,0.6378090679645538,0.12057826668024063,0.46523872911930086,0.42469622194767
101,701.9019060134888,0.5161556434080316,0.13046623170375823,0.22749246656894684,0.29122536977132163,0.10461409489313761,0.0,0.09428611795107524,0.012942360900342464,0.12128515640894572,0.4886357883612315,4.457109563052654,4.04252552986145,0.23592518270015717,0.14831072092056274,0.022898648865520954,0.10533274710178375,0.6362009346485138,0.12087832391262054,0.5216237336397171,0.42343321442604065
102,708.5764110088348,0.5143057877430692,0.12975026319424313,0.22656788726647695,0.2925083120663961,0.10456567406654357,0.0,0.09390179763237635,0.01289544099320968,0.12133740137020747,0.6035060922304789,4.464729528874159,4.049803972244263,0.23347335308790207,0.14909444004297256,0.02326829358935356,0.10573146864771843,0.6406129598617554,0.12080636247992516,0.6394547402858735,0.4260379485785961
103,715.3201930522919,0.5127111558259154,0.12967916031678517,0.22560940980911254,0.2925164063771566,0.10355472167332967,0.0,0.09363130529721578,0.01290458015476664,0.12139301300048828,0.5437670230865479,4.4572586715221405,4.041273593902588,0.23339876532554626,0.14964284747838974,0.02316311188042164,0.10546767711639404,0.6395463347434998,0.12091308832168579,0.5720394909381866,0.4252408444881439
104,722.1754329204559,0.5126362532610074,0.12933135032653809,0.22616155445575714,0.2924995064735413,0.10323008994261423,0.0,0.09371523459752401,0.01285773478448391,0.1215124785900116,0.5566405932108561,4.451805058866739,4.038196921348572,0.23479638248682022,0.1481049731373787,0.023155766539275646,0.1052074171602726,0.6376549899578094,0.12121523916721344,0.575594761967659,0.4240349121391773
105,728.8309378623962,0.5138101984707949,0.12963827947775522,0.22643602788448333,0.29254876176516215,0.10420834372440974,0.0,0.09383347630500793,0.012852674536406993,0.12161284784475962,0.6131507257620493,4.4419552981853485,4.02961003780365,0.23449182510375977,0.14754967391490936,0.02323149051517248,0.10520891100168228,0.6375566720962524,0.1210920624434948,0.5708983063697814,0.4239872470498085
106,735.2971358299255,0.5117894490637506,0.1291690448919932,0.22527889311313629,0.29202200571695963,0.1028316984574,0.0,0.09371262341737747,0.012917749956250191,0.12154079775015512,0.4699642280737559,4.444820836186409,4.026319742202759,0.23313304781913757,0.1509672850370407,0.022823575884103775,0.1044701598584652,0.6461615264415741,0.12105212733149529,0.4486802875995636,0.42755092307925224
107,741.7943949699402,0.5119917211937718,0.1292396605014801,0.22501266996065775,0.2923275947570801,0.10218965013821919,0.0,0.09399874558051427,0.0128043409747382,0.12162695328394572,0.5102216025193532,4.456777073442936,4.037163257598877,0.23754818737506866,0.15041986107826233,0.02316652052104473,0.10477781668305397,0.644731193780899,0.12101852893829346,0.5246645659208298,0.4271434135735035
108,748.4059238433838,0.5119270550242315,0.12927136719226837,0.22529128889242808,0.2919679403305054,0.10245722929636637,0.0,0.0938318207859993,0.012806545632580916,0.1217138667901357,0.572979885339737,4.445225194096565,4.026416540145874,0.23271244764328003,0.1512262150645256,0.02305662538856268,0.10445928946137428,0.6460185945034027,0.12112310528755188,0.583425197005272,0.42746858671307564
109,754.9908049106598,0.513617440010421,0.12922994097073873,0.22694687644640604,0.29205432732899983,0.1028086632490158,0.0,0.09419367214043935,0.01277965884655714,0.1217234159509341,0.6062478005886078,4.45270324498415,4.031513810157776,0.23560668528079987,0.15169304609298706,0.023093477822840214,0.1042933352291584,0.6461122930049896,0.12103922665119171,0.6312152296304703,0.4273494817316532
110,761.6306450366974,0.5118217772144514,0.12894856929779053,0.22505666812260947,0.2920471350351969,0.10290320068597794,0.0,0.09388678322235743,0.012766662581513325,0.12179828584194183,0.5248355031013489,4.458083909004927,4.031959652900696,0.23389043658971786,0.15458951890468597,0.023078721947968006,0.1041712649166584,0.6527421176433563,0.12138340622186661,0.5029266893863678,0.43054232373833656
111,768.2804319858551,0.5100100727868266,0.12877424558003744,0.22443390091260274,0.29178932706514993,0.10231844236453375,0.0,0.09338372896114985,0.012755076959729194,0.12190006573994955,0.5049950063228608,4.4209742695093155,4.005093932151794,0.23033419251441956,0.15035662055015564,0.022951282560825348,0.1037009246647358,0.6426312327384949,0.12138991802930832,0.49947053492069243,0.42501654103398323
112,774.7842330932617,0.5095497669108833,0.1286436915397644,0.22414166529973348,0.29279239575068156,0.10201841543118159,0.0,0.09331805855035782,0.01273785059650739,0.12200672775506974,0.5647316555182139,4.427675914019346,4.012701392173767,0.23140012472867966,0.14963722974061966,0.022990147583186626,0.10365763679146767,0.6413582563400269,0.12145205587148666,0.557612606883049,0.4243367649614811
113,781.2789478302002,0.5103158896517319,0.12857390443483988,0.224278524518013,0.2928162852923075,0.10255547414223352,0.0,0.0935674195488294,0.012723495345562696,0.12199923942486444,0.5757371405760447,4.426197923719883,4.005766034126282,0.23144526779651642,0.1523546278476715,0.022993757389485836,0.10349798575043678,0.6485639810562134,0.1215527318418026,0.5765867918729782,0.4277799762785435
114,787.9650278091431,0.5096224545268342,0.12852465808391572,0.22338242332140604,0.29231605132420857,0.10136493891477585,0.0,0.09379301319519678,0.012709874504556259,0.12213416993618012,0.535478283961614,4.431656014174223,4.01159405708313,0.22975518554449081,0.15259218215942383,0.022923379205167294,0.10324326530098915,0.6500374376773834,0.12160412222146988,0.52265684902668,0.42826198413968086
115,794.5518100261688,0.5086682702647523,0.12836784919102986,0.2235501378774643,0.29283438126246136,0.1020409976442655,0.0,0.09315893848737081,0.012690242705866694,0.1221453994512558,0.5194262186686198,4.4203202202916145,4.001661777496338,0.22881613671779633,0.15212518721818924,0.022650020197033882,0.10255542024970055,0.6477356851100922,0.12162121012806892,0.5106734275817871,0.42642326280474663
116,801.7684569358826,0.50948577739764,0.12842298994461696,0.22353361845016478,0.2928972542285919,0.10050576776266099,0.0,0.09392371426026026,0.012706300243735313,0.12224131921927134,0.499724543094635,4.420977249741554,3.99971079826355,0.22952744364738464,0.15325136482715607,0.022882601246237755,0.10283118113875389,0.6475272178649902,0.12184029445052147,0.48585623800754546,0.426594790071249
117,808.6655580997467,0.5075001848007863,0.12803711295127868,0.22295435170332592,0.2929187456766764,0.10085868686437607,0.0,0.09318191309769948,0.012672326030830542,0.12237348059813181,0.4928708791732788,4.42490478977561,4.009233355522156,0.22946881502866745,0.15046851336956024,0.022866317071020603,0.10264376550912857,0.6440420150756836,0.12175711616873741,0.5510137289762497,0.42466477304697037
118,815.4473578929901,0.5079117099211241,0.12806900044282277,0.2224534144004186,0.29273728330930077,0.10079337606827418,0.0,0.09352393448352814,0.012651416286826134,0.12234988113244374,0.4592685361703237,4.449951816350222,4.021885275840759,0.2344227209687233,0.15542759001255035,0.022893130779266357,0.10257493332028389,0.6542366147041321,0.12191563099622726,0.463697624206543,0.42969324067234993
119,822.2611148357391,0.5072763772021669,0.12781036694844564,0.22315585513909658,0.2941111703713735,0.10017916709184646,0.0,0.09324595381816228,0.012636463002612194,0.12242002983887991,0.5426387170950572,4.430216606706381,4.008697867393494,0.23047339171171188,0.15314102172851562,0.022832815535366535,0.10221990197896957,0.650393545627594,0.1220441572368145,0.5357325077056885,0.42741667479276657
120,829.029844045639,0.5078884846065194,0.12773113052050272,0.22374177972475687,0.293454243739446,0.10105623255173365,0.0,0.09325880855321884,0.012635386921465397,0.12251730660597483,0.6985578755537669,4.427710723131895,4.009097933769226,0.23073264211416245,0.15162323415279388,0.022690998390316963,0.10203507915139198,0.6442515254020691,0.12219709157943726,0.7189906448125839,0.42416084185242653
121,836.0006890296936,0.5087010034282381,0.12746381064256032,0.2249131441116333,0.2945145090421041,0.10182036409775416,0.0,0.09326263368129731,0.012624772203465303,0.12265700946251551,0.7603333950042724,4.432386759668589,4.012613773345947,0.23095042258501053,0.15214888751506805,0.022843848913908005,0.10196356102824211,0.6487873792648315,0.12229887396097183,0.7678181529045105,0.4263572506606579
122,842.6994268894196,0.5061363455451404,0.12745011895895003,0.22235958576202391,0.29407010078430174,0.10102213273445765,0.0,0.09284897098938624,0.012602730623135964,0.12273621956507365,0.5893323342005412,4.430875714868307,4.006641983985901,0.23239585012197495,0.15401790291070938,0.022801670245826244,0.10174567997455597,0.6513883769512177,0.12228004261851311,0.6151933372020721,0.4274398684501648
123,849.4103529453278,0.5055194102499324,0.12747067362070083,0.22144761184851328,0.2929981907208761,0.0996037503083547,0.0,0.09316732635100683,0.012590548566853007,0.12285069425900777,0.5178870956103007,4.426700960844755,4.004226326942444,0.23041652888059616,0.15363318473100662,0.022739802487194538,0.1014738604426384,0.6513863205909729,0.12229939550161362,0.5066377550363541,0.42716702073812485
124,856.0973148345947,0.5047683091640162,0.12723765919605892,0.22181548376878102,0.2943241278330485,0.0988981619477272,0.0,0.09292765359083811,0.012574017513543367,0.12280718286832173,0.5490845223267873,4.430187851190567,4.004441738128662,0.22993773221969604,0.15538862347602844,0.02275603637099266,0.10136004909873009,0.655560702085495,0.12228899449110031,0.6093461573123932,0.4291404001414776
125,862.9808089733124,0.5069428433508922,0.12772875825564067,0.22316516041755677,0.29258527755737307,0.09989404330650965,0.0,0.0932680313785871,0.012599281935642163,0.12289659281571706,0.5911130527655284,4.432791668921709,4.010118842124939,0.2322179451584816,0.15328192710876465,0.02240568771958351,0.10070144757628441,0.650258868932724,0.12245070934295654,0.5515782743692398,0.4258308820426464
126,869.8024878501892,0.5052339800478269,0.1273251583178838,0.22139482994874318,0.2929079830646515,0.0985983873407046,0.0,0.09336733669042588,0.012578313673535983,0.1230749229590098,0.5158735613028208,4.435217186808586,4.008224248886108,0.2318284511566162,0.1555393561720848,0.023086823523044586,0.10164623335003853,0.6548109948635101,0.12271536886692047,0.5306498765945434,0.4290517307817936
127,876.6488111019135,0.5046887071453966,0.12714167535305024,0.22245448927084605,0.2939192334810893,0.09855075577894847,0.0,0.09288184096415837,0.012591998372226954,0.12310986419518789,0.6137440542380015,4.416388355195522,3.9955861568450928,0.22919146716594696,0.15310323238372803,0.02276933193206787,0.10125608742237091,0.6498985588550568,0.12237188220024109,0.6022760838270187,0.4262053668498993
128,883.5022850036621,0.5055783968962108,0.12708493322134018,0.22206353147824606,0.2939410964647929,0.09890809804201126,0.0,0.09336519340674082,0.012554328205684822,0.12322927365700403,0.5780870815118154,4.441324338316917,4.014662027359009,0.2320958971977234,0.15530718117952347,0.023125062696635723,0.10136721655726433,0.6554976403713226,0.12284889072179794,0.5673549354076386,0.42911603674292564
129,890.3069288730621,0.5042132513093142,0.12718323568503062,0.2217995564142863,0.29326233665148416,0.09739169875780741,0.0,0.09311499347289404,0.012521138306086262,0.12328602373600006,0.54426784714063,4.431984361261129,4.00240433216095,0.23299094289541245,0.15654227882623672,0.022978179156780243,0.10098851099610329,0.6578878462314606,0.12279854714870453,0.5356196910142899,0.4299324341118336
130,897.1416871547699,0.503379437859015,0.12700444708267847,0.22116443514823914,0.2937996804714203,0.09814074287811915,0.0,0.09273223380247751,0.012519780018677314,0.12341373711824417,0.5864415566126505,4.4139012433588505,3.9874355792999268,0.2286170795559883,0.15607856214046478,0.022632652893662453,0.1002117432653904,0.656993567943573,0.12304123491048813,0.6328391462564469,0.4287085272371769
131,904.0261220932007,0.5038076742746246,0.12694869736830394,0.2208166261514028,0.2931583364804586,0.09774454732735952,0.0,0.09319369345903397,0.012501102934281031,0.12351443022489547,0.47126067876815797,4.417949847877026,3.9898440837860107,0.23002006113529205,0.15654786676168442,0.022630133666098118,0.10019450634717941,0.6568390727043152,0.12283255532383919,0.47055013179779054,0.428614042699337
132,910.8277130126953,0.5034571835460763,0.12693281968434653,0.22051361004511516,0.29314019083976744,0.09735410263140996,0.0,0.09320180267095565,0.012485887265453736,0.12355289608240128,0.5092844128608703,4.425430040806532,3.994051218032837,0.23268940299749374,0.15751706063747406,0.02258287463337183,0.0999528206884861,0.6608804762363434,0.12295474112033844,0.532164278626442,0.4303930588066578
133,918.1889929771423,0.6945836629369296,0.12717083791891734,0.5986201167106628,0.2968117435773214,0.09955470065275827,0.0,0.09338102986415227,0.012547807504112522,0.12367078959941864,8.105349667867024,4.63334746658802,4.027023673057556,0.5797933042049408,0.1582135707139969,0.023154770955443382,0.10074920579791069,0.6619448959827423,0.12340977042913437,7.243384170532226,0.43172165378928185
134,924.8566768169403,0.5085386370463918,0.12712736427783966,0.23127970695495606,0.2957126041253408,0.09757693658272425,0.0,0.09276978125174841,0.012480870882670084,0.1238768994808197,0.5740498741467793,4.42967826873064,4.002060174942017,0.23183082044124603,0.1558513417840004,0.022789676673710346,0.09992392361164093,0.656204879283905,0.12324445694684982,0.5204328179359436,0.42802636325359344
135,931.842432975769,0.7009603744101089,0.12769664327303568,0.6125186324119568,0.29750617146492003,0.10031061967213949,0.0,0.09261511713266372,0.012455036025494337,0.12384483466545741,6.744055525461833,4.6332728266716,4.034411191940308,0.5795510411262512,0.15454305708408356,0.02279616054147482,0.09986400976777077,0.6543146371841431,0.1236279308795929,6.1229349136352536,0.4270213283598423
136,938.7183220386505,0.6715411133288095,0.12843739887078603,0.5531040151913961,0.29868209958076475,0.0980869914094607,0.0,0.09288616180419922,0.012451162561774254,0.12403965989748637,3.591833209991455,4.6036878526210785,4.019382953643799,0.5414179265499115,0.15679796785116196,0.022807319648563862,0.09972812235355377,0.6607653796672821,0.1234506368637085,3.8932791709899903,0.4301108121871948
137,945.8400678634644,0.6591155443573371,0.1280733252565066,0.5288696567217509,0.29631951451301575,0.09802618026733398,0.0,0.09304687331120173,0.012457319969932238,0.12413796583811441,3.5786498228708905,4.610900714993477,4.02125358581543,0.5575471222400665,0.15543678402900696,0.022660186514258385,0.099317517131567,0.6571057140827179,0.12379882857203484,3.24548020362854,0.42787037417292595
138,952.7387499809265,0.664486745535396,0.12869570553302764,0.5383641441663106,0.2955951809883118,0.09807063142458598,0.0,0.09307405998309454,0.012440075259655714,0.1241057942310969,3.8843292315800984,4.600640341639519,4.0143678188323975,0.5454696118831635,0.15676885843276978,0.022492853924632072,0.0991528369486332,0.6612724959850311,0.12373831495642662,3.197397840023041,0.42978908494114876
139,959.6159420013428,0.664638873632066,0.12860738188028337,0.5398938099543253,0.29669236540794375,0.09780489057302474,0.0,0.09282579819361368,0.01240868450452884,0.12422536859909693,3.720776629447937,4.613718196749687,4.031702041625977,0.5385088920593262,0.15638085454702377,0.022594650276005268,0.09903442114591599,0.6594427525997162,0.12367460876703262,3.2924961686134337,0.4287557974457741
140,966.3732948303223,0.6618246560062592,0.1284763991832733,0.5339134732882181,0.2971327861150106,0.0974524254600207,0.0,0.09304482887188593,0.012415776153405507,0.12435346047083537,3.5062023480733235,4.6082043796777725,4.025771975517273,0.5331865549087524,0.15791956335306168,0.022698624059557915,0.09902634471654892,0.6616518199443817,0.12413614988327026,3.6880249977111816,0.4298522546887398
141,973.1676309108734,0.6599719153755965,0.12878764073053997,0.530195418993632,0.2957167645295461,0.09772593925396601,0.0,0.092891164124012,0.012463977544878919,0.12456071078777313,3.402054500579834,4.604065343737602,4.0242390632629395,0.5287829339504242,0.15771740674972534,0.022387618198990822,0.09855597093701363,0.6632849872112274,0.12404395639896393,3.5928576469421385,0.43019846454262733
142,979.9904651641846,0.6567143477926342,0.1287146697441737,0.5228991528352102,0.29705146749814354,0.09792041430870692,0.0,0.0930122897028923,0.012401108754177888,0.12465266933043798,3.5583824237187702,4.613719284534454,4.0268235206604,0.5456723272800446,0.15702980011701584,0.022956786677241325,0.0991881750524044,0.661840945482254,0.12433250620961189,3.133470189571381,0.4301086477935314
143,986.9310460090637,0.659756745561026,0.12905641595522563,0.5300496697425843,0.2959927101929983,0.09736166149377823,0.0,0.09276873668034871,0.01238613398745656,0.12481993287801743,3.278500477472941,4.625756680965424,4.034725904464722,0.5473842322826385,0.15866933017969131,0.022815028205513954,0.09879719838500023,0.6612110137939453,0.12439627572894096,3.0232049226760864,0.4294027052819729
144,994.2230789661407,0.6565211063522535,0.12914777298768362,0.5231374025344848,0.29586119651794435,0.09859068940083186,0.0,0.09253242661555608,0.012388756001989047,0.12486935655275981,2.672842351595561,4.591580107808113,4.016121029853821,0.5240405797958374,0.1567193940281868,0.022723808884620667,0.0986667349934578,0.6586079597473145,0.12452717870473862,2.5721154689788817,0.427970714867115
145,1001.3246960639954,0.659196250361856,0.1290271371603012,0.5285807351271311,0.2969244579474131,0.09876349320014317,0.0,0.09247565021117528,0.012355007231235504,0.12498350640137991,3.4875255982081095,4.620412468910217,4.031788349151611,0.5470734536647797,0.15754369646310806,0.02275931555777788,0.09845562279224396,0.6622745394706726,0.12466726824641228,3.702513349056244,0.42959289252758026
146,1008.4252018928528,0.6542722365663697,0.12913135290145875,0.5213153719902038,0.2948437670866648,0.09733930925528209,0.0,0.09223846147457758,0.012348274700343609,0.12518050124247868,2.8772293090820313,4.595916986465454,4.029248952865601,0.5100789666175842,0.1558142751455307,0.022787929512560368,0.09826331958174706,0.6554585099220276,0.1246597170829773,2.942179822921753,0.42599257454276085
147,1015.5949449539185,0.6530035103244397,0.12918708920478822,0.5151350180308024,0.2942714810371399,0.09800056219100953,0.0,0.09298538962999979,0.012338031688705087,0.1252087672551473,3.030315144856771,4.6275196224451065,4.034688949584961,0.556612640619278,0.1572621762752533,0.022512651048600674,0.09778755158185959,0.6602186262607574,0.12499691545963287,2.949751138687134,0.4278968647122383
148,1022.6968829631805,0.6577855323402522,0.12923094232877094,0.5235672732194264,0.2942484676837921,0.09841446528832118,0.0,0.09314501186211904,0.012325706627840797,0.12535216013590494,2.9887775580088296,4.605021119117737,4.02994167804718,0.5243929922580719,0.15644147247076035,0.022432588040828705,0.09751354530453682,0.6602469980716705,0.12488142028450966,2.8968855857849123,0.4276370443403721
149,1029.7556340694427,0.6506073221215047,0.1290258934100469,0.512977945804596,0.29455233216285703,0.09737250010172525,0.0,0.09255117823680242,0.012324130504081647,0.12543880194425583,3.034634757041931,4.608341448009014,4.033504247665405,0.519545242190361,0.15753228962421417,0.022639447823166847,0.09771590307354927,0.6601011455059052,0.1252484992146492,3.2258806824684143,0.42776647582650185
150,1036.7058141231537,0.6450635964400135,0.12914730707804362,0.5043156743049622,0.29309921662012733,0.09707479973634084,0.0,0.09203085402647654,0.012329468596726656,0.12565917919079464,2.381700611114502,4.614076115190983,4.0424816608428955,0.5101287513971329,0.15826503932476044,0.02277299202978611,0.0978529155254364,0.6634492576122284,0.12529947608709335,2.158178615570068,0.4295775443315506
151,1043.7102029323578,0.6457513225420067,0.1291572670141856,0.5033000489075978,0.2939108888308207,0.09853380074103674,0.0,0.09221853017807007,0.012326552998274565,0.12584879597028095,2.38129878838857,4.614207752048969,4.041423559188843,0.5172651261091232,0.15707581490278244,0.022459079511463642,0.09723341464996338,0.6606340110301971,0.12545520812273026,2.322070503234863,0.42755042016506195
152,1050.6769528388977,0.6520462034347777,0.12938981652259826,0.5142005443572998,0.2929549038410187,0.09868192573388418,0.0,0.09253779004017512,0.012293926455701392,0.12592795143524807,3.1294026533762613,4.598642580211163,4.03039824962616,0.5142343491315842,0.1555635780096054,0.02247950341552496,0.09713976457715034,0.6564240455627441,0.12569115310907364,3.364472270011902,0.4253517873585224
153,1057.5962510108948,0.6475204880310533,0.12884616057078044,0.5097777088483174,0.29326292077700294,0.09736359765132269,0.0,0.09196706463893255,0.012288334950183829,0.12601215293010076,2.8777782599131267,4.615510530769825,4.040910959243774,0.5198422521352768,0.15733922272920609,0.022638458758592606,0.09714395180344582,0.6619118452072144,0.125615693628788,3.2025479555130003,0.428099874407053
154,1064.5762708187103,0.6529425990806582,0.12917189399401346,0.5173454602559407,0.2934183418750763,0.09825997004906337,0.0,0.09239056408405304,0.01230016768289109,0.12616460373004276,3.604300689697266,4.600398495793343,4.022538065910339,0.5283341109752655,0.15684668719768524,0.022364876233041286,0.09676269441843033,0.6585817635059357,0.12571404874324799,3.18989737033844,0.42605357617139816
155,1071.791298866272,0.647503579489421,0.1290017694234848,0.5080028196175893,0.2934396823247274,0.09762992362181346,0.0,0.09224792569875717,0.012304158695042134,0.1263410379489263,2.8824964920679728,4.612061038613319,4.032155513763428,0.5242675244808197,0.1588858813047409,0.02286809403449297,0.09734486043453217,0.6660037338733673,0.12587837874889374,2.883689081668854,0.4303467273712158
156,1078.734708070755,0.6483550679055042,0.1291649381319682,0.5071620722611745,0.2918740411599477,0.09906319479147593,0.0,0.09252483149369557,0.0122694774530828,0.126502388715744,2.172800596555074,4.616439029574394,4.0380165576934814,0.526726245880127,0.15752967447042465,0.022603876888751984,0.09666642546653748,0.6621339023113251,0.12618571519851685,2.068854582309723,0.4277333766222
157,1085.7132949829102,0.6527528445624436,0.12949528992176057,0.5167380094528198,0.29342564940452576,0.09967291404803594,0.0,0.09193624506394069,0.012246880121529103,0.1266194129983584,2.428360907236735,4.6063360422849655,4.030547857284546,0.5235894918441772,0.1569967195391655,0.0225894870236516,0.09655311331152916,0.6607074439525604,0.12639706581830978,2.616577851772308,0.42690683528780937
158,1092.7419879436493,0.6582921351577776,0.12947414914766947,0.5269277811050415,0.29327994187672934,0.0999649574359258,0.0,0.09210434556007385,0.012232849933207035,0.12675765057404836,3.2643763144810993,4.61110046505928,4.029856085777283,0.5383254885673523,0.15604081749916077,0.022502499632537365,0.09631342813372612,0.657692015171051,0.12631254643201828,3.0117180347442627,0.42515943571925163
159,1099.6968319416046,0.6537690257478971,0.12959955036640167,0.5180540541807811,0.29281721512476605,0.09880217959483464,0.0,0.0923109620809555,0.012251400078336397,0.12693516810735067,2.713512881596883,4.62261962890625,4.043147563934326,0.5259197652339935,0.15825609117746353,0.022286005318164825,0.09591959416866302,0.6646064817905426,0.12649082392454147,2.6832180976867677,0.4282228350639343
160,1106.6707479953766,0.6474811776463564,0.12950552801291149,0.5056861698627472,0.2916960835456848,0.09846617778142293,0.0,0.09244820425907771,0.012223040716101726,0.12700010736783346,2.1343732595443727,4.602611385285854,4.030084609985352,0.5162260681390762,0.15720687061548233,0.022600227035582066,0.09616933390498161,0.6600244641304016,0.1268543004989624,2.1601695895195006,0.4261815659701824
161,1113.6078488826752,0.6490956639754586,0.12949230273564658,0.5094867368539174,0.2931980570157369,0.09954221298297246,0.0,0.09196790953477224,0.012221770143757265,0.12721007068951926,2.6078909079233807,4.649661898612976,4.036394476890564,0.5912597179412842,0.158818781375885,0.022700555622577667,0.09639376774430275,0.6656294167041779,0.12696462869644165,2.791439616680145,0.4292084760963917
162,1120.527529001236,0.6548439655452967,0.1294478933016459,0.5218596915404002,0.29290464917818704,0.0988971213499705,0.0,0.09194690535465876,0.01222257014984886,0.1273147240281105,3.391911347707113,4.609564915299416,4.033456802368164,0.523968905210495,0.15706183016300201,0.02230546995997429,0.09550892561674118,0.659103125333786,0.12704066932201385,2.7000879526138304,0.4250604882836342
163,1127.6179950237274,0.6507165533490479,0.1295353720585505,0.5142649134000142,0.2915859282016754,0.09767380009094874,0.0,0.09211102177699407,0.012207979305336873,0.12743771721919378,2.82991095383962,4.609519258141518,4.042545795440674,0.508305013179779,0.15641047805547714,0.02225784119218588,0.09543334320187569,0.659883439540863,0.12730085104703903,2.4339587569236754,0.4253750629723072
164,1134.5567278862,0.6464174012614724,0.12925394674142202,0.5085528115431468,0.29192102948824566,0.09848913798729579,0.0,0.09131086071332296,0.012191056894759337,0.1276194671789805,2.6015255053838096,4.609812155365944,4.031481742858887,0.5338465571403503,0.155703566968441,0.02257341891527176,0.09567859023809433,0.6568829417228699,0.12741710245609283,2.462781918048859,0.42412006109952927
165,1141.5226550102234,0.6519197098057096,0.12976186573505402,0.5160949051380157,0.29220210313796996,0.09786940763394038,0.0,0.09206307381391525,0.01219548173248768,0.1278139094511668,2.8396098295847576,4.618625625967979,4.046029329299927,0.5217850506305695,0.15585188567638397,0.022422208450734615,0.0953633189201355,0.659439742565155,0.12745100259780884,3.1112185955047607,0.425083190202713
166,1148.455862045288,0.6455465907657829,0.12950280805428824,0.5061691721280416,0.29177119533220924,0.09853593309720357,0.0,0.09134427458047867,0.012170397024601699,0.1279650052388509,2.4783281962076824,4.605979219079018,4.028277158737183,0.5277572870254517,0.1569117084145546,0.02250966615974903,0.0953589603304863,0.6594797968864441,0.12762945145368576,2.556934106349945,0.42509885877370834
167,1155.442528963089,0.6480255849678845,0.12994304597377776,0.5078617791334789,0.29134459694226583,0.09898603657881419,0.0,0.0918497438232104,0.012164511205628514,0.12814366221427917,2.2346978028615316,4.617579326033592,4.042809963226318,0.5358464419841766,0.15342307090759277,0.02248383965343237,0.09520668908953667,0.6520931124687195,0.12762752920389175,2.3930302023887635,0.4212532453238964
168,1162.3999319076538,0.6477392779352764,0.12955934405326844,0.508945894241333,0.2926765978336334,0.0998570869366328,0.0,0.09134287039438883,0.01216698084026575,0.12828651169935862,2.2314820845921832,4.603824436664581,4.032683372497559,0.5255740284919739,0.15417702496051788,0.022442598827183247,0.0950692631304264,0.654159665107727,0.12777122855186462,2.1987642526626585,0.42214909568428993
169,1169.3923289775848,0.6495446499049042,0.1296443025271098,0.5133835196495056,0.2911907394727071,0.09885039428869884,0.0,0.09141999930143356,0.012162158917635679,0.128472438454628,2.727096605300903,4.612070798873901,4.037079811096191,0.5255501568317413,0.15610795468091965,0.02226695790886879,0.09471350535750389,0.6600054502487183,0.12803571671247482,2.6956719756126404,0.424716230481863
170,1176.3708701133728,0.6503764851290422,0.12960976461569468,0.5153501709302266,0.2925420840581258,0.0991412768761317,0.0,0.09122235675652822,0.012147136839727561,0.12855332990487417,2.4385055859883624,4.5931598618626595,4.02269971370697,0.5257004052400589,0.1538049727678299,0.02256087400019169,0.09498680010437965,0.6534153521060944,0.12818685173988342,2.4771942377090452,0.42169447615742683
171,1183.34814286232,0.6455397201042312,0.1295325219631195,0.5064380546410878,0.2922544777393341,0.09826317032178243,0.0,0.09130469411611557,0.012145003691936532,0.12882996797561647,2.4505547285079956,4.604831248521805,4.02665388584137,0.5348837971687317,0.15536773204803467,0.022572654299438,0.09494439885020256,0.6579484641551971,0.12824881821870804,2.387541961669922,0.42391863092780113
172,1190.3675138950348,0.6504661451210267,0.12947807709376016,0.5144277075926463,0.2930795311927795,0.10023583074410757,0.0,0.09126302649577459,0.012148578728859624,0.12886045972506205,3.4802815834681193,4.603749558329582,4.031881332397461,0.5273192226886749,0.1541043072938919,0.022331406362354755,0.09437459707260132,0.6543615758419037,0.12833763659000397,2.8316986918449403,0.42155538499355316
173,1197.571249961853,0.6425073593272828,0.12954346537590028,0.5004928390185038,0.29112254778544105,0.0976200670003891,0.0,0.09148772110541661,0.012131623985866705,0.1290581613779068,2.025422779719035,4.625824868679047,4.039042711257935,0.5439051985740662,0.1574147790670395,0.022312541492283344,0.09435021132230759,0.6604578495025635,0.12853462994098663,1.8840463638305665,0.4245791360735893
174,1204.6080288887024,0.6522848034568597,0.1301378031571706,0.5151722868283589,0.29257686336835226,0.1002703790863355,0.0,0.09167400201161703,0.012133163896699746,0.1292554239432017,2.477748155593872,4.620806500315666,4.0400683879852295,0.5498200356960297,0.15291404724121094,0.02221924066543579,0.09425249695777893,0.6523145437240601,0.12884608656167984,2.230152094364166,0.42040976881980896
175,1211.5441029071808,0.6474893435176151,0.12960130174954732,0.5091822644074758,0.2921259005864461,0.10075255483388901,0.0,0.09094515095154444,0.01211822930102547,0.12939745982487996,2.3185109933217367,4.6031139343976974,4.02322256565094,0.5311744511127472,0.15715207159519196,0.02257439959794283,0.09444506838917732,0.6610616743564606,0.12921613454818726,2.2253925919532778,0.4249759055674076
176,1218.5397989749908,0.6473081627123368,0.1293022006750107,0.5096604903539022,0.2918191413084666,0.10096149692932764,0.0,0.09084797153870265,0.012114053126424551,0.12963058749834697,2.2474923928578696,4.623023733496666,4.0384202003479,0.5372672080993652,0.15798496454954147,0.022398420609533787,0.09416617825627327,0.6645388305187225,0.12944475561380386,2.2673446774482726,0.42643559351563454
177,1225.5137779712677,0.6493818393559195,0.12953214844067892,0.5124984880288442,0.29188791910807294,0.09912227342526118,0.0,0.091516741613547,0.01211361118281881,0.12976828416188557,2.361628206570943,4.615491434931755,4.027394533157349,0.5467209815979004,0.15736820548772812,0.022386422380805016,0.09388115629553795,0.6624975800514221,0.12932518124580383,2.4957947850227358,0.425129946321249
178,1232.4015560150146,0.6426584130424696,0.12946831285953522,0.5035175879796346,0.29114803671836853,0.09745872517426808,0.0,0.09088631769021352,0.012096660149594148,0.12997900446256003,2.2527653694152834,4.620898127555847,4.035120725631714,0.5330773890018463,0.15961935371160507,0.02236589416861534,0.09383859857916832,0.6677605509757996,0.12969645112752914,2.3314860343933104,0.4277188740670681
179,1239.4129219055176,0.6456593646357457,0.12962924043337504,0.5073338905970256,0.29252915382385253,0.09897977610429128,0.0,0.09090186357498169,0.012111010278264682,0.13003385265668232,2.8218623638153075,4.62508949637413,4.038238525390625,0.5494351983070374,0.1560666859149933,0.022260726429522038,0.09362643212080002,0.6585083305835724,0.12955177575349808,2.9309060096740724,0.4228805974125862
180,1246.4429969787598,0.6460746591639084,0.12918885946273803,0.5081438779830932,0.29075052340825397,0.09886676271756491,0.0,0.09124703705310822,0.012075692260016998,0.13027994632720946,2.683936373392741,4.614524178206921,4.035327196121216,0.528826430439949,0.15739188343286514,0.022438094951212406,0.09378495067358017,0.6630872189998627,0.12983055412769318,2.6438686728477476,0.4253285601735115
181,1253.3900737762451,0.6420606076989013,0.12948207259178163,0.49969691832860313,0.290701687335968,0.09933322916428249,0.0,0.09109099457661311,0.012075350992381573,0.1305020620425542,1.6735092083613077,4.6012768894433975,4.019704341888428,0.5346546471118927,0.15712261199951172,0.022536308504641056,0.09383443370461464,0.6615312695503235,0.13029564172029495,1.7510574817657472,0.4246000684797764
182,1260.3505849838257,0.641630550318708,0.12913451890150707,0.5015071491400401,0.29158777594566343,0.09825363506873448,0.0,0.09082327832778295,0.01206867586200436,0.13070779045422873,2.0598196585973105,4.615970328450203,4.029163599014282,0.5377918481826782,0.1589554026722908,0.022401084192097187,0.093433678150177,0.6661398708820343,0.13031627982854843,2.0240297675132752,0.42650361359119415
183,1267.3738389015198,0.6462008094259848,0.12933059136072794,0.5089465041955312,0.2919798235098521,0.09898116290569306,0.0,0.09094970971345902,0.0120599036415418,0.13083886702855427,2.6681743621826173,4.617342934012413,4.0325422286987305,0.541882187128067,0.15692980587482452,0.02231222577393055,0.09324238821864128,0.6635767221450806,0.13051687926054,2.72995982170105,0.42503074929118156
184,1274.5147359371185,0.6408628587455799,0.12962504724661508,0.49928860465685526,0.2918009320894877,0.09814909994602203,0.0,0.09076521098613739,0.01205630029241244,0.13099804719289143,1.858263333638509,4.63051775097847,4.045846939086914,0.5409531891345978,0.15709710866212845,0.02231711335480213,0.09316814690828323,0.6617876589298248,0.13085390627384186,1.952560031414032,0.42406197637319565
185,1281.5019841194153,0.6450523847752871,0.12943294445673625,0.506571485598882,0.2921733101209005,0.09811034897963206,0.0,0.09112659643093744,0.012053319873909155,0.1311570107936859,2.7486961603164675,4.6207267343997955,4.031887054443359,0.5510495603084564,0.15665744990110397,0.022309446707367897,0.09303697571158409,0.6612038612365723,0.13077683001756668,2.9658650875091555,0.4236389063298702
186,1288.5093789100647,0.6395571365642051,0.12949897547562916,0.49684551159540813,0.29125428398450215,0.09663068254788716,0.0,0.09119346191485724,0.012051386339589954,0.13139111399650574,1.940310549736023,4.62657356262207,4.034898042678833,0.5515791475772858,0.1579429730772972,0.022341225296258926,0.09317213296890259,0.6639153063297272,0.1309107020497322,1.9514801383018494,0.4251297861337662
187,1295.4882051944733,0.6420760053287571,0.1294740468263626,0.503836433092753,0.2908864259719849,0.09689827809731165,0.0,0.09066836486260096,0.012061521100501219,0.13162841995557148,2.6739457209904987,4.605067625641823,4.023062467575073,0.5285540223121643,0.1588640734553337,0.022588538005948067,0.09324163943529129,0.6662117838859558,0.13128911703824997,2.8043722033500673,0.4263475313782692
188,1302.6789219379425,0.6421531844302081,0.1290152043104172,0.5045382956663768,0.29101609786351523,0.09726871897776922,0.0,0.09066403657197952,0.012031937638918558,0.13183762033780416,2.6605606079101562,4.611698657274246,4.02992844581604,0.532345712184906,0.1577986776828766,0.02236161008477211,0.09288949519395828,0.6643067300319672,0.13124819099903107,2.790166914463043,0.42504286020994186
189,1309.8557891845703,0.6426466498717976,0.1293478161096573,0.5042052090167999,0.2915556192398071,0.09613660673300425,0.0,0.09108426024516424,0.01202563668290774,0.131946994860967,2.542213781674703,4.607063472270966,4.023025631904602,0.5312175750732422,0.15921452641487122,0.02227332815527916,0.09271100163459778,0.6672669649124146,0.13158057630062103,2.6571542263031005,0.42634448409080505
190,1316.9217538833618,0.6454737828268359,0.12931918998559316,0.5106519977251689,0.29113096594810484,0.09669958154360453,0.0,0.09077997704346975,0.012038314094146093,0.13207855919996897,2.867616637547811,4.642118960618973,4.042232036590576,0.5506552457809448,0.1622796505689621,0.022039251402020454,0.09234464913606644,0.6739897429943085,0.13158679753541946,3.055594062805176,0.4293395206332207
191,1324.0052680969238,0.6454541622156588,0.12950285971164704,0.51002263824145,0.29159610668818153,0.09722395837306977,0.0,0.09068180173635483,0.012031970949222644,0.13232438266277313,2.674437085787455,4.616475120186806,4.023768186569214,0.5562213361263275,0.15729813277721405,0.022400664165616035,0.09265167266130447,0.6634479463100433,0.1319717839360237,2.7973902583122254,0.42437564581632614
192,1330.8877520561218,0.6438698550996681,0.12925877968470256,0.5076851427555085,0.29185221791267396,0.09714739819367726,0.0,0.09060213267803192,0.012035476028298337,0.1326174040635427,2.315915052096049,4.625636607408524,4.032738208770752,0.5498712956905365,0.15898137539625168,0.022475379519164562,0.0928577370941639,0.6650078594684601,0.13228050619363785,2.54135822057724,0.42536166682839394
193,1337.8375718593597,0.6474709089923029,0.1294042428334554,0.5140664736429851,0.291628485918045,0.09855417460203171,0.0,0.09039640774329503,0.012004485120996833,0.13284119963645935,2.74228044350942,4.610298186540604,4.021294355392456,0.542839914560318,0.1587919369339943,0.022281983867287636,0.09229306504130363,0.6644941866397858,0.13228689879179,2.6711907029151916,0.4245401583611965
194,1344.8183498382568,0.6422026003827341,0.1293988247712453,0.5056367973486583,0.29039881030718484,0.09630523969729742,0.0,0.09049634039402008,0.012001332206030687,0.13292751709620157,2.631170566876729,4.628588825464249,4.033886671066284,0.5493749678134918,0.16000733524560928,0.022208118811249733,0.0921318344771862,0.6668789386749268,0.13263148814439774,2.8182763338088987,0.4255713038146496
195,1351.8200688362122,0.6409084201654575,0.1293751686811447,0.5019823630650838,0.29041367570559184,0.09604496558507283,0.0,0.09083710809548697,0.012026707486559948,0.1331240216890971,2.782326412200928,4.627239301800728,4.035873174667358,0.5381052494049072,0.16115675121545792,0.022037619724869728,0.09184535592794418,0.6729982495307922,0.1327553614974022,2.7200185537338255,0.4283444806933403
196,1358.5973479747772,0.6417921679113836,0.12914422551790875,0.5051940361658732,0.2911428292592367,0.09799403697252274,0.0,0.09007041205962499,0.011991994983206192,0.1333455413579941,2.7981182813644407,4.604737743735313,4.014792203903198,0.534780889749527,0.16127754747867584,0.022394533269107342,0.09232316166162491,0.6675562262535095,0.1330166459083557,2.5236827969551086,0.42610127478837967
197,1365.3952300548553,0.6429552128422074,0.12889849543571472,0.5079035341739655,0.29203956325848895,0.09794131765762965,0.0,0.09006564170122147,0.011993699334561824,0.13364984889825185,2.520591648419698,4.615726128220558,4.018643856048584,0.554762601852417,0.15985048562288284,0.02243427373468876,0.09232738614082336,0.6662128567695618,0.13318714499473572,2.6456900119781492,0.42543381452560425
198,1372.241506099701,0.6389177642025364,0.1287701904773712,0.5039266645908356,0.2909211238225301,0.0960792769988378,0.0,0.08962791115045547,0.011977798957377672,0.13379394610722858,2.521826497713725,4.619472175836563,4.026335954666138,0.5409435331821442,0.16133222728967667,0.02232627384364605,0.09196528792381287,0.6706613898277283,0.13356700539588928,2.309388053417206,0.427295982837677
199,1379.1813089847565,0.6356380147083353,0.1290325144926707,0.4970593313376109,0.29145297408103943,0.0953314001361529,0.0,0.08973415692647298,0.011976826004683971,0.13399864335854847,2.03478688398997,4.625976055860519,4.030754566192627,0.5481229424476624,0.16058000922203064,0.02225570846349001,0.09179861843585968,0.6703062057495117,0.13366931676864624,2.1081954717636107,0.42695172131061554
200,1386.2447848320007,0.6371817246545106,0.12873390018939973,0.5007188200950623,0.2920523941516876,0.09510044554869333,0.0,0.08976764231920242,0.011984430905431508,0.13427099585533142,2.199441663424174,4.6112112402915955,4.01978063583374,0.5431548357009888,0.15992659330368042,0.022358705289661884,0.09197115525603294,0.6671857833862305,0.1338333562016487,2.42699716091156,0.4255640469491482
201,1393.181922197342,0.6427566439844667,0.12896554668744406,0.5113178233305613,0.29138537446657814,0.09467644890149435,0.0,0.08992892056703568,0.01198388496413827,0.13445648749669392,2.9645014365514117,4.62172868847847,4.0317792892456055,0.536930501461029,0.16074207425117493,0.022043813951313496,0.09132595360279083,0.6696212291717529,0.13406679779291153,3.142842137813568,0.4261365681886673
202,1400.048505783081,0.6356413932536573,0.12869879802068074,0.4984453101952871,0.2912051260471344,0.0944440022110939,0.0,0.08979145983854929,0.011963348540787896,0.13457069198290508,2.004527219136556,4.608959570527077,4.015039443969727,0.5414614677429199,0.1615946963429451,0.02226125542074442,0.09170383214950562,0.6710448563098907,0.13435988873243332,1.9920745611190795,0.427226260304451
203,1406.7784929275513,0.6397278076561633,0.12863161365191142,0.505720051129659,0.2911237458388011,0.09470840096473694,0.0,0.0899877538283666,0.011960549869885047,0.13489322761694592,2.5256980657577515,4.60941207408905,4.013007044792175,0.5464786887168884,0.1615828424692154,0.02234395034611225,0.09167979657649994,0.6713690459728241,0.13474655896425247,2.312637674808502,0.427364319562912
204,1413.5798149108887,0.636415789121141,0.1284940133492152,0.5020123263200124,0.29216043949127196,0.09395277251799901,0.0,0.08946484923362732,0.01195656944376727,0.13514708280563353,2.0169995466868085,4.599757596850395,4.012173175811768,0.5390196144580841,0.15903730690479279,0.022328568622469902,0.09148318693041801,0.6649473607540131,0.13473208993673325,1.9467532873153686,0.42395686730742455
205,1420.3435189723969,0.635101014887914,0.12863416771094005,0.4997566322485606,0.29143019517262775,0.09403000275293986,0.0,0.08931943029165268,0.01194435649861892,0.13543413678805033,1.8482355038324991,4.607902765274048,4.014986515045166,0.5350176990032196,0.16270370036363602,0.022203736938536167,0.09133690223097801,0.6742822229862213,0.13502871990203857,1.8788716554641725,0.42847801372408867
206,1427.1028370857239,0.6381632879318204,0.12838699221611022,0.5060470700263977,0.29247574011484784,0.09421031375726065,0.0,0.0893042782942454,0.011943111335858703,0.13549772103627522,2.6642035404841105,4.614128530025482,4.0198386907577515,0.5489024221897125,0.15991931408643723,0.022192583419382572,0.09118827059864998,0.6680539548397064,0.13532842695713043,2.5076749682426454,0.4252152480185032
207,1434.0364308357239,0.6315795957363055,0.128182186683019,0.4930297076702118,0.29130502343177794,0.09388873080412546,0.0,0.08950729022423426,0.011954101314768196,0.1357388238112132,2.0725165287653606,4.592808768153191,4.007243275642395,0.5222251415252686,0.16222646087408066,0.02239234559237957,0.09146415442228317,0.6719037890434265,0.13548112660646439,2.0617353916168213,0.42741604894399643
208,1440.838306903839,0.6332042438870606,0.1281221260627111,0.4982093950112661,0.29201671679814656,0.09327034950256348,0.0,0.08917506734530131,0.011936255606512229,0.1359880656003952,1.9614483912785847,4.604728206992149,4.009881973266602,0.5454849004745483,0.1610518917441368,0.02206171303987503,0.09096519649028778,0.670454353094101,0.13563842326402664,1.8307454586029053,0.42619237303733826
209,1447.818461894989,0.6344075594446622,0.12796391894419987,0.4995733678340912,0.2911891301472982,0.09493227303028107,0.0,0.0891412874062856,0.011928885088612637,0.1362279196580251,2.1462408939997357,4.595880687236786,4.001772522926331,0.5454013347625732,0.16070374846458435,0.022112435661256313,0.09079612419009209,0.6684539318084717,0.13572393357753754,2.0182418823242188,0.4250230900943279
210,1454.9679250717163,0.6331123031869841,0.12805256843566895,0.49658258954683937,0.2914777855078379,0.09471840312083563,0.0,0.0892360751827558,0.011928748556723196,0.13641010324160258,1.7587475220362345,4.592329606413841,4.002533435821533,0.5335560441017151,0.16150907427072525,0.02221367135643959,0.09099308773875237,0.6705834269523621,0.1360597386956215,1.8223781704902648,0.4262848012149334
211,1461.857929944992,0.6322873102733866,0.12785183787345886,0.4963082611560822,0.29201314647992455,0.09435741007328033,0.0,0.08905508170525232,0.011941019880274932,0.13664388159910837,2.125132195154826,4.582385927438736,3.9943264722824097,0.5368480086326599,0.15981772541999817,0.0224128570407629,0.09147921949625015,0.6664753258228302,0.13634539395570755,2.1823392271995545,0.42471688240766525
212,1468.6892030239105,0.6357817453293441,0.1274732490380605,0.5050059656302134,0.29249271949132283,0.09317539135615031,0.0,0.089090596139431,0.011915664902577798,0.13686789373556774,2.857076660792033,4.6067153960466385,4.012326955795288,0.5447932481765747,0.16099590808153152,0.022153477184474468,0.09072589129209518,0.6699911653995514,0.1365276202559471,3.2154925227165223,0.4257214739918709
213,1475.5754771232605,0.6314534996364576,0.12729968229929606,0.4959298928578695,0.2922884225845337,0.093008058766524,0.0,0.08933179974555969,0.011949362869684895,0.13701763252417246,1.817373776435852,4.590981721878052,4.003647685050964,0.5327529311180115,0.16047878563404083,0.02234063297510147,0.09106061607599258,0.6668925285339355,0.13681169599294662,1.7426715254783631,0.42450688034296036
214,1482.4465837478638,0.6358044111713146,0.12754108160734176,0.5039463758468627,0.29212007522583006,0.09296219348907471,0.0,0.08940395514170328,0.01192752739104132,0.13731526732444763,2.310537584622701,4.602905213832855,4.001508951187134,0.5521824955940247,0.16265250742435455,0.0220166789367795,0.09043531492352486,0.6734312772750854,0.13694632053375244,2.354001760482788,0.4271509535610676
215,1489.3008568286896,0.6320789007741647,0.12738987505435945,0.4971490780512492,0.29323332707087196,0.09352374821901321,0.0,0.08912062396605809,0.011920225340873003,0.1374899625778198,2.286752986907959,4.588467910885811,3.9977325201034546,0.5456580519676208,0.15895318239927292,0.022241505794227123,0.09068284556269646,0.6651171147823334,0.13714616745710373,2.153320074081421,0.42324140295386314
216,1496.0760190486908,0.6322233303372438,0.12733477453390757,0.49908153812090555,0.2912454982598623,0.0927840327223142,0.0,0.08902224451303482,0.011911573229978482,0.13774381577968597,2.113916834195455,4.585710510611534,3.9904063940048218,0.5461886525154114,0.16110489517450333,0.022022642195224762,0.09029139578342438,0.6696005165576935,0.13737328350543976,2.059266448020935,0.4250916540622711
217,1502.9129338264465,0.6344834053850111,0.1272934705018997,0.503117303053538,0.29271475076675413,0.09238514502843222,0.0,0.08919104635715484,0.011900983657687903,0.13790152966976166,2.517412296930949,4.589605309069157,3.991675853729248,0.5454497784376144,0.1626022830605507,0.021992310881614685,0.09027187898755074,0.6732746958732605,0.13758567720651627,2.7621667861938475,0.426909226924181
218,1509.6994729042053,0.630841346263575,0.1268938437104225,0.49677093625068663,0.292927622795105,0.09278105994065602,0.0,0.08904595871766409,0.011912184332807859,0.13820502360661824,2.488848582903544,4.581030189990997,3.983694076538086,0.5427210330963135,0.16298779845237732,0.022354593500494957,0.09083828330039978,0.6725955307483673,0.1379828155040741,2.821948933601379,0.42713604867458344
219,1516.7308638095856,0.6325180612659703,0.1267456834514936,0.5007438878218333,0.2927610456943512,0.09352608323097229,0.0,0.08878841996192932,0.0118963069592913,0.13839035332202912,2.3097352822621664,4.574932590126991,3.9829585552215576,0.5357015430927277,0.1620616316795349,0.022291358560323715,0.09060173109173775,0.6720417737960815,0.13826782256364822,2.215342366695404,0.4266226179897785
220,1523.7917819023132,0.6301922517130152,0.1267679159839948,0.4936217745145162,0.29429003596305847,0.09400077611207962,0.0,0.08920036653677622,0.011888859312360485,0.13860259354114532,2.0823893308639527,4.565297946333885,3.9780385494232178,0.5356529653072357,0.15971645712852478,0.022233066149055958,0.09037905931472778,0.6641498506069183,0.13828421384096146,2.3539456605911253,0.42245398461818695
221,1530.6957430839539,0.6294812307266208,0.12628875076770782,0.49493429660797117,0.29313393036524454,0.09311530391375224,0.0,0.08903636932373046,0.01187695727373163,0.1387813061475754,2.2311842838923135,4.5717262625694275,3.9838786125183105,0.525757908821106,0.16248434782028198,0.022232066839933395,0.09025844559073448,0.6727652847766876,0.13888875395059586,2.3208849668502807,0.4266410879790783
222,1537.561578989029,0.6289139995079798,0.12640920380751292,0.4913120408852895,0.2933082103729248,0.09369994600613912,0.0,0.08944336324930191,0.011875045609970887,0.13902810315291086,1.903458539644877,4.573083683848381,3.9816484451293945,0.534218817949295,0.1621629148721695,0.02214050106704235,0.09008333832025528,0.6731046736240387,0.138896606862545,1.6829431295394897,0.4266356751322746
223,1544.4243347644806,0.6276307637764451,0.1264377847313881,0.49062767028808596,0.29367304444313047,0.09232558508714041,0.0,0.08928409616152445,0.011872407079984744,0.13928000132242838,1.965015459060669,4.556073606014252,3.961856722831726,0.5459292232990265,0.1606261357665062,0.02218759898096323,0.09010402485728264,0.6690573990345001,0.13903383910655975,1.7710843205451965,0.4246327243745327
224,1551.2883541584015,0.6314629278533782,0.1260969817638397,0.5010942081610362,0.29239636262257895,0.09215901444355647,0.0,0.08885970215002696,0.011868597008287907,0.1395297308762868,2.6544251839319863,4.568761184811592,3.9722678661346436,0.5427992641925812,0.16254684329032898,0.022153149358928204,0.09000875428318977,0.6715796291828156,0.13935326039791107,2.888921630382538,0.42579856887459755
225,1558.1839838027954,0.6325418182920354,0.12601768374443054,0.5002152740955352,0.2942038893699646,0.09233062913020453,0.0,0.08952500770489374,0.011871879594400525,0.13977088729540507,2.668345745404561,4.5795799642801285,3.973265528678894,0.5546006262302399,0.16450706124305725,0.022199122235178947,0.08997394889593124,0.6771268248558044,0.1397140622138977,2.5041823267936705,0.42853736132383347
226,1565.3135039806366,0.6270095892910225,0.1257064218322436,0.49211311936378477,0.2939802865187327,0.09128934194644292,0.0,0.08921083509922027,0.011881608158970873,0.13995274305343627,2.095759145418803,4.553868643939495,3.9558039903640747,0.5397480577230453,0.16409531235694885,0.022373003885149956,0.09042483195662498,0.6744011044502258,0.13981898874044418,2.0122604608535766,0.4276253841817379
227,1572.4173707962036,0.6256489325023722,0.12560281703869502,0.4881161133448283,0.2944225609302521,0.09281801581382751,0.0,0.08917688330014546,0.011886853398755193,0.1401984065771103,1.9026703516642252,4.557348623871803,3.9668257236480713,0.5273905694484711,0.16341380774974823,0.022120226174592972,0.08976704999804497,0.6749388873577118,0.14009445905685425,2.0878697633743286,0.42723649367690086
228,1579.2938859462738,0.6314736653313351,0.12546667804320652,0.5005921979745229,0.29487773180007937,0.0918753132224083,0.0,0.08925256431102753,0.011868866408864658,0.14035237828890482,2.464860995610555,4.560126155614853,3.9767491817474365,0.5271139144897461,0.15991000831127167,0.021897404454648495,0.0893835686147213,0.6660560667514801,0.14015468209981918,2.4373272895812987,0.42241160199046135
229,1586.2106277942657,0.6274449920611611,0.12545538793007532,0.4946744819482168,0.29523447155952454,0.0911564181248347,0.0,0.08888678848743439,0.011847559145341318,0.1406885306040446,2.284784523646037,4.561296850442886,3.9662528038024902,0.5413824319839478,0.16217641532421112,0.022166436538100243,0.08975252509117126,0.6698712706565857,0.14046166092157364,2.3351712942123415,0.4246881604194641
230,1593.136754989624,0.6277591927481505,0.1252853736281395,0.4954673409461975,0.29452313979466754,0.0921149343252182,0.0,0.08872685978809992,0.011844365485012531,0.1407651921113332,2.5757913827896117,4.561826393008232,3.9617063999176025,0.544049084186554,0.1640477254986763,0.02220569271594286,0.08968933671712875,0.6758481562137604,0.14079903811216354,2.714018535614014,0.42761341482400894
231,1600.0645439624786,0.6304221375884178,0.1250413879752159,0.49947266578674315,0.29584495226542157,0.09199201067288716,0.0,0.08914359708627065,0.011844796237225334,0.14106429119904837,2.5059505780537923,4.554861679673195,3.9620550870895386,0.5252486765384674,0.1650911271572113,0.022130480036139488,0.08951898291707039,0.6794534027576447,0.14099127054214478,2.5890872359275816,0.4292456842958927
232,1606.7752940654755,0.6219524179080812,0.12502281665802,0.485615599155426,0.2957002639770508,0.09073177774747213,0.0,0.08870489796002706,0.011840604059398175,0.1413407117128372,2.2633696873982747,4.548311427235603,3.954384922981262,0.5256413221359253,0.16555292159318924,0.022192752920091152,0.08962583914399147,0.6796407103538513,0.141157865524292,2.2958665609359743,0.42944619432091713
233,1613.6013009548187,0.624534021281094,0.12464021394650142,0.48860909342765807,0.29597242673238117,0.09208494772513708,0.0,0.08908657779296239,0.011842617547760408,0.1414882282416026,2.3572694937388103,4.543669983744621,3.951601982116699,0.5378262102603912,0.16157744824886322,0.02228085696697235,0.08962045982480049,0.6691544055938721,0.14138515293598175,2.3990615129470827,0.4241976626217365
234,1620.9258000850677,0.6241490248862344,0.1246380219856898,0.4889275848865509,0.2962313950061798,0.09113647490739822,0.0,0.08904102146625519,0.011825232518215973,0.14181044002374013,2.221585766474406,4.547664470970631,3.9559333324432373,0.5280262380838394,0.16385900974273682,0.02218715101480484,0.08945373445749283,0.6753813028335571,0.1416139453649521,2.2377573251724243,0.4271443858742714
235,1628.3442859649658,0.6243387620042389,0.12425318409999211,0.4917937199274699,0.2958795209725698,0.09081689516703288,0.0,0.08870861182610194,0.011833952149997155,0.14201388855775196,2.0325671911239622,4.54501274228096,3.9499051570892334,0.5436741709709167,0.16163524985313416,0.021902022883296013,0.08910766243934631,0.6703798770904541,0.14193876832723618,2.1954204082489013,0.42429760098457336
236,1635.7639827728271,0.6298487525918366,0.12419850081205368,0.5016790350278219,0.2974138975143433,0.09135095675786337,0.0,0.0888095811009407,0.011831343810384472,0.1423043062289556,1.9950177748998006,4.548596441745758,3.956365942955017,0.5343349575996399,0.1625315099954605,0.02209434937685728,0.08930239453911781,0.6711443364620209,0.14210309833288193,1.8663857698440551,0.42487456277012825
237,1643.2889931201935,0.6251984143202814,0.12425560553868611,0.49255944093068443,0.2953423301378886,0.09108422199885051,0.0,0.08890716036160787,0.011816146069516737,0.142547145485878,2.105838489532471,4.5567504316568375,3.952410340309143,0.5544751584529877,0.16355125606060028,0.0221940902993083,0.08933677896857262,0.6750383675098419,0.1423715353012085,2.2176021575927733,0.4268559627234936
238,1650.7293109893799,0.6249244343644629,0.12406979352235795,0.4937898914019267,0.2958303769429525,0.09064333786567053,0.0,0.08864128440618516,0.011816117788354556,0.14273692667484283,2.1905782063802084,4.538093328475952,3.9433923959732056,0.5357289016246796,0.1634182408452034,0.022260382771492004,0.08942059800028801,0.6740711033344269,0.14268792420625687,2.0862472295761108,0.42645614966750145
239,1658.301227092743,0.6246685093191142,0.12359192967414856,0.49224162300427754,0.2966439962387085,0.09143213778734208,0.0,0.08890132308006286,0.011817657016217708,0.14292279481887818,2.1110512892405193,4.529242426156998,3.9341849088668823,0.5333348214626312,0.16419505327939987,0.02212496753782034,0.08905144408345222,0.673841267824173,0.14310088008642197,2.0669515490531922,0.4259720779955387
240,1665.8983540534973,0.623568541376153,0.12347988386948903,0.49179651935895285,0.29587695797284447,0.09096193710962931,0.0,0.08867514679829279,0.01180957087005178,0.14318560361862182,1.743141492207845,4.51054622232914,3.919551730155945,0.526790589094162,0.16379959881305695,0.02200992312282324,0.08891062065958977,0.6750388741493225,0.14327020198106766,1.894067358970642,0.426430057734251
241,1673.448301076889,0.6227826782541039,0.12336908926566442,0.490158482392629,0.29682021737098696,0.0907319853703181,0.0,0.08875486503044765,0.011844050573805968,0.14345486263434093,1.9074434995651246,4.515722252428532,3.9243578910827637,0.5311798602342606,0.16288721561431885,0.02187883947044611,0.08894733712077141,0.6740006804466248,0.14330432564020157,1.7885327696800233,0.4259476773440838
242,1681.0715498924255,0.6216957820210761,0.12291217148303986,0.4882794380187988,0.2973282972971598,0.09082515190045039,0.0,0.0888635570804278,0.011809138441458344,0.14373448391755422,2.214046851793925,4.532448992133141,3.9351723194122314,0.5405007898807526,0.16351313889026642,0.022370528429746628,0.08929889276623726,0.6734062731266022,0.14361706376075745,2.1106948614120484,0.42600202932953835
243,1688.8935170173645,0.6249234668716478,0.12283861090739569,0.49506819049517314,0.29765907526016233,0.09097187916437785,0.0,0.0887643739581108,0.011801138008013367,0.14391070008277893,2.404572669665019,4.528440281748772,3.9274765253067017,0.5404639542102814,0.16536588966846466,0.022300126031041145,0.08910225331783295,0.6784137785434723,0.14395862072706223,2.6182671546936036,0.4283091425895691
244,1696.9345090389252,0.6206590888051626,0.12268371731042862,0.48847829898198447,0.29708632826805115,0.08987070769071578,0.0,0.08866170893112818,0.011792160694797833,0.144217719634374,2.3717586755752564,4.52268660068512,3.9241031408309937,0.5455579161643982,0.16290225088596344,0.022258867509663105,0.0888950265944004,0.6717109680175781,0.14413149654865265,2.3674884676933288,0.42475051060318947
245,1704.3664882183075,0.6195982721867039,0.12257794936498007,0.4841782212257385,0.29764398535092673,0.09086275696754456,0.0,0.08898323078950246,0.011793193904062112,0.1444793293873469,2.0404646078745525,4.503999441862106,3.919318437576294,0.5140122175216675,0.16383744776248932,0.02230591792613268,0.08899537846446037,0.6745991408824921,0.1444089412689209,1.8939327716827392,0.4262949489057064
246,1711.246797800064,0.6187989716379282,0.12234816948572795,0.4822614014148712,0.29786156018575033,0.09206502536932627,0.0,0.08886664509773254,0.011787615747501453,0.14467589060465494,1.958068593343099,4.528444871306419,3.929011344909668,0.5314534306526184,0.1668534055352211,0.022122099064290524,0.0885964035987854,0.6814118921756744,0.1447315588593483,2.015954649448395,0.4293023496866226
247,1717.9804611206055,0.6229418260937867,0.12211565524339676,0.4941913465658824,0.29833401838938395,0.09042453120152155,0.0,0.08845699330170949,0.011805655248463155,0.1449720601240794,2.713772503534953,4.505098961293697,3.9167710542678833,0.522511675953865,0.16353603452444077,0.02188880741596222,0.08835762739181519,0.6730173230171204,0.14499500393867493,2.4698116302490236,0.42486628890037537
248,1724.7924721240997,0.6204862271551974,0.12192835360765457,0.49030747612317405,0.29762102564175924,0.09063510845104854,0.0,0.08827942510445913,0.011770880268886685,0.14516975780328115,2.249073537190755,4.512078478932381,3.9168124198913574,0.5294528901576996,0.16526980698108673,0.022041098214685917,0.08839636296033859,0.6773954927921295,0.14506341516971588,2.3815691828727723,0.42709410935640335
249,1731.5955138206482,0.618458130020493,0.12201958298683166,0.4864561955134074,0.29694035450617473,0.09022625585397084,0.0,0.08831889132658641,0.011770049606760343,0.1454517145951589,2.085486388206482,4.51902449131012,3.9180721044540405,0.5413163900375366,0.1651470959186554,0.02205931767821312,0.08841383829712868,0.6764954328536987,0.14542289078235626,2.2245592355728148,0.42666155472397804
250,1738.3908290863037,0.6227418154633294,0.1218832125266393,0.4931931694348653,0.29889290531476337,0.09112491408983867,0.0,0.08852100223302842,0.01178843400751551,0.14571120937665302,2.5666677792867025,4.511329606175423,3.904776096343994,0.5581371784210205,0.16374246031045914,0.022041124291718006,0.08878234773874283,0.6735498309135437,0.1454889252781868,2.4922808408737183,0.4255572631955147
251,1745.210254907608,0.6239991978004885,0.12152617375055949,0.49838464657465614,0.2978857437769572,0.09082669566075006,0.0,0.088156724969546,0.011768840812146663,0.1459464520215988,2.6969557205835977,4.505755856633186,3.907462000846863,0.5402461886405945,0.16408538073301315,0.022049658000469208,0.08843187615275383,0.6745051145553589,0.14584629982709885,2.86647709608078,0.4256844334304333
252,1752.1861820220947,0.6167802655526127,0.1214660664399465,0.4855177084604899,0.2976249317328135,0.08942576597134272,0.0,0.08815715610980987,0.011771045159548521,0.14618799090385437,2.210903557141622,4.508102461695671,3.9055638313293457,0.5481812059879303,0.16422401368618011,0.022095199674367905,0.08816547319293022,0.6734862625598907,0.14611252397298813,2.0752447605133058,0.4249086044728756
253,1759.0445098876953,0.6162931954856806,0.1210683782895406,0.4828408757845561,0.29849864840507506,0.08994753162066142,0.0,0.08860770811637243,0.011768914153799414,0.14647585550944012,1.7565252383550007,4.498018801212311,3.9042893648147583,0.5343859493732452,0.16326823085546494,0.022048141807317734,0.0880732573568821,0.6715968251228333,0.14634551107883453,1.822965431213379,0.4238716699182987
254,1765.9274549484253,0.6160789882414974,0.12089949548244476,0.48170283635457356,0.2984314501285553,0.09070865909258524,0.0,0.08868322571118673,0.011760920053347945,0.1466810981432597,1.9189413070678711,4.504951395094395,3.907388210296631,0.5239864736795425,0.16778497397899628,0.022303332574665546,0.08837677910923958,0.6828038692474365,0.146721713244915,1.7001601815223695,0.42977871373295784
255,1772.8689680099487,0.6184832715274146,0.12111818045377731,0.487940909465154,0.29845633506774905,0.08983335693677266,0.0,0.08843423773845037,0.011758998207127055,0.14692122340202332,2.411410919825236,4.509099364280701,3.9006412029266357,0.5500084757804871,0.1667269617319107,0.022179187275469303,0.08815242722630501,0.6806476414203644,0.14683419466018677,2.5111454129219055,0.4284762479364872
256,1779.7883830070496,0.6199991487548686,0.12060493230819702,0.4919433911641439,0.299577009677887,0.09031706551710765,0.0,0.08827006270488104,0.011774415709078312,0.14717703064282736,2.470664620399475,4.48474233597517,3.896934390068054,0.5147631913423538,0.1652131751179695,0.02231681253761053,0.08857180923223495,0.6759848296642303,0.14733584225177765,2.3488207697868346,0.42656422406435013
257,1786.7776608467102,0.614095727490106,0.12039908816417058,0.48142637610435485,0.2978824536005656,0.08992566466331482,0.0,0.08823566337426504,0.011740325562035045,0.14745502173900604,1.873661986986796,4.493877440690994,3.897997260093689,0.5287434458732605,0.16575422883033752,0.022122422233223915,0.08798213675618172,0.6789532005786896,0.14757080376148224,1.9021586537361146,0.4274587370455265
258,1793.602548122406,0.6170805814481961,0.12039874891440074,0.4862986087799072,0.2994478444258372,0.09136156340440114,0.0,0.08807252993186315,0.011746030176679294,0.1476742078860601,2.6532112042109173,4.5026633739471436,3.902713179588318,0.5320150256156921,0.1669713407754898,0.022184643894433975,0.08798911795020103,0.6811388432979584,0.14760678261518478,2.8522177815437315,0.4285585395991802
259,1800.6938219070435,0.617787819444978,0.12036621620257695,0.488579003016154,0.2992968062559764,0.08824103722969691,0.0,0.08865946729977926,0.011753064285342892,0.1479422191778819,2.313264489173889,4.482001855969429,3.8900476694107056,0.5284573137760162,0.16386276483535767,0.021919431164860725,0.08762653917074203,0.6742224991321564,0.14792782068252563,2.023564076423645,0.4247377887368202
260,1807.8661019802094,0.6132895146574204,0.12001625299453736,0.48293106953303017,0.29787048896153767,0.08800467004378637,0.0,0.088126835723718,0.011764476060246427,0.14823930958906809,2.0014742771784464,4.48992221057415,3.889979362487793,0.5254910588264465,0.16859865933656693,0.02219044603407383,0.08794286474585533,0.6842431128025055,0.1483110710978508,2.0269976019859315,0.4300644211471081
261,1814.687581062317,0.6176442074783457,0.12003308137257894,0.49175070524215697,0.2992397864659627,0.08796390642722447,0.0,0.08803361703952153,0.011750696164866289,0.14844715694586436,2.3704139788945517,4.479888826608658,3.885982036590576,0.5299231708049774,0.16447260230779648,0.0220246659591794,0.08764651417732239,0.6733672320842743,0.14853248745203018,2.6459083914756776,0.42433013021945953
262,1821.52206492424,0.615186192766608,0.11979119082291921,0.48546428283055626,0.2993532617886861,0.08944090406099955,0.0,0.08812278012434642,0.01174348002920548,0.14871462682882944,2.289253012339274,4.480493798851967,3.8863762617111206,0.528598964214325,0.1649090275168419,0.021902929060161114,0.08754203096032143,0.6751441657543182,0.14876819401979446,2.388443684577942,0.42511411383748055
263,1828.3160860538483,0.6137486719720376,0.11970752875010172,0.48458124200503033,0.29863070050875345,0.08865410933891932,0.0,0.08790100812911987,0.011722473877792556,0.14896554847558338,1.9597901662190755,4.4714478850364685,3.8773820400238037,0.5196347236633301,0.16712424159049988,0.02210848033428192,0.08756471052765846,0.6804666817188263,0.14902646094560623,2.112788498401642,0.4277980513870716
264,1835.1405577659607,0.6116384277644101,0.11943942010402679,0.4817009528477987,0.29938290317853294,0.0884747048219045,0.0,0.08770724684000016,0.011722630448639393,0.14926291207472484,1.8969865481058756,4.476946994662285,3.8825775384902954,0.521553635597229,0.16679631918668747,0.022148133255541325,0.087530966848135,0.6794764399528503,0.14932593703269958,1.90893896818161,0.42726918682456017
265,1842.0103387832642,0.6135366110713221,0.11941002458333969,0.4846723775068919,0.29949044386545814,0.08774803628524144,0.0,0.08810379405816396,0.011731629880766073,0.14949500958124798,2.307178425788879,4.473758682608604,3.8792842626571655,0.5232284069061279,0.16643010824918747,0.02220261190086603,0.08787350356578827,0.67718106508255,0.14951735734939575,2.0330995202064512,0.4264640361070633
266,1848.8916900157928,0.6123763734086727,0.11918672074874243,0.48404790957768756,0.2990942517916361,0.08791675021251043,0.0,0.08776863118012747,0.011737554085751374,0.14972531497478486,2.201979486147563,4.456031918525696,3.8677964210510254,0.5125361382961273,0.16598371416330338,0.022016819566488266,0.08763808384537697,0.6771780252456665,0.14965936541557312,2.173865830898285,0.4262270964682102
267,1855.7154939174652,0.6103549454613434,0.11893920501073202,0.47879876295725504,0.2987404565016429,0.08741898983716964,0.0,0.0883381798863411,0.01170969217394789,0.14999061425526936,1.9436359961827596,4.454708635807037,3.861920952796936,0.5193241536617279,0.16656280308961868,0.022088605910539627,0.08730752021074295,0.6772585511207581,0.1499975547194481,1.8535531520843507,0.425936795771122
268,1862.4796409606934,0.6109960760125736,0.11896016895771026,0.47964784502983093,0.2991666257381439,0.08927760273218155,0.0,0.08794942597548167,0.011717759755750496,0.1502785364786784,1.994391147295634,4.4568828120827675,3.869717597961426,0.5093862563371658,0.1662360429763794,0.021954321302473545,0.08708610385656357,0.6797222793102264,0.15026844292879105,2.079643952846527,0.4269472435116768
269,1869.2347588539124,0.6137843307650959,0.11882830907901128,0.4854843576749166,0.2990637540817261,0.08787704557180405,0.0,0.08830662071704865,0.011704654277612766,0.1506316731373469,2.00555739402771,4.4564575999975204,3.8661389350891113,0.5170310437679291,0.1659015715122223,0.022092154249548912,0.08732631430029869,0.6756475567817688,0.15066418051719666,2.1274129509925843,0.4251500926911831
270,1875.9702780246735,0.6102580768793511,0.11875277409950892,0.47930147250493366,0.2986806611220042,0.0884736845890681,0.0,0.08799737592538198,0.011699439492076635,0.1507944345474243,2.1628552675247192,4.471459478139877,3.865159749984741,0.5391039848327637,0.16837386786937714,0.02202659659087658,0.08713383227586746,0.6828645169734955,0.15072375535964966,2.1268362045288085,0.4285660907626152
271,1882.7757079601288,0.61083401858729,0.11830411156018575,0.48214926322301227,0.2992550790309906,0.08787719259659449,0.0,0.08791793038447698,0.011702068150043488,0.15110308130582173,2.0297351837158204,4.462797611951828,3.866705894470215,0.5231337547302246,0.16726242005825043,0.021962767466902733,0.08698269352316856,0.6792042553424835,0.15114019811153412,1.8058992862701415,0.4265848211944103
272,1889.5982580184937,0.6105924016330391,0.11819315354029337,0.48196036418279015,0.2991728742917379,0.087894273797671,0.0,0.08790000329415003,0.01169755426235497,0.15135579605897267,2.262225564320882,4.460806429386139,3.8622149229049683,0.5286639332771301,0.1671297699213028,0.02206842228770256,0.0870579369366169,0.6793566644191742,0.1513257995247841,2.28718980550766,0.426736269146204
273,1896.5556681156158,0.6082080775348004,0.11809602975845337,0.4782449185848236,0.29858753085136414,0.08684559017419816,0.0,0.08797688086827596,0.011695181935404737,0.15159722169240317,2.102208677927653,4.450417265295982,3.852038621902466,0.5312926769256592,0.16636615246534348,0.022151011042296886,0.08707648515701294,0.6761127412319183,0.15163015574216843,1.9152541875839233,0.4251328557729721
274,1903.4676489830017,0.606079704654015,0.11804044793049494,0.4756390730539958,0.2993975361188253,0.08638426313797633,0.0,0.08766728838284811,0.011688398119683066,0.15190776884555818,1.9429399013519286,4.442939467728138,3.8528486490249634,0.5094073861837387,0.16769356280565262,0.022072582505643368,0.08695024251937866,0.6823094189167023,0.15206461399793625,1.8603654861450196,0.4281049519777298
275,1911.4745118618011,0.6075783387098151,0.11822113891442616,0.4782534122467041,0.29773696064949035,0.08654223730166753,0.0,0.08771663655837376,0.011682725325226784,0.15224164525667827,2.172656281789144,4.44388210773468,3.847812533378601,0.527595728635788,0.16613585501909256,0.022106202319264412,0.08683881908655167,0.6780354678630829,0.1522328406572342,2.401813232898712,0.4258565530180931
276,1918.8096339702606,0.6093359258957207,0.11767418682575226,0.4818645219008128,0.2992814699808756,0.08726913779973984,0.0,0.08770617793003718,0.011696058123682936,0.15244601666927338,2.388909085591634,4.460524410009384,3.860033869743347,0.5353188514709473,0.16641555726528168,0.021878328174352646,0.08646935224533081,0.676543116569519,0.15260666608810425,2.4040844798088075,0.42474091053009033
277,1925.5900948047638,0.6147100927152981,0.11757450848817826,0.49092434644699096,0.2994181493918101,0.08840278287728627,0.0,0.08788960228363672,0.011673338726783793,0.15271316170692445,2.744169902801514,4.45161572098732,3.845675230026245,0.5425126850605011,0.16734207421541214,0.022016816772520542,0.08662555739283562,0.680732011795044,0.15278436243534088,3.137853169441223,0.4269915632903576
278,1932.420522928238,0.6110964119938823,0.1174573337038358,0.4865713139375051,0.2987383286158244,0.08647854675849279,0.0,0.08774492939313253,0.011669741477817297,0.15292567412058514,2.0445697625478108,4.444382973015308,3.8516526222229004,0.5139058977365494,0.16788870096206665,0.022107059136033058,0.08666637539863586,0.6801044344902039,0.15319760143756866,2.065943014621735,0.4267185926437378
279,1939.179188966751,0.6091281026291351,0.11731702089309692,0.4796475132306417,0.2992577652136485,0.08925098975499471,0.0,0.0878426084915797,0.011672224492455523,0.153231880068779,2.3114983717600506,4.44442168623209,3.849931836128235,0.5184956043958664,0.16762102395296097,0.022087067365646362,0.0865132249891758,0.6812848448753357,0.15342029184103012,2.198500692844391,0.42715564742684364
280,1945.9793689250946,0.6062464283333004,0.11724372009436289,0.47550496260325115,0.29883078932762147,0.08799458642800649,0.0,0.08781011203924814,0.011664248475184043,0.15352956751982372,2.1009407599767047,4.435886591672897,3.8377697467803955,0.5225038230419159,0.16843246668577194,0.022028549574315548,0.08641180023550987,0.6826585531234741,0.15370164066553116,2.007562589645386,0.42774107679724693
281,1952.728935956955,0.6090208615118172,0.11676671703656515,0.4833338419596354,0.29915934602419536,0.08684133092562357,0.0,0.08775022874275844,0.011667724791914224,0.1538274735212326,2.3646013577779135,4.437079071998596,3.835655450820923,0.5349025428295135,0.16698617488145828,0.02202986180782318,0.08642357215285301,0.6788512170314789,0.1538660228252411,2.530734622478485,0.42584918066859245
282,1959.4469010829926,0.6073194920589837,0.11691402594248454,0.4767016351222992,0.2991058886051178,0.08871545046567916,0.0,0.08801866918802262,0.011659972447281083,0.15408306221167248,1.9472903688748677,4.422985449433327,3.8333041667938232,0.5127705931663513,0.1666479930281639,0.022040179930627346,0.08627190813422203,0.6801938712596893,0.1543378010392189,2.073789727687836,0.4263688437640667
283,1966.186075925827,0.6084365103956467,0.11667012870311737,0.48325681885083516,0.2995150844256083,0.08690436085065206,0.0,0.08749027450879415,0.011691566122074922,0.15439339180787404,2.1510722517967222,4.435784205794334,3.8345892429351807,0.527978390455246,0.16860288381576538,0.022220883518457413,0.08675165474414825,0.6815812587738037,0.15455374866724014,2.3243669509887694,0.4275422841310501
284,1972.8888001441956,0.6090822932523831,0.1165311520298322,0.48546568155288694,0.29968132575352985,0.08787371913592021,0.0,0.08708273122708003,0.01165231525277098,0.1546592871348063,2.0247030735015867,4.435682401061058,3.8370587825775146,0.5309948921203613,0.16656308621168137,0.022129595279693604,0.08648322150111198,0.6754143834114075,0.15468697994947433,2.1011690735816955,0.4241904132068157
285,1979.6356670856476,0.6062327479827218,0.11645351946353913,0.4798700968424479,0.29878392815589905,0.08617067535718283,0.0,0.08756624062856039,0.011653128390510878,0.15496359566847484,1.8688459634780883,4.4322047382593155,3.829622745513916,0.5350711643695831,0.16752320528030396,0.0218816502019763,0.085886150598526,0.6796875298023224,0.15518252551555634,2.0410948753356934,0.4257299154996872
286,1986.327968120575,0.605650618338647,0.11608537584543228,0.4800695399443308,0.29909392992655437,0.0859049732486407,0.0,0.08746090481678645,0.01164519521407783,0.1551765392223994,2.200055277347565,4.4200306832790375,3.8223286867141724,0.5300251841545105,0.16634470224380493,0.021940222941339016,0.0859137699007988,0.6757771968841553,0.15531429648399353,2.2506748914718626,0.42380236834287643
287,1992.9866440296173,0.6037502690121376,0.11578865895668665,0.47733327349027,0.2994385798772176,0.08514398684104284,0.0,0.08751604159673056,0.011646829219534994,0.15535953640937805,2.0950788338979085,4.408216118812561,3.8202587366104126,0.5080736577510834,0.16696027666330338,0.02189504075795412,0.08575122058391571,0.6785957515239716,0.15552344918251038,2.0496044516563416,0.4250490963459015
288,1999.6195600032806,0.6031120537333966,0.11557857195536296,0.47560978929201764,0.29856281479199726,0.08593500504891077,0.0,0.08757886787255605,0.011647117153430978,0.15570740898450217,2.0145124276479085,4.423054903745651,3.822591185569763,0.5309038460254669,0.1675058975815773,0.021946554072201252,0.08596233278512955,0.6806171834468842,0.15588541328907013,2.14964439868927,0.4262709245085716
289,2006.3065309524536,0.6068698966604037,0.11548562149206797,0.48321303923924763,0.2990141252676646,0.08657307177782059,0.0,0.08742206593354543,0.011637862197433908,0.15595372120539347,2.595179486274719,4.408578969538212,3.8157997131347656,0.5151232331991196,0.1676088199019432,0.022055666893720627,0.0859859250485897,0.6790550649166107,0.15636376291513443,2.7791043281555177,0.42551345750689507
290,2012.9586579799652,0.6088624192149533,0.11548813333113989,0.48789966901143395,0.29988519549369813,0.08519880274931589,0.0,0.08754555433988571,0.01163616602619489,0.15620214939117433,2.5150535742441815,4.396873354911804,3.8075355291366577,0.5125871002674103,0.16652213782072067,0.021956193260848522,0.08583071827888489,0.6755794882774353,0.1566869542002678,2.561978578567505,0.42362046241760254
291,2019.6135799884796,0.6015394737167905,0.11517390310764312,0.47556636929512025,0.2998454829057058,0.08477199375629425,0.0,0.08723257879416148,0.011644541627417009,0.15655550261338552,1.7382317860921224,4.412453457713127,3.819101095199585,0.5268621146678925,0.16496065258979797,0.02212757244706154,0.08588163554668427,0.6754270493984222,0.1568431407213211,1.7771100878715516,0.4235951602458954
292,2026.2717278003693,0.6019614004549415,0.11492584198713303,0.47626768549283344,0.29908700585365294,0.08525507201751073,0.0,0.0873106653491656,0.01162764288795491,0.15684179663658143,1.792720874150594,4.399879962205887,3.807512640953064,0.5213879942893982,0.1658366620540619,0.022070860490202904,0.08577481657266617,0.6762880980968475,0.15717430412769318,1.755553948879242,0.42391886562108994
293,2032.8964800834656,0.6050784201283629,0.11513836185137431,0.48067286213239035,0.29779372016588845,0.08551148325204849,0.0,0.08766216486692428,0.011627820009986559,0.15708903074264527,2.0079930305480955,4.410463266074657,3.8113447427749634,0.5342615395784378,0.16599387675523758,0.021961357444524765,0.08544792607426643,0.6769324243068695,0.15739066153764725,2.1934765934944154,0.4239141382277012
294,2039.6050939559937,0.6028277308039833,0.11470292309919992,0.4790191868940989,0.2989643971125285,0.0848566065231959,0.0,0.08727351774772009,0.011622852475071947,0.15737781822681426,2.1074217637379964,4.402524821460247,3.8050601482391357,0.52482108771801,0.16752706468105316,0.021864229813218117,0.08540184795856476,0.6799989938735962,0.1577177494764328,1.9624710202217102,0.42540134489536285
295,2046.3356380462646,0.6035261001670733,0.11463508357604345,0.4792165716489156,0.2985799789428711,0.08431597451368968,0.0,0.08776221225659052,0.011615525186061858,0.15761848886807758,2.073428718249003,4.388331159949303,3.801422119140625,0.5091926157474518,0.1661563664674759,0.02189493551850319,0.08524909242987633,0.6773996651172638,0.15791306644678116,2.1290090084075928,0.4239489249885082
296,2052.986603975296,0.6011426295076187,0.11435939371585846,0.4764942427476247,0.29812585314114887,0.08496061315139135,0.0,0.08724974542856216,0.011624888967101772,0.15792323251565296,1.9071124156316122,4.396675080060959,3.795637369155884,0.5298603177070618,0.1680537760257721,0.021873644553124905,0.0854220800101757,0.6795053780078888,0.1580880880355835,2.0014801025390625,0.4251747690141201
297,2059.9428160190582,0.6041372179519385,0.11425087253252665,0.4821281890074412,0.29819224079449974,0.08531382729609807,0.0,0.08730228493611018,0.01161034166192015,0.15822998185952505,2.0103342135747275,4.393849730491638,3.798824429512024,0.5220790207386017,0.1669928953051567,0.02190291415899992,0.0852028876543045,0.6784350574016571,0.15838762372732162,2.082989180088043,0.42442041635513306
298,2066.706335067749,0.6002263695156823,0.11419877211252848,0.47322245041529337,0.2975229760011037,0.08634802649418513,0.0,0.08737335056066513,0.01162241525016725,0.15852311352888743,1.6293790658315024,4.384043022990227,3.7900686264038086,0.5218032598495483,0.166536383330822,0.02215950284153223,0.08555304259061813,0.6766408681869507,0.1589384526014328,1.6469451546669007,0.4238734766840935
299,2073.472188949585,0.5989475049078464,0.11393304566542307,0.47281967600186664,0.2979340930779775,0.08452935020128886,0.0,0.0874027078350385,0.011607492590943973,0.15882242719332376,2.054251758257548,4.389999628067017,3.7873401641845703,0.538659006357193,0.1666649803519249,0.022079147398471832,0.08535317331552505,0.6768577098846436,0.15911871194839478,2.153200602531433,0.42378202825784683
300,2080.227051973343,0.6024016799133581,0.11389384965101877,0.48123688499132794,0.29829782247543335,0.08378908783197403,0.0,0.08721147080262502,0.011614137701690197,0.15909418364365896,2.5206197420756022,4.394222542643547,3.7926446199417114,0.5356648564338684,0.16687274724245071,0.021884163841605186,0.08494947105646133,0.6773013174533844,0.15945027768611908,2.411348819732666,0.42360012978315353
301,2087.0044758319855,0.6027732575137634,0.11378659009933471,0.48236321409543353,0.297956915696462,0.0840311179558436,0.0,0.08712626993656158,0.011608483797560135,0.15937483608722686,2.1087782621383666,4.394245132803917,3.7937748432159424,0.5293552875518799,0.1678963229060173,0.02193309646099806,0.0849728025496006,0.680823564529419,0.15975568443536758,2.170666551589966,0.4253845848143101
302,2093.8161749839783,0.5997278428946932,0.11363923152287801,0.4764807959397634,0.2982526202996572,0.08406034807364146,0.0,0.08712658087412516,0.01159740552927057,0.1596861441930135,2.022069485982259,4.3818043023347855,3.7888145446777344,0.5169651806354523,0.16725358366966248,0.022004829719662666,0.08497056737542152,0.6785124242305756,0.1600549891591072,2.1615364074707033,0.4242267794907093
303,2100.6910099983215,0.6019110779491409,0.11353173951307932,0.47914711435635887,0.2978756288687388,0.08495300163825353,0.0,0.08740139106909434,0.011592891563971837,0.1599282224973043,2.221996514002482,4.379409037530422,3.787674903869629,0.5212627500295639,0.16555137932300568,0.02202051877975464,0.08502953872084618,0.6749559938907623,0.16040410846471786,2.318665397167206,0.42250753566622734
304,2107.445028781891,0.5961460764015404,0.11304276436567307,0.4701784193515778,0.2969611585140228,0.08459733625253042,0.0,0.08713776965936025,0.011625180176148811,0.16025862495104473,1.7433294534683228,4.374420613050461,3.780160665512085,0.5185683965682983,0.16748787462711334,0.021715444512665272,0.08476908504962921,0.6793388724327087,0.16065429151058197,1.9196038842201233,0.4244385212659836
305,2114.2695338726044,0.599389491205026,0.1130988175670306,0.4777571419874827,0.29731626709302267,0.08302626709143321,0.0,0.0872127428650856,0.011612406248847644,0.160490287343661,2.334193730354309,4.385766871273518,3.786574363708496,0.5303084999322891,0.16701912879943848,0.022128148935735226,0.08513437956571579,0.6755566298961639,0.16081403195858002,2.6664355516433718,0.42291269451379776
306,2121.0141141414642,0.6025417120680989,0.1129820833603541,0.48352285424868263,0.29821457266807555,0.08295235733191172,0.0,0.08738144983847936,0.011584467844416697,0.1608076165119807,2.110667093594869,4.360764108598232,3.770667552947998,0.5132807046175003,0.16672810167074203,0.02206556126475334,0.08512406796216965,0.6762134730815887,0.1609286591410637,2.035066556930542,0.423230804502964
307,2127.703608751297,0.5965767798479646,0.11298499057690302,0.4727333962917328,0.2967740098635356,0.08301396667957306,0.0,0.08715140074491501,0.011586021616434057,0.16112201611200969,1.7960347890853883,4.361151076853275,3.7660815715789795,0.5262211114168167,0.16597947478294373,0.021973215974867344,0.08482623845338821,0.6761902868747711,0.16128772497177124,1.800364375114441,0.4229213818907738
308,2134.378774166107,0.5978132787859067,0.11259311139583587,0.4765710314114889,0.29702782233556113,0.08287679652372996,0.0,0.08702880342801413,0.011572482157498598,0.16139447589715322,2.154225246111552,4.357117399573326,3.7614920139312744,0.52534019947052,0.16647764295339584,0.021956627257168293,0.08465231209993362,0.6773812770843506,0.16147194057703018,2.1802181243896483,0.4233429506421089
309,2141.129081964493,0.5988656522958384,0.11260202676057815,0.47748416662216187,0.2966288069883982,0.08405763556559881,0.0,0.087045951684316,0.011586256278678774,0.16161393324534098,2.4017358859380087,4.367991089820862,3.761462092399597,0.5361002385616302,0.16923943907022476,0.022051246836781502,0.08485011756420135,0.6826765239238739,0.16194899380207062,2.452446961402893,0.4261883795261383
310,2147.9110050201416,0.5956916238433526,0.11246149291594823,0.471295295159022,0.29766324361165364,0.08356490035851796,0.0,0.0871486653884252,0.011575861057887474,0.16198486387729644,1.8601597944895427,4.381605044007301,3.7695469856262207,0.5518680214881897,0.1680620238184929,0.022101720795035362,0.08470211178064346,0.6797876358032227,0.1624579131603241,1.7788636565208436,0.4245959296822548
311,2154.706207036972,0.5977194587932899,0.11202558428049088,0.47714887460072836,0.29769776662190756,0.08336787521839142,0.0,0.08696403255065283,0.011584394425153733,0.16225792070229847,1.7197828054428101,4.36140239238739,3.7616173028945923,0.5272741615772247,0.16807400435209274,0.02181991934776306,0.08444339409470558,0.6807041764259338,0.16242094337940216,1.6699577450752259,0.4247954823076725
312,2161.5661759376526,0.5973472737862419,0.11243374546368917,0.47547685702641806,0.2963689943154653,0.08401176383097966,0.0,0.08689902822176615,0.01156176656174163,0.16261528929074606,1.9157289703687033,4.358133882284164,3.7577375173568726,0.5336820185184479,0.16677767783403397,0.02190031297504902,0.08422930911183357,0.6752825677394867,0.16293787956237793,1.9405343234539032,0.4218705929815769
313,2168.3596889972687,0.5967580936461067,0.11231860766808192,0.47573066552480064,0.297151788075765,0.08291802704334258,0.0,0.08683124631643295,0.011583137217288215,0.16288981338342032,2.126757780710856,4.349462106823921,3.7528278827667236,0.5176552832126617,0.16890329122543335,0.021766590885818005,0.0842105820775032,0.6817209124565125,0.16309203952550888,2.008814263343811,0.42507103830575943
314,2175.307203769684,0.5963069457851816,0.11208247343699138,0.47579336961110436,0.2964334468046824,0.08150964925686519,0.0,0.08709776550531387,0.011560617790867886,0.16316102345784506,1.8255014896392823,4.347798004746437,3.7518268823623657,0.5189797878265381,0.16824061423540115,0.021963855251669884,0.08425960689783096,0.6815137565135956,0.16344023495912552,1.8602198243141175,0.42501648515462875
315,2182.085829973221,0.5944028211990371,0.11164358705282211,0.471894645690918,0.2963048020998637,0.08285962144533793,0.0,0.08700819412867228,0.011568210273981094,0.16344102919101716,1.9674341042836507,4.356726408004761,3.7585736513137817,0.5242538750171661,0.16801290959119797,0.02208089828491211,0.08460204303264618,0.6780043542385101,0.16389398276805878,1.878188180923462,0.42360422015190125
316,2188.9248378276825,0.5952633213407049,0.11158727059761683,0.4739459753036499,0.2963606099287669,0.0822914977868398,0.0,0.08709407995144526,0.01155393715016544,0.16376616756121318,2.032562001546224,4.342067092657089,3.7494969367980957,0.5186339616775513,0.16662658751010895,0.02206721529364586,0.08460506051778793,0.6754374504089355,0.16378138214349747,1.9190953612327575,0.4223237857222557
317,2195.7920558452606,0.5973878343977655,0.11148475309213003,0.47793875535329183,0.2966011146704356,0.08294083227713903,0.0,0.08703564753135046,0.011545783405502637,0.16405891974767048,2.1776915073394774,4.3474685698747635,3.752099871635437,0.516219437122345,0.168629489839077,0.02187981829047203,0.08400429412722588,0.6827348172664642,0.16420845687389374,2.2114381909370424,0.425371702760458
318,2202.6510758399963,0.5971941336193898,0.11152541587750117,0.4789210637410482,0.2962349692980448,0.08226262927055358,0.0,0.08685939361651739,0.01156389300401012,0.16436176300048827,2.117076524098714,4.3488521203398705,3.7460410594940186,0.5297270566225052,0.16897376626729965,0.021730290725827217,0.08374952152371407,0.6809194982051849,0.16466733068227768,2.269388198852539,0.42420927062630653
319,2209.5724670886993,0.5925368493578086,0.11156660616397858,0.46974253058433535,0.29649460315704346,0.08179756055275599,0.0,0.08690892706314722,0.011552529300873478,0.16466704805692037,1.9208284934361777,4.360983356833458,3.754767417907715,0.5435051023960114,0.1672316938638687,0.021694675087928772,0.08385520055890083,0.6780001223087311,0.1649826169013977,2.0536760807037355,0.4228552617132664
320,2216.5100049972534,0.5984527535658951,0.11118513643741608,0.4812043607234955,0.29617239236831666,0.08272847930590312,0.0,0.0869730959335963,0.011585054515550534,0.16491672098636628,2.336964241663615,4.341099411249161,3.7401880025863647,0.5269380807876587,0.16872118413448334,0.022006308659911156,0.08448461443185806,0.6802278757095337,0.16539021581411362,2.4978036284446716,0.4245985522866249
321,2223.389937877655,0.5955255255316539,0.1110474263628324,0.4776277760664622,0.29555342594782513,0.08152997692426046,0.0,0.08680644085009893,0.011539972200989724,0.16524050732453663,1.956501837571462,4.342943534255028,3.746199131011963,0.5271326303482056,0.16658904403448105,0.021920342929661274,0.08387128636240959,0.6768031716346741,0.1656879559159279,1.9494312524795532,0.42227287217974663
322,2230.4744889736176,0.5947286390214382,0.11100684056679408,0.4749588588873545,0.2961996257305145,0.08226555734872817,0.0,0.08687961796919505,0.011535937385633587,0.16555512249469756,1.831819740931193,4.337761878967285,3.741791605949402,0.5213946998119354,0.1676364615559578,0.021991428919136524,0.08382242545485497,0.6801770925521851,0.16588250547647476,1.8924280643463134,0.4239109717309475
323,2237.4258489608765,0.5956645556764367,0.11059822688500086,0.4754431029160818,0.2963677406311035,0.08376008520523708,0.0,0.0870485340555509,0.011539285692075888,0.16581597030162812,1.8776512543360393,4.340464606881142,3.734947085380554,0.5418403148651123,0.16729868203401566,0.022043868899345398,0.08399674668908119,0.6777064204216003,0.16624470800161362,2.0639625430107116,0.42284995689988136
324,2244.5606920719147,0.5999672235649389,0.11088564197222392,0.4851739048957825,0.2954673071702321,0.08224644710620245,0.0,0.08704769512017568,0.01152857206761837,0.1661381830771764,2.212536017100016,4.35800339281559,3.7458328008651733,0.5479850769042969,0.16908902674913406,0.021908043883740902,0.08359388634562492,0.6830539107322693,0.16652727127075195,2.2617130160331724,0.42512084171175957
325,2251.555307149887,0.5970740278173859,0.11052820334831874,0.4793034315109253,0.2951808929443359,0.08421695778767267,0.0,0.08676910499731699,0.011528835538774729,0.16642946898937225,2.1223576227823893,4.319918736815453,3.72284734249115,0.5150431990623474,0.16977489739656448,0.021839981898665428,0.08339858800172806,0.685685008764267,0.1665663942694664,2.060828077793121,0.42624109238386154
326,2258.540280818939,0.5972425807810698,0.11037678668896357,0.47908419569333394,0.2953970273335775,0.08407795131206512,0.0,0.08700726727644602,0.0115365379024297,0.16674587825934092,2.1255451679229735,4.335900142788887,3.7345021963119507,0.5206734836101532,0.17053060233592987,0.021978620439767838,0.08361028507351875,0.685431569814682,0.16708530485630035,2.3333998203277586,0.42632606998085976
327,2265.3353250026703,0.5902508511790074,0.1102168952425321,0.46826569437980653,0.2951538840929667,0.08117897858222325,0.0,0.08703285257021585,0.011536859239762028,0.16702490150928498,1.9286492745081583,4.326624125242233,3.7321819067001343,0.5202405750751495,0.16716096550226212,0.02172933705151081,0.08332641422748566,0.6757607161998749,0.16748878359794617,1.945709264278412,0.4212067723274231
328,2272.297465801239,0.5928223759168759,0.10996301819880804,0.4739657660325368,0.29587671955426537,0.08169532418251038,0.0,0.08685399889945984,0.01155426069162786,0.16726323664188386,2.2195905367533366,4.329178765416145,3.7241411209106445,0.5316527485847473,0.16960563510656357,0.02199907973408699,0.08380613476037979,0.684175968170166,0.1675359234213829,2.2996082425117494,0.4258941188454628
329,2279.3431849479675,0.5931234128113526,0.10981359779834747,0.4755924642086029,0.29543534517288206,0.08169481654961903,0.0,0.08669785310824712,0.011512899259105324,0.16760997275511424,1.751804733276367,4.338394954800606,3.7331100702285767,0.533896803855896,0.16916824132204056,0.021915691904723644,0.08347149565815926,0.6814674735069275,0.16808169335126877,1.9360261678695678,0.424205232411623
330,2286.3014600276947,0.5934927897430801,0.10983904550472895,0.4755412479241689,0.29468560020128887,0.08223720888296764,0.0,0.08678409258524576,0.01151848902615408,0.16781645715236665,2.0642906665802,4.320658639073372,3.7163138389587402,0.5331369042396545,0.1688881739974022,0.021922278217971325,0.08320407941937447,0.6819974184036255,0.16801229119300842,2.169605553150177,0.4242027886211872
331,2293.2708711624146,0.5945727890512595,0.10959192415078481,0.47778034408887227,0.2952659666538239,0.08213527152935664,0.0,0.08688464711109797,0.01151444842107594,0.16815174917380016,2.1768335739771527,4.321811303496361,3.7215908765792847,0.5218797922134399,0.16964026540517807,0.02185769286006689,0.08317683264613152,0.6820932626724243,0.1684819683432579,2.0944117307662964,0.4242234639823437
332,2300.4982450008392,0.5967343307682313,0.10980651279290517,0.4809200723965963,0.2949598828951518,0.08238986184199651,0.0,0.08702527980009715,0.011508700841416915,0.16856038471062978,2.227959171930949,4.3213681653141975,3.7187705039978027,0.530062273144722,0.1687832623720169,0.021804261952638626,0.08307777345180511,0.6808677017688751,0.16887085139751434,2.215216112136841,0.4235116243362427
333,2307.498214006424,0.5917528626101557,0.10930311679840088,0.4745750347773234,0.2951911906401316,0.08142367700735728,0.0,0.08660242954889934,0.01150941583327949,0.1688435345888138,1.9282849868138632,4.319341316819191,3.7182871103286743,0.5222561955451965,0.1699630543589592,0.021902715787291527,0.08302424475550652,0.6846272647380829,0.16917143017053604,1.9923048138618469,0.42533787712454796
334,2314.345239162445,0.5932923796179239,0.10921183625857035,0.47696348627408347,0.2936564822991689,0.08189921975135803,0.0,0.08677935699621836,0.011498810024932027,0.16910194059213002,1.9281094074249268,4.3010388016700745,3.7069740295410156,0.5098715126514435,0.16956450790166855,0.02186413947492838,0.08298804610967636,0.6829196810722351,0.16932936757802963,1.985366988182068,0.4244478866457939
335,2321.134365081787,0.5927119095887368,0.1089315245548884,0.4776698331038157,0.29462743202845254,0.08069416185220082,0.0,0.08670523762702942,0.011501073216398558,0.169406521320343,2.0729411363601686,4.303482189774513,3.7049208879470825,0.5197874009609222,0.1693338006734848,0.021891393698751926,0.08292137458920479,0.6821811199188232,0.16977760195732117,2.0350258111953736,0.4240119345486164
336,2328.0603358745575,0.591526129321816,0.10898858110109964,0.4740467369556427,0.29402466813723244,0.08113376448551814,0.0,0.0869097501039505,0.011502255437274773,0.16974468131860096,1.9336973190307618,4.302147328853607,3.6975269317626953,0.5312606990337372,0.16949502378702164,0.021834195591509342,0.08299025893211365,0.6827745735645294,0.1701056808233261,1.9642283082008363,0.42437754571437836
337,2334.991875886917,0.5907807511277496,0.10879063407580057,0.47307491302490234,0.29451619187990824,0.08047389090061188,0.0,0.08701933821042379,0.011502743776266774,0.17004280785719553,2.273577849070231,4.307487957179546,3.7012779712677,0.5319663137197495,0.17011341452598572,0.021751991473138332,0.08284104615449905,0.6850939691066742,0.17040510475635529,2.509329104423523,0.42538803070783615
338,2341.9453897476196,0.595728862627099,0.10896909783283869,0.4843090037504832,0.2931891083717346,0.08105472971995671,0.0,0.08651770502328873,0.01149047260793547,0.17041135132312774,2.517711567878723,4.301019683480263,3.6929311752319336,0.5388296544551849,0.16933684051036835,0.021855369210243225,0.08285151794552803,0.6829893589019775,0.1704728826880455,2.6247718572616576,0.4243461973965168
339,2348.844983100891,0.5916823423001916,0.10862258325020473,0.4760251820087433,0.2941120704015096,0.08025792737801869,0.0,0.08689017494519552,0.011511004871378343,0.1706445872783661,1.7669042627016702,4.329938292503357,3.715082049369812,0.5463806092739105,0.17083296924829483,0.021646986715495586,0.08264940977096558,0.6861532032489777,0.17111839354038239,1.5330569565296173,0.4257260113954544
340,2355.7670719623566,0.5904385598609224,0.10852558761835099,0.4743974804878235,0.29326287905375165,0.07996216317017873,0.0,0.08684173921744029,0.01148926632789274,0.17098149955272673,1.9463984568913777,4.311526492238045,3.702835202217102,0.5416085124015808,0.16894351691007614,0.021866056136786938,0.08268174529075623,0.6814786493778229,0.17147094756364822,1.898249590396881,0.42342106997966766
341,2362.6378030776978,0.5913539333695856,0.10838194886843364,0.4762478490670522,0.29317542115847267,0.081052998205026,0.0,0.08664076427618662,0.011483234105010827,0.17125678261121113,2.100928711891174,4.293640054762363,3.693415880203247,0.5233439952135086,0.16927608847618103,0.02184984739869833,0.08257635310292244,0.6840873062610626,0.17150786519050598,1.9978434801101685,0.42462000623345375
342,2369.4799790382385,0.5879243654664605,0.10832773447036743,0.47085493206977846,0.29296470880508424,0.08015210082133611,0.0,0.08653730948766072,0.01148020038381219,0.17158854206403096,1.6386882265408833,4.2966278195381165,3.686394214630127,0.5381143689155579,0.17058821022510529,0.021788700483739376,0.08252003416419029,0.6854903697967529,0.17183425277471542,1.6753327071666717,0.42526521906256676
343,2376.388802051544,0.5882286488000924,0.10801005413134893,0.47183879017829894,0.29287635485331215,0.08050701121489207,0.0,0.08651731361945471,0.011489542340859771,0.17190955777963002,1.826311421394348,4.2914881110191345,3.6925714015960693,0.5159157514572144,0.170479416847229,0.021969372406601906,0.08279455825686455,0.6841877698898315,0.17215918749570847,1.88808673620224,0.4248884432017803
344,2383.282581090927,0.5894102092793522,0.1077830841143926,0.4742049058278402,0.2939907451470693,0.08034402181704839,0.0,0.08661599506934484,0.011477288603782655,0.17213194568951926,1.9959839741388956,4.273651234805584,3.6791305541992188,0.513135239481926,0.1689765304327011,0.021907707676291466,0.08253587782382965,0.6804085969924927,0.17253458499908447,2.053941822052002,0.422740176320076
345,2390.2791669368744,0.5927949607682724,0.10788440555334092,0.47920555075009663,0.29319589734077456,0.08164981404940287,0.0,0.08672071446975073,0.011479052963356178,0.17249077757199605,2.1701316197713214,4.309855915606022,3.6933127641677856,0.5464661866426468,0.17165502905845642,0.02174066286534071,0.08232773095369339,0.6861641108989716,0.17303861677646637,2.4706873893737793,0.42540978640317917
346,2397.144656896591,0.5931153207551688,0.10777348677317301,0.4767107049624125,0.29313605626424155,0.08479681015014648,0.0,0.08677674929300944,0.011473158250252406,0.17278336783250173,1.9607146898905436,4.294932074844837,3.6861953735351562,0.5304780155420303,0.17174884676933289,0.02181838359683752,0.08225708454847336,0.690316766500473,0.1732051596045494,1.8134260416030883,0.42741546779870987
347,2404.14887714386,0.5916686277487315,0.10743050972620646,0.4791365126768748,0.29276728828748066,0.08047900199890137,0.0,0.08671659429868063,0.011469602879757682,0.1731134961048762,1.9335113286972045,4.28937005251646,3.684365391731262,0.5288211554288864,0.1702970415353775,0.02191072516143322,0.08237127214670181,0.6851142048835754,0.17340430617332458,1.953678596019745,0.42492837458848953
348,2411.1260538101196,0.5953910256444942,0.1075148567557335,0.48584516247113546,0.29229767123858136,0.08138499706983567,0.0,0.08665517618258795,0.011473095680897435,0.1734313150246938,2.1119498729705812,4.304132327437401,3.6971555948257446,0.5296399593353271,0.1710783764719963,0.021777896210551262,0.08211332559585571,0.686239093542099,0.17396042495965958,2.3157886266708374,0.4252328723669052
349,2418.233083963394,0.5945542423694861,0.10740151504675548,0.484131262699763,0.29337986509005226,0.08241513421138127,0.0,0.08641073356072108,0.011467217141762376,0.17374359766642253,2.142673897743225,4.2876154109835625,3.6826778650283813,0.5310774594545364,0.16969940811395645,0.021882081404328346,0.08212655410170555,0.6837606132030487,0.17418783158063889,2.275684130191803,0.4240068607032299
350,2425.242082834244,0.5884064340149052,0.10725759367148081,0.4718076189359029,0.2923284729321798,0.0818992167711258,0.0,0.08667128831148148,0.011466683633625508,0.17403629720211028,1.8957799196243286,4.2809242978692055,3.679964542388916,0.5193271487951279,0.17064809054136276,0.02177134994417429,0.08190153911709785,0.6847378313541412,0.17451026290655136,2.026620829105377,0.4242704547941685
351,2432.140012025833,0.5914010147292478,0.10705191840728125,0.4793872555096944,0.2925714691480001,0.08121282110611598,0.0,0.08653675119082133,0.011456038771818082,0.17434228559335072,1.8057731628417968,4.272685304284096,3.6677085161209106,0.5318858325481415,0.1695169359445572,0.021803363226354122,0.08193846419453621,0.6835151314735413,0.17472905665636063,1.8479933619499207,0.42369602993130684
352,2439.015629053116,0.5887002768674089,0.1070551817615827,0.4741475482781728,0.29230981866518657,0.08082961142063141,0.0,0.08660349150498708,0.011457007331773638,0.174687393506368,1.8898152271906534,4.284979395568371,3.6754976511001587,0.5367515534162521,0.17055298388004303,0.0217979047447443,0.0821196548640728,0.6829964816570282,0.17479033023118973,1.844627571105957,0.4236178956925869
353,2445.8912467956543,0.5867101117619313,0.10696077942848206,0.4734157900015513,0.2924524486064911,0.07901126245657603,0.0,0.08628656168778738,0.01144957800085346,0.17499104936917623,2.1195045391718548,4.262343727052212,3.669671058654785,0.5095399469137192,0.1689513474702835,0.021824108436703682,0.08185136318206787,0.6813431680202484,0.1753050610423088,2.2509541273117066,0.4225229471921921
354,2452.7883100509644,0.588553859537933,0.10663175334533055,0.4767021179199219,0.2922776699066162,0.07952429056167602,0.0,0.08643060723940531,0.011466130210707585,0.17522102693716685,2.0396893580754596,4.269855558872223,3.66446590423584,0.519824355840683,0.17273873835802078,0.021812072955071926,0.08193852752447128,0.6894141435623169,0.17558448761701584,2.161349081993103,0.42664559930562973
355,2459.69850897789,0.5860831044924756,0.10659869760274887,0.47143269578615826,0.29173028071721396,0.07972410768270492,0.0,0.08650751461585363,0.011452960936973492,0.17558056811491649,1.8466947078704834,4.287153199315071,3.679064393043518,0.5384632050991058,0.16942860186100006,0.021840432658791542,0.0818733461201191,0.6816693842411041,0.1759200617671013,1.7228013038635255,0.42270803824067116
356,2466.663458108902,0.5908854093557845,0.10656374643246333,0.4808871408303579,0.2911551614602407,0.08041739910840988,0.0,0.0864185631275177,0.011445022669310372,0.17591737310091654,2.2977063496907553,4.267560228705406,3.6616318225860596,0.5291290581226349,0.1706819385290146,0.021823219023644924,0.08176082372665405,0.6853961646556854,0.17623378336429596,2.2736711382865904,0.42445890605449677
357,2473.6142160892487,0.5900422136648558,0.10644724319378535,0.47912445267041526,0.2924529373645782,0.08020418584346771,0.0,0.08648406515518824,0.011448244269316395,0.17620708644390107,2.3173547267913817,4.256317317485809,3.656824469566345,0.5216467082500458,0.1693347468972206,0.021821998991072178,0.08171705901622772,0.681755006313324,0.176522858440876,2.5183829188346865,0.4225945621728897
358,2480.541724920273,0.5869365954538808,0.10629223634799322,0.47409199277559916,0.29146191477775574,0.07939985990524293,0.0,0.08651817093292873,0.011439358939727147,0.17651350994904835,1.8659582694371541,4.271733060479164,3.6708855628967285,0.5223697423934937,0.1698313131928444,0.02179761976003647,0.08155330643057823,0.6836009621620178,0.17689255625009537,1.828123116493225,0.42335378751158714
359,2487.4816188812256,0.592014122583593,0.10601392090320587,0.4844875355561574,0.2918200373649597,0.08000127375125884,0.0,0.08642906347910563,0.011437816778197885,0.1768605689207713,1.8865760882695517,4.273105643689632,3.6684181690216064,0.523700162768364,0.171418696641922,0.021782847121357918,0.0815301463007927,0.6862264573574066,0.17719510942697525,1.88348308801651,0.424643374979496
360,2494.4605917930603,0.5884969471080694,0.10605262666940689,0.47650216420491537,0.29104507168134053,0.08072753101587296,0.0,0.08650482495625814,0.01143542753222088,0.17718489468097687,2.037232534090678,4.25166055560112,3.6544257402420044,0.5234333872795105,0.16775906085968018,0.02179504558444023,0.08151458948850632,0.678839236497879,0.17745907604694366,2.0180095553398134,0.42093420773744583
361,2501.3744139671326,0.5856145397488338,0.10594310959180196,0.47144868572553,0.2911122719446818,0.08007734914620718,0.0,0.08653935392697652,0.011456525869046648,0.17752994696299235,1.8086469809214274,4.265637144446373,3.666438579559326,0.515072375535965,0.17083118855953217,0.021571957506239414,0.08134743943810463,0.6875799000263214,0.17779511958360672,1.813051950931549,0.42513738945126534
362,2508.239846944809,0.5926138078425235,0.10601752599080404,0.4839826027552287,0.2906076669692993,0.08051279832919439,0.0,0.08678688059250514,0.011427074391394853,0.1778650720914205,2.266348361968994,4.258465722203255,3.6581711769104004,0.5173464417457581,0.17081066220998764,0.021660649217665195,0.08121270686388016,0.6855025291442871,0.1781679019331932,2.060519206523895,0.4239639714360237
363,2515.1427941322327,0.5848945537019365,0.10569622367620468,0.4703441838423411,0.2902794420719147,0.07995514472325643,0.0,0.0866532509525617,0.011428162859131893,0.17814724445343016,1.680272368590037,4.259380206465721,3.6547940969467163,0.5229395925998688,0.17155815660953522,0.02175569161772728,0.08119621127843857,0.6856092214584351,0.17851556837558746,1.7073040068149568,0.4240008220076561
364,2522.0525839328766,0.5883891393605154,0.10574618428945541,0.47697258591651914,0.2904130240281423,0.08062944908936819,0.0,0.08654279559850693,0.011433640696729223,0.1785265306631724,1.9537386020024619,4.259857177734375,3.6514099836349487,0.533165693283081,0.17093217372894287,0.02170857135206461,0.08140977472066879,0.6862245798110962,0.1788579449057579,1.9374405026435852,0.4245220646262169
365,2529.0599360466003,0.5863688121627395,0.10556766887505849,0.4759513239065806,0.2904737929503123,0.07887722651163737,0.0,0.08631253043810526,0.011429515015333892,0.17879638572533926,2.2741883595784507,4.24608563631773,3.648935079574585,0.5149637311697006,0.16983434557914734,0.021877381950616837,0.08133091032505035,0.6842288970947266,0.1791512593626976,2.1309095859527587,0.42344535887241364
366,2536.0370919704437,0.5855827190408793,0.10534781714280446,0.47289685606956483,0.2909636398156484,0.07922613223393758,0.0,0.08668146133422852,0.011427466804161669,0.17918728391329447,2.0387767791748046,4.2449804693460464,3.646066188812256,0.5108460187911987,0.1717456355690956,0.02190171554684639,0.08146332204341888,0.6874856054782867,0.17949939519166946,1.9830249309539796,0.42520612478256226
367,2543.31490111351,0.5847995360129669,0.10518911480903625,0.4716627518335978,0.29117855429649353,0.07966534942388534,0.0,0.08655741314093272,0.01142458029401799,0.17943826119105022,1.7452637672424316,4.256586983799934,3.64377760887146,0.5381038784980774,0.17187871783971786,0.02173555549234152,0.08110969886183739,0.6892979145050049,0.17982863634824753,1.8101182222366332,0.42575865611433983
368,2550.241485118866,0.5861378763569519,0.10517064233620961,0.47606068253517153,0.2898999512195587,0.0785844311118126,0.0,0.08646977295478185,0.01143425287057956,0.17973128259181975,2.0687942226727802,4.252247139811516,3.6393845081329346,0.53684201836586,0.17222081124782562,0.021912498399615288,0.08143597468733788,0.6881267428398132,0.18021124601364136,2.230824726819992,0.4254993461072445
369,2557.1749320030212,0.58414297849716,0.10507971644401551,0.46976526578267414,0.289329465230306,0.08026228199402491,0.0,0.08670152326424917,0.011423279531300068,0.18005403776963552,2.0432812690734865,4.253250643610954,3.643429398536682,0.5222686529159546,0.17434345930814743,0.021703314036130905,0.08099734783172607,0.6932634115219116,0.1804310828447342,1.9744449973106384,0.4276290535926819
370,2564.1818990707397,0.58496501132225,0.10470474859078725,0.4730237325032552,0.29126549561818443,0.08003138850132624,0.0,0.08644705315430959,0.011413632333278656,0.1803409844636917,2.209838080406189,4.235061310231686,3.6332186460494995,0.5145243555307388,0.17229024320840836,0.021753421053290367,0.0808999054133892,0.6871396005153656,0.18076474219560623,2.2053264141082765,0.424469705671072
371,2571.132842063904,0.5832023255177774,0.10454413940509161,0.4710712412993113,0.29024420777956644,0.07841563671827316,0.0,0.08658881932497024,0.011417893134057522,0.18069759309291838,1.990342911084493,4.237708888947964,3.631377100944519,0.5165887326002121,0.1740187108516693,0.021864650771021843,0.08115709200501442,0.6901586055755615,0.18103846907615662,1.960003924369812,0.4262363947927952
372,2578.114217042923,0.5867334419997253,0.10457823872566223,0.4770595868428548,0.2906304140885671,0.07832472920417785,0.0,0.0868442972501119,0.011409371408323448,0.18107145229975383,2.281369662284851,4.239524826407433,3.6296557188034058,0.5302324593067169,0.17237643897533417,0.021791324950754642,0.08090970292687416,0.6873314678668976,0.1812301203608513,2.335983943939209,0.42457543686032295
373,2585.1090519428253,0.5885702902742196,0.10464056879281998,0.47814791003863016,0.28982186516125996,0.08148941347996394,0.0,0.08670871208111446,0.011409642966464162,0.1813405493895213,2.291682410240173,4.2451527789235115,3.633859634399414,0.5297388583421707,0.17321185767650604,0.021806041710078716,0.08109431713819504,0.6918271481990814,0.1817166581749916,2.34056578874588,0.42700789123773575
374,2592.1020109653473,0.5831634183356073,0.10428514083226521,0.46914561788241066,0.2902498443921407,0.0801332692305247,0.0,0.08675145804882049,0.011406248714774848,0.1816341131925583,1.8310938517252604,4.235042586922646,3.6265629529953003,0.5295731723308563,0.17184652388095856,0.02176752034574747,0.08063965290784836,0.6862619519233704,0.18212315440177917,1.916543424129486,0.42377062886953354
375,2599.1046109199524,0.5835028642051232,0.10427424311637878,0.471433687210083,0.28940995534261066,0.07910774797201156,0.0,0.08665335178375244,0.011401330943529804,0.18194466133912404,1.9820756514867146,4.240453079342842,3.6322087049484253,0.520052969455719,0.17410894483327866,0.021709824912250042,0.08050981909036636,0.6934724152088165,0.18232247233390808,1.718848967552185,0.4272460266947746
376,2606.042274951935,0.5831433019620211,0.10400926768779754,0.47356004516283673,0.29011658430099485,0.07796788016955057,0.0,0.08632420996824901,0.011399931957324345,0.1822901487350464,2.124905522664388,4.23810800909996,3.627236008644104,0.5317994654178619,0.17248613387346268,0.02175133489072323,0.08060380443930626,0.6878291666507721,0.1825713813304901,2.305658519268036,0.4245183877646923
377,2612.911277770996,0.5827563557094739,0.10417170176903406,0.47221494317054746,0.2896379748980204,0.07708423833052318,0.0,0.08663034985462824,0.011403800655777256,0.1825780153274536,1.9974197705586751,4.2318577617406845,3.6237605810165405,0.5199007093906403,0.17407341301441193,0.021762004122138023,0.08070679381489754,0.69146528840065,0.18285958468914032,2.1114479422569277,0.42643943801522255
378,2619.8667027950287,0.586384401229831,0.1039608950416247,0.4805588980515798,0.28947041034698484,0.07711601207653682,0.0,0.08646483818689982,0.011395596464474996,0.1829118380943934,1.8303908189137776,4.240391008555889,3.6227598190307617,0.5314008444547653,0.17596538364887238,0.021728933788836002,0.08064239844679832,0.69575035572052,0.1832050457596779,1.9055399179458619,0.42851757630705833
379,2626.8039660453796,0.5862845527667863,0.10393269111712773,0.4773538192113241,0.2897225340207418,0.07972686886787414,0.0,0.08656485428412755,0.011397015256807207,0.1831970473130544,2.159833780924479,4.239974178373814,3.6293236017227173,0.526634618639946,0.17366663366556168,0.021711565554142,0.08050147816538811,0.6890100240707397,0.18357735872268677,2.093623638153076,0.425006490200758
380,2633.763283967972,0.5815190855064429,0.1038713072737058,0.47080565492312115,0.2888662616411845,0.07858293503522873,0.0,0.08617916703224182,0.011390118192260464,0.18347086509068808,1.8901679277420045,4.2381313145160675,3.626141905784607,0.5295544862747192,0.17360608279705048,0.021690020337700844,0.08030173555016518,0.6895595788955688,0.18384847044944763,2.0202065229415895,0.4250815249979496
381,2640.730793952942,0.5846632837162663,0.10410892764727274,0.47555460333824157,0.288753471771876,0.07832304189602533,0.0,0.08651185780763626,0.011443143555273613,0.1837513009707133,1.9969810406366983,4.232064798474312,3.6241698265075684,0.5146098732948303,0.17529501765966415,0.02146912459284067,0.08093654364347458,0.6947551071643829,0.18411795794963837,1.9824759125709535,0.42831409722566605
382,2647.7054278850555,0.5808071646315511,0.10374201983213424,0.46995693842569985,0.2893183509508769,0.07753817737102509,0.0,0.08633900582790374,0.011384945906077823,0.18404790659745535,1.523038673400879,4.220521539449692,3.610937476158142,0.5233103930950165,0.17396443337202072,0.02177508920431137,0.08035967871546745,0.6907155811786652,0.1843326836824417,1.5037111520767212,0.42571746930480003
383,2654.600991010666,0.5839575047759961,0.1034597431619962,0.4776813268661499,0.2888635754585266,0.07717428704102834,0.0,0.08623803456624349,0.011383543179060021,0.18441319465637207,2.1444082975387575,4.233683809638023,3.620336174964905,0.5229734778404236,0.1759304478764534,0.021806884557008743,0.08042651414871216,0.695977121591568,0.18477847427129745,2.0918041706085204,0.42841507494449615
384,2661.8010020256042,0.5837249209561075,0.10321553101142247,0.47686371008555095,0.29038233558336896,0.07804869512716929,0.0,0.08615360409021378,0.011384976841509343,0.18466666738192242,1.9651829719543457,4.219139382243156,3.6101280450820923,0.5195888876914978,0.17460844665765762,0.021801910363137722,0.08033300936222076,0.69382244348526,0.18515606969594955,1.7869032382965089,0.42724423110485077
385,2668.7426478862762,0.578362683581266,0.10308343122402827,0.4671418905258179,0.28928438425064085,0.07777745425701141,0.0,0.0860918680826823,0.011382686129460732,0.18498459060986835,1.6798548062642416,4.219392761588097,3.604983925819397,0.5270492434501648,0.17544210702180862,0.021877904422581196,0.08030811324715614,0.6943110823631287,0.1853923723101616,1.7637168765068054,0.4274636544287205
386,2675.6134259700775,0.5795922418357804,0.10288471678892772,0.46955326000849407,0.28921496073404945,0.07893213629722595,0.0,0.08591829190651576,0.011378334012503426,0.1853026807308197,1.9609361092249553,4.229437932372093,3.615114450454712,0.5231322050094604,0.17637868970632553,0.021816298365592957,0.08020529896020889,0.6956956386566162,0.18567389249801636,1.730899202823639,0.428053118288517
387,2682.593204021454,0.5819926217702839,0.10300441483656565,0.4754326522350311,0.2886994103590647,0.07765161047379175,0.0,0.08593479494253795,0.01137696032722791,0.18557937343915304,1.9349350929260254,4.220484673976898,3.60625958442688,0.5272476673126221,0.17530062794685364,0.021760343573987484,0.07996342703700066,0.6940816342830658,0.18611060082912445,1.8117160677909852,0.42700424417853355
388,2689.5258259773254,0.581749697169289,0.10278794318437576,0.47427610754966737,0.28935712774594624,0.07800857027371724,0.0,0.08608870307604471,0.011375305367012818,0.1859250764052073,1.9452614068984986,4.222003102302551,3.6042816638946533,0.5252587795257568,0.17754602432250977,0.021807312034070492,0.08005572855472565,0.6972041130065918,0.18637578934431076,2.2085232377052306,0.42865778505802155
389,2696.5205578804016,0.5788025357644073,0.10263508905967077,0.4690390686194102,0.28885268568992617,0.07710188974936803,0.0,0.08625309069951376,0.011370101074377695,0.18624191681543986,1.9384438276290894,4.2126700058579445,3.603613018989563,0.5157485753297806,0.1755913496017456,0.021733496338129044,0.07985597848892212,0.6931994557380676,0.1866825371980667,1.8062917232513427,0.42645570635795593
390,2703.459610939026,0.581261231241903,0.10242624680201212,0.47391886711120607,0.2890574336051941,0.07758918156226476,0.0,0.08623490234216054,0.011369385042538245,0.18657888372739156,1.8351622025171916,4.215675495564938,3.6045522689819336,0.5149628072977066,0.17682091146707535,0.02176670078188181,0.07984887436032295,0.6962953805923462,0.18698404729366302,1.9146984457969665,0.42799656465649605
391,2710.4226830005646,0.5794428097433411,0.10254055857658387,0.4709573705991109,0.2880189855893453,0.07747404376665751,0.0,0.08608949333429336,0.011371067259460688,0.18693196674187978,1.8705212354660035,4.208158917725086,3.6004284620285034,0.5117944031953812,0.1759166270494461,0.021647436544299126,0.07981681451201439,0.6952906548976898,0.18728120625019073,1.8385663866996764,0.4274621419608593
392,2717.3558559417725,0.5767411798219352,0.1023246631026268,0.4671291251977285,0.2886473913987478,0.07641508628924688,0.0,0.08603677948315938,0.011374108757202824,0.1871789813041687,1.7656646410624186,4.207194663584232,3.5970834493637085,0.5173340886831284,0.17572208493947983,0.02175759617239237,0.07976486533880234,0.6936433911323547,0.1874987781047821,1.6700952172279357,0.4265865609049797
393,2724.3479039669037,0.5782395297234567,0.10227655818065008,0.4703719953695933,0.28796678185462954,0.07663101653258006,0.0,0.08597960223754247,0.011370568272347252,0.18749886155128478,2.046047059694926,4.2136388421058655,3.595455288887024,0.5308995842933655,0.1763668805360794,0.0216837115585804,0.07973969727754593,0.6960014700889587,0.1879347413778305,2.1779685854911803,0.4277404323220253
394,2731.297950029373,0.5806342289065166,0.10225303123394648,0.47499818801879884,0.289579043785731,0.0768521249294281,0.0,0.08589587161938349,0.011375966543952624,0.18783821562925976,1.8228403568267821,4.2018232718110085,3.5931084156036377,0.5128729194402695,0.176139198243618,0.02160647977143526,0.07976636663079262,0.6963657736778259,0.18810076266527176,1.816040861606598,0.4279492534697056
395,2738.187183856964,0.5793600717249016,0.10202603191137313,0.47285003860791525,0.28789528807004294,0.0776328444480896,0.0,0.08579954703648886,0.01135979644022882,0.18813351690769195,1.8540332953135172,4.212309435009956,3.587947964668274,0.5390469133853912,0.1774190068244934,0.021746091544628143,0.07970602810382843,0.696347177028656,0.18859363347291946,1.90331072807312,0.42787961661815643
396,2745.1006309986115,0.5792966802914937,0.10174220005671183,0.4747476200262705,0.2888628760973612,0.07640435372789701,0.0,0.08569437464078268,0.01135640627083679,0.18846674263477325,2.019697666168213,4.200909316539764,3.5849525928497314,0.5220913290977478,0.17745552957057953,0.021735484711825848,0.0795484110713005,0.6970909535884857,0.1888820081949234,1.880117416381836,0.42809388786554337
397,2751.9968111515045,0.5762349564310474,0.10154390682776769,0.46855629086494444,0.2881003558635712,0.07698015620311101,0.0,0.08570434351762136,0.01136063045511643,0.1887347012758255,2.0065272569656374,4.202747218310833,3.589737892150879,0.5226878970861435,0.17583268880844116,0.021805995143949986,0.07978640496730804,0.6944287121295929,0.18912423402071,1.9198985695838928,0.4270007610321045
398,2758.945368051529,0.5770184475307664,0.10162129799524942,0.47119678258895875,0.2883234937985738,0.07635951340198517,0.0,0.08554100841283799,0.011364213361715277,0.18904193838437397,2.0028112808863323,4.194128185510635,3.5799204111099243,0.5190567076206207,0.17733971029520035,0.021830810233950615,0.07987633347511292,0.6963750422000885,0.18954700231552124,1.9632035493850708,0.42806385457515717
399,2765.9150869846344,0.575932884720775,0.1014326145251592,0.46957846482594806,0.2887206772963206,0.07576682567596435,0.0,0.08562615613142649,0.01135495255390803,0.18937928676605226,2.003821547826131,4.209901034832001,3.5870240926742554,0.5374527275562286,0.17707528918981552,0.02168368548154831,0.0795229859650135,0.6988572180271149,0.18982119858264923,1.9916725039482117,0.42895159497857094
400,2772.8757269382477,0.5786192351835779,0.1016504834095637,0.47289077043533323,0.2877989788850149,0.07701679468154907,0.0,0.08576610237360001,0.01135246188690265,0.1897276480992635,1.7234286864598591,4.185448333621025,3.5737767219543457,0.513148158788681,0.17754876613616943,0.02173828613013029,0.07930691167712212,0.6993622183799744,0.1901383474469185,1.7536476492881774,0.4289880208671093
401,2779.7602088451385,0.5771895284570443,0.101222695906957,0.4710048735141754,0.28638070821762085,0.07723454932371775,0.0,0.0857528845469157,0.011355171088750164,0.18999435901641845,1.92327778339386,4.199026308953762,3.5796315670013428,0.5286993533372879,0.17752253264188766,0.021580546163022518,0.07920483127236366,0.6990289688110352,0.19050391763448715,1.9867920637130738,0.42871931567788124
402,2786.9437477588654,0.572831538063474,0.10110282152891159,0.46565574606259663,0.286666202545166,0.07540176808834076,0.0,0.08541490485270818,0.011356868113701542,0.1903001308441162,2.0980051557223,4.200147569179535,3.5755550861358643,0.5313643217086792,0.17945516109466553,0.021772761829197407,0.07941900193691254,0.702750563621521,0.1910124272108078,2.33210546374321,0.43079428374767303
403,2794.027293920517,0.5736962334446919,0.10108268509308498,0.4661120076974233,0.2871730069319407,0.07593582272529602,0.0,0.08558497975269953,0.011349138477817178,0.19061632057030994,1.9918132543563842,4.18511226773262,3.5694457292556763,0.5213388204574585,0.17749856412410736,0.021650315262377262,0.07905716076493263,0.6975812017917633,0.19101056456565857,2.178884434700012,0.4278477616608143
404,2801.107209920883,0.5773980331471346,0.10081651012102763,0.4725565751393636,0.2873710870742798,0.07720600614945093,0.0,0.08563091307878494,0.011341983266174794,0.19092583656311035,2.399745305379232,4.192111164331436,3.5704654455184937,0.5269582569599152,0.17908329516649246,0.021713045425713062,0.07911640778183937,0.7024222314357758,0.19139689207077026,2.4882746577262878,0.43032752349972725
405,2808.1267850399017,0.5761024376513281,0.10059755245844523,0.4707809845606486,0.28741669058799746,0.07706665446360907,0.0,0.08556929379701614,0.01133874390895168,0.19121375878651936,2.048730738957723,4.1805248111486435,3.566482663154602,0.5157870352268219,0.17807431519031525,0.021715104579925537,0.07905010879039764,0.6991534233093262,0.19175943732261658,2.3075843691825866,0.42862682044506073
406,2815.129446029663,0.5800407562598896,0.10055527339378993,0.4792962650458018,0.2887999713420868,0.07651174614826838,0.0,0.08549972176551819,0.011346931771064798,0.19157063762346904,2.066803769270579,4.183771528303623,3.5678879022598267,0.523950383067131,0.1769542172551155,0.021589783020317554,0.07923321053385735,0.6969695687294006,0.1918274536728859,1.6297227084636687,0.42771799489855766
407,2822.0492639541626,0.5769126567329901,0.10060332715511322,0.4736985504627228,0.28685102860132855,0.07638939519723256,0.0,0.0854398434360822,0.011337136104702949,0.1918737510840098,2.075077430407206,4.192284047603607,3.5695489645004272,0.5265524983406067,0.1797294169664383,0.021549121476709843,0.07880296185612679,0.70338574051857,0.1923878714442253,2.0980385065078737,0.43049583211541176
408,2828.975490093231,0.5742466623429209,0.10029959479967752,0.46969921986262003,0.286158150434494,0.07545045912265777,0.0,0.08552837918202082,0.011330991409098108,0.1921653111775716,2.058596134185791,4.173530101776123,3.558223009109497,0.5247061252593994,0.17647701501846313,0.021673399955034256,0.07891381159424782,0.6953006982803345,0.19268368929624557,2.0399400115013124,0.42656416073441505
409,2835.826730966568,0.5767711960419547,0.10027386049429575,0.4753815054893494,0.28712402979532875,0.07597225656112035,0.0,0.08520404547452927,0.011333050004517039,0.19247308770815533,2.2574976682662964,4.183965772390366,3.5594005584716797,0.5324337780475616,0.17917416244745255,0.021663393825292587,0.07875212654471397,0.7019105553627014,0.1930113583803177,2.0499332666397097,0.4297074042260647
410,2842.8159980773926,0.5726703077399482,0.10012069592873256,0.46672268509864806,0.28591821193695066,0.0762423537671566,0.0,0.08538726270198822,0.011338332792123158,0.19281510512034097,1.8833045879999797,4.178552635014057,3.5547560453414917,0.5262375921010971,0.18033889681100845,0.02177714742720127,0.07894577831029892,0.7027503252029419,0.1933165341615677,1.9813080430030823,0.43032094091176987
411,2849.778477191925,0.5729727644027055,0.09992316613594691,0.4699214696884155,0.2860306998093923,0.07497639457384746,0.0,0.08514907906452815,0.011329576435188452,0.193136395017306,1.874865758419037,4.179022386670113,3.556970238685608,0.5283957719802856,0.17892713099718094,0.021688994951546192,0.07884738221764565,0.7024932205677032,0.19361089169979095,1.8809674680233002,0.43009399250149727
412,2856.811117172241,0.5776093565199214,0.0998324692249298,0.4789319376150767,0.28718513051668804,0.07546231299638748,0.0,0.08508114218711853,0.011326407082378864,0.19342149396737415,2.0922337690989177,4.172632724046707,3.5567867755889893,0.522202879190445,0.1773722544312477,0.021690947003662586,0.07876350358128548,0.697409451007843,0.19411754608154297,2.024219977855682,0.427468229085207
413,2863.7715978622437,0.5750121393958882,0.09990680317083994,0.4728499849637349,0.28656112949053447,0.07638168608148893,0.0,0.0850664272904396,0.011336875148117542,0.1937482645114263,1.9305658260981242,4.186658263206482,3.5588821172714233,0.5354281365871429,0.18003103882074356,0.02172233536839485,0.07894976064562798,0.7024852931499481,0.19427449256181717,2.025081515312195,0.43019240722060204
414,2870.7308180332184,0.5775815454253461,0.09996069173018138,0.4782478491465251,0.2851261576016744,0.07646573881308237,0.0,0.08502631584803264,0.011325403287385901,0.19404904544353485,1.7604545911153158,4.1742836236953735,3.5513745546340942,0.5329332053661346,0.178221233189106,0.02177345659583807,0.078653983771801,0.698395848274231,0.1945415362715721,1.911032223701477,0.4278519079089165
415,2877.7609910964966,0.5773224550221736,0.09960119525591532,0.47691014607747395,0.2873922487099965,0.07661052892605463,0.0,0.08526110897461574,0.01132982784571747,0.19435389439264933,1.9263969262440999,4.171077013015747,3.5537943840026855,0.5274215936660767,0.1767859160900116,0.0216651214286685,0.07850171998143196,0.6965236961841583,0.1949397176504135,1.6442691206932067,0.4267635680735111
416,2884.7234659194946,0.5731035608254994,0.0996391495068868,0.470230092604955,0.2860230882962545,0.0761323889096578,0.0,0.08499102691809336,0.011325397373487553,0.1946876625219981,1.7544991970062256,4.158019408583641,3.5443379878997803,0.5088732540607452,0.17962239682674408,0.021750892512500286,0.07892489060759544,0.7035761773586273,0.19525478035211563,1.7467216849327087,0.4307129792869091
417,2891.664943933487,0.5741672070561132,0.09929563303788504,0.474308176835378,0.2869982083638509,0.07499042451381684,0.0,0.08491221417983373,0.01132014145453771,0.19503016670544943,1.697409741083781,4.178730182349682,3.5485432147979736,0.5374531298875809,0.1807302013039589,0.02165640238672495,0.07843894138932228,0.705950528383255,0.19561663269996643,1.815763258934021,0.4314142055809498
418,2898.5645649433136,0.5745507882461728,0.09949070711930592,0.4731283287207286,0.2859104752540588,0.07599327166875204,0.0,0.08510516037543615,0.011319422566642364,0.195286891857783,1.7431561867396037,4.175487324595451,3.55604887008667,0.516465812921524,0.1806027740240097,0.02168534230440855,0.07866325974464417,0.7040709257125854,0.19589681178331375,1.9931312561035157,0.4306987226009369
419,2906.256330013275,0.5753691446967423,0.09911757608254751,0.47625919381777443,0.2861612399419149,0.07619478702545165,0.0,0.08485579291979471,0.011312492409100134,0.19564035336176555,2.0065870841344196,4.15809765458107,3.5388851165771484,0.5186751484870911,0.179937481880188,0.021659922786056995,0.07867494970560074,0.7006822228431702,0.19609782099723816,2.075052726268768,0.4290160611271858
420,2913.6419320106506,0.5728611913567875,0.09916559010744094,0.4718946397304535,0.2853278676668803,0.07504847496747971,0.0,0.0849972998102506,0.011311038583517074,0.1959185649951299,1.876409633954366,4.157291509211063,3.5357635021209717,0.5256528705358505,0.17935078591108322,0.02163912169635296,0.07830022275447845,0.7002156376838684,0.1965196579694748,2.0984454989433288,0.42840804159641266
