epoch,elapsed_time,total_loss,l_pred,l_probe,l_coord,spike_rate,grad_norm,p_auto,val_total_loss,val_l_pred,val_l_probe,val_l_coord,val_pos_err,val_vel_err,val_spike_rate,grad_norm_recent,total_loss_rate_run,total_loss_rel_imp_run,val_total_loss_rate_run,val_total_loss_rel_imp_run,l_pred_rate_run,l_pred_rel_imp_run,val_l_pred_rate_run,val_l_pred_rel_imp_run,val_pos_err_rate_run,val_pos_err_rel_imp_run,val_vel_err_rate_run,val_vel_err_rel_imp_run,l_coord_rate_run,l_coord_rel_imp_run,val_l_coord_rate_run,val_l_coord_rel_imp_run,spike_rate_rate_run,spike_rate_rel_imp_run,val_spike_rate_rate_run,val_spike_rate_rel_imp_run,grad_norm_rate_run,grad_norm_rel_imp_run,total_loss_rate_50,total_loss_rel_imp_50,val_total_loss_rate_50,val_total_loss_rel_imp_50,l_pred_rate_50,l_pred_rel_imp_50,val_l_pred_rate_50,val_l_pred_rel_imp_50,val_pos_err_rate_50,val_pos_err_rel_imp_50,val_vel_err_rate_50,val_vel_err_rel_imp_50,l_coord_rate_50,l_coord_rel_imp_50,val_l_coord_rate_50,val_l_coord_rel_imp_50,spike_rate_rate_50,spike_rate_rel_imp_50,val_spike_rate_rate_50,val_spike_rate_rel_imp_50,grad_norm_rate_50,grad_norm_rel_imp_50,total_loss_rate_10,total_loss_rel_imp_10,val_total_loss_rate_10,val_total_loss_rel_imp_10,l_pred_rate_10,l_pred_rel_imp_10,val_l_pred_rate_10,val_l_pred_rel_imp_10,val_pos_err_rate_10,val_pos_err_rel_imp_10,val_vel_err_rate_10,val_vel_err_rel_imp_10,l_coord_rate_10,l_coord_rel_imp_10,val_l_coord_rate_10,val_l_coord_rel_imp_10,spike_rate_rate_10,spike_rate_rel_imp_10,val_spike_rate_rate_10,val_spike_rate_rel_imp_10,grad_norm_rate_10,grad_norm_rel_imp_10
1,8.549633026123047,5.384356979529063,4.275012509028117,0.554672235250473,0.22845670382181804,0.32668424646059674,3.954036154680207,0.0,4.601795315742493,3.7217020988464355,0.44004660844802856,0.23068571090698242,0.6532095968723297,1.024129033088684,0.32458867132663727,3.805083171054336,0.0,0.0,0.0,0.0,0.0,0.0,0.0,0.0,0.0,0.0,0.0,0.0,0.0,0.0,0.0,0.0,0.0,0.0,0.0,0.0,0.0,0.0,0.0,0.0,0.0,0.0,0.0,0.0,0.0,0.0,0.0,0.0,0.0,0.0,0.0,0.0,0.0,0.0,0.0,0.0,0.0,0.0,0.0,0.0,0.0,0.0,0.0,0.0,0.0,0.0,0.0,0.0,0.0,0.0,0.0,0.0,0.0,0.0,0.0,0.0,0.0,0.0,0.0,0.0,0.0,0.0
2,16.750614166259766,4.2609954635302225,3.5438610394795735,0.3585672120253245,0.20372955997784933,0.329574978351593,3.8353512982091544,0.0,4.010597497224808,3.3703447580337524,0.32012636959552765,0.19856375455856323,0.5845102369785309,0.8451679944992065,0.3329106271266937,3.8689126881847296,0.0,0.0,0.0,0.0,0.0,0.0,0.0,0.0,0.0,0.0,0.0,0.0,0.0,0.0,0.0,0.0,0.0,0.0,0.0,0.0,0.0,0.0,0.0,0.0,0.0,0.0,0.0,0.0,0.0,0.0,0.0,0.0,0.0,0.0,0.0,0.0,0.0,0.0,0.0,0.0,0.0,0.0,0.0,0.0,0.0,0.0,0.0,0.0,0.0,0.0,0.0,0.0,0.0,0.0,0.0,0.0,0.0,0.0,0.0,0.0,0.0,0.0,0.0,0.0,0.0,0.0
3,24.561807870864868,3.744330432017644,3.2074629783630373,0.26843372682730354,0.17089467147986095,0.33641221721967063,3.817886115117207,0.0,3.568178728222847,3.0353816747665405,0.26639852672815323,0.1688058227300644,0.48494482040405273,0.8043344020843506,0.34039144217967987,3.7116106344033435,-1.6400265475114186,30.459097599707473,-1.0336165875196457,22.461159538836924,-1.0675495306650795,24.97184577613731,-0.686320424079895,18.441036005880864,-0.16826477646827698,25.75969141818418,-0.2197946310043335,21.46161508003069,-0.05756203234195709,25.196035563417684,-0.06187988817691803,26.824326454216042,0.00972797075907389,-2.9777899805300945,0.015802770853042603,-4.868552802060086,-0.1361500395630002,3.443318023327778,-1.6400265475114186,30.459097599707473,-1.0336165875196457,22.461159538836924,-1.0675495306650795,24.97184577613731,-0.686320424079895,18.441036005880864,-0.16826477646827698,25.75969141818418,-0.2197946310043335,21.46161508003069,-0.05756203234195709,25.196035563417684,-0.06187988817691803,26.824326454216042,0.00972797075907389,-2.9777899805300945,0.015802770853042603,-4.868552802060086,-0.1361500395630002,3.443318023327778,-1.6400265475114186,30.459097599707473,-1.0336165875196457,22.461159538836924,-1.0675495306650795,24.97184577613731,-0.686320424079895,18.441036005880864,-0.16826477646827698,25.75969141818418,-0.2197946310043335,21.46161508003069,-0.05756203234195709,25.196035563417684,-0.06187988817691803,26.824326454216042,0.00972797075907389,-2.9777899805300945,0.015802770853042603,-4.868552802060086,-0.1361500395630002,3.443318023327778
4,32.08243107795715,3.3785676856835685,2.923039611180623,0.22776403725147248,0.1467238634824753,0.3459304511547089,3.3387911762189475,0.0,3.283189758658409,2.824671983718872,0.22925888746976852,0.14883211255073547,0.3783518373966217,0.7728237807750702,0.35299037396907806,3.1481489465475994,-1.002894646922747,37.25216031313229,-0.6593027785420418,28.654154881100542,-0.6759864489237468,31.62500448811205,-0.44851505756378174,24.102684505715903,-0.137428879737854,42.07803449180327,-0.12565262615680695,24.538436485459172,-0.040866420169671375,35.776074403616214,-0.040926799178123474,35.482734511134126,0.009623102347056073,-5.891378265904089,0.014200851321220398,-8.750059737562387,-0.30762248923062985,15.559922934266119,-1.002894646922747,37.25216031313229,-0.6593027785420418,28.654154881100542,-0.6759864489237468,31.62500448811205,-0.44851505756378174,24.102684505715903,-0.137428879737854,42.07803449180327,-0.12565262615680695,24.538436485459172,-0.040866420169671375,35.776074403616214,-0.040926799178123474,35.482734511134126,0.009623102347056073,-5.891378265904089,0.014200851321220398,-8.750059737562387,-0.30762248923062985,15.559922934266119,-1.002894646922747,37.25216031313229,-0.6593027785420418,28.654154881100542,-0.6759864489237468,31.62500448811205,-0.44851505756378174,24.102684505715903,-0.137428879737854,42.07803449180327,-0.12565262615680695,24.538436485459172,-0.040866420169671375,35.776074403616214,-0.040926799178123474,35.482734511134126,0.009623102347056073,-5.891378265904089,0.014200851321220398,-8.750059737562387,-0.30762248923062985,15.559922934266119
5,39.72837591171265,3.15548930366834,2.755128272374471,0.2001805156469345,0.12879865964253742,0.36173990766207376,3.0004392058223246,0.0,3.0493819415569305,2.6353495121002197,0.2070162147283554,0.1324569433927536,0.2716047018766403,0.7672593593597412,0.37548503279685974,2.998920032398934,-0.7429558919535743,41.39524337510899,-0.5174711247285207,33.7349505501655,-0.5066280788845486,35.55274361054857,-0.3621175289154053,29.18967069080939,-0.1272016316652298,58.41997680727191,-0.08562322457631429,25.081768549637374,-0.033219348059760206,43.62228926186717,-0.03274292250474294,42.58121022235176,0.011685220400492339,-10.730747374959595,0.01696545382340749,-15.680264274844296,-0.3178656496192942,24.117051831434434,-0.7429558919535743,41.39524337510899,-0.5174711247285207,33.7349505501655,-0.5066280788845486,35.55274361054857,-0.3621175289154053,29.18967069080939,-0.1272016316652298,58.41997680727191,-0.08562322457631429,25.081768549637374,-0.033219348059760206,43.62228926186717,-0.03274292250474294,42.58121022235176,0.011685220400492339,-10.730747374959595,0.01696545382340749,-15.680264274844296,-0.3178656496192942,24.117051831434434,-0.7429558919535743,41.39524337510899,-0.5174711247285207,33.7349505501655,-0.5066280788845486,35.55274361054857,-0.3621175289154053,29.18967069080939,-0.1272016316652298,58.41997680727191,-0.08562322457631429,25.081768549637374,-0.033219348059760206,43.62228926186717,-0.03274292250474294,42.58121022235176,0.011685220400492339,-10.730747374959595,0.01696545382340749,-15.680264274844296,-0.3178656496192942,24.117051831434434
6,47.49554491043091,2.933988364537557,2.548276090621948,0.19285613695780437,0.11450553387403488,0.38839453061421714,3.0596300391198876,0.0,2.9406606405973434,2.5299270153045654,0.205366812646389,0.11995777487754822,0.2262028530240059,0.77256640791893,0.40597957372665405,3.166241519878396,-0.6125921537478765,45.509029663293695,-0.4152836687862873,36.097535009053914,-0.43168410460154216,40.391376978654165,-0.29794377088546753,32.02231269158454,-0.10675168596208096,65.37055577457822,-0.06289065629243851,24.563567386724994,-0.02848779248694579,49.878671994085124,-0.02768198400735855,47.9994775550195,0.0154275710384051,-18.88988673993609,0.020347725600004196,-25.07509028807484,-0.2236015288900799,22.620079346053853,-0.6125921537478765,45.509029663293695,-0.4152836687862873,36.097535009053914,-0.43168410460154216,40.391376978654165,-0.29794377088546753,32.02231269158454,-0.10675168596208096,65.37055577457822,-0.06289065629243851,24.563567386724994,-0.02848779248694579,49.878671994085124,-0.02768198400735855,47.9994775550195,0.0154275710384051,-18.88988673993609,0.020347725600004196,-25.07509028807484,-0.2236015288900799,22.620079346053853,-0.6125921537478765,45.509029663293695,-0.4152836687862873,36.097535009053914,-0.43168410460154216,40.391376978654165,-0.29794377088546753,32.02231269158454,-0.10675168596208096,65.37055577457822,-0.06289065629243851,24.563567386724994,-0.02848779248694579,49.878671994085124,-0.02768198400735855,47.9994775550195,0.0154275710384051,-18.88988673993609,0.020347725600004196,-25.07509028807484,-0.2236015288900799,22.620079346053853
7,55.54289484024048,2.9039076109727224,2.4903369108835856,0.20678535004456838,0.10375645011663437,0.43753363490104674,3.4622284166989,0.0,2.678559362888336,2.2341355085372925,0.22221192717552185,0.11164942756295204,0.21147960424423218,0.8112036287784576,0.4690974950790405,3.5042250470046197,-0.49608987371126806,46.067699039770766,-0.3846471905708313,41.79316594710048,-0.35693511962890623,41.7466754629511,-0.2975133180618286,39.970060762526465,-0.0883459985256195,67.62454114929882,-0.04258508086204529,20.790876679675993,-0.024940050741036734,54.58375771824235,-0.023807256668806075,51.60106487567773,0.02216987768809,-33.931660201380474,0.028901764750480653,-44.52059992167206,-0.09836154759626145,12.4381193985588,-0.49608987371126806,46.067699039770766,-0.3846471905708313,41.79316594710048,-0.35693511962890623,41.7466754629511,-0.2975133180618286,39.970060762526465,-0.0883459985256195,67.62454114929882,-0.04258508086204529,20.790876679675993,-0.024940050741036734,54.58375771824235,-0.023807256668806075,51.60106487567773,0.02216987768809,-33.931660201380474,0.028901764750480653,-44.52059992167206,-0.09836154759626145,12.4381193985588,-0.49608987371126806,46.067699039770766,-0.3846471905708313,41.79316594710048,-0.35693511962890623,41.7466754629511,-0.2975133180618286,39.970060762526465,-0.0883459985256195,67.62454114929882,-0.04258508086204529,20.790876679675993,-0.024940050741036734,54.58375771824235,-0.023807256668806075,51.60106487567773,0.02216987768809,-33.931660201380474,0.028901764750480653,-44.52059992167206,-0.09836154759626145,12.4381193985588
8,63.50001502037048,2.3686201016108197,1.888370188077291,0.24012495676676432,0.09768777092297871,0.4804230690002441,3.6904414266300094,0.0,2.0260961055755615,1.543694794178009,0.24120065569877625,0.10981031134724617,0.2199617549777031,0.8479031920433044,0.5063513815402985,3.7520676213196564,-0.5026228129863738,56.0092298743166,-0.4292832016944885,55.97161615067067,-0.397773720158471,55.8277271916897,-0.36300121744473773,58.52180660412108,-0.07220797364910443,66.32600683901238,-0.029370973507563274,17.20738650616103,-0.021794822149806558,57.2401381580078,-0.020145899926622707,52.39830377204242,0.02562313708994123,-47.060372272401786,0.0302937850356102,-55.997860144278214,-0.04393245467503296,6.666472377552569,-0.5026228129863738,56.0092298743166,-0.4292832016944885,55.97161615067067,-0.397773720158471,55.8277271916897,-0.36300121744473773,58.52180660412108,-0.07220797364910443,66.32600683901238,-0.029370973507563274,17.20738650616103,-0.021794822149806558,57.2401381580078,-0.020145899926622707,52.39830377204242,0.02562313708994123,-47.060372272401786,0.0302937850356102,-55.997860144278214,-0.04393245467503296,6.666472377552569,-0.5026228129863738,56.0092298743166,-0.4292832016944885,55.97161615067067,-0.397773720158471,55.8277271916897,-0.36300121744473773,58.52180660412108,-0.07220797364910443,66.32600683901238,-0.029370973507563274,17.20738650616103,-0.021794822149806558,57.2401381580078,-0.020145899926622707,52.39830377204242,0.02562313708994123,-47.060372272401786,0.0302937850356102,-55.997860144278214,-0.04393245467503296,6.666472377552569
9,71.01178097724915,1.5842180828253427,1.1647164424260457,0.20975082019964855,0.09827582190434138,0.5337452332178751,3.9286176941946827,0.0,1.2606074661016464,0.8798317015171051,0.19038788229227066,0.11582840234041214,0.2327628806233406,0.7426341474056244,0.5552968084812164,3.96556976608841,-0.5428769852433886,70.57739505667202,-0.4773125499486923,72.6061812921323,-0.4443280095145816,72.75525065794878,-0.4059814853327615,76.35942700008648,-0.060063816606998444,64.36627971514108,-0.040213555097579956,27.486271415828885,-0.01859726884535381,56.98273665850034,-0.01640818693808147,49.78952017226732,0.029580140965325488,-63.38260537526508,0.032958305307797024,-71.07707616893842,-0.00363120864078922,0.6428484589205868,-0.5428769852433886,70.57739505667202,-0.4773125499486923,72.6061812921323,-0.4443280095145816,72.75525065794878,-0.4059814853327615,76.35942700008648,-0.060063816606998444,64.36627971514108,-0.040213555097579956,27.486271415828885,-0.01859726884535381,56.98273665850034,-0.01640818693808147,49.78952017226732,0.029580140965325488,-63.38260537526508,0.032958305307797024,-71.07707616893842,-0.00363120864078922,0.6428484589205868,-0.5428769852433886,70.57739505667202,-0.4773125499486923,72.6061812921323,-0.4443280095145816,72.75525065794878,-0.4059814853327615,76.35942700008648,-0.060063816606998444,64.36627971514108,-0.040213555097579956,27.486271415828885,-0.01859726884535381,56.98273665850034,-0.01640818693808147,49.78952017226732,0.029580140965325488,-63.38260537526508,0.032958305307797024,-71.07707616893842,-0.00363120864078922,0.6428484589205868
10,78.6482048034668,2.459621173143387,2.0183935523033143,0.2206138104200363,0.10029869625965754,0.43525911768277487,4.349885998519082,0.0,1.8263920545578003,1.4460883140563965,0.1901518702507019,0.10356585681438446,0.2127336487174034,0.7464592158794403,0.4051084667444229,4.554159553061323,-0.36559197579820946,54.3191288672967,-0.34692540764808655,60.311314840323035,-0.2820773695906003,52.78625388719209,-0.2844517230987549,61.1444367214501,-0.05505949351936579,67.43255920672237,-0.03470872715115547,27.11277663634003,-0.016019750945270063,56.09728470131292,-0.015889981761574745,55.10521375286027,0.013571858902772266,-33.23541688909507,0.010064974427223206,-24.806717710969544,0.04948123047985936,-10.011285389242735,-0.36559197579820946,54.3191288672967,-0.34692540764808655,60.311314840323035,-0.2820773695906003,52.78625388719209,-0.2844517230987549,61.1444367214501,-0.05505949351936579,67.43255920672237,-0.03470872715115547,27.11277663634003,-0.016019750945270063,56.09728470131292,-0.015889981761574745,55.10521375286027,0.013571858902772266,-33.23541688909507,0.010064974427223206,-24.806717710969544,0.04948123047985936,-10.011285389242735,-0.36559197579820946,54.3191288672967,-0.34692540764808655,60.311314840323035,-0.2820773695906003,52.78625388719209,-0.2844517230987549,61.1444367214501,-0.05505949351936579,67.43255920672237,-0.03470872715115547,27.11277663634003,-0.016019750945270063,56.09728470131292,-0.015889981761574745,55.10521375286027,0.013571858902772266,-33.23541688909507,0.010064974427223206,-24.806717710969544,0.04948123047985936,-10.011285389242735
11,86.3200478553772,1.6648691117763519,1.1886678695678712,0.2381006211042404,0.08120135267575582,0.5203076163927715,4.008868625122379,0.0,1.3706797659397125,0.8804190456867218,0.24513036012649536,0.09080985933542252,0.19430090487003326,0.8635828495025635,0.5899972021579742,3.916364987970991,-0.41327642975030116,69.07951835091795,-0.35901283886697555,70.21423875045699,-0.3429271821622495,72.19498499577249,-0.31569811701774597,76.34364539924856,-0.050989854666921824,70.25443199236867,-0.017838464842902288,15.67636287997102,-0.016361705682895803,64.45656821736875,-0.01554176128572888,60.634813930005805,0.021513707770241634,-59.26927056628938,0.029489836759037442,-81.76765065354155,0.0060924967157969,-1.386746815080825,-0.41327642975030116,69.07951835091795,-0.35901283886697555,70.21423875045699,-0.3429271821622495,72.19498499577249,-0.31569811701774597,76.34364539924856,-0.050989854666921824,70.25443199236867,-0.017838464842902288,15.67636287997102,-0.016361705682895803,64.45656821736875,-0.01554176128572888,60.634813930005805,0.021513707770241634,-59.26927056628938,0.029489836759037442,-81.76765065354155,0.0060924967157969,-1.386746815080825,-0.41327642975030116,69.07951835091795,-0.35901283886697555,70.21423875045699,-0.3429271821622495,72.19498499577249,-0.31569811701774597,76.34364539924856,-0.050989854666921824,70.25443199236867,-0.017838464842902288,15.67636287997102,-0.016361705682895803,64.45656821736875,-0.01554176128572888,60.634813930005805,0.021513707770241634,-59.26927056628938,0.029489836759037442,-81.76765065354155,0.0060924967157969,-1.386746815080825
12,93.9078369140625,1.5346467077732087,1.105634836355845,0.21450593570868173,0.07852139919996262,0.4454787333806356,4.104888224349411,0.0,1.1715850234031677,0.7691108882427216,0.20123706758022308,0.08833190053701401,0.18825257569551468,0.7768533229827881,0.3881770968437195,4.135878558148901,-0.3849710271755854,71.49805048944889,-0.3430210292339325,74.5406967712093,-0.31693776726722717,74.1372724870178,-0.2952591210603714,79.33443172463717,-0.0464957021176815,71.18037202807528,-0.0247275710105896,24.14497608373956,-0.014993530462185541,65.62963665045066,-0.014235381036996841,61.708984839277115,0.011879448692003886,-36.36370232329747,0.006358842551708222,-19.590463603423935,0.015085206966920372,-3.8151413838400843,-0.3849710271755854,71.49805048944889,-0.3430210292339325,74.5406967712093,-0.31693776726722717,74.1372724870178,-0.2952591210603714,79.33443172463717,-0.0464957021176815,71.18037202807528,-0.0247275710105896,24.14497608373956,-0.014993530462185541,65.62963665045066,-0.014235381036996841,61.708984839277115,0.011879448692003886,-36.36370232329747,0.006358842551708222,-19.590463603423935,0.015085206966920372,-3.8151413838400843,-0.3849710271755854,71.49805048944889,-0.3430210292339325,74.5406967712093,-0.31693776726722717,74.1372724870178,-0.2952591210603714,79.33443172463717,-0.0464957021176815,71.18037202807528,-0.0247275710105896,24.14497608373956,-0.014993530462185541,65.62963665045066,-0.014235381036996841,61.708984839277115,0.011879448692003886,-36.36370232329747,0.006358842551708222,-19.590463603423935,0.015085206966920372,-3.8151413838400843
13,101.5620059967041,1.3418096323808035,0.9031261205673218,0.21934175590674082,0.06958220104376475,0.5136653641859691,4.002185751710374,0.0,1.2793143540620804,0.8479186594486237,0.21569784730672836,0.08032151684165001,0.17956475913524628,0.8097445666790009,0.5905728936195374,4.004246985199106,-0.3675043042862054,75.07948233220296,-0.3020437237891284,72.19966847100706,-0.30653512622370865,78.8743046094001,-0.2612530399452556,77.21691212976339,-0.04305862161246213,72.51039176475199,-0.01948949694633484,20.93334526052038,-0.014443136616186663,69.54249979110504,-0.013669472187757492,65.18140784452947,0.016998283429579306,-57.236037473856335,0.024180383844809097,-81.94501095980554,0.004377236093651512,-1.2177328468070332,-0.3675043042862054,75.07948233220296,-0.3020437237891284,72.19966847100706,-0.30653512622370865,78.8743046094001,-0.2612530399452556,77.21691212976339,-0.04305862161246213,72.51039176475199,-0.01948949694633484,20.93334526052038,-0.014443136616186663,69.54249979110504,-0.013669472187757492,65.18140784452947,0.016998283429579306,-57.236037473856335,0.024180383844809097,-81.94501095980554,0.004377236093651512,-1.2177328468070332,-0.2919185831149419,68.50947991225699,-0.2731283143162727,68.10165181254611,-0.2640734918912252,74.51575808119303,-0.2522426098585129,74.8417826565821,-0.04049454778432846,69.27945008055664,-0.003542342782020569,4.191288365243337,-0.013414735893408459,65.84580016207263,-0.011824223771691322,59.54875197630268,0.01840903858343761,-55.85690599302326,0.025766226649284362,-77.39682830695179,0.01668344535012194,-4.349913229046831
14,109.22598791122437,1.191707577308019,0.7874472498893738,0.2021301637093226,0.06997343798478445,0.47836360534032185,3.9711625583767596,0.0,1.0363653153181076,0.6717180907726288,0.1823236122727394,0.0828716978430748,0.1737653687596321,0.741390198469162,0.4037500023841858,3.9778447334821094,-0.34938745018508693,77.86722570886727,-0.2971191667020321,77.47910882144718,-0.29063043826156193,81.5802351869985,-0.25416533400615055,81.95132031172425,-0.039953685676058136,73.39822170530745,-0.023561569551626842,27.607735498602786,-0.0132069388197528,69.37124767441301,-0.012317834421992302,64.07592931644973,0.012639946573310426,-46.42995813941705,0.006596777588129044,-24.388198988586257,0.001427200308046032,-0.4331372558715899,-0.34938745018508693,77.86722570886727,-0.2971191667020321,77.47910882144718,-0.29063043826156193,81.5802351869985,-0.25416533400615055,81.95132031172425,-0.039953685676058136,73.39822170530745,-0.023561569551626842,27.607735498602786,-0.0132069388197528,69.37124767441301,-0.012317834421992302,64.07592931644973,0.012639946573310426,-46.42995813941705,0.006596777588129044,-24.388198988586257,0.001427200308046032,-0.4331372558715899,-0.2552622854709625,68.1730125333553,-0.2531813412904739,70.95534180726773,-0.24200157284736634,75.44952957520165,-0.23636635839939119,77.87039118155404,-0.03111794516444206,64.16801222562766,-0.00629442036151886,7.825626188818371,-0.01009212334950765,59.05464027704899,-0.00859341248869896,50.90708572559487,0.014195138812065123,-42.1956697333497,0.006335856020450592,-18.61344098394263,0.015327644325955259,-4.01469395990213
15,116.72152900695801,1.1380192697048188,0.7509159326553345,0.19355166852474212,0.06807219783465067,0.5395087897777557,3.794632656350495,0.0,1.3976468741893768,0.9919736981391907,0.20283658802509308,0.08189703524112701,0.16732509434223175,0.7842134535312653,0.41863422095775604,3.847950877539131,-0.3266413622941726,78.86434212977547,-0.24647295704254737,69.62822597936717,-0.2710843520286756,82.43476642303328,-0.20997910774671114,73.3462358944135,-0.03737573096385369,74.38416472393997,-0.01845504458133991,23.426303893939448,-0.012337269691320566,70.20345794372366,-0.01144528274352734,64.49843602400249,0.01637111871670454,-65.14686447937703,0.007234273048547598,-28.973762160811727,-0.012261807563824027,4.031412260634842,-0.3266413622941726,78.86434212977547,-0.24647295704254737,69.62822597936717,-0.2710843520286756,82.43476642303328,-0.20997910774671114,73.3462358944135,-0.03737573096385369,74.38416472393997,-0.01845504458133991,23.426303893939448,-0.012337269691320566,70.20345794372366,-0.01144528274352734,64.49843602400249,0.01637111871670454,-65.14686447937703,0.007234273048547598,-28.973762160811727,-0.012261807563824027,4.031412260634842,-0.22405484159787498,66.31651706943474,-0.18855428844690322,57.430213392219855,-0.21721236785252884,74.31044280812746,-0.18326982855796814,64.88180914963479,-0.021102674305438995,55.77526582305801,0.0011389672756195069,-1.473773587139398,-0.007865166564782462,53.605230792752934,-0.006693507730960846,44.97354513246657,0.019357833862304684,-55.95874487975438,0.006564384698867798,-18.596497760142427,0.04558414801315473,-13.65288980569819
16,124.6674120426178,1.1672824203968049,0.7767157117525737,0.19528335432211558,0.06749695936838786,0.47069661418596903,3.8423621646255106,0.0,0.9579466283321381,0.5942170321941376,0.18186479806900024,0.07783384248614311,0.16387813538312912,0.7434665262699127,0.5680208206176758,3.773140012704121,-0.30121961136658987,78.32085753536163,-0.2602749062435968,79.18319780423404,-0.2498783426625388,81.83126458431926,-0.22339179047516414,84.03372928805025,-0.034952247249228616,74.91186042461663,-0.020047321915626526,27.404994658955978,-0.011497124603816442,70.45525115295752,-0.010917990601488523,66.25979035280281,0.01028659769466945,-44.0830463316334,0.01738801066364561,-74.9971181360393,-0.00797671357533547,2.8243037161537665,-0.30121961136658987,78.32085753536163,-0.2602749062435968,79.18319780423404,-0.2498783426625388,81.83126458431926,-0.22339179047516414,84.03372928805025,-0.034952247249228616,74.91186042461663,-0.020047321915626526,27.404994658955978,-0.011497124603816442,70.45525115295752,-0.010917990601488523,66.25979035280281,0.01028659769466945,-44.0830463316334,0.01738801066364561,-74.9971181360393,-0.00797671357533547,2.8243037161537665,-0.19882068832715352,63.007879030367555,-0.20914353132247926,68.58554793424673,-0.19784125606218975,71.80836480316863,-0.2041132479906082,77.45205979450593,-0.01077265664935112,39.66299763928216,-0.002379283308982849,3.1010156864926373,-0.0061301700274149565,47.59498308777733,-0.005462310090661049,41.23838245658837,0.010895670652389527,-30.120178674253236,0.019253578782081605,-51.276554590387455,0.0841922958803186,-28.05999058969241
17,132.46171498298645,1.1274211903413136,0.7482577959696451,0.18958169718583426,0.06571172525485357,0.5036493043104807,3.695740605966589,0.0,1.0194372683763504,0.6615422070026398,0.17894753068685532,0.07781455293297768,0.16151554137468338,0.7362882792949677,0.5606250166893005,3.7351734832146235,-0.2837957192791833,79.06117304948971,-0.23882386982440948,77.84696627229572,-0.2351169808705648,82.49694487701618,-0.20401065945625305,82.22474047002072,-0.03277960369984309,75.27355045791654,-0.019189383586247763,28.105907018924537,-0.01084966523779763,71.23668329465849,-0.010191410531600316,66.26815218548398,0.011797670523325598,-54.17006169326526,0.015735756357510886,-72.71860240776464,-0.017219703247574537,6.5324528812890525,-0.2837957192791833,79.06117304948971,-0.23882386982440948,77.84696627229572,-0.2351169808705648,82.49694487701618,-0.20401065945625305,82.22474047002072,-0.03277960369984309,75.27355045791654,-0.019189383586247763,28.105907018924537,-0.01084966523779763,71.23668329465849,-0.010191410531600316,66.26815218548398,0.011797670523325598,-54.17006169326526,0.015735756357510886,-72.71860240776464,-0.017219703247574537,6.5324528812890525,-0.18065671741962433,61.57376750473197,-0.19212233722209932,65.33305290986348,-0.1800018294652303,70.63670617468217,-0.18683848083019255,73.85133235066861,-0.006468731164932251,28.59703614899037,-0.00362781286239624,4.695794206440475,-0.0048793808619181315,42.61262051566726,-0.004214322194457054,35.13171362805783,0.011525477369626358,-29.674664448543265,0.015464544296264648,-38.09192702556243,0.06361105668467015,-20.790440632151746
18,140.14769291877747,1.112822206815084,0.7359554688135783,0.18843336900075278,0.06728516941269239,0.5030486146608989,3.6854778246221254,0.0,1.1716169267892838,0.8116851150989532,0.17996590584516525,0.08114798367023468,0.16129779070615768,0.7378781139850616,0.5614062547683716,3.7805395448575787,-0.2669709232946237,79.33231004099555,-0.21438614930957556,74.54000348991522,-0.22119106501340866,82.78471776961209,-0.18187606148421764,78.19048667676705,-0.03074448788538575,75.30688595536917,-0.017890682443976402,27.950669286302194,-0.010073220900570353,70.54795578895745,-0.009346107952296734,64.82314255564995,0.011022773012518885,-53.98618700200301,0.014801098965108395,-72.95928797324602,-0.016784895628630114,6.792004917309669,-0.2669709232946237,79.33231004099555,-0.21438614930957556,74.54000348991522,-0.22119106501340866,82.78471776961209,-0.18187606148421764,78.19048667676705,-0.03074448788538575,75.30688595536917,-0.017890682443976402,27.950669286302194,-0.010073220900570353,70.54795578895745,-0.009346107952296734,64.82314255564995,0.011022773012518885,-53.98618700200301,0.014801098965108395,-72.95928797324602,-0.016784895628630114,6.792004917309669,-0.17910854041576385,61.67845689683213,-0.15069424360990524,56.25943770288857,-0.1754381442070007,70.44755408004384,-0.14224503934383392,63.6689398652291,-0.0050181813538074495,23.728914056468938,-0.0073325514793396,9.039100934966532,-0.003647128070394198,35.150856320685605,-0.0030501443892717362,27.31894337346202,0.006551497975985215,-14.973701341765217,0.009230875968933105,-19.67794768841763,0.022324940792322546,-6.448142093873894
19,147.8029270172119,1.184371860822042,0.8086725314458211,0.18784966468811035,0.06907507454355558,0.5034756898880005,3.5734250273564627,0.0,1.2836667150259018,0.9240364730358124,0.1798151209950447,0.08233438804745674,0.16039837896823883,0.737649142742157,0.5613541603088379,3.635209527667572,-0.24705794815923654,78.0034669817596,-0.19518403533627005,72.10508884142354,-0.203902351622488,81.08373882560485,-0.1645685662241543,75.17167015269108,-0.028988895170828876,75.44457709497051,-0.016851758255678063,27.973026941979047,-0.00937538995754485,69.7644790509497,-0.00872654840350151,64.30884785895744,0.010399496672200222,-54.11691728108096,0.013927381704835332,-72.94323859625428,-0.022388889842573204,9.62588890021233,-0.24705794815923654,78.0034669817596,-0.19518403533627005,72.10508884142354,-0.203902351622488,81.08373882560485,-0.1645685662241543,75.17167015269108,-0.028988895170828876,75.44457709497051,-0.016851758255678063,27.973026941979047,-0.00937538995754485,69.7644790509497,-0.00872654840350151,64.30884785895744,0.010399496672200222,-54.11691728108096,0.013927381704835332,-72.94323859625428,-0.022388889842573204,9.62588890021233,-0.11842482407887778,49.99739046305526,-0.07424293905496597,36.64334522467061,-0.107969765663147,57.1761651104438,-0.06196583211421967,40.14124576174101,-0.005956337600946426,27.078969257861228,-0.011025404930114746,13.003141200053003,-0.002861269637942314,29.289947051798976,-0.0027475923299789427,25.02125980947642,0.0023052620887756394,-4.798400071780208,0.005500277876853943,-10.862571086746799,-0.011701639927354669,3.1707968165857663
20,155.23657989501953,1.2607831001281737,0.8851995984713237,0.18779175082842509,0.06935061514377594,0.5190208395322163,3.6080794109679073,0.0,1.1200581192970276,0.7561484575271606,0.18195483088493347,0.08214123547077179,0.1586359664797783,0.7418164610862732,0.553697943687439,3.615974245365585,-0.2290874377444938,76.58433300537871,-0.1934298442469703,75.66040985209904,-0.1883229394753774,79.29363723259455,-0.16475298007329306,79.68272480052786,-0.02747631279958619,75.7143852081549,-0.015684031777911715,27.5661135346374,-0.008839227148780117,69.64386950191442,-0.008252470857567258,64.39257761227658,0.010685366281756644,-58.87538047991501,0.012728292908933427,-70.58449434615247,-0.019219819095127773,8.749458279555869,-0.2290874377444938,76.58433300537871,-0.1934298442469703,75.66040985209904,-0.1883229394753774,79.29363723259455,-0.16475298007329306,79.68272480052786,-0.02747631279958619,75.7143852081549,-0.015684031777911715,27.5661135346374,-0.008839227148780117,69.64386950191442,-0.008252470857567258,64.39257761227658,0.010685366281756644,-58.87538047991501,0.012728292908933427,-70.58449434615247,-0.019219819095127773,8.749458279555869,-0.0323434982697169,20.416064316116454,-0.014054934680461883,11.149334791682563,-0.027951684395472198,23.99870335585737,-0.012368324398994445,14.057602582025158,-0.0074126914143562315,31.846535815783827,-8.176863193511962e-05,0.11010621073751657,-0.002892520676056544,29.432678557214544,-0.003368716686964035,29.0836843027809,-0.001472439368565881,2.75869324338271,-0.00015988647937774657,0.2879297646515376,-0.03205382832267754,8.159060213480043
21,162.59449791908264,1.1297478258609772,0.7512913783391316,0.18922822376092274,0.06958656186858812,0.4951111177603404,3.7174366355126507,0.0,1.0169651508331299,0.6544665992259979,0.18124927580356598,0.08264461532235146,0.15882456302642822,0.7428820431232452,0.43703123927116394,3.7298144395762294,-0.22392679756147818,79.01796203044863,-0.18867527183733487,77.90068699157159,-0.18545900687836764,82.4259840935546,-0.1614334473484441,82.41485799121713,-0.026020264939257975,75.68551292159435,-0.014802473156075729,27.462065899764838,-0.008361586418591048,69.54059097216893,-0.007791636609717419,64.17436736873763,0.008864572173670718,-51.55647176885175,0.005918029891817193,-34.64155649208547,-0.012452606271976658,5.983746984394787,-0.22392679756147818,79.01796203044863,-0.18867527183733487,77.90068699157159,-0.18545900687836764,82.4259840935546,-0.1614334473484441,82.41485799121713,-0.026020264939257975,75.68551292159435,-0.014802473156075729,27.462065899764838,-0.008361586418591048,69.54059097216893,-0.007791636609717419,64.17436736873763,0.008864572173670718,-51.55647176885175,0.005918029891817193,-34.64155649208547,-0.012452606271976658,5.983746984394787,-0.13298733472824098,54.0682183827047,-0.08094269037246704,44.31835441381429,-0.12671021739641825,62.77775573144363,-0.07916217148303986,54.74228006240052,-0.005390908569097519,25.341118349635572,-0.00035771727561950684,0.4792187811601502,-0.0030712134391069415,30.620671590347033,-0.0020921241492033006,20.20090610511631,0.005985200007756553,-13.750889446315243,0.003192277252674103,-7.880055626406013,-0.06324493630064314,14.53944685496927
22,170.28353691101074,1.026879765590032,0.6467253963152567,0.1900771846373876,0.06957108130057653,0.5032638788223267,3.704539458292304,0.0,0.9615014642477036,0.5969318449497223,0.18228480964899063,0.0826149471104145,0.15856681764125824,0.7421905398368835,0.5611979365348816,3.6294504302760098,-0.21787386069695155,80.92846054795115,-0.18201469257473946,79.10594891175496,-0.181414355635643,84.87196481999807,-0.15623851269483566,83.96078382698214,-0.024732138961553574,75.72497121896232,-0.014096924662590027,27.5295870093145,-0.007944281126062075,69.5473671217643,-0.0074035381898283955,64.18722824851226,0.008828981618086498,-54.05208064816443,0.011830463260412215,-72.89510882841063,-0.012474834819395153,6.309924508216383,-0.21787386069695155,80.92846054795115,-0.18201469257473946,79.10594891175496,-0.181414355635643,84.87196481999807,-0.15623851269483566,83.96078382698214,-0.024732138961553574,75.72497121896232,-0.014096924662590027,27.5295870093145,-0.007944281126062075,69.5473671217643,-0.0074035381898283955,64.18722824851226,0.008828981618086498,-54.05208064816443,0.011830463260412215,-72.89510882841063,-0.012474834819395153,6.309924508216383,-0.063798934618632,38.32069089837397,-0.0409178301692009,29.852217261811255,-0.054194247325261444,45.5924221666421,-0.02834872007369995,32.199121784772515,-0.0035734087228775024,18.391106954791255,-0.012139230966567993,14.056822658718119,-0.0011630271375179288,14.322755707802049,-0.0008194912225008011,9.024253847524013,-0.001704373757044475,3.2757040322813036,-0.0028799265623092652,4.8812546089636415,-0.030432916683007516,7.591397855318466
23,177.70666098594666,0.9575253446896871,0.5814261158307393,0.18804961442947388,0.06974055618047714,0.508843316634496,3.4250429574201453,0.0,1.0067798346281052,0.6498870849609375,0.17844637483358383,0.08312154933810234,0.15873796492815018,0.735793799161911,0.45239582657814026,3.324019562342965,-0.21080150642092266,82.21653303578998,-0.1711912133863994,78.12202052568557,-0.17588506634273227,86.3994288998485,-0.14627690542311894,82.53790691193757,-0.023546268187818072,75.69877024339316,-0.01373024923460824,28.154190010332886,-0.007557911792444805,69.47318462807272,-0.0070268648366133375,63.96762113643927,0.008674241436852345,-55.759979903368404,0.006086055011976333,-39.3751127324124,-0.025190152250479138,13.378562475558486,-0.21080150642092266,82.21653303578998,-0.1711912133863994,78.12202052568557,-0.17588506634273227,86.3994288998485,-0.14627690542311894,82.53790691193757,-0.023546268187818072,75.69877024339316,-0.01373024923460824,28.154190010332886,-0.007557911792444805,69.47318462807272,-0.0070268648366133375,63.96762113643927,0.008674241436852345,-55.759979903368404,0.006086055011976333,-39.3751127324124,-0.025190152250479138,13.378562475558486,-0.05771213630835216,37.606138283183874,-0.016480518877506255,14.066856906069336,-0.05242087205251057,47.41246415976629,-0.011922380328178406,15.501510263908596,-0.0029514610767364504,15.678197580203266,-0.004105952382087707,5.285363736776703,-0.0008780843019485479,11.18273885711611,-0.0005210351198911666,5.898606468597781,0.006336458325386041,-14.223930011877597,0.006421872973442077,-16.543667891945542,-0.06798452669292657,16.561846018036587
24,185.51991295814514,0.9769984443982442,0.6029242992401123,0.18703707257906596,0.06962893679738044,0.4896458307902018,3.245559727190411,0.0,0.963267058134079,0.6054330170154572,0.1789170205593109,0.08287094160914421,0.15805363655090332,0.7366038858890533,0.5452604293823242,3.2862789440075604,-0.20033447886958264,81.8548723995693,-0.1653876480731097,79.06758141026407,-0.16691310044490928,85.89654888805971,-0.14164859462868085,83.73236221128191,-0.022507089105519382,75.80353422428436,-0.013069324872710487,28.075089945695602,-0.0072194439556562545,69.52204263102445,-0.006718853149901737,64.07625713646408,0.007407344742254776,-49.88351476852153,0.01003053445707668,-67.9850461674377,-0.032203473976808915,17.917803474083204,-0.20033447886958264,81.8548723995693,-0.1653876480731097,79.06758141026407,-0.16691310044490928,85.89654888805971,-0.14164859462868085,83.73236221128191,-0.022507089105519382,75.80353422428436,-0.013069324872710487,28.075089945695602,-0.0072194439556562545,69.52204263102445,-0.006718853149901737,64.07625713646408,0.007407344742254776,-49.88351476852153,0.01003053445707668,-67.9850461674377,-0.032203473976808915,17.917803474083204,-0.036481118798255927,27.187998891859678,-0.03160472959280014,24.704428190341776,-0.03002018213272095,33.24029883430125,-0.024248564243316652,28.597748113108835,-0.002151112258434296,11.979590365023132,-0.007314068078994751,9.032562094231618,4.673575361568982e-06,-0.06716624785452631,0.0002549424767494202,-3.1740246794893943,-0.002401953339576729,4.67610531495193,-0.004531246423721313,7.67262851491532,-0.07566260245199627,18.905320029101873
25,193.28645586967468,0.9609061062335968,0.5853739698727926,0.18776606818040212,0.07013175735870997,0.501253479719162,3.3459322576715262,0.0,0.9405156970024109,0.5813002288341522,0.17960773408412933,0.08328479900956154,0.15840352326631546,0.7381300032138824,0.4442708194255829,3.459522036997452,-0.19232395101284636,82.15374445106644,-0.15918607038000357,79.56198325933886,-0.1604190669197967,86.30708170709256,-0.1365392117396645,84.38079638307619,-0.021513307548087578,75.74996999052426,-0.012434740429339201,27.9260738280462,-0.006883693324482959,69.30194816545705,-0.006408735299887864,63.89685400014056,0.007589966663415881,-53.43668546919695,0.005203571656475897,-36.8719424525165,-0.02643929986994265,15.379320603553332,-0.19232395101284636,82.15374445106644,-0.15918607038000357,79.56198325933886,-0.1604190669197967,86.30708170709256,-0.1365392117396645,84.38079638307619,-0.021513307548087578,75.74996999052426,-0.012434740429339201,27.9260738280462,-0.006883693324482959,69.30194816545705,-0.006408735299887864,63.89685400014056,0.007589966663415881,-53.43668546919695,0.005203571656475897,-36.8719424525165,-0.02643929986994265,15.379320603553332,-0.023080147107442217,19.36729072376849,-0.009584961831569672,9.248632398149692,-0.02020732800165812,25.661817987804252,-0.009041786193847656,13.46068584135875,-0.0015361845493316651,8.840567946865487,-0.0003260195255279541,0.43974080882256883,1.5831937392551952e-05,-0.22625638883135296,4.131011664867401e-05,-0.4984828080498426,0.0022889874378840156,-4.785036763521262,0.004052081704139709,-10.036115616623517,-0.06252303007052333,15.744263588161967
26,200.8275511264801,0.9287031948566437,0.551199467976888,0.18875186343987782,0.0698504127562046,0.49500000675519307,3.638405733082362,0.0,0.8932947814464569,0.5340352654457092,0.17962975800037384,0.08272578194737434,0.15773038566112518,0.7375544309616089,0.5531250238418579,3.6148378948744466,-0.18565224102801747,82.75182722119825,-0.15452085559566817,80.5881244133014,-0.15515887671046788,87.10648292109447,-0.13281945139169693,85.65077883016922,-0.02064496713380019,75.85302077367463,-0.011940608421961466,27.98227497396408,-0.006608595461067227,69.42509824063488,-0.00616499703998367,64.1391824304492,0.007013156678941514,-51.52246002621307,0.009522348021467527,-70.40798792550646,-0.013151267566576882,7.982486989256491,-0.18565224102801747,82.75182722119825,-0.15452085559566817,80.5881244133014,-0.15515887671046788,87.10648292109447,-0.13281945139169693,85.65077883016922,-0.02064496713380019,75.85302077367463,-0.011940608421961466,27.98227497396408,-0.006608595461067227,69.42509824063488,-0.00616499703998367,64.1391824304492,0.007013156678941514,-51.52246002621307,0.009522348021467527,-70.40798792550646,-0.013151267566576882,7.982486989256491,-0.020931607484817517,18.393016745882335,-0.050435209274291994,36.08580264850088,-0.01997164646784465,26.596381298266454,-0.04579384326934814,46.16437245791016,-0.0009594708681106567,5.734171983481695,-0.0046659022569656376,5.949786038425335,0.00017782149215539306,-2.6122484334548237,8.287467062473297e-05,-1.0119373721005593,-0.004450878302256267,8.249871710319592,0.013449080288410187,-32.12608911340604,-0.015622692326813282,4.117049986556136
27,208.3219449520111,0.9050727287928263,0.5296999017397562,0.18768641352653503,0.06988068396846453,0.5169270853201549,3.4189278056478476,0.0,0.8924783617258072,0.5353787541389465,0.17854980379343033,0.08388098701834679,0.15871261060237885,0.7360833883285522,0.44458332657814026,3.3371985774724684,-0.17917137002944944,83.19069979509443,-0.14837267816066743,80.60586574390463,-0.14981250429153442,87.60939527963679,-0.12745293378829955,85.61468005983363,-0.019779879450798035,75.70265174266885,-0.011521825790405274,28.125913381384297,-0.006343040794134141,69.41184793466726,-0.005872188955545425,63.63841232794455,0.0076097135543823245,-58.23446980401131,0.00479978621006012,-36.96822035133537,-0.021404333961294385,13.533218415288816,-0.17917137002944944,83.19069979509443,-0.14837267816066743,80.60586574390463,-0.14981250429153442,87.60939527963679,-0.12745293378829955,85.61468005983363,-0.019779879450798035,75.70265174266885,-0.011521825790405274,28.125913381384297,-0.006343040794134141,69.41184793466726,-0.005872188955545425,63.63841232794455,0.0076097135543823245,-58.23446980401131,0.00479978621006012,-36.96822035133537,-0.021404333961294385,13.533218415288816,-0.026220969160397855,22.46326056335563,-0.006546826660633087,6.834229034274736,-0.024701581001281746,31.802602454822683,-0.005883827805519104,9.90181614921598,-0.0005165524780750275,3.1520524496290148,-0.0007383137941360474,0.9930693152256398,0.00023837246000766725,-3.531602937943732,0.0006047144532203674,-7.769299753227855,0.004623047113418583,-9.821713124947289,-0.012343749403953552,21.73115659832811,-0.042343435897766304,11.020157414519314
28,215.83010601997375,0.9009347041447957,0.5268564144770305,0.18703914483388265,0.07025554652015369,0.4879999975363413,3.1823048013933923,0.0,0.8900326192378998,0.5330998003482819,0.17846640944480896,0.08296922221779823,0.15752921998500824,0.735662430524826,0.5535937547683716,3.194868475277024,-0.1724393182840103,83.26755251239686,-0.1427601037117151,80.65901331610412,-0.1441598497904264,87.67590940694566,-0.12263854994223668,85.67591424059654,-0.019064629880281594,75.88381727101333,-0.011094869329379154,28.167017362437996,-0.0060846598962178595,69.24776321077071,-0.005681403411122469,64.03365345361453,0.006204451964451714,-49.379715374552596,0.008807887824682089,-70.55239559216899,-0.029681975126415957,19.517559351938466,-0.1724393182840103,83.26755251239686,-0.1427601037117151,80.65901331610412,-0.1441598497904264,87.67590940694566,-0.12263854994223668,85.67591424059654,-0.019064629880281594,75.88381727101333,-0.011094869329379154,28.167017362437996,-0.0060846598962178595,69.24776321077071,-0.005681403411122469,64.03365345361453,0.006204451964451714,-49.379715374552596,0.008807887824682089,-70.55239559216899,-0.029681975126415957,19.517559351938466,-0.02264864861965179,20.088897400265445,-0.012940464913845063,12.693733410840705,-0.022140138149261468,29.588917440640515,-0.012844240665435791,19.415602707545066,-0.00039863213896751404,2.4680729518329643,-6.258487701416016e-05,0.08500050696730942,0.00045438212653001187,-6.914780045231737,0.0005154669284820557,-6.6242998135070135,-0.0015649306774139394,3.10718324044228,-0.0007031261920928955,1.2541826910349407,-0.05134358045731968,13.89263639726988
29,223.47489500045776,0.9010729014873504,0.5273328562577565,0.18687002261479696,0.06993522793054581,0.5097916722297668,3.116562509549655,0.0,0.8747209757566452,0.5181327760219574,0.1782940998673439,0.08322162181138992,0.15764061361551285,0.7354114055633545,0.5535937547683716,3.1087191146628537,-0.16604755844598934,83.26498586714877,-0.1380397903698462,80.99174527028022,-0.13880295010260593,87.66476460258029,-0.11865071566016586,86.07806959663547,-0.018354406787289515,75.86676399576477,-0.010693245463901095,28.191528430219613,-0.005871165773750824,69.38797296791478,-0.0054616329294663885,63.924240697792186,0.006781756509969263,-56.05027721814426,0.008481669757101271,-70.55239559216899,-0.031017542412242676,21.180222243018036,-0.16604755844598934,83.26498586714877,-0.1380397903698462,80.99174527028022,-0.13880295010260593,87.66476460258029,-0.11865071566016586,86.07806959663547,-0.018354406787289515,75.86676399576477,-0.010693245463901095,28.191528430219613,-0.005871165773750824,69.38797296791478,-0.0054616329294663885,63.924240697792186,0.006781756509969263,-56.05027721814426,0.008481669757101271,-70.55239559216899,-0.031017542412242676,21.180222243018036,-0.02117493053277335,19.02813441634703,-0.029689595103263855,25.34070174679505,-0.02086226125558218,28.34717878951819,-0.029355233907699584,36.165790602333345,-0.00036571770906448366,2.2673448127428197,-0.0002466708421707153,0.3342975452117952,0.00026500585178534236,-3.9385477379113616,0.0002073638141155243,-2.5553785163436658,0.0006743057568867949,-1.3404385525270537,-0.00078125,1.391594755783996,-0.05689153150724704,15.436677200216275
30,231.29868912696838,0.9332149505615235,0.5499553084373474,0.191629821062088,0.07029347146550814,0.49430555701255796,3.7507732251261126,0.0,0.9822187572717667,0.6166965365409851,0.18276111036539078,0.08354796469211578,0.15772799402475357,0.7436034381389618,0.4361979067325592,3.793805530926666,-0.15896935817741212,82.66803345117087,-0.1292705913739545,78.65574868330954,-0.13303775716395605,87.1355859830601,-0.11089305579662323,83.42971790428541,-0.017695771530270576,75.85338690980964,-0.010018771248204368,27.391626043808316,-0.005648686869868211,69.2311627150444,-0.005254919507673809,63.78277425002532,0.005986475376855758,-51.3098848101875,0.003986044121640069,-34.38482154961234,-0.007259390341217665,5.140644182362922,-0.15896935817741212,82.66803345117087,-0.1292705913739545,78.65574868330954,-0.13303775716395605,87.1355859830601,-0.11089305579662323,83.42971790428541,-0.017695771530270576,75.85338690980964,-0.010018771248204368,27.391626043808316,-0.005648686869868211,69.2311627150444,-0.005254919507673809,63.78277425002532,0.005986475376855758,-51.3098848101875,0.003986044121640069,-34.38482154961234,-0.007259390341217665,5.140644182362922,-0.025115691026051844,21.20591670306967,-0.030144795775413513,23.483350797021522,-0.025871722300847368,31.99282935280547,-0.030733993649482726,33.260584994561775,-0.000267038494348526,1.6648453436141237,0.0005954295396804809,-0.8071988499397085,0.00012183969219525665,-1.7638734811415966,0.00012135766446590424,-1.4739608484847773,-0.000917013287544255,1.8213655712915295,-0.012515625357627869,22.295417478944486,0.017734819776964984,-4.962975196399963
31,238.89896416664124,0.9372670928637187,0.5534202774365743,0.1919234077135722,0.07025102476278941,0.5027048567930857,3.7903652433140116,0.0,0.9078380614519119,0.5370025336742401,0.1854177638888359,0.08348111063241959,0.15766114741563797,0.7499163150787354,0.5529687404632568,3.79232866458531,-0.15334792712639117,82.5927757682646,-0.12737783635484762,80.27208949632664,-0.12833076660660492,87.05453431380978,-0.10981722638524812,85.5710500353941,-0.01708787756747213,75.8636204718142,-0.009455610965860301,26.775211828820733,-0.00545536824341478,69.24974247305047,-0.0050760206991228565,63.811754831194975,0.006069676218361689,-53.880960664480604,0.007875174797814468,-70.35983979453125,-0.005643824529868814,4.139337754220229,-0.15334792712639117,82.5927757682646,-0.12737783635484762,80.27208949632664,-0.12833076660660492,87.05453431380978,-0.10981722638524812,85.5710500353941,-0.01708787756747213,75.8636204718142,-0.009455610965860301,26.775211828820733,-0.00545536824341478,69.24974247305047,-0.0050760206991228565,63.811754831194975,0.006069676218361689,-53.880960664480604,0.007875174797814468,-70.35983979453125,-0.005643824529868814,4.139337754220229,-0.03235160072644551,25.65992574230776,-0.021222005784511565,18.947236236125807,-0.03317793210347494,37.48073559993797,-0.021914592385292052,28.981864827126074,-9.748190641403198e-05,0.614500661969732,0.0008099853992462158,-1.0918946150913393,9.004096190134702e-05,-1.298344098530004,0.00013398751616477966,-1.631184573702404,-0.0016315982739130597,3.143608405750313,-7.29203224182129e-05,0.1316969355757193,0.018228583234610428,-5.052156884130333
32,246.3727719783783,0.9416616062323252,0.5525471766789755,0.1945572147766749,0.06984109406669935,0.49521180192629494,3.7807160055795146,0.0,0.9163278937339783,0.5447089374065399,0.18580947816371918,0.08251974359154701,0.15674830973148346,0.7499250769615173,0.5608854293823242,3.776723789645988,-0.1480898457765579,82.51115946040622,-0.12284891406695048,80.08759992867849,-0.12408217774497138,87.07495766358373,-0.10589977204799653,85.3639833888001,-0.016548709571361543,76.00336699246016,-0.009140131870905559,26.774356284011542,-0.0052871869918372895,69.42917721461522,-0.00493886557718118,64.22849804302756,0.00561758518218994,-51.58729179370615,0.007876558601856232,-72.79883092959176,-0.00577733830335642,4.383372895959528,-0.1480898457765579,82.51115946040622,-0.12284891406695048,80.08759992867849,-0.12408217774497138,87.07495766358373,-0.10589977204799653,85.3639833888001,-0.016548709571361543,76.00336699246016,-0.009140131870905559,26.774356284011542,-0.0052871869918372895,69.42917721461522,-0.00493886557718118,64.22849804302756,0.00561758518218994,-51.58729179370615,0.007876558601856232,-72.79883092959176,-0.00577733830335642,4.383372895959528,-0.018808621962865202,16.64851352869939,-0.01006372570991516,9.895841270146416,-0.019874420166015615,26.453677945768117,-0.0109757661819458,16.770552072368922,-0.00020762532949447632,1.3072620855246913,0.0007043033838272095,-0.9480689301173005,2.5453219811122363e-05,-0.36577780432937484,-1.2487173080444336e-05,0.15109481763256688,1.0068416595454543e-05,-0.02033567058845199,0.012385419011116028,-28.339894035426767,0.006327937006686391,-1.702231302676593
33,253.83921098709106,0.9202074527740478,0.5334633966286977,0.19337202807267506,0.0685988686978817,0.4861145794391632,3.767108391800697,0.0,0.8950527310371399,0.5261471271514893,0.18445280194282532,0.0803890973329544,0.15502037107944489,0.7477363646030426,0.5607812404632568,3.7619626863961813,-0.14400482344371016,82.90961286050292,-0.11957234144210815,80.54992302731908,-0.12069513265804578,87.52136056907175,-0.10308241844177246,85.86272858016842,-0.01607062018686725,76.26789749848949,-0.008915892531794886,26.988070795343553,-0.005156704358836656,69.97292373114841,-0.00484827785722671,65.15211236236081,0.005142913967050531,-48.802577628363316,0.007619115133439341,-72.76673217560828,-0.006029927834822905,4.7275177961701855,-0.14400482344371016,82.90961286050292,-0.11957234144210815,80.54992302731908,-0.12069513265804578,87.52136056907175,-0.10308241844177246,85.86272858016842,-0.01607062018686725,76.26789749848949,-0.008915892531794886,26.988070795343553,-0.005156704358836656,69.97292373114841,-0.00484827785722671,65.15211236236081,0.005142913967050531,-48.802577628363316,0.007619115133439341,-72.76673217560828,-0.006029927834822905,4.7275177961701855,-0.01066723128159841,10.38800416470292,-0.006644873321056366,6.910934167173044,-0.011326199968655904,17.5131516918732,-0.007078471779823303,11.858090399615891,-0.00035464465618133544,2.236562866410575,0.0005545824766159058,-0.7472238553967425,-9.722126026948246e-05,1.3974378211752303,-0.00022258497774600982,2.6942458420814095,-0.0017149299383163509,3.4076157866314767,-4.166960716247559e-05,0.07425117672342971,0.006256893350839299,-1.6889800800565808
34,261.24307107925415,0.9431246717770895,0.5397070944309235,0.20170878867308298,0.06618798250953356,0.49444791475931804,3.7575099379447052,0.0,0.934741199016571,0.5403442680835724,0.19719846546649933,0.07782802358269691,0.15386779606342316,0.770550549030304,0.4442187547683716,3.756257961697633,-0.13878850961724917,82.48398693915018,-0.11459544114768505,79.68746684975596,-0.11672829420616229,87.37530958585147,-0.09941743221133947,85.48125954919779,-0.01560443127527833,76.44434545968608,-0.007924327626824379,24.76040380318186,-0.00507089754100889,71.02821611172503,-0.004776802728883922,66.26231279054865,0.005242614634335041,-51.35346136715418,0.0037384401075541973,-36.85590225709055,-0.0061414442729844365,4.970268582468147,-0.13878850961724917,82.48398693915018,-0.11459544114768505,79.68746684975596,-0.11672829420616229,87.37530958585147,-0.09941743221133947,85.48125954919779,-0.01560443127527833,76.44434545968608,-0.007924327626824379,24.76040380318186,-0.00507089754100889,71.02821611172503,-0.004776802728883922,66.26231279054865,0.005242614634335041,-51.35346136715418,0.0037384401075541973,-36.85590225709055,-0.0061414442729844365,4.970268582468147,-0.0014400672912597613,1.503946918215993,-0.0072038635611534115,7.155351461538212,-0.004171902139981587,7.175291969850356,-0.010954281687736512,16.855669148118146,-0.00048701688647270205,3.0680555007312917,0.0034756749868392945,-4.723707906750753,-0.00035525736709435816,5.093985287054641,-0.0005293525755405426,6.368415648598733,-0.001439540187517796,2.829044109371339,-0.0008177071809768677,1.8075038117877706,0.03324669805245599,-9.706943377287885
35,268.723424911499,0.9317646523316702,0.5227822224299113,0.2044912149508794,0.06412245656053225,0.48777430057525634,3.739858251610237,0.0,0.9160009324550629,0.5227841734886169,0.19660837948322296,0.07617484033107758,0.15318439155817032,0.7704696357250214,0.5529687404632568,3.742474981802501,-0.1349270402181028,82.6949688537708,-0.11169073888749788,80.09470500955413,-0.1137039480787335,87.77121186602655,-0.09693690682902481,85.9530892155324,-0.015152278948913921,76.54896800481174,-0.0076866484049594765,24.768304497593242,-0.004979825674584418,71.93233751173099,-0.004682147593209238,66.9789515650612,0.004881516791353321,-49.31062818607312,0.006920608155655138,-70.35983979453125,-0.0064902394869687935,5.416690558493196,-0.1349270402181028,82.6949688537708,-0.11169073888749788,80.09470500955413,-0.1137039480787335,87.77121186602655,-0.09693690682902481,85.9530892155324,-0.015152278948913921,76.54896800481174,-0.0076866484049594765,24.768304497593242,-0.004979825674584418,71.93233751173099,-0.004682147593209238,66.9789515650612,0.004881516791353321,-49.31062818607312,0.006920608155655138,-70.35983979453125,-0.0064902394869687935,5.416690558493196,-0.0045233792066574074,4.629873499382551,-0.004726612567901611,4.906855817386112,-0.008014207681020092,13.29222871116771,-0.008264884352684021,13.651195293951094,-0.0004869244992733002,3.0807547988083117,0.003386574983596802,-4.5975524273936355,-0.0005506480236848188,7.908321583125696,-0.0006696101278066635,8.08015590030145,-0.00018715302149454604,0.38222120913909174,0.0007708311080932617,-1.4136934693142247,0.04942985244198259,-15.229993158921962
36,276.16472005844116,0.9237167914708455,0.5157130400339762,0.20400187571843464,0.06316917339960734,0.5021284699440003,3.7261782374402403,0.0,0.9278609305620193,0.5393258333206177,0.19426754862070084,0.07568791136145592,0.15296638011932373,0.765093058347702,0.4440104067325592,3.7258004544246055,-0.1311952996487711,82.8444362997708,-0.10805689368177862,79.83697955039727,-0.11056763144100414,87.93657237388486,-0.09359930192722994,85.50862430693243,-0.014713035786853117,76.5823434236498,-0.007618705139440649,25.293294728668332,-0.0048613979535944325,72.34960833153079,-0.004558758810162544,67.19003051213043,0.005160124220100104,-53.7045252056759,0.003512403982527116,-36.79171393068937,-0.006701703448234319,5.762666509011611,-0.1311952996487711,82.8444362997708,-0.10805689368177862,79.83697955039727,-0.11056763144100414,87.93657237388486,-0.09359930192722994,85.50862430693243,-0.014713035786853117,76.5823434236498,-0.007618705139440649,25.293294728668332,-0.0048613979535944325,72.34960833153079,-0.004558758810162544,67.19003051213043,0.005160124220100104,-53.7045252056759,0.003512403982527116,-36.79171393068937,-0.006701703448234319,5.762666509011611,-0.0037189314762751335,3.8702339928424383,-0.001265476644039154,1.3455135816153319,-0.006966092983881633,11.90024384821114,-0.004197439551353455,7.220777393760505,-0.000543714314699173,3.432463517778294,0.002696305513381958,-3.652887027545295,-0.0006962583959102625,9.927861815140886,-0.0007596887648105621,9.12157769298748,8.74990224838279e-05,-0.17456042905248478,-2.6041269302368163e-05,0.05861575454367689,0.03802459797687141,-11.36442553183464
37,283.50675106048584,0.9125550627708435,0.5072282016277313,0.20266343057155609,0.06259137988090516,0.4950173596541087,3.720283967654924,0.0,0.9066543430089951,0.5166924595832825,0.1949809417128563,0.07469182461500168,0.15376701205968857,0.7672931253910065,0.5528646111488342,3.7155610659996734,-0.12776576905023482,83.0517354952446,-0.10557545636381421,80.29781246663927,-0.10765098021143958,88.13504754532181,-0.09157170397894723,86.11677007293424,-0.014269788137504033,76.45977450485277,-0.007338168791362218,25.078471501103998,-0.004739009255454654,72.60251993755345,-0.004456968179770878,67.62182437683838,0.004809517519814627,-51.527771852266405,0.006522169709205628,-70.32775940367934,-0.006678633915008092,5.911736207788635,-0.12776576905023482,83.0517354952446,-0.10557545636381421,80.29781246663927,-0.10765098021143958,88.13504754532181,-0.09157170397894723,86.11677007293424,-0.014269788137504033,76.45977450485277,-0.007338168791362218,25.078471501103998,-0.004739009255454654,72.60251993755345,-0.004456968179770878,67.62182437683838,0.004809517519814627,-51.527771852266405,0.006522169709205628,-70.32775940367934,-0.006678633915008092,5.911736207788635,-0.0016148132085800127,1.7387828722063114,0.0013359561562538147,-1.4955378493206728,-0.004397126634915672,7.977378227622027,-0.0017342805862426759,3.247501988085439,-0.0003963373601436615,2.51275211483455,0.0029738694429397583,-4.0320677608329,-0.0007259032875299443,10.392254804041432,-0.0008033957332372665,9.71155200138626,1.7352898915634628e-06,-0.0035056360967317462,-2.6041269302368163e-05,0.047080258856293467,0.008187823457256193,-2.2503876856855336
38,291.0202920436859,0.9188634216785431,0.5252383867899577,0.1968125174442927,0.06185363754630089,0.48937152822812396,3.757917144585217,0.0,0.9011493474245071,0.5293315649032593,0.18590889126062393,0.0741845965385437,0.15454193204641342,0.7508649826049805,0.5462499856948853,3.7751604609832725,-0.12404148771807,82.93457463589439,-0.10279572134216626,80.41743959489628,-0.1041603922843933,87.71375789706482,-0.08867695927619934,85.77716456490893,-0.013851879578497674,76.34114183466004,-0.007590668068991767,26.682580188119754,-0.004627862952097699,72.92544429138623,-0.004347253176901076,67.84170278823358,0.004519091160209089,-49.79954911512694,0.006157258732451333,-68.28991087775448,-0.005447750280416392,4.9599700767240895,-0.12404148771807,82.93457463589439,-0.10279572134216626,80.41743959489628,-0.1041603922843933,87.71375789706482,-0.08867695927619934,85.77716456490893,-0.013851879578497674,76.34114183466004,-0.007590668068991767,26.682580188119754,-0.004627862952097699,72.92544429138623,-0.004347253176901076,67.84170278823358,0.004519091160209089,-49.79954911512694,0.006157258732451333,-68.28991087775448,-0.005447750280416392,4.9599700767240895,0.001379069288571677,-1.523711017578732,0.0008670985698699951,-0.9715625689717176,-0.00044615149497985175,0.8422721875433683,-0.0006047189235687256,1.1295161021869449,-0.00041706785559654237,2.627818003960746,0.0014781594276428224,-2.0081412664390177,-0.0008027046422163641,11.486788574917288,-0.0009696390479803085,11.55970002794823,-0.0027555557092030893,5.330646792277206,0.0101666659116745,-22.867852444951282,0.03389893389373695,-9.915077422149162
39,298.86638593673706,0.902256723244985,0.515480516354243,0.193388103445371,0.061722803860902786,0.5148749987284342,3.7668396054954765,0.0,0.9331262856721878,0.5639113187789917,0.18460748344659805,0.07470478862524033,0.15349480509757996,0.7493281066417694,0.45244792103767395,3.7579376657114842,-0.12113784476443452,83.24299955082287,-0.09915321702892715,79.72255996523762,-0.10160897277496957,87.94201150837257,-0.08534569675857956,84.84802641904683,-0.013505805183101344,76.50144672819609,-0.007427052066132829,26.832646821674317,-0.004506321620565277,72.98271277298883,-0.004215700602209246,67.61620460516389,0.005086236547779391,-57.606313835686066,0.003455655397595586,-39.39116210940414,-0.005059366194181911,4.734315566719211,-0.12113784476443452,83.24299955082287,-0.09915321702892715,79.72255996523762,-0.10160897277496957,87.94201150837257,-0.08534569675857956,84.84802641904683,-0.013505805183101344,76.50144672819609,-0.007427052066132829,26.832646821674317,-0.004506321620565277,72.98271277298883,-0.004215700602209246,67.61620460516389,0.005086236547779391,-57.606313835686066,0.003455655397595586,-39.39116210940414,-0.005059366194181911,4.734315566719211,0.00013220191001892534,-0.14673861425331244,0.004309366643428803,-4.841807536356078,-0.0011375898122787497,2.1592027372542235,0.003081151843070984,-5.779690483954454,-0.00040344148874282837,2.5610581248432713,0.001366567611694336,-1.8576014690860565,-0.00085327426592509,12.145293975904345,-0.0008264433592557908,9.960842552993167,0.0026875001192092907,-5.507172403231729,-0.010114583373069762,18.27076856620572,0.05845348041020841,-18.368284642192094
40,306.3328740596771,0.9305364569028218,0.5447721044222514,0.19288217624028522,0.062045158942540486,0.4900243004163106,3.7958984549822743,0.0,0.8957817703485489,0.528187096118927,0.18379733711481094,0.07506370544433594,0.15270015597343445,0.7479259669780731,0.4528645873069763,3.802318833300057,-0.11720580322700636,82.71777929211132,-0.09752667224720905,80.53408052974177,-0.09816422117383856,87.25683016665371,-0.08403986849282917,85.80791578448361,-0.013171301076286718,76.62309973635004,-0.00726850173975292,26.969557271275335,-0.00437925118103362,72.84161160316319,-0.004095315933227539,67.4606176736264,0.004298422472518787,-49.99936658268438,0.0033756819994826067,-39.51952958064071,-0.004161518413103497,3.999399436718673,-0.11720580322700636,82.71777929211132,-0.09752667224720905,80.53408052974177,-0.09816422117383856,87.25683016665371,-0.08403986849282917,85.80791578448361,-0.013171301076286718,76.62309973635004,-0.00726850173975292,26.969557271275335,-0.00437925118103362,72.84161160316319,-0.004095315933227539,67.4606176736264,0.004298422472518787,-49.99936658268438,0.0033756819994826067,-39.51952958064071,-0.004161518413103497,3.999399436718673,0.002946355541547141,-3.269830372973993,0.0021060794591903687,-2.4077157374311073,0.0017439248164494935,-3.3070664870483166,0.0010054320096969604,-1.9404910405713307,-0.0004940457642078399,3.134000514694918,0.0012514561414718628,-1.7017089101483238,-0.0007890068988005323,11.281966501690853,-0.0008157916367053985,9.802640455076391,-0.0019767371813456227,3.8775391773263266,-0.010072916746139526,18.195502856339342,0.06793359454326194,-21.797603717269375
41,314.02197885513306,0.925225434700648,0.5401159604390462,0.19255473713080087,0.062045825024445854,0.4964132050673167,3.7854013684249432,0.0,0.8961907625198364,0.5291424691677094,0.18352414667606354,0.0746886320412159,0.15234438329935074,0.7475421130657196,0.45218750834465027,3.7778066012846416,-0.11433670627765166,82.81641729517027,-0.0950155013646835,80.52519286431502,-0.09576657816895053,87.36574549668777,-0.08186050332509555,85.78224545882594,-0.012842697783922538,76.67756505281005,-0.00709197230828114,27.00703828196359,-0.004266945610189031,72.84132004599098,-0.003999925099122219,67.62320832635706,0.004352024579659486,-51.95504847436588,0.003271765051743923,-39.31093358757701,-0.004323968878340101,4.264877195309882,-0.11433670627765166,82.81641729517027,-0.0950155013646835,80.52519286431502,-0.09576657816895053,87.36574549668777,-0.08186050332509555,85.78224545882594,-0.012842697783922538,76.67756505281005,-0.00709197230828114,27.00703828196359,-0.004266945610189031,72.84132004599098,-0.003999925099122219,67.62320832635706,0.004352024579659486,-51.95504847436588,0.003271765051743923,-39.31093358757701,-0.004323968878340101,4.264877195309882,-0.0007989515860875485,0.8561281466899051,-0.008602799475193023,8.758537150205068,-0.0009839347998301217,1.7891177423596316,-0.008755406737327576,14.197269189212802,-0.0005383610725402832,3.4132246204550967,0.00039386749267578125,-0.5296741145542913,-0.0008247646441062288,11.73316137204758,-0.0008859332650899887,10.603888058252029,0.0002107648054758715,-0.42638566871405204,0.0015989601612091064,-3.6656759157477063,0.003462814329883068,-0.9232267913948964
42,321.57386898994446,0.9385466277599335,0.55415580868721,0.1921954095363617,0.06184469188253085,0.5082361161708832,3.786096488432486,0.0,0.8811062276363373,0.5130271315574646,0.18403954803943634,0.0744929164648056,0.15225711464881897,0.7474386692047119,0.5451562404632568,3.7895431515433655,-0.11114525879422824,82.56901183691534,-0.09301722720265389,80.85298960120802,-0.09302141750852266,87.0373289547826,-0.08021687418222427,86.21525533393765,-0.01252381205558777,76.6909250296,-0.0069172590970993045,27.017138948741458,-0.00416530029848218,72.92935998465344,-0.0039048198610544204,67.70804911499577,0.004538796742757161,-55.57411221302476,0.005514189228415489,-67.95294741345421,-0.0041984916561930265,4.247297183889903,-0.11114525879422824,82.56901183691534,-0.09301722720265389,80.85298960120802,-0.09302141750852266,87.0373289547826,-0.08021687418222427,86.21525533393765,-0.01252381205558777,76.6909250296,-0.0069172590970993045,27.017138948741458,-0.00416530029848218,72.92935998465344,-0.0039048198610544204,67.70804911499577,0.004538796742757161,-55.57411221302476,0.005514189228415489,-67.95294741345421,-0.0041984916561930265,4.247297183889903,0.00012795348962147958,-0.13651763792381896,-0.0026731833815574644,2.944559712865776,7.355312506357459e-05,-0.13290645114102143,-0.0023975402116775514,4.464672066392823,-0.0005404032766819,3.4276249129232133,-0.00024776458740234376,0.3303896480453694,-0.0008406332880258563,11.966135595378862,-0.0008988194167613983,10.766740043972835,0.0005531259377797415,-1.1002995700266511,-0.00078125,1.4128285069884738,-0.0004268754881525449,0.11262120158618726
43,329.01383090019226,0.9030851264794667,0.5195149858792623,0.19178507030010222,0.062285012751817706,0.49568749268849693,3.7525900098154303,0.0,0.8776841014623642,0.5114312171936035,0.18312644213438034,0.07527108117938042,0.1512940302491188,0.7469260692596436,0.45244792103767395,3.745595819964258,-0.10929931348901453,83.22761418098891,-0.0908319808361007,80.92735462483839,-0.09159750056460621,87.84763822837634,-0.07829928979641054,86.25813663720896,-0.012241843088370999,76.83836383091455,-0.006761047898269281,27.067191230095343,-0.004052968074878057,72.7366228655754,-0.0037906007250634636,67.37072232023449,0.004122030395802443,-51.73290357858888,0.003118518285635041,-39.39116210940414,-0.004913320606457972,5.094696583042987,-0.10929931348901453,83.22761418098891,-0.0908319808361007,80.92735462483839,-0.09159750056460621,87.84763822837634,-0.07829928979641054,86.25813663720896,-0.012241843088370999,76.83836383091455,-0.006761047898269281,27.067191230095343,-0.004052968074878057,72.7366228655754,-0.0037906007250634636,67.37072232023449,0.004122030395802443,-51.73290357858888,0.003118518285635041,-39.39116210940414,-0.004913320606457972,5.094696583042987,-0.0038576479752858495,4.096639333869259,-0.0038643792271614076,4.2172449988554925,-0.00330321907997132,5.97816660619815,-0.00332777202129364,6.109266422426955,-0.0005454279482364655,3.479641657194306,-0.00029990077018737793,0.39990764331083634,-0.0007556081314881641,10.818961838807198,-0.0007248662412166595,8.7841552780941,4.756907622019968e-05,-0.09605804230667274,-0.010843750834465028,19.33327247671012,-0.0028125995764084256,0.7439330466127686
44,336.6505789756775,0.9164346337318421,0.5269088447093964,0.19476289451122283,0.06249015728632609,0.4957361082235972,3.7412964592103273,0.0,0.9465058743953705,0.5590960681438446,0.19370490312576294,0.07457976043224335,0.1509094536304474,0.768201470375061,0.4595312476158142,3.7480595818574804,-0.1063791034713624,82.97968286248366,-0.08703070098445528,79.43181281537176,-0.08924056343616,87.67468297235031,-0.07530014358815693,84.97740944077336,-0.011959527220044817,76.89723874954906,-0.006093513397943406,24.989777112535105,-0.003951584441321237,72.6468270613479,-0.0037168083446366446,67.67040310428436,0.004025044327690487,-51.74778508439365,0.0032129184830756415,-41.57340912042574,-0.00506523084452095,5.380317406002217,-0.1063791034713624,82.97968286248366,-0.08703070098445528,79.43181281537176,-0.08924056343616,87.67468297235031,-0.07530014358815693,84.97740944077336,-0.011959527220044817,76.89723874954906,-0.006093513397943406,24.989777112535105,-0.003951584441321237,72.6468270613479,-0.0037168083446366446,67.67040310428436,0.004025044327690487,-51.74778508439365,0.0032129184830756415,-41.57340912042574,-0.00506523084452095,5.380317406002217,-0.00037728190422057215,0.4099965753192088,0.005145314335823059,-5.748615871894989,-0.0006554551919301322,1.2286788485815148,0.0032948940992355348,-6.262305597055675,-0.0004110917448997498,2.6518562820951663,0.0020465105772018433,-2.7369413527029574,-0.0006108711411555612,8.9049739850072,-0.000580933690071106,7.2265233637965,0.0009621528784434008,-1.9792717995692481,-0.010124999284744262,18.0551676022188,-0.0025811932590369844,0.6851921926788948
45,344.67066502571106,0.9367738942305247,0.5323216358820597,0.2022261291742325,0.06197438935438792,0.5014479180177053,3.727344507889136,0.0,0.9035373330116272,0.5169810354709625,0.19327814877033234,0.07421913370490074,0.1507980152964592,0.7675074636936188,0.4597916603088379,3.7228160532533217,-0.1034321647743846,82.60193561102892,-0.08600599959839222,80.36554711765048,-0.08703932263130366,87.54806834464497,-0.07452839682268542,86.10901620440808,-0.011683990269206291,76.91429886846369,-0.005967943474303844,25.057542663458822,-0.0038716817318007004,72.87258884610185,-0.003638757609350737,67.8267312643272,0.0040642714315606635,-53.49620419428085,0.003144255557725596,-41.65363764225287,-0.005271898762583049,5.733170813897259,-0.1034321647743846,82.60193561102892,-0.08600599959839222,80.36554711765048,-0.08703932263130366,87.54806834464497,-0.07452839682268542,86.10901620440808,-0.011683990269206291,76.91429886846369,-0.005967943474303844,25.057542663458822,-0.0038716817318007004,72.87258884610185,-0.003638757609350737,67.8267312643272,0.0040642714315606635,-53.49620419428085,0.003144255557725596,-41.65363764225287,-0.005271898762583049,5.733170813897259,-0.0006350777546564768,0.6733762498862711,-0.003120386600494385,3.338235870824248,-0.0007385458548863743,1.3684197641780307,-0.0023363232612609863,4.323768010988947,-0.0003069780766963959,1.9950768422643932,-0.00030430853366851806,0.3949235180631223,-0.0004213593155145641,6.366100000915914,-0.0003608889877796173,4.637005684670268,0.0007000003258387233,-1.4157210596781702,0.0015572905540466309,-3.5056839391183447,-0.003016543005556915,0.8028037331571006
46,352.50779390335083,0.916273428996404,0.513667901357015,0.20130276381969453,0.061952986071507135,0.4909166693687439,3.7058348088302093,0.0,0.8850782513618469,0.49855031073093414,0.1932639703154564,0.07409234717488289,0.15122930705547333,0.7674817740917206,0.538489580154419,3.701895187704956,-0.10154735342119679,82.98267680839125,-0.0844708423722874,80.76667494675301,-0.08548510471979777,87.98441173511812,-0.07325344972989777,86.60423920320054,-0.0114086429503831,76.84827231878052,-0.005832892249930988,25.060051097559228,-0.003784175403416157,72.88195748467659,-0.003558940084820444,67.88169198535293,0.0037325550660942536,-50.27252605152975,0.004861384291540493,-65.89906787366918,-0.005640939678409043,6.277164298465343,-0.10154735342119679,82.98267680839125,-0.0844708423722874,80.76667494675301,-0.08548510471979777,87.98441173511812,-0.07325344972989777,86.60423920320054,-0.0114086429503831,76.84827231878052,-0.005832892249930988,25.060051097559228,-0.003784175403416157,72.88195748467659,-0.003558940084820444,67.88169198535293,0.0037325550660942536,-50.27252605152975,0.004861384291540493,-65.89906787366918,-0.005640939678409043,6.277164298465343,-0.0015491223335266202,1.6625682565335136,-0.0030922681093215943,3.3758351108155606,-0.0009114321072896337,1.7434259777489431,-0.00242338627576828,4.635538714947435,-0.0001955084502696991,1.2762948514598278,-0.00029878616333007814,0.3877974542746473,-0.00021694704890251186,3.3833240418309876,-0.0002082493156194687,2.733833306566286,0.000314236879348756,-0.6442259852111129,-0.001447916030883789,2.6184410165225223,-0.003402344278002767,0.909752201580862
47,359.9701340198517,0.9277941823005676,0.5262579321861267,0.20076812505722047,0.06189937914411227,0.5020133455594381,3.712597413229873,0.0,0.9127157628536224,0.5244070887565613,0.19415433704853058,0.07448296248912811,0.15084686875343323,0.7693428695201874,0.5296875238418579,3.7132287185718242,-0.09903472882729988,82.7687096931356,-0.08197954561975267,80.16609387794213,-0.08330565726315534,87.68990895173388,-0.07105100022421942,85.90948241346065,-0.011163616180419922,76.90681988205444,-0.005661914745966594,24.878326396048337,-0.0037012738817267955,72.90542229288667,-0.003471172187063429,67.71236406612056,0.003896202202196475,-53.66928494361567,0.004557752278116015,-63.187310782275375,-0.005365305365562979,6.106133884601797,-0.09903472882729988,82.7687096931356,-0.08197954561975267,80.16609387794213,-0.08330565726315534,87.68990895173388,-0.07105100022421942,85.90948241346065,-0.011163616180419922,76.90681988205444,-0.005661914745966594,24.878326396048337,-0.0037012738817267955,72.90542229288667,-0.003471172187063429,67.71236406612056,0.003896202202196475,-53.66928494361567,0.004557752278116015,-63.187310782275375,-0.005365305365562979,6.106133884601797,0.00040773908297221385,-0.44141135761207273,-0.0015145167708396912,1.6322669927726403,0.0010544892152150487,-2.0447208686939096,-0.0014918744564056396,2.7661839360080354,-0.00021195113658905028,1.3856060163266897,0.00042498111724853516,-0.5554633029429467,-0.0001269794255495074,2.010148601220999,-0.00012049488723278045,1.5919964637066533,-1.1512438456218189e-05,0.0229272768729925,0.008567711710929871,-19.29619572203059,-0.0013580824210367216,0.3644706008399852
48,367.27790808677673,0.9889496246973674,0.5563142875830333,0.21631766855716705,0.062083685646454494,0.49932985901832583,3.7262137295038014,0.0,0.9648495614528656,0.5412687063217163,0.21179042756557465,0.07422444969415665,0.15108128637075424,0.8039934933185577,0.4829166531562805,3.727922141011413,-0.09555233380068903,81.63291125649205,-0.07906403813673102,79.03319258568135,-0.08084126568358876,86.98683836811729,-0.06913985635923303,85.45642042415254,-0.01091583283699077,76.87093283776674,-0.004785555212394051,21.494902757147376,-0.0036168047429426856,72.82474770586032,-0.0034013317654962125,67.82442683496527,0.003753165490385415,-52.847853677741654,0.0034419126484705053,-48.77803688666509,-0.004952661416878387,5.761768892951146,-0.09555233380068903,81.63291125649205,-0.07906403813673102,79.03319258568135,-0.08084126568358876,86.98683836811729,-0.06913985635923303,85.45642042415254,-0.01091583283699077,76.87093283776674,-0.004785555212394051,21.494902757147376,-0.0036168047429426856,72.82474770586032,-0.0034013317654962125,67.82442683496527,0.003753165490385415,-52.847853677741654,0.0034419126484705053,-48.77803688666509,-0.004952661416878387,5.761768892951146,0.007639456192652383,-8.371501626933352,0.0058195218443870544,-6.418677513939089,0.004908608595530195,-9.677317979911452,0.0024576246738433837,-4.756455466420938,-0.0002685725688934326,1.746620196984639,0.003670036792755127,-4.7830961484047,-5.0769423445066325e-05,0.8111248472500064,-4.6737492084503174e-05,0.6257377206328959,0.0004312499364217126,-0.8711814404307895,-0.006994795799255371,12.651914516142421,0.0005929761848877391,-0.1593900331381211
49,374.5814599990845,0.9456528723239899,0.5086795190970103,0.21848667661348978,0.06230449726184209,0.4997673511505127,3.6838170006550888,0.0,0.9297715872526169,0.5067290365695953,0.21152127534151077,0.07486949488520622,0.15113501250743866,0.8033903241157532,0.4831250011920929,3.681922875058157,-0.09444051291925687,82.43703238995307,-0.0781281644359548,79.7954597399863,-0.08013474446661929,88.10109869800934,-0.06840368217610299,86.38448153261221,-0.010682437965210448,76.86270789175529,-0.004696568276019807,21.553798578212568,-0.003535153331063318,72.72809411168092,-0.0033152386387611957,67.54480605199025,0.003682619248721616,-52.98177263371422,0.003373113401392673,-48.84222521306627,-0.005749343702662094,6.834008174287246,-0.09444051291925687,82.43703238995307,-0.0781281644359548,79.7954597399863,-0.08013474446661929,88.10109869800934,-0.06840368217610299,86.38448153261221,-0.010682437965210448,76.86270789175529,-0.004696568276019807,21.553798578212568,-0.003535153331063318,72.72809411168092,-0.0033152386387611957,67.54480605199025,0.003682619248721616,-52.98177263371422,0.003373113401392673,-48.84222521306627,-0.005749343702662094,6.834008174287246,0.0026789450645446798,-2.9154986490276107,0.002862223982810974,-3.176192704340558,-0.0016558867692947454,3.152638517940108,-0.002260252833366394,4.270013321006991,-0.0003406919538974762,2.2045275957541186,0.00525253415107727,-6.995311104873505,4.508597155412006e-05,-0.728913825324674,6.848983466625213e-05,-0.9232352518176362,0.001039582292238872,-2.1243211594326006,-0.0063124984502792355,11.55606153883757,-0.007410014393012832,1.9718408117884987
50,381.88279700279236,0.9319962620735168,0.4965337892373403,0.21773123641808828,0.06236794665455818,0.4997048536936442,3.6623337734164827,0.0,0.9221447855234146,0.4993015229701996,0.2114216312766075,0.07438625767827034,0.15112634003162384,0.8032260239124298,0.48354166746139526,3.6636213914628017,-0.09275751494699054,82.69066732356531,-0.07665938604623079,79.96119509338438,-0.07871830666230785,88.38520850667119,-0.06713334533075492,86.5840545613535,-0.01046006785084804,76.86403556297388,-0.004602146024505298,21.569841498393032,-0.00346018244098458,72.70032106249712,-0.003256238608931502,67.7542846560338,0.0036045959840218223,-52.96264178870237,0.0033115207528074584,-48.97059268430283,-0.006077132942994261,7.377332170279982,-0.09275751494699054,82.69066732356531,-0.07665938604623079,79.96119509338438,-0.07871830666230785,88.38520850667119,-0.06713334533075492,86.5840545613535,-0.01046006785084804,76.86403556297388,-0.004602146024505298,21.569841498393032,-0.00346018244098458,72.70032106249712,-0.003256238608931502,67.7542846560338,0.0036045959840218223,-52.96264178870237,0.0033115207528074584,-48.97059268430283,-0.006077132942994261,7.377332170279982,0.0029739538828531865,-3.296128259546019,-0.0010981500148773194,1.1768503703507345,-0.0018946727116902651,3.675546701726799,-0.006460979580879211,11.45743907901838,-0.00023684650659561157,1.543026204991388,0.00538979172706604,-7.19283272480093,6.451427936553927e-05,-1.045225999630984,-3.1853094696998596e-05,0.4263862502414801,-0.0015170145034790028,2.9463743767429214,0.0031093746423721314,-6.872337119465344,-0.010450583207899378,2.77436373788067
51,389.21751499176025,0.9241209308306376,0.48778879046440127,0.21816607018311818,0.061900478601455686,0.4980902870496114,3.656007764321009,0.0,0.9205322563648224,0.4979754090309143,0.21127842366695404,0.07420772686600685,0.15115074068307877,0.8029352128505707,0.48359376192092896,3.6581970331487703,-0.09102522548364132,82.83693049431754,-0.0751278175383198,79.99623639896083,-0.07729027997068807,88.58976928291385,-0.06579034060848002,86.61968648201947,-0.010246099105903081,76.86030006190781,-0.004514159596696192,21.598237438012287,-0.0033991066371502517,72.90494103874745,-0.0031934282457341955,67.83167601744996,0.003498082461000299,-52.46841329084074,0.0032450018488630957,-48.986642061294575,-0.006082212048146903,7.537320821066242,-0.09102522548364132,82.83693049431754,-0.0751278175383198,79.99623639896083,-0.07729027997068807,88.58976928291385,-0.06579034060848002,86.61968648201947,-0.010246099105903081,76.86030006190781,-0.004514159596696192,21.598237438012287,-0.0033991066371502517,72.90494103874745,-0.0031934282457341955,67.83167601744996,0.003498082461000299,-52.46841329084074,0.0032450018488630957,-48.986642061294575,-0.006082212048146903,7.537320821066242,-0.0006415526072184208,0.6894438175520292,0.00247504860162735,-2.7630039855179325,-0.005698331395785017,10.46002787133949,-0.0030211687088012697,5.719883599960233,-0.00015494152903556825,1.0146782630826108,0.005500924587249756,-7.354905204689899,-1.4468034108480049e-05,0.23318554348259107,-8.559785783290863e-05,1.1403361628128572,0.000806598663330077,-1.6460380896310935,0.0030729174613952637,-6.785510608521643,-0.013989069066126536,3.68531172054018
52,396.4563868045807,0.922767146428426,0.48604118824005127,0.21836297909418742,0.06176402444640795,0.5002777854601542,3.6519608448991603,0.0,0.9193802326917648,0.49760356545448303,0.2108883336186409,0.07404927909374237,0.15086198598146439,0.8022303879261017,0.4832812547683716,3.6486120667408577,-0.08923179666201272,82.86207341124074,-0.07364830166101456,80.02127062134609,-0.07577942641576131,88.63064874749224,-0.06448197066783905,86.629677705566,-0.010046952217817307,76.90450558230998,-0.004437972903251648,21.66705932487388,-0.003333853587508202,72.96466971064241,-0.003132728636264801,67.90036157740144,0.0034718707799911495,-53.1380196260843,0.003173851668834686,-48.890364162475706,-0.006041506195620938,7.639669895873221,-0.08923179666201272,82.86207341124074,-0.07364830166101456,80.02127062134609,-0.07577942641576131,88.63064874749224,-0.06448197066783905,86.629677705566,-0.010046952217817307,76.90450558230998,-0.004437972903251648,21.66705932487388,-0.003333853587508202,72.96466971064241,-0.003132728636264801,67.90036157740144,0.0034718707799911495,-53.1380196260843,0.003173851668834686,-48.890364162475706,-0.006041506195620938,7.639669895873221,-0.00024582882722219425,0.2656961406402872,0.0023189470171928405,-2.587559606921872,-0.005407477219899493,10.011696776195791,-0.003153890371322632,5.960380341958567,-0.00014823973178863526,0.9730567584979486,0.005468827486038208,-7.3157450134952065,-2.81800578037901e-05,0.45418136986150554,-6.39352947473526e-05,0.8560244444170673,0.00038645803928375464,-0.7785007234675568,0.0031093746423721314,-6.876294866602583,-0.013344052352578295,3.5251353961787633
53,403.85794281959534,0.9309304038683573,0.4949650506178538,0.21798267662525178,0.061898441364367805,0.4997916618982951,3.655270336808378,0.0,0.9358665645122528,0.5145036578178406,0.21068145334720612,0.07443154603242874,0.1501551792025566,0.8019428551197052,0.48390623927116394,3.6569422352560848,-0.08732208971883736,82.7104627830642,-0.0718809559064753,79.66301192687332,-0.07411857761588751,88.42190403951872,-0.06288624394173715,86.17558192050583,-0.00986381211117202,77.01271078662603,-0.004356591724881939,21.695135162693777,-0.003265848283479416,72.90583277755564,-0.0030638071544030134,67.73465259734219,0.003394263047798007,-52.9892142988835,0.003123873881265229,-49.08291077854766,-0.005858153291604496,7.555970815243917,-0.0666013011932373,78.15227892551934,-0.0614946186542511,76.6651586163947,-0.06097791977723439,86.03316989284261,-0.05711682200431824,84.73439084854927,-0.008687101155519485,74.31094107457491,-0.0008645027875900269,5.114384318955883,-0.0028366223722696305,69.61734891534749,-0.0024826441705226897,62.51503896171728,0.003404333670934042,-51.64733208754511,0.0030199122428894044,-45.3562006859597,-0.0036016192280155313,4.6952924881968965,-0.0007616223891576124,0.8114912638655011,0.005476033687591553,-6.214952880632345,-0.005919075806935625,10.681248331507813,0.00014765262603759765,-0.28780666158795337,-0.00021019354462623597,1.3805170622801264,0.005450418591499329,-7.292128192000918,5.374948183695799e-06,-0.08691042060497435,-6.1370432376861576e-06,0.0823842524756783,-0.0008444454272588054,1.661521880068199,-0.006125000119209289,11.235311392573356,-0.013082615162410827,3.455436279128552
54,411.17911100387573,0.929951790968577,0.4947010278701782,0.21762538154919941,0.062108491112788516,0.496461812655131,3.6501677645003374,0.0,0.9384968876838684,0.5176229178905487,0.21043698489665985,0.07445332035422325,0.14998434484004974,0.8032289147377014,0.5144791603088379,3.648825363048524,-0.08566163824154781,82.72863789484639,-0.07044804669343509,79.60585329657489,-0.07269829771457574,88.4280799921532,-0.06161690732607475,86.09176919208582,-0.009677408692928461,77.03886385653267,-0.004248079199057359,21.569559226806327,-0.00319900409055826,72.81388986456302,-0.0030044690490915226,67.72521364175674,0.003264953196048736,-51.96992754745893,0.0036517401727346275,-58.50188430979208,-0.005843622888074418,7.685017999144874,-0.05628757282098133,75.1637360042642,-0.052593636810779575,73.6981536193594,-0.05425523900985718,84.57656312146572,-0.05035517513751984,82.94702369083913,-0.00669920951128006,69.07187405051903,-2.2109746932983398e-05,0.13744126121976286,-0.002175723607341449,63.65685917825257,-0.0018870500475168229,55.89410415464118,0.0032009919087092075,-47.57544085592799,0.00348175436258316,-51.1433886276329,-0.0033543670123373916,4.392963686181632,0.002686666448911035,-2.974986931059949,0.006081278622150421,-6.928778374836714,-0.002481395800908404,4.776370015022226,0.0006191700696945191,-1.210661470944451,-0.00013096854090690612,0.8656557082341915,0.005630284547805786,-7.537940874639106,-1.765216390291896e-05,0.2834094932798068,-8.177608251571655e-05,1.0864209897667592,7.743199666340739e-05,-0.15621131823083478,0.006203123927116394,-13.710139087145631,-0.010242224531509293,2.729374779743938
55,418.4630799293518,0.9793384691079458,0.5463022629419962,0.21651810308297476,0.062420046081145604,0.5031145811080933,3.6912004173135218,0.0,0.9864917397499084,0.5741976797580719,0.20614702999591827,0.07507194951176643,0.1499154344201088,0.7918111085891724,0.47583332657814026,3.7165856294291464,-0.08311355680039843,81.81141271220835,-0.06821327501872801,78.56289399975758,-0.07035302351105888,87.22103708963901,-0.059386875831855916,84.57163780153043,-0.009496116272683413,77.0494133677877,-0.004383357066028523,22.6844388737678,-0.0031327671271824988,72.67751611708916,-0.002936108705570113,67.45704395100695,0.00332887423863201,-54.00637972568316,0.002853672740594396,-46.5957898756435,-0.004959164855975196,6.647277037555134,-0.04798458433151245,71.01320558833791,-0.04593396037817001,69.95325240801759,-0.047534746964772535,81.31047349299027,-0.045009486079216,79.67205809850878,-0.0045687280595302585,60.3767129950649,0.00037974655628204347,-2.456876753334331,-0.001686076348026594,57.457468335680076,-0.0014752032607793807,49.55930664077948,0.0031436825990676875,-45.43807271915696,0.0024568590521812437,-34.80065227496068,0.007048184821891485,-10.554994981556893,0.006290383537610367,-6.86397404252947,0.003998586535453796,-4.224576564839706,0.001939341823259988,-3.6806021434876164,0.0015101611614227294,-2.7010763399505686,-9.940192103385925e-05,0.6586858453366237,0.002360963821411133,-3.0733654027743964,-7.0111205180488355e-06,0.11219559723500629,4.9218907952308656e-05,-0.6599499336958135,0.0007378472884496057,-1.4883872209623399,0.001630207896232605,-3.547545253321971,-0.00500960418968055,1.3390021999854893
56,425.7372570037842,1.0550319890181223,0.6283140897750854,0.21335894962151844,0.06279817273219426,0.5004375060399373,3.7492794255904145,0.0,1.0177830755710602,0.6061315834522247,0.20582574605941772,0.07530248165130615,0.14981891214847565,0.7911402881145477,0.4751562476158142,3.7608898562955035,-0.08017268500946186,80.40560845001032,-0.06637059704021171,77.8829129559657,-0.06753145220838946,85.30263739700901,-0.05769575028507798,83.71359213194148,-0.009322049717108408,77.06418998345521,-0.004314606388409932,22.749940431965157,-0.0030677505757337738,72.51200263259821,-0.0028774672084384495,67.35711052269303,0.0032176529551729734,-53.186911049993945,0.002788288449799573,-46.3871938825798,-0.0037917912794406057,5.178423289008922,-0.04200914629300435,66.56518569745681,-0.040631977319717405,66.6232995709482,-0.042536283651987715,77.19474276115714,-0.0405843585729599,76.99995462957878,-0.0024357157945632934,44.83935251735014,0.00047761857509613035,-3.1124975490340785,-0.0013200097382068633,51.24314732274251,-0.001143089234828949,43.149464480677594,0.002773951967557271,-38.341801786335,0.0019934242963790894,-26.544657206849937,0.014976804395361799,-24.957686805150807,0.011825809478759764,-12.623974207216351,0.011424574255943298,-12.644274717308532,0.009599245389302569,-18.032792098327114,0.00891505479812622,-17.244452284414514,-9.79103147983551e-05,0.6492811898476895,0.0023632824420928957,-3.0791654203851415,8.237833778063433e-05,-1.329231939819053,0.00010833479464054108,-1.4596612656688508,-0.00010104119777679666,0.20149888781316877,0.0015364587306976318,-3.34164114604777,0.0021934917701278422,-0.5884864587872659
57,432.91372299194336,0.962309883038203,0.5345908482869466,0.21385951737562817,0.06321462293465932,0.5002326409022013,3.6754920995100844,0.0,0.9357867538928986,0.5229859054088593,0.20640042424201965,0.07575956732034683,0.1499587818980217,0.7944977581501007,0.522656261920929,3.659423378779773,-0.08040085629983382,82.12767305925598,-0.06665470112453807,79.6647462634502,-0.06800766655893037,87.494987508037,-0.05815847624431957,85.94766879458294,-0.00915001481771469,77.04277729291671,-0.004175114089792425,22.422103809129933,-0.003004401470675613,72.32971417465482,-0.0028168389743024654,67.15896835461353,0.0031554253534837196,-53.12420060712577,0.0036012289198962123,-61.02110396667973,-0.005064437366729506,7.044550031249039,-0.03943356962998708,67.20130540838467,-0.0400974777340889,68.17766929737225,-0.04027370484670003,79.02147062265648,-0.04013882219791412,79.3280240004908,-0.0015248814225196838,33.70606077983143,0.00043862700462341306,-2.838765704329205,-0.001025818218787511,44.7933905061738,-0.0008839641511440277,36.84480443415902,0.002236762205759684,-28.79497559121662,0.002333533763885498,-28.73954645630356,0.012317241207803935,-20.128644722266863,0.004603645404179901,-5.024313985861494,0.005070850253105164,-5.729267717631496,0.0020922946929931574,-4.07324399181982,0.002443559467792511,-4.901329745858471,-0.00012705251574516297,0.8401315738262166,0.002701598405838013,-3.5200815146851276,0.00012616368631521852,-2.0364423785739456,0.00016672201454639434,-2.2501921035498342,0.0009315971533457423,-1.897668609508936,-0.0015833318233489991,2.9403202618980258,-0.003034270932012495,0.8187820257887585
58,440.1469509601593,0.9284593065579733,0.5037600974241893,0.21234960456689198,0.0638467957576116,0.5006423592567444,3.6433335585061175,0.0,0.922780841588974,0.5101475715637207,0.20631663501262665,0.07652302086353302,0.15035665035247803,0.7942607402801514,0.5227083563804626,3.642815787378793,-0.07956960130305517,82.75635679268836,-0.06569668703845569,79.94737318211024,-0.06734379306435585,88.21617255247017,-0.05734918798719134,86.2926274587683,-0.008979516902140208,76.98186752423581,-0.004104790943009513,22.445247169223386,-0.0029394626440036866,72.05299967585626,-0.002752905179347311,66.82801870880127,0.003106394871359779,-53.24961784379454,0.00353785151881831,-61.03715334367147,-0.005548260645965887,7.85785926125955,-0.03950896608829498,68.02724359929043,-0.035115570425987244,65.54936006369022,-0.03973153626918793,79.77140782748738,-0.034479758739471435,77.1657730869817,-0.001222459077835083,28.902528974456033,-0.0003388577699661255,2.0886110339298587,-0.0007981930871804554,38.464745386103374,-0.0007025281339883804,31.461340614230615,0.001262174487113953,-14.423742387249932,0.0010722172260284424,-11.428511527734543,0.003622102836144352,-5.230883697150586,6.651242574056138e-05,-0.0716887721537944,0.0010065078735351563,-1.10276157649375,-0.002249783476193745,4.275058557023407,-0.0014259517192840576,2.7191694198207315,-4.902184009552002e-05,0.32497751196711067,0.002491787075996399,-3.238851199791376,0.0001947416613499328,-3.1461003978172566,0.00020400583744049073,-2.7389597650639685,-0.0001370986302693722,0.2730975809350068,-0.0006979167461395264,1.317600877357826,-0.0069263854723755625,1.8656441034229372
59,447.45653200149536,0.9392693161964416,0.5120798389116923,0.2135947386423747,0.06469379911820093,0.5038506905237834,3.6510221020450038,0.0,0.9048832207918167,0.49260562658309937,0.20613879710435867,0.07812391594052315,0.1523190140724182,0.7912480235099792,0.47583332657814026,3.650432815820781,-0.07798399409355475,82.55558983612201,-0.06485810692895923,80.33630010234788,-0.06601636263362148,88.02155928596082,-0.056650815302865545,86.76396945537942,-0.008787554084208974,76.68144883330777,-0.004085631746994822,22.739420722831767,-0.0028730334158529316,71.68224961844058,-0.002676522718709812,66.13404634670917,0.0031081832291787134,-54.23170721657547,0.002653415004412333,-46.5957898756435,-0.00531603601114392,7.663411278537247,-0.02858701570828756,60.345294901547284,-0.022424257695674896,55.33858348072967,-0.027525806983311973,72.8824442291644,-0.021021783351898193,68.08918262593458,-0.0013528548181056977,30.752046378308645,-0.0011331033706665039,6.681796821261604,-0.0006598794360955557,33.774925451816955,-0.0006337279081344605,28.855573778060922,0.00046855243047078555,-4.876456405869922,-0.000610361099243164,6.027050794119221,-0.0007883864917001127,1.0681465989558347,-0.004968030850092575,5.023542884313105,-0.005996634066104889,6.21509746770801,-0.004423444867134097,7.951341473454194,-0.004866307973861695,8.99055851008184,0.0001237727701663971,-0.8192462027537817,-0.001274546980857849,1.5852702682916477,0.00026101134717464375,-4.2041857608295805,0.0003899466246366501,-5.253614223391794,0.0004520831505457568,-0.9053797652608732,-0.0007083326578140259,1.4667803505728279,-0.007519162745879759,2.0179096776826713
60,454.729779958725,0.9445501228173574,0.5047155062357584,0.21991730829079945,0.06597258299589157,0.5021250049273173,3.631012253416876,0.0,0.9836442321538925,0.5384117662906647,0.22261623293161392,0.07974233105778694,0.1545623391866684,0.8227582275867462,0.48395833373069763,3.636273649800651,-0.07654839408123629,82.45751300650255,-0.06238191523428621,78.62477218860867,-0.06500512073779928,88.1938238737341,-0.054884316078547775,85.53318476356426,-0.008597366511821747,76.33801770109669,-0.003471910439688584,19.66264005763229,-0.002801450359067698,71.12250072234866,-0.0026024720663654394,65.43247921847191,0.0030248406632193193,-53.703464543363424,0.0027477528000700063,-49.098960155539395,-0.005569377607988468,8.169472625610236,-0.012793359200159705,40.37751916498655,-0.005539264678955078,21.97061665866903,-0.013200018723805744,56.666233269235775,-0.006828398704528809,38.805141328475166,-0.0015640108287334443,33.59665477040438,0.0016024816036224365,-10.789172631104224,-0.0006460647781689963,32.869975831789816,-0.000721721425652504,31.15476908381295,-0.0006324045658111576,5.924217458566133,-0.001426769495010376,12.846908835229135,-0.0059521088155561315,7.575322007472961,-0.00011027495066324721,0.11661250538185428,0.005387264490127564,-5.794180596598351,-0.0003964012861251809,0.7792751059229951,0.0031682729721069338,-6.252400678585933,0.00034273266792297365,-2.2677251434779535,0.0019367903470993042,-2.410771313721037,0.00036680857340494754,-5.887353072818977,0.0004872836172580719,-6.508440026277729,0.000235765377680458,-0.4717502596712318,8.333325386047363e-05,-0.17248797651715797,-0.005280474723821271,1.433424820744964
61,461.9283678531647,1.0198725759983063,0.5598140517870586,0.23002926210562388,0.06692959318558375,0.496215283870697,3.6659061588317856,0.0,0.992049053311348,0.545078843832016,0.22348510473966599,0.07986587658524513,0.1547544151544571,0.8270300924777985,0.5144791603088379,3.6802481277078996,-0.07397431192425011,81.05860031428472,-0.06118214004120584,78.44212996789314,-0.06296946537696708,86.90497277832932,-0.053841072118888465,85.35404421538826,-0.008448392910472417,76.30861274919329,-0.0033406600103539938,19.245518312907542,-0.002737747637902276,70.70359850863267,-0.0025562683783345304,65.37892344036479,0.002873407413730513,-51.894463613368146,0.003218482864105095,-58.50188430979208,-0.004883559251668162,7.286984351606791,-0.028794971942901613,58.53537987336023,-0.016686860024929046,45.682579442038836,-0.029171590010325116,72.26437573840741,-0.01802018940448761,62.30666975635637,-0.0011595846712589264,27.254378379964827,0.001611417531967163,-10.793741290129782,-0.0006673820614814757,33.26972764200885,-0.00047399960458278657,22.88397060395641,0.0012191233237584431,-14.004569625661045,0.0021874138712882994,-26.997878973834275,-0.013679596793745929,15.724086560433015,0.008787631392478946,-9.42882686345556,0.006990426778793335,-7.580617369999581,0.0063280262549718245,-12.74440207723117,0.004577732086181641,-9.16827182691141,0.0003628075122833252,-2.4006901259397013,0.002380406856536865,-2.9635579347169965,0.00045616465310255734,-7.314088046366978,0.0005479618906974792,-7.36643982101481,-0.00034895698229471804,0.6983261813755652,0.0030937492847442627,-6.398102775685323,0.00035723854153029143,-0.09754396066337619
62,469.09432101249695,0.9713520348072052,0.5145877083142598,0.22838216324647267,0.0668892612059911,0.5000382006168366,3.6316047825038567,0.0,0.9412716925144196,0.49624887108802795,0.2225114107131958,0.07981528714299202,0.15452171862125397,0.8225796222686768,0.4831770956516266,3.621420892929978,-0.07355008241203095,81.95973932448729,-0.06100872705380122,79.54555498602079,-0.06267374667856428,87.96289584585925,-0.05375755379597346,86.66607756591148,-0.008311464637517928,76.34423631233707,-0.0033591568470001222,19.680079785664493,-0.0026927907102637827,70.7212526106651,-0.0025145070627331733,65.40085346891064,0.002889232569270664,-53.06468127386395,0.0026431404054164886,-48.85827459005801,-0.005373856202939176,8.154487201506836,-0.013870341539382934,41.65595193421484,-0.00858816146850586,31.328110627714622,-0.013481603225072226,56.708873732632036,-0.007683403491973877,43.63492321989052,-0.000795583724975586,20.47298043999711,-0.0008200645446777344,4.748036306823971,-0.00028624182939529426,17.625434796528772,-0.00021989144384860994,12.107245042435393,-0.0004053883155186977,3.8956600167532134,-0.002136402130126953,18.105188654394013,-0.007545276852370453,9.41073100411231,0.00472311039765676,-5.110922434590282,0.002073943614959717,-2.25298309822375,0.002679891784985855,-5.49395934751689,-0.00017265379428863526,0.3467114864660253,0.00033709779381752014,-2.230209341311273,0.001964440941810608,-2.446574655552188,0.0004988782604535419,-8.059360310694109,0.0005607560276985168,-7.556571955249966,0.0001947913567225179,-0.3910764007793552,-4.1666626930236814e-05,0.08616038958966062,-0.002440298181715228,0.6674762032865754
63,476.364648103714,0.9627767125765483,0.5132146735986074,0.22478101948897045,0.06681266675392787,0.49830902814865113,3.6274666854412954,0.0,0.9306450039148331,0.5066347122192383,0.2120051458477974,0.07993712648749352,0.15430159866809845,0.8021812736988068,0.47614583373069763,3.634979245005924,-0.0724849224090576,82.1190029517553,-0.060182791997174745,79.77647982883666,-0.06166881697425425,87.99501352300646,-0.052706022731593395,86.38701597378595,-0.008178819642692316,76.37793452409169,-0.003638487858850448,21.671855031831505,-0.002649902247014593,70.75477951129086,-0.0024712882691719494,65.34803730443195,0.0028135210112795804,-52.5353712483822,0.0024845436459682026,-46.692067774462366,-0.005353597856375604,8.259142214781392,-0.011437399903933207,37.26395086895607,-0.004818800389766693,20.56530381281786,-0.011848403255144753,53.58190093845497,-0.0052495235204696655,34.12722144958754,-0.0006790195405483246,18.03480079992613,0.0005065590143203735,-3.2603259800408733,-0.000234174648920695,14.91151783505193,-0.00016789548099040985,9.503671944659226,0.0010566058953603108,-11.859218142042065,0.001759374737739563,-22.662011129006526,-0.00954843077816231,11.630561243449758,0.004000956614812224,-4.335824731404821,0.0011264771223068238,-1.2252570614975262,0.0027173485358556126,-5.590778315918237,0.0009031146764755249,-1.8149280655790134,0.00034396126866340635,-2.2799730921324812,-4.911422729492188e-06,0.0061222097833878225,0.0005048642307519918,-8.174082490205244,0.0005887847393751145,-7.951255523092195,-0.00019687573115030886,0.39353282690580205,-0.000713542103767395,1.4764530937774185,-0.002449415945786493,0.6707125431554639
64,483.76731610298157,1.0073801259199777,0.5595328112443289,0.22392365733782452,0.06714349687099457,0.48871527910232543,3.6660154475271676,0.0,1.385403111577034,0.936661958694458,0.224370576441288,0.07935686782002449,0.15311644971370697,0.8281385004520416,0.5313020944595337,3.672292843853743,-0.07059640086466265,81.29061409282549,-0.05187729361557191,69.8942908903913,-0.059927091899738515,86.91155148522517,-0.04492000226051577,74.83243059715117,-0.008066018502558432,76.55936923663513,-0.0031611376231716524,19.137288984528837,-0.002601825918561669,70.60996865149455,-0.002440787791725128,65.59957376292677,0.0026134037522859465,-49.598667336189465,0.003334087469885426,-63.68473129022989,-0.00464549527666193,7.284220373456196,-0.006688590129216516,24.923767007652188,0.0021217751502990725,-8.292626216386962,-0.006871866186459859,38.044886699451894,0.001774865984916687,-10.466015608565742,-0.0005289661884307861,14.72912031787859,0.0003678786754608154,-2.2715723612051724,-4.877408345540374e-05,3.504781590965092,-1.9292980432510376e-05,1.200984567469359,-0.0004990017016728731,4.857264441643499,-0.0011854159832000732,10.03615299658292,-0.0067234060836641255,8.39966770756556,0.007644972205162037,-8.212184469853357,0.04495365470647812,-48.034256603564735,0.006456776062647507,-13.044913079393499,0.04221583008766174,-82.05156454418874,0.000296127051115036,-1.9721401065731206,0.0026195645332336426,-3.266522691124448,0.000524505550662676,-8.473647140404584,0.0004925321787595749,-6.617250413487123,-0.0011076382795969675,2.2161999969946793,0.004739585518836975,-9.794429445620516,0.0010745110718789696,-0.2939621349093391
65,491.31248593330383,1.1235646506150563,0.6638587713241577,0.2298529396454493,0.06665259127815565,0.5060208300749461,3.7152081466532407,0.0,1.0776193737983704,0.6291368305683136,0.22424127161502838,0.07913491874933243,0.15246162563562393,0.8280201852321625,0.5313020944595337,3.7082635365419465,-0.0676316242684763,79.13279793879255,-0.05593930066577972,76.58263134581644,-0.05731990059847554,84.47118529075183,-0.04908833759171622,83.09545434162186,-0.007948380495820726,76.65961639791666,-0.0031128388548654225,19.14884174946924,-0.0025683192467247998,70.82484770062143,-0.0024055681294865077,65.69578651482173,0.0028466124383230065,-54.8959999012319,0.0032811654465539114,-63.68473129022989,-0.003790920762332801,6.040106834740926,-0.0013628585338592548,5.718091249104304,0.0008250811696052552,-3.9806483168148112,-0.0024717695713043207,15.694826362347273,-0.0008516252040863037,6.339156379626018,-0.0004260748624801636,12.260062678816878,0.0017325997352600098,-11.68480335211821,-6.641693413257599e-05,4.745867578138592,-7.473558187484741e-05,4.509113715539299,0.0005531444946924857,-5.78163230351693,0.002551041841506958,-31.591849243873565,-0.005119088234470377,6.4453269782071585,0.019361285964647923,-20.819666301714925,0.013912248611450195,-14.823968831462464,0.016915774345397948,-34.193934098388546,0.011151391267776489,-21.543465102398056,0.0002477280795574188,-1.6516929138278231,0.002479127049446106,-3.08645145108562,0.0004544100165367132,-7.3163911792915455,0.00046815983951091765,-6.28796455663192,0.000955901741981513,-1.9254285377343485,0.0016822934150695801,-3.2698961296308138,0.006504038215290331,-1.7818463793761143
66,498.912456035614,1.0897351264953614,0.6320509791374207,0.22884207367897033,0.06701948121190071,0.5013958315054575,3.689313786115219,0.0,1.0014435201883316,0.5560627281665802,0.2226903960108757,0.0800447091460228,0.1534709855914116,0.8219003677368164,0.46791666746139526,3.6745528261411264,-0.06710346645365159,79.7610906810515,-0.05625549680553377,78.23798210314902,-0.05692127390454213,85.2152250361225,-0.04946311516687274,85.05891354552705,-0.007808415801264346,76.5050932616032,-0.0031598228961229324,19.746404878491102,-0.0025224566032799583,70.66425274866448,-0.002353765652514994,65.30140127391827,0.0027298685163259498,-53.48026020162982,0.0022394999396055937,-44.15680792214877,-0.004136287008827941,6.6949910979354295,-0.0009656828641891479,4.242822990333144,-0.007924067080020905,28.34788681732213,-0.0023772990703582763,15.829329003260348,-0.00871821939945221,43.94380322687193,-0.00027708217501640317,8.279755529367405,0.0007537382841110229,-4.805695953805596,-2.1054332454999157e-05,1.5464707417072634,-3.704652190208435e-05,2.261774299460864,-0.0007622591654459643,7.064381339921893,0.0009856489300727844,-11.772197311268604,-0.0021063774047055174,2.7754694531240016,0.011039665738741567,-11.272574382580228,0.0014951780438423156,-1.515651863665242,0.008574871619542446,-15.69620373410916,-0.00181349515914917,3.1583115416162153,0.00035555511713027956,-2.371704544669534,0.0030089259147644044,-3.8000551926148485,0.0004599435130755107,-7.368522485189893,0.0004972759634256363,-6.623991606181688,-0.00017187496026357385,0.3416219022812356,-0.0007916659116744996,1.6637462478040492,-0.00018866311983027905,0.05111158932074169
67,506.3839728832245,0.9727304816246033,0.5149421195189158,0.22889418105284373,0.06772747387488683,0.5058923641840617,3.61557402746966,0.0,1.0008358657360077,0.5556167364120483,0.22260956466197968,0.0806877464056015,0.15479817986488342,0.8215092718601227,0.4677604138851166,3.6127955564144587,-0.06787117689083783,81.93413836930101,-0.055399376153945926,78.25118682892735,-0.05784723676168002,87.95460554954066,-0.04870900557591365,85.07089708807524,-0.007667867953960712,76.3019128001056,-0.0031172270958240217,19.7845930231543,-0.002472757383798942,70.35435041218575,-0.0023076609923289373,65.02265090960204,0.002757047964976384,-54.856675724361956,0.002202642193207374,-44.10866897273934,-0.005207109649393035,8.559914830569404,-0.0038910387754440313,16.667083764190142,0.0008577847480773926,-4.4772053197309365,-0.005235471844673159,33.70262610537317,-0.0007720059156417847,6.495992825981142,-0.00018159911036491394,5.540675390904196,0.0015608549118041992,-10.497143157441474,4.610290129979377e-06,-0.34151835676160863,5.707807838916779e-05,-3.6666619921359715,0.0007039149999618533,-7.477374796706539,-0.002005208134651184,17.65083304931222,-0.004535762743117014,5.90231028307958,-0.008230150739351905,7.800854215815189,-0.001694720983505249,1.6651102029323597,-0.011337197025616964,18.043837007817675,-0.0050514847040176395,8.333973747493719,0.0004979267716407776,-3.3235241432491196,0.003036898374557495,-3.83863446241002,0.0004929301142692563,-7.849434033238192,0.0005385264754295349,-7.151510330339743,0.0005454858144124386,-1.0900178500388142,-0.0007395833730697632,1.5565056268980189,-0.013370539812075454,3.566162532676513
68,513.8079550266266,0.9605018476645152,0.5056191345055898,0.22744135657946268,0.06797089378039042,0.49695833325386046,3.6116382751975733,0.0,0.9311893582344055,0.48567214608192444,0.22275860607624054,0.08059948310256004,0.15503522008657455,0.821800172328949,0.46791666746139526,3.6021884456150426,-0.06702810805855375,82.16125247051275,-0.05561524178042556,79.76465065604162,-0.05711202082609889,88.17268643219624,-0.04903075686006835,86.95026809823221,-0.007548096617965987,76.26562426074148,-0.003065588799389926,19.756188353485975,-0.002431603182445873,70.24780072402538,-0.00227403375461246,65.06091218841918,0.0025799104059585415,-52.12191546977502,0.0021716363050720906,-44.15680792214877,-0.005187846658827786,8.65945241996216,-0.0033383868535359685,14.805411154837842,-0.0017649582028388977,8.656531684631917,-0.004852773229281107,32.42714780533988,-0.0035174012184143065,26.584858692170123,-0.0001296064257621765,4.012196741535721,0.0017102378606796264,-11.613914744896277,4.518337051073712e-05,-3.4379991040792075,5.569860339164734e-05,-3.57893230072407,-0.00013381942113240507,1.3284980241917548,-0.0018541669845581054,16.536605835997577,-0.001682046615380317,2.2756556732698403,-0.00018080353736877887,0.18788494283977036,-0.0004597395658493042,0.4912866782274647,-0.002897171378135677,5.419418210056214,-0.0037313759326934814,7.134754290895032,0.0005076438188552857,-3.3852223419666405,0.0027302414178848266,-3.4364369060548254,0.0004756270845731103,-7.524004138484443,0.0004839915782213211,-6.388520887068674,-0.00032743076483408574,0.6545569762171928,-0.005473959445953369,10.473345188355378,-0.006385382431251108,1.73728639822195
69,521.1983728408813,0.9429256578286489,0.48418134649594624,0.22937215566635133,0.06789378349979719,0.5058159748713176,3.582266792679543,0.0,0.9389770030975342,0.4903143644332886,0.2243313193321228,0.08108508586883545,0.15643631666898727,0.8274620175361633,0.5308853983879089,3.5835767094983195,-0.06629001972687185,82.48768308985484,-0.054668930039476996,79.59542007691336,-0.0565795695900324,88.67415369023048,-0.04822966767780816,86.82553435469043,-0.007414526570199141,76.05113007861046,-0.0029353285903361307,19.20334344583418,-0.0023964614973435946,70.28155341296086,-0.002232845149823089,64.85040813753274,0.0026736078867271766,-54.83329249925338,0.003079055627780174,-63.55635463742754,-0.005548796447771107,9.402275231110828,-0.0033979309797287005,15.267178166104525,-0.004652798473834992,19.856312961377185,-0.0050354824463526415,34.21051041627736,-0.006427415013313294,39.59303240721447,-9.72294807434082e-05,3.0139743488655353,0.0017916780710220336,-12.140745450123937,1.2172281742096058e-05,-0.9045293226087896,-1.2579560279846192e-06,0.07750999908368894,5.5347204208373576e-05,-0.5501178474140387,-0.000610417127609253,5.436500951179307,-0.002064220638851646,2.800478984110143,0.0014466351270675637,-1.5581028881390564,0.0016196161508560182,-1.7551471355507715,-0.0019578750928243016,3.886522777082283,-0.001983320713043213,3.8877392025289366,0.0006079666316509246,-4.0434967806590585,0.0033201277256011963,-4.180148353335609,0.00040469877421855927,-6.338591771385997,0.0004562065005302429,-5.961689637734201,0.000517361561457319,-1.0333955005832829,0.0008177042007446289,-1.5643602991291157,-0.006106676582657444,1.6761233866166718
70,528.6120750904083,0.9501910110314687,0.4910047968228658,0.22959310710430145,0.06865668644507726,0.49739930431048074,3.587519074586068,0.0,0.9361671358346939,0.4870692789554596,0.22454892843961716,0.08173934742808342,0.15761955082416534,0.8276433646678925,0.5311979055404663,3.589028219654162,-0.06520832306614109,82.35274862636288,-0.05390629676334998,79.65648031688596,-0.05564717223831252,88.51454128412618,-0.04756812970427906,86.91272793955137,-0.007288088912473005,75.86998850309725,-0.002889495123835171,19.185635996297062,-0.0023500002555403056,69.94761576415583,-0.002190387698219103,64.5667921490627,0.0025105155566159413,-52.25689934530556,0.003038371091379839,-63.652632536246415,-0.0053899570602079306,9.269441799623158,-0.0046836169958114635,19.7725779830698,-0.006949991583824157,27.07085687613206,-0.006353354692459106,39.28261716210379,-0.008739343881607055,47.288955234066556,-5.5576562881469724e-05,1.7324540072962544,0.0017998844385147094,-12.200139159816347,-8.36776196956629e-06,0.6057005384981498,-1.190081238746643e-05,0.7227121418942786,-0.00012152771155039543,1.20688758157747,-0.0006031250953674317,5.372055094733891,0.00028188094459210335,-0.3944128426287879,0.001092169483502714,-1.1627862900125807,0.0031283915042877196,-3.4572323062308805,-0.002107504208882649,4.115577393872143,-0.0005536347627639771,1.1238904569649337,0.0005300536751747132,-3.479891715440763,0.003639534115791321,-4.599738650399825,0.00039628873268763296,-6.125606133650933,0.0003615431487560272,-4.627816519480094,-0.0006451386213302656,1.280416269072897,0.005536457896232605,-11.635288213305548,-0.006350302745893588,1.7393219127149813
71,535.9450650215149,0.949581511815389,0.4917840321858724,0.2288987398147583,0.0687872255841891,0.4976076324780782,3.5877229353430136,0.0,0.9431788474321365,0.49747174978256226,0.22285354882478714,0.08168775215744972,0.1577133685350418,0.8214708566665649,0.4683854281902313,3.5911566090135785,-0.06427210822773441,82.36406844075107,-0.053023427076961685,79.50411127140808,-0.05482939821510499,88.49631360967234,-0.046727976073389466,86.63321951703881,-0.007181104758511419,75.85562592922727,-0.002937075020610422,19.788344034239486,-0.0023140504092409994,69.89047621126548,-0.0021593907065149665,64.58915819437641,0.0024771505219924853,-52.32066984230828,0.002084010969037595,-44.301224770377075,-0.005308887236770922,9.264286036019318,-0.006224031766255696,24.683197949048285,-0.003537585437297821,15.791972650125,-0.007868311325709025,44.4437126908837,-0.005173534154891968,34.20977787755479,-1.8451958894729614e-05,0.581581822337929,0.001593087911605835,-10.737749801837836,-1.126779119173693e-05,0.8123786046004661,-9.069666266441345e-06,0.55207754147237,-0.0004282641410827626,4.125693117339459,-0.001706250309944153,15.407771776982853,-0.00040712951249787465,0.5641914521895981,0.0005031388998031572,-0.5326757020605951,-0.004046538472175598,4.113823209550942,-0.0012931474049886038,2.562131317567564,-0.0040940016508102415,7.603848777331644,0.0003151029348373413,-2.038678610167671,-0.00012873709201812744,0.15647013630690706,0.0002814642588297528,-4.266382276517518,0.00019454210996627808,-2.439634098798781,-0.00045173724492390545,0.8996509643834497,-0.0015572905540466309,3.217819480536515,-0.004328931807386249,1.192210740493264
72,543.7748198509216,0.9517491062482198,0.49389308293660483,0.2289280116558075,0.06854952052235604,0.4969930609067281,3.5836348118744037,0.0,0.9333840906620026,0.4880196303129196,0.22268223017454147,0.08125308528542519,0.1563122272491455,0.8214224576950073,0.4677604138851166,3.5762251005298076,-0.06332296961829775,82.32381118364364,-0.052405874644007,79.71695769542495,-0.05401599180130731,88.44697923354413,-0.046195463836193086,86.88719254385825,-0.0070985338517597744,76.07012695502439,-0.002895808219909668,19.79306990080453,-0.0022843883328494572,69.99452439976533,-0.002134751794593675,64.77758203316363,0.0024329830635161625,-52.132545811838924,0.0020453106079782756,-44.10866897273934,-0.005291447754368622,9.367677186445976,-0.0035599743922551472,15.755615150408023,-0.0016716212034225465,8.218674956821785,-0.005147965908050536,34.26078121268385,-0.003328939378261566,25.432461963670278,-5.02467155456543e-05,1.5818307504895608,0.0015708082914352418,-10.572393733137,-2.0740826924641742e-05,1.4902896743059453,-2.783060073852539e-05,1.6837516049880221,3.7638862927754644e-05,-0.38010520848346024,0.0006145834922790527,-7.031345096794365,-0.0026760364727649397,3.599303411389422,-0.006812346975008643,6.679605997190728,-0.00586649626493454,5.91351430189146,-0.006592096885045373,11.775511643557078,-0.005705921351909638,10.468066072415947,0.00015578120946884154,-1.0066349920508544,-0.0005607634782791137,0.6780448297824996,0.0001619927336772284,-2.4203454102589808,0.00013872087001800537,-1.7369229006075098,7.777770360311021e-05,-0.15674185405255955,-0.0046718746423721315,9.080785001218787,-0.008227134695738192,2.2442294863215846
73,551.5647828578949,0.9402075548966725,0.48226204911867776,0.2289727528889974,0.06811127190788586,0.49277430574099224,3.5647822470903225,0.0,0.9252098053693771,0.4803279936313629,0.2224409058690071,0.08033790066838264,0.1544710472226143,0.8213222920894623,0.4677083194255829,3.562937308302973,-0.06259365386806183,82.53816456688749,-0.0517828945122974,79.89459022211864,-0.05341902056210478,88.71904940394396,-0.0456531564114799,87.09386240827165,-0.007024486614784724,76.35199360783339,-0.0028564329718200254,19.802850465783038,-0.0022583863649849605,70.18635445208542,-0.0021175747920929547,65.1743056158443,0.0023392966095830353,-50.841159645703506,0.0020157696915344453,-44.09261959574759,-0.0054824494026744315,9.844470115154184,-0.0017334442138671878,8.44034653302947,-0.0007258331775665283,3.774477754614932,-0.003289266943931579,25.43016682715961,-0.0023320770263671876,19.533863422578932,-8.191540837287903e-05,2.582993390149399,0.0015826350450515747,-10.661918739892599,-2.919618785381328e-05,2.098299128604412,-4.5540928840637204e-05,2.7562160621958616,-0.00020979146162668937,2.084308753865033,-0.0018697923421859741,16.65893814338496,-0.0027951442240396317,3.772593402646763,-0.003114447991053271,3.206302019711555,-0.001606188714504242,1.7064028667574493,-0.003232565919558206,6.281856071043326,-0.0015920877456665039,3.208244569253818,-5.067139863967896e-06,0.03279241202583238,-0.00012573301792144774,0.15285209421390206,0.000122201070189476,-1.826916129528588,5.22613525390625e-05,-0.6547787323678278,-0.0007263894875844335,1.4526679895423484,-0.00154687762260437,3.201471337374149,-0.006682253541353411,1.8400277402284522
74,559.0759680271149,0.9375243862469991,0.47676315903663635,0.2303806136051814,0.06750158990422885,0.5057326356569926,3.5547992058225484,0.0,0.9357799887657166,0.4905918687582016,0.22259406000375748,0.08006507530808449,0.153640478849411,0.8217561542987823,0.46807292103767395,3.5546340787733284,-0.06176156379558422,82.58799723325554,-0.050916879541344114,79.66489327405624,-0.05275346319432612,88.84767803533225,-0.044876530973447695,86.8180779727033,-0.006938459972540538,76.47914550167883,-0.002810734427637524,19.760486447646418,-0.0022354876932998502,70.45322427619553,-0.0020919532722069156,65.2925727418078,0.002486783183283275,-54.80778186774056,0.001992836801542176,-44.20494687155821,-0.005544957623023039,10.09694735302561,-0.00040001916885376023,2.0888176541342496,-0.0014199969172477723,7.052172026132732,-0.0020932591358820596,18.001075965526756,-0.003185904324054718,24.51121431537766,-0.00010194972157478332,3.211258302981552,0.0017192471027374268,-11.682940959109029,-4.4779325524965944e-05,3.2104221687796968,-6.112948060035705e-05,3.6771138824487557,-6.221361955006888e-05,0.6113239332841345,0.0003135418891906738,-3.465349045793167,0.0025951249680480613,-3.7884560869899198,-0.002525232632954921,2.622864263300454,0.0005134984850883484,-0.5517662297957607,-0.0036451514561971045,7.102586195826563,-0.0016042843461036682,3.1665503910625037,-6.61119818687439e-05,0.4284594744280664,0.0019574880599975584,-2.4402066268285045,6.88923150300974e-05,-1.0311265569420978,1.279488205909729e-05,-0.1600618213502971,0.0007423607508341423,-1.489759785393027,-0.0008072912693023682,1.6954706144902707,-0.0072667479618746976,2.00325698125348
75,566.6236219406128,0.9368118902047475,0.4771938443183899,0.22980902294317881,0.0675525260468324,0.5012187540531159,3.5604469905238862,0.0,0.9326417595148087,0.4874863177537918,0.22257772088050842,0.08030999451875687,0.1534324586391449,0.8217337429523468,0.46807292103767395,3.5553158226399786,-0.06092527519622349,82.6012299376427,-0.050262377482571015,79.7330890332238,-0.05202491321520174,88.83760355529637,-0.04430432576839238,86.90152234632397,-0.006846262167577874,76.51099136114907,-0.002772538221045716,19.762674779947474,-0.0022041668188354196,70.43092852310468,-0.0020599413203866513,65.18640265883671,0.0023908836656509475,-53.426055735310996,0.001965537667274475,-44.20494687155821,-0.005391632385703026,9.954111413231463,-0.0008037310838699341,4.113266957988713,-0.0006125059723854065,3.179315472346147,-0.0025146090984344473,20.85343965738072,-0.002358933985233307,19.481378773013642,-9.242355823516845e-05,2.923803597692047,0.0017025971412658691,-11.557074120040095,-4.1528215010960824e-05,2.982108942134758,-5.1218941807746886e-05,3.0902835670263005,0.00023145846525828183,-2.3635294196700176,-0.0015437501668930055,14.156081055082057,0.006297745266669503,-9.702094239567858,-0.007056823571523018,7.005124867912656,-0.045276135206222534,32.68083839849598,-0.008233896692593895,14.715663723603214,-0.04491756409406662,47.95493579847505,3.160089254379272e-05,-0.20638470002980885,-0.0006404757499694824,0.7733920710362784,4.090291758378356e-05,-0.6091865852976341,9.531266987323761e-05,-1.2010639090418702,0.001250347495079046,-2.5584374963182865,-0.006322917342185974,11.900795062022018,-0.010556845700328133,2.879651177533643
76,574.3273727893829,0.9473350008328756,0.4888795554637909,0.22922772268454233,0.06792832240462303,0.49725694259007774,3.5695533770178063,0.0,0.9951433539390564,0.5636554956436157,0.21574392914772034,0.08090459182858467,0.15380024164915085,0.8086318075656891,0.47614583373069763,3.5741582127120473,-0.05995975646886739,82.4057913612605,-0.04873854002437076,78.37488880622907,-0.05116395883195035,88.56425438682675,-0.04267630544868675,84.85490023991107,-0.0067487750705834985,76.45468737973682,-0.002912124669229662,21.041999451287317,-0.0021693024515837163,70.26643505388098,-0.0020240691767351047,64.92865053908467,0.0023050364341821758,-52.21332157198304,0.002048069762217032,-46.692067774462366,-0.005195713211654066,9.72380531238458,-0.0002714221080144252,1.4123237757240474,0.0010925531387329102,-5.808266370327839,-0.0019298882881800328,16.4842339043485,-0.00035289466381073,3.035390718136226,-9.206563234329224e-05,2.906047493290511,0.0014100360870361328,-9.55140748172214,-4.406869908173877e-05,3.1418504784028265,-4.760414361953735e-05,2.857913099728568,-7.993074258168531e-05,0.7973086054830804,0.0006375002861022949,-7.174681052950392,0.004472422386925601,-6.68337258871764,-0.01762296497821807,15.684869552073389,-0.008247601985931396,7.6535390755461465,-0.01749792158603668,26.357897706367073,-0.006548133492469787,10.408122961986997,0.00013386160135269164,-0.8780019286467177,-0.0019388377666473388,2.341534422984776,0.00012757311264673804,-1.9140007942729174,0.00017696730792522432,-2.236273325632462,-0.0008763887484868393,1.7319222775019725,-0.005515626072883606,10.381336965167376,-0.014565476963543444,3.920500921775922
77,581.799831867218,0.9602215011914571,0.5146311601003011,0.22279517054557801,0.06853912100195884,0.49766666094462075,3.601015660416274,0.0,0.9531416147947311,0.5183616876602173,0.21738996356725693,0.08121506124734879,0.1537732183933258,0.8147716224193573,0.5216666460037231,3.6072349204377163,-0.05898847304450141,82.16645915487865,-0.048648716012636824,79.28761386813348,-0.05013841798570421,87.96187943278562,-0.04271120548248291,86.07191887225775,-0.006659151713053386,76.45882437587933,-0.0027914321422576904,20.442483701289383,-0.0021322344375981224,69.99907647472008,-0.001992941995461782,64.79406508186521,0.0022797655264536537,-52.3387388086518,0.0026277063290278116,-60.71622089323139,-0.0047069399235191095,8.928104864344233,0.000630366126696269,-3.3937975565679706,0.0011969366669654846,-6.699561509960683,-0.0007313661575317387,6.634314799106493,-0.0003134715557098389,2.9349331026689174,-7.914334535598755e-05,2.508817341194567,0.0015443438291549683,-10.469354967751215,-2.6225835084915105e-05,1.8772856200900216,-3.021441400051117e-05,1.8261788096322826,5.3333083788553724e-05,-0.5387180107143928,-0.0006291675567626953,5.687390098468755,-0.0007478014533217614,1.02764989418627,-0.01295136253039043,11.884872034952762,-0.004830190539360046,4.823228112207147,-0.011741981903711961,18.57758676323325,-0.0037701040506362914,6.779997758646536,3.022328019142151e-05,-0.19693155729048006,-0.0007128745317459106,0.8673490847909958,0.00015196397900581332,-2.2674597931508447,0.00011703521013259888,-1.4621229982745716,-0.000372917056083677,0.7437577910529914,0.005374997854232788,-11.487083551423703,-0.008829812569894502,2.393348216442206
78,589.2927620410919,0.9401822606722514,0.4930869936943054,0.22354763348897297,0.06846983681122462,0.5008541623751323,3.5772474940124583,0.0,0.9647402763366699,0.5332669019699097,0.21573668718338013,0.08104944229125977,0.15303657203912735,0.8087621033191681,0.47572916746139526,3.576570200625401,-0.058475983142852773,82.53863433931373,-0.04785598736060293,79.03556742221137,-0.049762177833339624,88.46583506707904,-0.041953094695743764,85.67142431590108,-0.006581224010963189,76.57159772730063,-0.0028337753917041576,21.029276859771084,-0.002105090355402545,70.02940352994553,-0.0019688982712595085,64.86585927988375,0.0022917094199280987,-53.31445204399936,0.0019886907386152367,-46.5637003032258,-0.004957745535101959,9.529216373546857,0.0007021906375885023,-3.8791945401176466,0.0014452382922172547,-8.096769368293492,-0.0007322581609090162,6.912009597358559,-4.2237043380737305e-05,0.39445946495082196,-0.00011352077126502991,3.5762996662386324,0.001453574299812317,-9.87370672168675,-2.8216943144798167e-05,2.0189372472035187,-5.663089454174042e-05,3.375669299727832,-0.0003214584589004521,3.1093211018470743,0.0006229168176651001,-7.005625047384855,0.003166393767292215,-4.63068240584305,-0.003254822095235188,3.346067751263593,-0.0036095589399337768,3.606544353083642,-0.0021855125824610357,4.244190753910068,-0.0022349834442138674,4.022527216596282,-0.0001761607825756073,1.1380029321363492,-0.001274716854095459,1.5516767707431345,7.423629363377953e-05,-1.0961030935675597,3.616958856582642e-05,-0.4482661888213977,-0.0005038201808929444,0.9959039047872179,0.0007968753576278687,-1.70359725614486,-0.0038326533457201605,1.0600400701524075
79,596.9286849498749,0.9325702011585235,0.487870991230011,0.2223496049642563,0.0685292440156142,0.49756943782170615,3.5764694004187088,0.0,0.9406449943780899,0.5092947483062744,0.21567512303590775,0.08110794797539711,0.1526833325624466,0.8086715936660767,0.47598958015441895,3.5740018904847077,-0.057815412706110896,82.68000794330523,-0.04754740677096627,79.55917354341697,-0.04918365607530008,88.58784646361364,-0.041719575981041056,86.31554233037262,-0.006500341094933547,76.62567523601636,-0.0027981485639299664,21.038114579449672,-0.002076979997483167,70.00339982622585,-0.0019425683497608483,64.84049763788724,0.0022192881994949273,-52.30897822975399,0.0019662455691919697,-46.64392882505293,-0.004903464341058422,9.548894837863088,0.0006327099402745562,-3.511408414859268,0.0010122475028038025,-5.686575305917161,-0.0007797084649403896,7.39962960984679,-0.0004761010408401489,4.465402543098921,-9.691774845123291e-05,3.076183214150886,0.0014601832628250123,-9.924275063110866,-3.452605009078985e-05,2.4571761092831026,-3.722548484802246e-05,2.2433309517054263,0.00019138880570729655,-1.9609508880483535,-0.0015520834922790527,14.01825326704108,0.007883291980506328,-12.386135949414053,-0.002793164650599167,2.908026317066249,0.0009455636143684387,-1.0154364480295262,-0.0017748143275578832,3.5101803045752056,0.0023622602224349976,-4.863898911008426,-0.00023518875241279602,1.517002086890077,-0.0013128578662872314,1.5975390496288706,5.5835023522377016e-05,-0.8214548966028955,5.0846487283706665e-05,-0.6308537639007719,6.111045678456883e-05,-0.12296897485236831,0.0008072912693023682,-1.7252885512332652,-0.0035168874778864546,0.9737651475337918
80,605.2021839618683,0.9263482987880707,0.48017070690790814,0.22308879594008127,0.06882939214507738,0.4976597189903259,3.5673859175765825,0.0,0.9114333540201187,0.4801318198442459,0.2156507670879364,0.08147310093045235,0.1528039276599884,0.8085992634296417,0.4755729138851166,3.5674414825378378,-0.057153957445397335,82.79556310419275,-0.04731233284259454,80.19396145451853,-0.04865181797590011,88.76796954643133,-0.04155859332054089,87.09913348537312,-0.00641545729759412,76.60721330616732,-0.0027632021751159276,21.045177189150017,-0.0020465039958556495,69.87201907685755,-0.001912982179186283,64.6822074023891,0.00219199323756063,-52.33661383495929,0.0019356954174164014,-46.515561353816366,-0.004957054321841342,9.778621691305602,0.0005055079460144051,-2.8050335615464164,0.0007342475652694702,-4.197038745037161,-0.0009432429869969672,8.943525666983254,-0.0007600191235542297,7.334211988955721,-9.673371911048889e-05,3.0681724998363515,0.0014637571573257447,-9.951961216894972,-2.2116715709368517e-05,1.581228542740513,-3.497041761875152e-05,2.1010415837609515,-0.0002426390647888188,2.379786469711686,-0.0015604168176651001,14.093518976907463,0.009016468160538551,-14.465405607798054,-0.0016577359040578221,1.7580769918545058,-0.0027543649077415465,2.9333678020391765,-0.00040106395880381006,0.8283341803775333,-0.0010182544589042663,2.07673797213993,-0.0003632389008998871,2.321960198465203,-0.0018862754106521607,2.2795915349307534,9.356086452801948e-05,-1.3780475870563167,3.880150616168976e-05,-0.47852827367607037,-0.000815625588099167,1.612494718670494,-0.005531248450279236,10.418912381232317,-0.0014880875102960545,0.4154038759304585
81,613.0505199432373,0.9197293202082316,0.4723962148030599,0.22366655270258587,0.06890757158398628,0.49780902862548826,3.547942878968903,0.0,0.9426960945129395,0.511589765548706,0.2155531644821167,0.08133363351225853,0.15244068205356598,0.8085052967071533,0.4749999940395355,3.541402515758034,-0.056514274168618116,82.91849289144504,-0.04631771166113358,79.51460180577725,-0.04813438347120325,88.9498284787369,-0.040634333332882654,86.25387653387743,-0.006338847023022326,76.66282265547292,-0.0027294143845763385,21.05435247072611,-0.0020196092688333136,69.83779839626423,-0.0018905326252496694,64.74266516444357,0.0021661364830998925,-52.38231840650812,0.0019039407938341551,-46.33905493317037,-0.0051404212115354975,10.27034806524545,-0.00026971260706583735,1.4450722574876718,-0.0007904532551765442,4.023814701788659,-0.0015511818726857507,14.102799344671352,-0.0021021354198455812,17.043515694415408,-0.00010574623942375183,3.3521709344492203,0.0012980371713638306,-8.728020237591064,-2.771799763043731e-05,1.9715911771435328,-4.428662359714508e-05,2.650371182610287,7.006943225860595e-05,-0.7087663820945657,0.0007760417461395263,-8.89552350162161,-0.004056606923144193,5.407694200184279,-0.003046169082323713,3.2058491892245753,0.0006528958678245544,-0.6974137873814887,-0.001860858201980592,3.7898982128517016,0.002452048659324646,-5.034291352932722,-0.0005178868770599366,3.285676645771389,-0.0019138067960739135,2.3123568408500015,2.5088513890901554e-05,-0.3654198183737196,-4.057139158248901e-05,0.49635081339724263,4.097243150075203e-05,-0.08237331887214844,-0.0056197911500930784,10.579467824473502,-0.003957619561716497,1.1031633503365084
82,620.7021877765656,0.9184164226055145,0.4715410610040029,0.22343768080075582,0.06891510436932245,0.5043333272139231,3.5480614136882793,0.0,0.9117384254932404,0.48074615001678467,0.21549613773822784,0.08129485696554184,0.1521148830652237,0.80848827958107,0.4754687547683716,3.548110946131678,-0.05582425696154435,82.94287644565047,-0.04612571112811566,80.18733205333508,-0.04754339310030142,88.96983201784354,-0.040511949360370635,87.08262678612039,-0.006263683922588826,76.71269929382947,-0.002695509418845177,21.0560140900664,-0.0019942699931561948,69.8345011477221,-0.0018673856742680074,64.75947441828258,0.0022206135094165794,-54.37944519150655,0.0018860010430216789,-46.48347178139867,-0.005074684262399098,10.26735024947596,-0.00037701340516408386,2.011237821292541,7.80072808265686e-05,-0.4296321345120241,-0.001637584328651428,14.795124026144002,-0.0011251276731491088,10.475999670344581,-0.00011092528700828552,3.5178383776396123,0.001171439290046692,-7.810466758038862,-2.6718407869339157e-05,1.9016383006195927,-4.3725073337554934e-05,2.618860303026111,3.256940841674716e-05,-0.32394165260823,-0.001549999713897705,14.0152562023594,-0.004846076592514645,6.392624828257447,-0.0031165089209874487,3.281981464686876,-0.003144042193889618,3.3334528254630285,-0.002024297118186952,4.116231893885196,-0.0016725599765777589,3.362120517011892,-0.0005598485469818116,3.5497849813373348,-0.0012982577085494996,1.5804062895398157,1.2787878513335905e-05,-0.18590484504546187,-3.928951919078827e-05,0.48097197135574704,0.0006725694735844889,-1.3516060238768919,0.0007083326578140259,-1.5122858551576068,-0.003966152165473425,1.1054789449883287
83,628.2825820446014,0.9159682214260101,0.47072719732920326,0.2226205120484034,0.06859528596202533,0.4945243000984192,3.549406628084575,0.0,0.9021171480417252,0.47136975824832916,0.215373694896698,0.08046059682965279,0.15080533176660538,0.8085224330425262,0.4754687547683716,3.5500167579973416,-0.05516529330991422,82.98834522100864,-0.04567503910741688,80.39640865912416,-0.04696648532961622,88.98886970891651,-0.04012755976047045,87.33456505305911,-0.006202521791428696,76.91317878844937,-0.00266180987711306,21.05267921132038,-0.001973597751355466,69.97449196521484,-0.001854631037991724,65.12111802967446,0.002072099427627438,-51.3768433759069,0.001862717079527584,-46.48347178139867,-0.004995426254267066,10.233328952156679,-0.0005138676961263022,2.72851570418345,-0.00028421491384506226,1.5508363097346325,-0.001636399586995444,14.807781634419392,-0.001466783583164215,13.463920659608078,-0.00011885955929756164,3.7914143859405294,0.0011719471216201781,-7.813761385127791,-2.491616209348041e-05,1.783775184684613,-4.118293523788452e-05,2.4953382939318254,-1.3750036557514944e-05,0.13882985526626682,-0.0017083334922790528,15.228898833763227,-0.004626187549898794,6.118136806720669,-0.003578088482220976,3.7594870945828833,-0.0031266942620277404,3.349847392202853,-0.002316588560740157,4.690465691412629,-0.0016649872064590453,3.4117217895342664,-0.0005506895482540131,3.5230100545894656,-0.001290002465248108,1.5704494723311833,4.5765439669290255e-06,-0.06676259632533066,-7.924884557723999e-05,0.9753333710203778,-0.0002468760808308934,0.4967394924598861,0.0007708340883255005,-1.647925017688264,-0.0034228183789828835,0.955124770984294
84,636.0253431797028,0.908799946308136,0.46351083119710285,0.22264455755551657,0.06828618471821149,0.4942708333333333,3.540815926216534,0.0,0.909165695309639,0.4749409258365631,0.21711238473653793,0.08052439987659454,0.15060286968946457,0.814934492111206,0.5234375,3.5421538631715044,-0.0545799638197674,83.12147671925678,-0.04503206854186407,80.2432391506108,-0.046481727778427,89.15767310111386,-0.039594648451339906,87.23860982898728,-0.006129350331498355,76.94417375210426,-0.002551152938749732,20.42658046189409,-0.0019532990134586165,70.10979166911623,-0.0018312355003705838,65.0934600327006,0.0020437388643016656,-51.29925568447947,0.002424985715528814,-61.26178953216112,-0.005039271078825284,10.450593072462521,-0.00022815012931823642,1.239666819859247,0.00028225928544998167,-1.576774617082697,-0.0013990513086318968,13.112908190828202,-0.001024124026298523,9.732297046294194,-8.835002779960632e-05,2.849626380855735,0.001343962550163269,-8.986874343584656,-6.253679593404282e-06,0.4558150675156391,2.7060508728027343e-06,-0.16830956949266712,0.00016312507788340258,-1.6778459727704746,-0.0007468748092651367,6.659234968774539,-0.004525849311683264,6.007060112119424,-0.003140760858853653,3.3404973641153286,-0.0016044110059738159,1.734105060995627,-0.0018751217921574915,3.888180286183064,-0.0005387067794799805,1.1215394201934052,-0.00038681775331497195,2.5041440468615046,-0.0006387799978256226,0.7777458422570657,1.7491281032562533e-05,-0.25680449861834703,1.864992082118988e-05,-0.2321434922499742,0.00014965275923410902,-0.30369432312237526,0.005572918057441712,-11.915370811205806,-0.002396632087378858,0.6723081302750141
85,644.3218419551849,0.9078998804092407,0.4613305926322937,0.22328464388847352,0.06816641166806221,0.5007638891537984,3.5399590098136264,0.0,0.907156765460968,0.47320839762687683,0.2169741839170456,0.07982015982270241,0.1493310183286667,0.8148648738861084,0.5233333110809326,3.5371105194532673,-0.0539332180616846,83.13819303101539,-0.04451371747327138,80.28689450055214,-0.04594797489633522,89.20867268439471,-0.039138478327946494,87.28516186791117,-0.006070826247514012,77.13888175500068,-0.002521254930151514,20.433378260105876,-0.0019312083392018775,70.16221869276914,-0.0018176572419792772,65.39874120990196,0.002097345092689177,-53.28681887150577,0.002394513731979462,-61.229690778177634,-0.00498888126345278,10.472265013977099,-0.0007044958273569746,3.7349029690291276,-0.0005516886711120605,2.9510236185827954,-0.0015675300359725953,14.522044013757371,-0.0013427174091339112,12.424647474249136,-9.073555469512939e-05,2.9484907503883684,0.0008862864971160889,-5.750995169826511,3.956858317057305e-05,-2.989106305277826,3.9842724800109866e-05,-2.5596644348660993,0.0001263194878896079,-1.277379114351168,0.0015822911262512206,-17.809819027972747,-0.004351018562621576,5.789763213509303,-0.002962450583775833,3.159865094960153,-0.0028623223304748537,3.058755652864756,-0.001543256640434265,3.236946083570344,-0.0017383471131324768,3.543367152685642,-0.00043094605207443236,2.804899173067661,-0.000689128041267395,0.8386040526285307,6.648217638333676e-05,-0.9848979331844119,-2.4491548538208006e-05,0.3058955286554886,-0.0004968746503194122,0.9824848453252911,0.005526039004325867,-11.805936117977417,-0.0014840196008921946,0.4174693182280055
86,651.9208619594574,0.9033925890922546,0.4580189088980357,0.22268684009710948,0.06759995271762212,0.5009166618188222,3.5400499586683924,0.0,0.9059609025716782,0.4719533324241638,0.21700378507375717,0.07927516847848892,0.14880579710006714,0.8150526583194733,0.5233854055404663,3.544763879297426,-0.05334481417186677,83.2219038870029,-0.04399802872822398,80.31288137756943,-0.045440400001548586,89.28613874390365,-0.03868748531455085,87.31888474979101,-0.006004807140145983,77.219287987719,-0.002489004461538224,20.41504224703548,-0.0019149613226689991,70.41016893496553,-0.0018025064574820654,65.63498962861448,0.0020741954209312556,-53.33358349718913,0.0023666277882598693,-61.24574015516938,-0.004928407095378747,10.469964861646465,-0.0005674412647883109,3.0449817095354086,-0.0002008005976676941,1.0960720156119763,-0.0012952662706375128,12.388201196064651,-0.0010166168212890625,9.723102504280366,-8.75718891620636e-05,2.858381597214133,0.0008916604518890381,-5.786473668426756,6.95499231417973e-05,-5.423211061489938,6.200656294822692e-05,-4.070015944813847,0.0002628472248713176,-2.6943529472681207,-0.0005916666984558106,5.349910900570383,-0.003996165858836891,5.342670216332795,-0.003341930111249292,3.567343824509835,-0.0026680856943130495,2.8607830038632156,-0.00191749354203542,4.018269650511341,-0.0015532985329627992,3.1863428293126015,-0.0004626661539077759,3.0154385715470564,-0.0006681084632873535,0.8130473757679169,4.7426670789718625e-06,-0.07020710188814991,-0.00010348260402679444,1.2885395478719086,-3.020922342936716e-05,0.06027153450480383,0.005531248450279236,-11.817065678606177,-0.0020397031855493796,0.5728784029022314
87,659.5757210254669,0.9083966851234436,0.46420358022054037,0.22209655245145163,0.06737598006923994,0.4948229193687439,3.5449918224439414,0.0,0.9011006504297256,0.47024109959602356,0.21542977541685104,0.07934526354074478,0.14881178736686707,0.8089995682239532,0.47588542103767395,3.544706279232945,-0.05265835640477198,83.12896621496118,-0.043537584297797256,80.41849781221018,-0.044833046221265604,89.14146849301096,-0.03825248234412249,87.36489146345761,-0.005934091876534855,77.21837093646491,-0.002530934880761539,21.00608984943226,-0.0018950673382656246,70.50820617556096,-0.0017804758513675016,65.6046041045262,0.001978102034213496,-51.468252519004565,0.0017799617613063138,-46.611839252635235,-0.004812286261603127,10.344982095120683,-0.0003064021269480377,1.658528510996048,-0.000535205602645874,2.884083083020275,-0.0010301891962687171,9.988008022841989,-0.0013816946744918824,12.809461267456982,-8.30918550491333e-05,2.716016911177353,0.0008781301975250244,-5.7387149703164075,8.413613339265186e-05,-6.659587965510314,7.314704358577728e-05,-4.832148375482022,-0.00014611101150512783,1.4549166224474668,0.0006375002861022949,-7.178889012913165,-0.003623728299925979,4.862526788862573,-0.003893831570943196,4.110300545762404,-0.009404270350933075,9.450166464668971,-0.002467597524325055,5.04745493393376,-0.009341439604759217,16.572959328805265,-0.0004988454282283783,3.2434632278819473,3.6776065826416016e-05,-0.045479370811700996,-5.5234233538309364e-05,0.8131252411814348,-0.00015593282878398896,1.927366855942728,-0.00024340232213338476,0.4894900428449877,-2.6041269302368163e-05,0.05469179284491397,-0.0024561554573864887,0.6880848100493991
88,667.0986368656158,0.9161380052566528,0.4718839406967163,0.22212703227996827,0.0672420509159565,0.4980312426884969,3.5542185612659325,0.0,0.91500224173069,0.4811471402645111,0.21692755073308945,0.07868726179003716,0.1478932648897171,0.8150507211685181,0.5233333110809326,3.5597176645442246,-0.0519560345845629,82.98519194140091,-0.042869686907113985,80.11640720741062,-0.04422242521315582,88.96181146370506,-0.03768087161141773,87.07185240823961,-0.005875771302123403,77.35898774331343,-0.0024311431618623956,20.415231398098737,-0.0018745889872774598,70.56682960443958,-0.001767423826941224,65.88984142942186,0.00199240693288256,-52.45033945907377,0.002310984183189481,-61.229690778177634,-0.004649041783886915,10.111632210065387,7.165884971618519e-05,-0.3926275390911936,0.00016695797443389893,-0.9207366386168765,-0.0007068852186203001,6.9681182587231465,-0.0007109063863754273,6.8793957913454,-0.00011747494339942932,3.819900699957298,0.000955151915550232,-6.224165732382224,9.301342070102691e-05,-7.430210108644901,7.990874350070953e-05,-5.349229578511331,6.027766068776419e-05,-0.6088439073114825,-0.0005906260013580322,5.341506667705961,-0.0033213081277798295,4.4637830830335945,-0.004408349593480432,4.5909715498043795,-0.0038139373064041138,4.001438240869888,-0.004274721940358478,8.306379931454867,-0.0037214547395706178,7.179262719759503,-0.0005879953503608703,3.8237825578760924,2.790987491607666e-05,-0.03425484411595234,-0.00012970700860023414,1.8924521748174612,-0.00025277994573116305,3.112476206368863,3.645817438761578e-05,-0.07325822131306636,0.00016666650772094725,-0.319488525857867,-0.004679709915034147,1.29955278075441
89,674.5035569667816,0.9116087178389232,0.46376917163530984,0.22391977310180664,0.06664366697271665,0.5043958266576131,3.5404097896147118,0.0,0.9065330177545547,0.4729917496442795,0.21677063405513763,0.07815098389983177,0.14770349115133286,0.8148345351219177,0.5230728983879089,3.5409225241918287,-0.05141089955965677,83.06931131600682,-0.04247427928721768,80.30044894319062,-0.04380739468267594,89.15163006761018,-0.03734149826669145,87.29098307489774,-0.00581041500828732,77.38804024641396,-0.0024056838846754753,20.4363406567581,-0.0018599199637827745,70.82875404492637,-0.0017532727242201224,66.12231265102328,0.0020426618413450152,-54.39857664469632,0.002281427897255996,-61.1494622563505,-0.00475432603523558,10.460864516271691,-0.00014509407679239806,0.7895301595929567,0.00010767340660095215,-0.5974226520203544,-0.0012293843030929574,11.70310790312235,-0.001126796305179596,10.64357748423268,-0.00013676881790161132,4.424974377198018,0.001279391050338745,-8.519448103040748,9.580058852831516e-05,-7.744135375757254,7.932774722576142e-05,-5.34664545789809,0.000300485968589782,-3.0701210762889786,-0.00046354174613952634,4.242945155869014,-0.004350147099410106,5.787976333749446,-0.0028573542833328245,3.039149325461376,-0.005820725858211517,6.03346413639336,-0.002931782205899558,5.945770712656736,-0.006027515232563019,11.302998949113721,-0.0005333080887794494,3.4848407911482546,0.0006072431802749634,-0.7508304083275305,-0.00018261698385079738,2.6671158039164484,-0.00028984583914279936,3.57616080936384,0.00035416642824808163,-0.7071248576003972,0.0047343730926513675,-9.951824307757112,-0.0036837704397746584,1.0297779077182938
90,682.1004350185394,0.9077523867289226,0.46341684460639954,0.22216777106126148,0.06604583188891411,0.497760413090388,3.543582876648892,0.0,0.9023488014936447,0.4721197783946991,0.2151145115494728,0.07769777253270149,0.14804700762033463,0.8086133897304535,0.4762499928474426,3.5425124623234296,-0.05087050673636522,83.14093233082181,-0.042039164934645996,80.39137467920926,-0.04331358709570133,89.15987161142243,-0.036927071823315186,87.3144124420642,-0.005740483968772672,77.33545123506957,-0.0024490414017980747,21.043797841396426,-0.0018455780901466357,71.09043823882458,-0.001738499299707738,66.3187753471081,0.0019440473480658096,-52.36743690070335,0.00172342410819097,-46.72415734688006,-0.004664241795810401,10.380615198611196,0.00010991326967875192,-0.6091019709082719,-0.0006155496835708618,3.298319279085809,-0.0010412734349568686,10.10002708076454,-0.0018358308076858521,16.27765524959565,-0.00010895594954490661,3.5491738458393094,0.0011857056617736816,-7.911792252712941,8.646056056022645e-05,-7.003939804409416,5.9859678149223324e-05,-4.006415067279816,-0.00034229171276092487,3.32402732319756,0.0004760414361953735,-5.260731832998466,-0.004465134576931691,5.9268976709513534,-0.002481781442960096,2.661227476362639,-0.003829619288444519,4.07126951329442,-0.002445414662361145,5.012420714328213,-0.0037174969911575317,7.299303602718366,-0.0004636324942111969,3.036562579753582,-5.820393562316895e-06,0.007197474979837488,-0.0002483412126700085,3.6238720598380554,-0.00034101754426956176,4.204489853115312,1.9097526868183667e-05,-0.03838163162068422,2.6041269302368163e-05,-0.05470974657453624,-0.0032886523769816824,0.9195248186931695
91,689.6915690898895,0.9123406887054444,0.4656178891658783,0.22336139976978303,0.06540203839540482,0.49746527473131813,3.544620580346405,0.0,0.9046507030725479,0.47116582095623016,0.21674244105815887,0.07695017755031586,0.1478339359164238,0.8148131370544434,0.5218750238418579,3.5461253071615473,-0.05024737405419796,83.05571691895433,-0.041540950704156684,80.34135286335342,-0.04280218674002515,89.10838533963185,-0.03652287952685624,87.34004473108497,-0.005678378212987707,77.36807042880632,-0.0023518640003847274,20.43843004850299,-0.0018320748924316092,71.37223933406028,-0.0017273655433333321,66.64285046188063,0.001918887958097993,-52.27709328534159,0.002216700590058659,-60.78041840119835,-0.004600174992514633,10.35437103551004,-0.000363915363947549,1.9554062672557575,0.00017737865447998047,-0.9900773846456064,-0.0015830843051274624,14.529784952979327,-0.0011404255032539368,10.795658504663258,-9.732440114021301e-05,3.186781327097817,0.0013377434015274048,-8.943020169044507,6.71375890572866e-05,-5.4103809387821995,3.772944211959839e-05,-2.5131614470842334,0.00014881948630015017,-1.5184908806942574,0.001380208730697632,-15.238647151737336,-0.005025557492717389,6.619720669978851,-0.0014007610082626299,1.5121321106707133,-0.0006782650947570801,0.7441740987044327,-0.0014552817742029822,3.030759172241822,-0.0008965998888015748,1.8674035998956087,-0.0004969991743564606,3.2525287927307605,0.0006213873624801636,-0.7684738171100648,-0.00034273537496725683,4.979491526597317,-0.000452292338013649,5.551431489022837,-1.9444425900777552e-05,0.03907172945446994,0.0046302109956741335,-9.736069613065993,-0.0022765337230177705,0.6381517939512076
92,697.2441349029541,0.9054139097531636,0.4604802032311757,0.22246685326099397,0.0647199717660745,0.49446875055631,3.535967675487091,0.0,0.9064564108848572,0.4729996621608734,0.21672837436199188,0.07580311968922615,0.14786145836114883,0.8148516416549683,0.5233854055404663,3.5335485680044045,-0.0497660341086211,83.18436327317296,-0.04105932116508484,80.30211366020737,-0.042383692286632677,89.22856477592246,-0.03609669374095069,87.29077047011683,-0.005614979316790899,77.36385701172598,-0.002325304349263509,20.434670307368734,-0.001819297022841595,71.67079333484911,-0.001720917680197292,67.14008882856571,0.0018642722677301474,-51.35983932912135,0.002208852602375878,-61.24574015516938,-0.004645205324367957,10.573208307624302,-0.00039623049894968785,2.1412646263766315,0.00020531296730041503,-1.1454758065299218,-0.0015927151441574095,14.74419625428892,-0.0011228561401367188,10.610149492469056,-8.965849876403809e-05,2.9426256755348392,0.0013461905717849732,-9.004111930658706,5.348293483257286e-05,-4.309954361272555,2.2289752960205077e-05,-1.4921784179890176,-3.888909022013332e-05,0.39170080311279915,0.0014239579439163208,-15.745215398907064,-0.0049886738587570445,6.58935918971357,-0.0014315410455068012,1.5564808189247383,-0.0036239683628082275,3.8442594425731813,-0.0011916011571884155,2.5224612726526385,-0.003859010338783264,7.543173453918256,-0.0004579223692417145,3.003938076587755,0.0006346344947814941,-0.7849478505165113,-0.000418759981791178,6.077125810198997,-0.0005530513823032379,6.799786981358487,-0.00033402780691782485,0.6709958793638527,0.004838541150093079,-10.186402549071092,-0.0011975203481811914,0.33752526154795726
93,704.7050290107727,0.9065116683642069,0.4592751622200012,0.22361825307210287,0.06389448841412862,0.5105972131093343,3.534985742628584,0.0,0.9395108819007874,0.5094720423221588,0.21501941978931427,0.07591015845537186,0.14787302911281586,0.8085582256317139,0.4763020873069763,3.5388262275923275,-0.049207091331481934,83.1639753491327,-0.040244883888370386,79.58381854388935,-0.041931179635254015,89.25675278727049,-0.03529923139037667,86.31077854189155,-0.005553149096258394,77.3620856428235,-0.0023689099720546176,21.049184281674684,-0.0018083759934910926,72.03212366052418,-0.0017008302467209952,67.09368857008204,0.002021021611524588,-56.29685809502918,0.0016671803953883413,-46.7402067238718,-0.004604949582984873,10.598041991993751,-0.0006406991879145307,3.413251771218405,0.0011680930852890014,-6.628559920763115,-0.0018976129293441768,17.1216551337755,-7.110178470611573e-05,0.6929632014808124,-8.768171072006226e-05,2.8793961754201147,0.001222391128540039,-8.177200209889362,4.0995930631955446e-05,-3.3144259744897755,2.8344839811325074e-05,-1.9025191358104951,4.722193876902203e-05,-0.4645669332277903,-0.0013770830631256103,12.63016875634963,-0.005022214916078047,6.63244443376209,-0.0011904754241307547,1.2962261941630122,0.0027772456407546995,-3.0460991476280497,-0.0012265898784001694,2.601236625689649,0.0028725892305374147,-5.9752724601894815,-0.00042418539524078367,2.788585749751402,6.9946050643920895e-06,-0.008651461302588637,-0.0005020615955193833,7.28521853248293,-0.0005384698510169983,6.623664412685265,0.0006263885895411159,-1.2420130809150762,8.333325386047363e-05,-0.175265468077014,-0.0013075671059695538,0.3685300093524346
94,712.4070069789886,0.9118951340516408,0.4665946900844574,0.22265022198359172,0.06419058044751486,0.4949618021647135,3.548276394170685,0.0,0.8983159214258194,0.46835656464099884,0.21497967839241028,0.07628621533513069,0.1478966400027275,0.8084850311279297,0.4754687547683716,3.538944732497076,-0.048613715711711115,83.06399190249458,-0.040255210807789925,80.47901178149472,-0.04139584585808326,89.08553626219603,-0.035362451458754746,87.41552783641204,-0.00549253213988698,77.35847104652474,-0.002343956543051678,21.056331281849403,-0.0017855013410250347,71.90251834431635,-0.0016782553866505623,66.93067158984503,0.0018291038663490954,-51.51076537276912,0.001640000906975373,-46.48347178139867,-0.0044104321794513285,10.261913261193715,0.0001762001514434819,-0.9755456394812418,0.000412636399269104,-2.350711369737613,-0.0010584059158960967,10.186481089710812,-0.0008614930510520935,8.422374525546152,-6.794780492782592e-05,2.245554725984361,0.0012311792373657226,-8.241640558791,3.8111353913942994e-05,-3.059432135448247,2.0302683115005493e-05,-1.3486376704634848,-1.4513810475668132e-05,0.1464008139175401,0.00046041667461395265,-5.088062660979883,-0.004086272312894907,5.444602664035618,-0.00040730873743692885,0.4446756207358558,-0.00038012266159057615,0.4213672940545794,-0.0004132507244745842,0.8778985510488301,-0.00030131936073303224,0.6392420291296875,-0.0002908691763877869,1.9287724974999692,-3.7401914596557617e-06,0.0046259587944655544,-0.0004404705514510471,6.4212947766540935,-0.00041743814945220946,5.188106550290559,4.3750206629433744e-05,-0.08846927566699284,0.0,0.0,-0.00011302339138898886,0.03184289748452449
95,720.0202851295471,0.9144236008326213,0.4677160759766897,0.2233537624279658,0.06480249986052514,0.5008992989857991,3.541877193056938,0.0,0.9111354500055313,0.47780029475688934,0.21666757762432098,0.0769590362906456,0.1476280689239502,0.8147486448287964,0.5233333110809326,3.5463736486133053,-0.04806379977092948,83.01703240871299,-0.03968451468534367,80.20043510217444,-0.04093867132313363,89.05930509000966,-0.03488066456010265,87.16178022671437,-0.005436360515573974,77.39958665169394,-0.0022514020242998677,20.444727323901233,-0.0017597226232397086,71.63466916205398,-0.0016529749958745896,66.63901028456974,0.0018732801346795953,-53.328268630246136,0.002137039137142961,-61.229690778177634,-0.004431816791648057,10.423752983022576,-4.022065798441554e-05,0.21944095358242707,-0.0007074084877967834,3.73694715972406,-0.0011838553746541336,11.233967568973528,-0.0016259154677391052,14.540573260844223,-6.562769412994384e-05,2.1744063261489024,0.000930943489074707,-6.059240479064627,4.624685148398089e-05,-3.7003308594728472,4.758551716804504e-05,-3.1902433644364603,0.00010326381524403794,-1.0415200096485784,0.001276041269302368,-13.884162131768543,-0.003988385323067787,5.330218236581033,0.0005623654524485322,-0.6188000502564485,0.0001969754695892334,-0.21665519344320236,0.0004205244779586836,-0.9072592260090255,0.0002859368920326233,-0.6020472788883644,-0.00029748007655143737,1.975261674394559,-1.8584728240966798e-05,0.022805180564661538,-0.00034836848576863533,5.1015953989259515,-0.0003565363585948944,4.427681040048661,0.0006628465652465775,-1.3410594365368063,-1.0418891906738282e-05,0.019904748717350748,0.00010612668404039738,-0.02997238101382945
96,727.677572965622,0.9096263468265533,0.4643036425113678,0.22266135215759278,0.06551910589138667,0.5011597176392873,3.5415884812976217,0.0,0.9140675663948059,0.480265349149704,0.21690110862255096,0.07787205278873444,0.1490178182721138,0.8149639964103699,0.52322918176651,3.5429198235953585,-0.04760351736917563,83.1061285445061,-0.03923114626965624,80.13671830931223,-0.040539456026773925,89.13912786147795,-0.0344833696776248,87.09554562955039,-0.005363742325534212,77.18682962013501,-0.0022251599646629172,20.423699545699886,-0.0017333787013875679,71.32099658476756,-0.0016256772140239148,66.24322656025532,0.0018561220338158576,-53.407984336255744,0.002113196919573114,-61.19761038732573,-0.0043877412061977174,10.431054680529172,-0.0005429509480794282,2.8979829146787517,0.00021060466766357423,-1.1654453002046792,-0.0013603598674138385,12.777612027357435,-0.0007343137264251709,7.10194065200304,-3.560394048690796e-05,1.1805175425191405,0.000949130654335022,-6.183201462089659,7.089433073997495e-05,-5.719647380031464,7.305838167667389e-05,-4.921802372900089,-5.764007568358487e-06,0.05747364144161199,0.0012687504291534423,-13.797014372783906,-0.003715120531830287,4.983602299126125,0.00017264664173125555,-0.1901604410977939,0.000691080093383789,-0.7618088953265091,0.00029730498790740966,-0.6444510566945608,0.0007056951522827149,-1.491298877665212,-3.1320005655288695e-05,0.2097354321012909,9.912252426147462e-06,-0.012164289741531885,-0.0002647305776675546,3.88359268427779,-0.00019481070339679717,2.440620312331036,3.958284854889138e-05,-0.07904493396234966,-1.0412931442260742e-05,0.019897322073294126,0.00016294714839952816,-0.0460308009069594
97,735.117439031601,0.9389403005441029,0.49225934147834777,0.2233404795328776,0.06619697039326032,0.5038576324780782,3.565587451801771,0.0,0.9129316508769989,0.4790240675210953,0.2169537916779518,0.07868422567844391,0.15039609372615814,0.8147532641887665,0.5218750238418579,3.5704100385032804,-0.04679385977878905,82.56170042005226,-0.03883014384068941,80.16140249102543,-0.03981845439526073,88.4851952961827,-0.03413345296131937,87.12889815470261,-0.005292773717328122,76.97582912953541,-0.0022039554621043956,20.444276271365776,-0.001707997193984818,71.02428193795099,-0.0016000156339846159,65.89115755411001,0.0018649830107103317,-54.23383219026798,0.0020766984475286384,-60.78041840119835,-0.004088933714509855,9.82410599403973,0.0004533374309539795,-2.473810854967828,0.0005570679903030395,-3.1469985249659764,-0.00042817119757334487,4.167782300998332,-0.00039052486419677735,3.9166043605932304,-1.666426658630371e-05,0.5509602242702532,0.000945429801940918,-6.159298069715015,8.487968643506372e-05,-6.850330534277574,9.18375700712204e-05,-6.1975071362264185,0.00025881926218668694,-2.6360814200859735,-0.0003322911262512207,3.0853997783571954,-0.0028049471405687675,3.78450104398229,0.003554771145184832,-3.934912891810116,0.000697074830532074,-0.7694314716599181,0.0034240432580312065,-7.4757683394976775,0.0007070735096931458,-1.4981852253512002,0.00015902966260910033,-1.0687060968609843,-2.993941307067871e-05,0.03673310278186157,-0.00014029823243617983,2.075419091226769,-5.909428000450134e-05,0.7454324114181655,0.0002940970659256026,-0.587117754992896,-0.00015103816986083984,0.28857925395316,0.0025537493133378497,-0.7213879304399577
98,742.4840221405029,0.913109149535497,0.4672247131665548,0.22294221818447113,0.06663058350483576,0.5007777750492096,3.5445678587053995,0.0,0.9047799557447433,0.4707413911819458,0.21701928228139877,0.07871689647436142,0.1510910987854004,0.8147918283939362,0.5218750238418579,3.5408187414978287,-0.04657549822909964,83.04144481862788,-0.038510576666643224,80.33854411886726,-0.03966445620689127,89.07079892328142,-0.03386417403817177,87.3514489155955,-0.005230401021738847,76.86943065306322,-0.0021805958822369576,20.440510710198804,-0.0016856887533018988,70.83448093657017,-0.0015830084836731355,65.87699508353953,0.0018134742561313841,-53.29106942706871,0.0020550661720335484,-60.78041840119835,-0.00426529474973758,10.355704398153751,-0.0002937006553014121,1.5827899166879287,-0.0001587161421775818,0.8694719026290993,-0.0011806643803914385,11.21754474547152,-0.0010733139514923096,10.23359499236823,4.884600639343262e-06,-0.1619059341340186,0.0009089791774749756,-5.9075037508430706,9.46240872144699e-05,-7.643379345871059,8.467867970466613e-05,-5.684432847110924,-2.4711410204569796e-05,0.24612304058402742,-0.00015625,1.4749261872991517,-0.003360591090489473,4.5259298496976506,0.0004712464412053419,-0.5187672400426069,0.00036793053150177004,-0.40831235814368544,0.00030211329460144156,-0.6508206904778918,5.002915859222412e-05,-0.10639044233947936,0.00022793114185333253,-1.531673974800207,0.000579226016998291,-0.7159781534493297,-7.453965644041716e-05,1.1063238911525348,-6.283670663833618e-05,0.7919402347950959,0.000595485568046572,-1.2034316615856144,0.004598960280418396,-9.66400750497947,-4.239637385419215e-05,0.011959512455225862
99,749.7736189365387,0.9109472572803498,0.4656441450119019,0.22265155613422394,0.06637517586350442,0.49795833428700764,3.5363512660218364,0.0,0.9148461818695068,0.48062172532081604,0.2171122282743454,0.07828858122229576,0.15094953775405884,0.8150484561920166,0.5233333110809326,3.5400071010977063,-0.04611762600256405,83.08159617306754,-0.038009784885288514,80.11979848951847,-0.03927183880429087,89.10777116959217,-0.033413199727068243,87.08597000631008,-0.005177938753796607,76.89110226230157,-0.002155469864914098,20.415452559341926,-0.0016709435871991095,70.9462778928681,-0.0015711044297390378,66.06266555718163,0.0017657122456331022,-52.428021761701096,0.002048913811899952,-61.229690778177634,-0.004306029779983204,10.563507067682647,-0.0015600473483403522,7.887395421267028,-0.0010000675916671752,5.182505292126985,-0.0018134028514226275,16.298366695749895,-0.0012129396200180054,11.204597696592725,-2.6349723339080812e-06,0.08720379595662978,0.00022109925746917724,-1.375006510043816,8.582980434099844e-05,-6.912428236764971,8.128263056278229e-05,-5.475461987101893,-2.743049462636371e-05,0.2746730856461459,0.000808333158493042,-8.36928228929238,-0.0037972492696393,5.0953186602972425,-0.0005190747976303034,0.5665901803570375,-1.560598611831665e-05,0.017055680747621507,-0.000623979568481442,1.322315753234075,-5.2541494369506836e-05,0.10920047106717104,0.0003056272864341736,-2.066539586248756,-2.2649765014648436e-07,0.0002778939325662583,-8.668750524520874e-05,1.289185919590056,-3.9868056774139404e-05,0.5066646858359383,-7.290840148926891e-06,0.014639322845629358,0.0,0.0,-0.0017867295244096137,0.5027067113658934
100,757.0286481380463,0.9405941049257914,0.49512560963630675,0.22273424764474234,0.06644276827573777,0.49798957705497743,3.564266975488107,0.0,0.9697504639625549,0.5356589257717133,0.21704576909542084,0.07868004962801933,0.15156973153352737,0.814788281917572,0.5233333110809326,3.57459663483302,-0.04534451912860481,82.5309854361094,-0.03706168216101977,78.92669279215677,-0.0385702744835899,88.41814828399488,-0.03251064462321145,85.6071520088149,-0.005118774136110228,76.79615666100634,-0.0021361301139909395,20.44085700214538,-0.0016532034239395948,70.91669136242157,-0.00155107817631595,65.89296783113502,0.0017480135774936806,-52.437585359673236,0.0020280065281050546,-61.229690778177634,-0.0039772365223683685,9.857501650073395,-0.00010117534796396876,0.5349497205847068,0.000799577534198761,-4.299860014874371,-0.0002710781892140701,2.6645282445740928,0.0005785977840423584,-5.7091437660578235,8.694380521774292e-06,-0.2876362127321876,0.00022795915603637695,-1.4187322724310805,8.27654202779135e-05,-6.6420101208811575,7.62110948562622e-05,-5.089595901048417,-3.555548191070512e-05,0.35572033496038674,0.0008041661977767944,-8.322547951281184,-0.002391000503339633,3.245275895782071,0.0028985387086868262,-3.179586429974208,0.006321744620800018,-6.973540397302595,0.003135643800099691,-6.761216553146488,0.0062667176127433775,-13.249105544560463,0.0003866240382194519,-2.6175687196406736,-4.625320434570312e-06,0.00567639224309296,-2.008986969788823e-05,0.3014520450399713,5.2906572818756104e-05,-0.6769789729911512,-0.0006406249602635639,1.2700837842150188,2.6041269302368163e-05,-0.04978516260855108,0.0023857185873395357,-0.6738537991668936
