epoch,elapsed_time,total_loss,l_pred,l_multi,l_var,l_vel,l_sparse,l_probe,l_coord,l_corr,l_corr_asymptotic,l_corr_quiescence,spike_rate,grad_norm,val_total_loss,val_l_pred,val_l_multi,val_l_probe,val_l_coord,val_pos_err,val_vel_err,val_spike_rate,val_rollout_mae,val_rollout_vel_mae,val_drift_ratio,val_gate_passed,val_dynamic_score,val_pos_err_h1,val_pos_err_h5,val_pos_err_h10,val_pos_err_h25,val_pos_err_h50,val_pos_err_h100,val_vel_err_h1,val_vel_err_h5,val_vel_err_h10,val_vel_err_h25,val_vel_err_h50,val_vel_err_h100,grad_norm_recent,combined_score
1,9.16210412979126,4.409003092100223,0.25185919006665547,0.0,0.4745362877845764,2.156084092458089,0.014511989057064056,1.4957827568054198,0.2188449412584305,0.0,0.0,0.0,0.11451199054718017,0.43482369780540464,3.5419488698244095,0.2638282924890518,0.4688822031021118,1.5218397378921509,0.20650587230920792,0.7866658270359039,0.9647827744483948,0.11493972316384315,0.8925659308830897,2.2068777680397034,1.1865641092022456,1.0,1.9849637209761577,0.8118040263652802,0.8459004461765289,0.8880019783973694,0.922793447971344,0.9632575213909149,0.9236381649971008,0.7157750129699707,0.7692472338676453,1.1372719407081604,2.2110711336135864,3.419541120529175,4.988360166549683,0.32669863998889925,1.9849637209761577
2,17.478271007537842,4.509247209876776,0.27968369126319886,0.0,0.30390554467837017,1.9916943311691284,0.018871851762135825,1.58401620388031,0.17238331735134124,0.0,0.0,0.0,0.11887185325225194,0.2505406846602758,3.5787865817546844,0.2944973111152649,0.2944973111152649,1.5685203075408936,0.15632761269807816,0.8275794982910156,0.969494640827179,0.12110926955938339,0.9285535216331482,3.20191698273023,1.235528537113955,1.0,2.06960980969089,0.850127249956131,0.8354831337928772,0.8619785308837891,0.9627823233604431,1.0503564774990082,1.0105934143066406,0.711717039346695,1.023689180612564,1.8175864219665527,3.3894824981689453,4.9194300174713135,7.349596738815308,0.23088307529687882,2.06960980969089
3,25.58063006401062,4.025145262603958,0.29680912097295126,0.0,0.2602070152759552,1.8662368535995484,0.024036782483259838,1.3690344015757243,0.12739902933438618,0.0,0.0,0.0,0.12403678397337596,0.23399306039015452,3.0917384028434753,0.29337847232818604,0.29337847232818604,1.3258353471755981,0.11818910762667656,0.7960592806339264,0.8817138671875,0.12569580227136612,0.877243181069692,4.0584073315064115,1.257274192095802,1.0,1.9813563764477662,0.8166989088058472,0.7881104946136475,0.754815399646759,0.88134765625,1.0268144607543945,0.9956721663475037,0.702193409204483,1.096912920475006,2.045974910259247,4.211424112319946,6.448387622833252,9.845551013946533,0.2236812800168991,1.9813563764477662
4,33.63076615333557,3.483543955720961,0.2838683287302653,0.0,0.2473239759604136,1.8211003541946411,0.027986106773217518,1.1179821848869325,0.09623757253090541,0.0,0.0,0.0,0.12798610826333365,0.21250450511773428,2.743116110563278,0.28083521127700806,0.28083521127700806,1.160931646823883,0.09228485077619553,0.7282440066337585,0.8347378969192505,0.12819358706474304,0.83908711373806,4.632313544551532,1.2827589023658517,1.0,1.7988045796778553,0.7457321286201477,0.7604332864284515,0.769916296005249,0.8440353572368622,0.9565945267677307,0.9578110873699188,0.7122669517993927,1.0357004404067993,1.9520484805107117,4.84232234954834,8.07271146774292,11.178831577301025,0.2135213077068329,1.7988045796778553
5,41.732914209365845,3.172847586621841,0.2811209638913473,0.0,0.2317010482152303,1.7733224232991536,0.02973648856083552,0.9779995997746785,0.07351894676685333,0.0,0.0,0.0,0.12973649005095164,0.19299698968728382,2.528451129794121,0.280887633562088,0.280887633562088,1.0535598397254944,0.07150476798415184,0.6449851095676422,0.8105342984199524,0.1289195641875267,0.7978505790233612,5.457754155000051,1.4772008793755702,1.0,1.5091002105171325,0.6447837352752686,0.6666179597377777,0.7129635214805603,0.8607759773731232,0.9524751007556915,0.949487179517746,0.7064666748046875,1.1037005186080933,2.1651532649993896,5.424685955047607,9.336664199829102,14.009854316711426,0.1943979263305664,1.5091002105171325
6,50.031501054763794,2.9389070991737145,0.2830328385035197,0.0,0.21614493230978649,1.7323418537775674,0.0300340140859286,0.8722861607869467,0.05666330109039942,0.0,0.0,0.0,0.13003401557604471,0.1999236524105072,2.2837377190589905,0.28312361240386963,0.28312361240386963,0.929526150226593,0.059031059965491295,0.5409010350704193,0.7814734876155853,0.12919701635837555,0.7226193398237228,5.519270564119021,1.7560584062138342,1.0,1.1907697233675238,0.5331333577632904,0.5446190237998962,0.601909339427948,0.8001016676425934,0.9362133145332336,0.9197393357753754,0.7219183146953583,1.2007591128349304,2.368628740310669,5.733574628829956,9.681756496429443,13.40898609161377,0.21145439893007278,1.1907697233675238
7,58.0635142326355,2.7354143522679806,0.28011237978935244,0.0,0.20784501334031422,1.7108148018519083,0.029919702311356863,0.7784521301587423,0.04830645148952802,0.0,0.0,0.0,0.12991970380147297,0.21981508334477742,2.108211226761341,0.28232865035533905,0.28232865035533905,0.8423591256141663,0.052939651533961296,0.43918491899967194,0.7659718096256256,0.12852248549461365,0.6775665606061617,5.002753173311551,2.3496666470522314,0.0,0.8569059333392673,0.41099976003170013,0.4259326457977295,0.5361776053905487,0.7784070372581482,0.9657124280929565,0.9481698870658875,0.7146908342838287,1.1429218649864197,2.181190609931946,5.254302740097046,8.868733882904053,11.854679107666016,0.21443865001201629,0.8569059333392673
8,66.21276330947876,2.595917414035648,0.2867526968320211,0.0,0.20109082261721292,1.6705338478088378,0.029369518657525382,0.7162713209788004,0.04374195535977681,0.0,0.0,0.0,0.1293695201476415,0.21578023135662078,1.9993492886424065,0.28422124683856964,0.28422124683856964,0.786508709192276,0.048625728115439415,0.34572169184684753,0.7598104774951935,0.12811698019504547,0.6636048431197802,4.494780724247296,3.088816977688876,0.0,0.6849709785946061,0.3169025480747223,0.3768492788076401,0.5245388746261597,0.8278119564056396,0.9788539707660675,0.9566724300384521,0.7123737037181854,1.1039015650749207,2.136542558670044,5.163091421127319,8.062453746795654,9.790321350097656,0.20813978165388108,0.6849709785946061
9,74.43205213546753,2.473544413782656,0.28476669390996295,0.0,0.19665007690588635,1.6483545541763305,0.028801376124223073,0.6623634338378906,0.038719009856383005,0.0,0.0,0.0,0.12880137761433919,0.2153461585442225,1.890017308294773,0.29113660752773285,0.29113660752773285,0.7266561985015869,0.04210279323160648,0.2617298662662506,0.7389218509197235,0.12732363492250443,0.6765936141212782,4.469950670997302,4.289637629390903,0.0,0.7285356332865567,0.23993103206157684,0.37391841411590576,0.5621386468410492,0.8241169452667236,1.0292171835899353,1.030239462852478,0.6877484321594238,1.0454557240009308,2.032143771648407,5.0667619705200195,8.136332035064697,9.851262092590332,0.2234242007136345,0.7285356332865567
10,82.61254620552063,2.3923111519776286,0.2981200178464254,0.0,0.18739249606927236,1.6120973030726116,0.02789311856031418,0.6253421584765116,0.03181574083864689,0.0,0.0,0.0,0.1278931200504303,0.24601658880710603,1.859010986983776,0.2939881831407547,0.2939881831407547,0.709014356136322,0.036311931908130646,0.19182532280683517,0.742139995098114,0.12677426636219025,0.6317666694521904,4.571251625816028,4.676792850594072,0.0,0.7713112270864032,0.1995045691728592,0.35951992869377136,0.5566559135913849,0.7908089756965637,0.9330415427684784,0.9510690867900848,0.6690004765987396,0.9671211838722229,1.900806486606598,5.119383811950684,8.284215450286865,10.486982345581055,0.2609978348016739,0.7713112270864032
11,90.7133412361145,2.319689662459617,0.29596829613049824,0.0,0.18192582527796428,1.6004728396733603,0.027646701037883758,0.5936470270156861,0.02783308463792006,0.0,0.0,0.0,0.12764670252799987,0.26570756137371065,1.7873620465397835,0.29520945250988007,0.29520945250988007,0.6722739338874817,0.033771809190511703,0.15173188596963882,0.7232838571071625,0.12616728246212006,0.6169048734009266,5.241732756296794,5.328245976754213,0.0,0.8968120885707898,0.16942646354436874,0.3692721724510193,0.5634502470493317,0.7838454842567444,0.9027458727359772,0.9126890003681183,0.6471510827541351,0.9000761210918427,1.858895719051361,5.414478063583374,9.557549476623535,13.072246074676514,0.26520701348781583,0.8968120885707898
12,98.80077314376831,2.274260732950643,0.3036972145239512,0.0,0.17900189061959584,1.5570686022440592,0.02754432410001755,0.5782377779483795,0.025875470538934072,0.0,0.0,0.0,0.12754432559013368,0.2424242486556371,1.7269784659147263,0.29279032349586487,0.29279032349586487,0.6438964903354645,0.03216112405061722,0.1309310495853424,0.7067379951477051,0.1266222521662712,0.574352003633976,5.880337317784627,5.595184867540192,0.0,0.9562065080292295,0.15697933733463287,0.3196508586406708,0.49463143944740295,0.7112416923046112,0.878328412771225,0.8852802813053131,0.6602069735527039,0.944258451461792,1.9529324173927307,5.954395294189453,10.595295429229736,15.174935340881348,0.25575639605522155,0.9562065080292295
13,107.09893298149109,2.2257251523279895,0.2999439736207326,0.0,0.17773651083310446,1.540618658065796,0.027248098452885946,0.5601926008860271,0.02459299632658561,0.0,0.0,0.0,0.12724809994300207,0.2544537196556727,1.7047823891043663,0.3058624416589737,0.3058624416589737,0.6229943633079529,0.03125075530260801,0.12065872550010681,0.6898030340671539,0.12617681175470352,0.5843642130494118,7.122743810216586,5.401463987989466,0.0,0.9132200921947503,0.1623893827199936,0.3338383436203003,0.5028055012226105,0.739759773015976,0.8771404027938843,0.890251874923706,0.6333433389663696,1.0183419287204742,2.275038480758667,6.959934234619141,12.694380760192871,19.155424118041992,0.25630052536726,0.9132200921947503
14,115.14537119865417,2.1956497817765923,0.30417971809705097,0.0,0.17655052344004313,1.5136458237965902,0.026921274761358898,0.5499923249085744,0.023645419565339883,0.0,0.0,0.0,0.126921276251475,0.2743763615687688,1.6842362061142921,0.30078528821468353,0.30078528821468353,0.6165291368961334,0.030462306924164295,0.11720097437500954,0.6882173418998718,0.12591413408517838,0.5652085468173027,7.057922879854838,5.415761201459191,0.0,0.9177524431406229,0.1551886796951294,0.3249454200267792,0.47796396911144257,0.6920811235904694,0.8404648303985596,0.9006072580814362,0.632433146238327,0.9852776825428009,2.2702953815460205,6.786045789718628,12.453495502471924,19.219989776611328,0.2765317842364311,0.9177524431406229
15,123.13325715065002,2.1711667608624947,0.3062235136826833,0.0,0.1754152864217758,1.494424033164978,0.02656119763851166,0.5417358974615732,0.022915383304158845,0.0,0.0,0.0,0.1265611991286278,0.30647562543551127,1.639148861169815,0.28978806734085083,0.28978806734085083,0.6022333800792694,0.029713237658143044,0.1163419596850872,0.6776743829250336,0.12590982764959335,0.5759203384319941,7.935664181907971,5.400872009451453,0.0,0.913802743349833,0.1585555225610733,0.32257211208343506,0.4817355126142502,0.7153591215610504,0.8563380837440491,0.9209616780281067,0.6257941424846649,0.9451949000358582,2.225721001625061,7.487583160400391,14.315324783325195,22.01436710357666,0.33886353522539137,0.913802743349833
16,131.21446299552917,2.147807243419811,0.3016411284605662,0.0,0.17579974432786305,1.4929329872131347,0.026211424668629964,0.5328341046969096,0.022304633321861427,0.0,0.0,0.0,0.1262114261587461,0.31749049623807274,1.6189717426896095,0.2965313047170639,0.2965313047170639,0.5870873928070068,0.029312974773347378,0.11651718243956566,0.667504608631134,0.12563929706811905,0.5675894344846407,8.383228659629822,4.968485598127318,0.0,0.8219942748888275,0.16899651288986206,0.33222416043281555,0.4673282355070114,0.6890452802181244,0.8396567404270172,0.9082856774330139,0.6153024435043335,1.0176504850387573,2.5381674766540527,7.990976810455322,14.915860176086426,23.22141456604004,0.3106974095106125,0.8219942748888275
17,139.25042724609375,2.130107603454962,0.303187902768453,0.0,0.17526082893212636,1.4730918248494467,0.02584450791279475,0.5283265709877014,0.021815365242461363,0.0,0.0,0.0,0.12584450940291086,0.2834821422894796,1.6363897025585175,0.2976611256599426,0.2976611256599426,0.5949490070343018,0.02896653674542904,0.11675941944122314,0.6690216064453125,0.125049639493227,0.5517774671316147,9.180212100346884,5.541679775888931,0.0,0.9454197531477146,0.15392717719078064,0.29341118037700653,0.45147179067134857,0.6946123838424683,0.853015124797821,0.8642271459102631,0.622235894203186,1.0117725133895874,2.5588698387145996,8.909194946289062,16.846224784851074,25.13297462463379,0.2758044064044952,0.9454197531477146
18,147.28047895431519,2.1087086155622576,0.30256175994873047,0.0,0.17563989758491516,1.455920728047689,0.025463485221068064,0.5223402877648672,0.02140116269389788,0.0,0.0,0.0,0.12546348671118418,0.3102307587862015,1.6491400822997093,0.29891397058963776,0.29891397058963776,0.6003845632076263,0.028527744114398956,0.1170046478509903,0.6716194450855255,0.12484816834330559,0.5501497723162174,10.191655526558558,5.409645366694986,0.0,0.9165448936969562,0.15470772236585617,0.3030942678451538,0.4668017029762268,0.6979807913303375,0.8369139134883881,0.8414002358913422,0.6274943947792053,1.1076831817626953,2.8367879390716553,9.287263870239258,18.392982482910156,28.89772129058838,0.30420541018247604,0.9165448936969562
19,155.46370100975037,2.0959768147751068,0.3002691090106964,0.0,0.17556444307168326,1.451066533724467,0.02510519524415334,0.5184537788232167,0.02105207573622465,0.0,0.0,0.0,0.12510519673426945,0.32368360261122386,1.6305308267474174,0.296890452504158,0.296890452504158,0.5925975739955902,0.02820445690304041,0.11733003333210945,0.666928619146347,0.12442045658826828,0.5510883840421835,10.7774758040905,5.087967048839085,0.0,0.8467438973061365,0.16457899659872055,0.32332539558410645,0.45924989879131317,0.6829593181610107,0.8373725116252899,0.8390441834926605,0.6124939918518066,1.087148368358612,2.8565064668655396,9.871169567108154,19.725139617919922,30.512396812438965,0.3200067117810249,0.8467438973061365
20,163.53431034088135,2.0722823010291904,0.3034354488054911,0.0,0.17485817472139994,1.4349350452423095,0.024865123132864635,0.5091729720433553,0.020766831189393996,0.0,0.0,0.0,0.12486512462298076,0.32438108026981355,1.638030894100666,0.3012242764234543,0.3012242764234543,0.5930972397327423,0.027967626228928566,0.11766758188605309,0.6668799817562103,0.12413626536726952,0.5708903496464094,11.095162317156792,5.470286991370397,0.0,0.9283190312139428,0.16055315732955933,0.32547543942928314,0.462412029504776,0.7017538249492645,0.8782718479633331,0.89687579870224,0.6294510066509247,1.16677325963974,3.0915831327438354,10.631084442138672,20.69967555999756,30.35240650177002,0.33173216283321383,0.9283190312139428
21,171.6851682662964,2.0644009123633924,0.30169148643811544,0.0,0.17522931595643362,1.4222607771555582,0.024444334705670676,0.5093790054321289,0.02050607018172741,0.0,0.0,0.0,0.12444433619578679,0.32681311170260113,1.5948997139930725,0.29338574409484863,0.29338574409484863,0.5774105489253998,0.027676367200911045,0.11784402653574944,0.6586679220199585,0.12326759099960327,0.538141435633103,11.7573162317276,5.170001410377289,0.0,0.8643715485379242,0.159695602953434,0.3066502511501312,0.4335022568702698,0.6504262685775757,0.8256264925003052,0.8529477417469025,0.6243934035301208,1.1526485085487366,3.187004804611206,11.378147602081299,22.038558959960938,32.1631441116333,0.3422019273042679,0.8643715485379242
22,179.74838304519653,2.050450801406987,0.30214789708455403,0.0,0.17550830245018006,1.4119413216908774,0.024169051150480906,0.5048256715138754,0.020303563525279362,0.0,0.0,0.0,0.12416905264059702,0.3589588850736618,1.60844636708498,0.2918011397123337,0.2918011397123337,0.5853723287582397,0.02764718420803547,0.11820609867572784,0.6603278815746307,0.1233242079615593,0.5464189561704794,12.285870860020319,5.034858053540188,0.0,0.8357105235317213,0.16331297904253006,0.3346318006515503,0.46341845393180847,0.6741464138031006,0.8222576677799225,0.8207464218139648,0.6106692552566528,1.2491602301597595,3.4918216466903687,11.89366340637207,22.593144416809082,33.876766204833984,0.39351652264595033,0.8357105235317213
23,187.8473711013794,2.0328427129502717,0.2979033092657725,0.0,0.17647605141003928,1.4065577586491902,0.023802191019058228,0.49954825043678286,0.02010208535939455,0.0,0.0,0.0,0.12380219250917435,0.37750220696131387,1.6027314141392708,0.29863350093364716,0.29863350093364716,0.5773905813694,0.02729797177016735,0.11813054606318474,0.656082034111023,0.12305570766329765,0.5315025995175043,13.323074887196222,4.739551802543737,0.0,0.7751392245537105,0.1667802482843399,0.3196103274822235,0.45549632608890533,0.6584497690200806,0.7904636263847351,0.7982152998447418,0.6117718815803528,1.3190300464630127,3.642729640007019,12.775243759155273,24.87389373779297,36.71578025817871,0.4041021913290024,0.7751392245537105
24,196.03746819496155,2.0215802964754404,0.2981620272000631,0.0,0.17553977171579996,1.3957167704900106,0.023535371323426566,0.4966241141160329,0.019933260480562844,0.0,0.0,0.0,0.12353537281354268,0.4013765752315521,1.6060074493288994,0.29748304188251495,0.29748304188251495,0.5798914432525635,0.027127299457788467,0.11819320544600487,0.6591228544712067,0.12279610708355904,0.531505711376667,13.384303842981657,5.268896543091943,0.0,0.8861174927240492,0.1552417278289795,0.2968313843011856,0.43684834241867065,0.6684438586235046,0.8179526031017303,0.8137163519859314,0.6105216443538666,1.4760359525680542,4.050555229187012,13.401504039764404,24.98329734802246,35.78390884399414,0.42710367143154143,0.8861174927240492
25,204.114764213562,2.0094323510692145,0.2940554996331533,0.0,0.17790633141994477,1.3948591470718383,0.023310545086860656,0.4927666366100311,0.019787360231081644,0.0,0.0,0.0,0.12331054657697678,0.3835142284631729,1.6038956940174103,0.298092782497406,0.298092782497406,0.5783782601356506,0.02703341282904148,0.11827732250094414,0.6566908061504364,0.12263311445713043,0.5075043439865112,13.654181569814682,4.783840082288484,0.0,0.7836755457116122,0.15862993896007538,0.31638284027576447,0.43228960037231445,0.6178938150405884,0.7588602602481842,0.7609696090221405,0.5990582704544067,1.4433326125144958,4.059136867523193,13.6105375289917,25.49921226501465,36.71381187438965,0.34310547560453414,0.7836755457116122
26,212.08124494552612,2.0024588738257685,0.2946368336677551,0.0,0.17772712111473082,1.3811480363210042,0.02310736576716105,0.4924859285354614,0.01966526291022698,0.0,0.0,0.0,0.12310736725727717,0.41214836736520133,1.5826961398124695,0.2907823324203491,0.2907823324203491,0.5732613205909729,0.02697266824543476,0.1183955930173397,0.6525379717350006,0.12265846133232117,0.533348465959231,14.55809516708056,4.8953971810492,0.0,0.8068203537876243,0.1649189293384552,0.32014261186122894,0.4455936998128891,0.6571969985961914,0.8073436617851257,0.804894894361496,0.6085976362228394,1.390739619731903,3.993230938911438,13.972488403320312,27.096088409423828,40.28742599487305,0.38255445510149,0.8068203537876243
27,220.06436419487,1.9933630365723123,0.2956073502699534,0.0,0.17719929615656535,1.3696116924285888,0.023024195929368337,0.490393203496933,0.019542758539319038,0.0,0.0,0.0,0.12302419741948446,0.3865683029095332,1.5700908824801445,0.28929848968982697,0.28929848968982697,0.568071573972702,0.02675189170986414,0.11829283460974693,0.6485756635665894,0.1221388466656208,0.5083860593537489,14.426892961064974,4.725303354652771,0.0,0.7717787195310095,0.1615162119269371,0.3155759423971176,0.4219163805246353,0.6069122850894928,0.7632130980491638,0.7811824381351471,0.6094591319561005,1.4247835278511047,4.092047929763794,13.980494499206543,26.771093368530273,39.68347930908203,0.38578367233276367,0.7717787195310095
28,228.1975381374359,1.9799446763703599,0.2925092856089274,0.0,0.17930341561635335,1.3673956314722697,0.022793509562810264,0.48574625651041664,0.019453221559524538,0.0,0.0,0.0,0.12279351105292638,0.4228795985380808,1.5738500207662582,0.2904985249042511,0.2904985249042511,0.5690511167049408,0.026765992864966393,0.11848628893494606,0.6510021686553955,0.12210658565163612,0.498497328410546,13.919364213943481,4.721423921087289,0.0,0.7707335982453681,0.15473411232233047,0.3013750910758972,0.41925543546676636,0.6104698181152344,0.7305653393268585,0.774584174156189,0.6003807783126831,1.4422506093978882,4.025373697280884,13.52413272857666,25.796724319458008,38.127323150634766,0.44309196770191195,0.7707335982453681
29,236.2467279434204,1.9679522330872714,0.28982499837875364,0.0,0.18060286541779835,1.3575999021530152,0.02254459410905838,0.4835460364818573,0.019350988355775676,0.0,0.0,0.0,0.1225445955991745,0.40965776443481444,1.5650818347930908,0.28779709339141846,0.28779709339141846,0.5666930973529816,0.026707635261118412,0.11848035082221031,0.6466821432113647,0.12185372412204742,0.5146758407354355,14.488226557771364,4.856550849624482,0.0,0.7987199189880181,0.15904198586940765,0.3125801384449005,0.42774467170238495,0.6132920980453491,0.7723954916000366,0.8030006587505341,0.6108311116695404,1.4406211972236633,4.016710996627808,13.81456708908081,26.7933349609375,40.25329399108887,0.40873898267745973,0.7987199189880181
30,244.23245811462402,1.956430471680748,0.2904616336027781,0.0,0.18060173590977988,1.3400837024052938,0.022443412244319914,0.48187618851661684,0.019284835457801817,0.0,0.0,0.0,0.12244341373443604,0.3809812823931376,1.5743807256221771,0.2861024737358093,0.2861024737358093,0.5726135075092316,0.026369016617536545,0.11813326179981232,0.6508788466453552,0.1217593215405941,0.514323944846789,14.826922823985418,4.602190482003375,0.0,0.7474185766755361,0.1662590056657791,0.3209506571292877,0.42675282061100006,0.6089716553688049,0.7651556134223938,0.7978539168834686,0.5992341041564941,1.4828253388404846,4.208641529083252,14.251567363739014,27.527592658996582,40.89167594909668,0.37785325944423676,0.7474185766755361
31,252.23120522499084,1.952226051168206,0.29094411929448444,0.0,0.18143365581830342,1.3338168382644653,0.022265406946341198,0.4811100701491038,0.01918202204008897,0.0,0.0,0.0,0.12226540843645732,0.4290330807367961,1.5840027034282684,0.28521817922592163,0.28521817922592163,0.578087717294693,0.02647028025239706,0.11834966391324997,0.6525537371635437,0.12179757282137871,0.5169265667597452,14.491194650530815,4.790958301362256,0.0,0.7852361390216109,0.16175006330013275,0.30966176092624664,0.41635748744010925,0.6099511384963989,0.7749378085136414,0.8289011418819427,0.5996667444705963,1.545911431312561,4.3282859325408936,14.307868957519531,26.88495922088623,39.28047561645508,0.44238491654396056,0.7852361390216109
32,260.2132771015167,1.9351946422286952,0.28861446579297384,0.0,0.18248750865459443,1.3268089850743612,0.02221918205420176,0.4754756808280945,0.019106618190805117,0.0,0.0,0.0,0.12221918354431788,0.454568084081014,1.5407376885414124,0.27906763553619385,0.27906763553619385,0.5610681176185608,0.026323890313506126,0.11825926974415779,0.6401738226413727,0.12140095978975296,0.5251141252617041,14.505144918958345,5.125909438428582,0.0,0.8557430002309818,0.154138945043087,0.2917717397212982,0.4138847142457962,0.6221076250076294,0.7901022732257843,0.8786794543266296,0.5863172709941864,1.507676899433136,4.307372570037842,14.337069988250732,26.923389434814453,39.36904335021973,0.44213526844978335,0.8557430002309818
33,268.19959807395935,1.9338905636686832,0.2892013967037201,0.0,0.1841130534807841,1.3191311438878377,0.02198507885138194,0.47643190224965415,0.019039566566546758,0.0,0.0,0.0,0.12198508034149806,0.43287079433600106,1.5308110490441322,0.2807638496160507,0.2807638496160507,0.5548326373100281,0.026185457594692707,0.11807825043797493,0.6367641091346741,0.12116844579577446,0.5144603711863359,14.764171595374743,4.9873330206847655,0.0,0.8262746299634717,0.15494609624147415,0.30520428717136383,0.4094951003789902,0.5866965055465698,0.7727677822113037,0.8576524555683136,0.5921138226985931,1.5014992952346802,4.279376029968262,14.472619533538818,27.539469718933105,40.199951171875,0.44138111025094984,0.8262746299634717
34,276.4127731323242,1.9216428224385405,0.2864173670609792,0.0,0.18464197119077047,1.314203174908956,0.022096731265385947,0.4728834847609202,0.01896229243526856,0.0,0.0,0.0,0.12209673275550206,0.5233957529067993,1.5475015863776207,0.27681268751621246,0.27681268751621246,0.566141277551651,0.026202617213129997,0.11814446374773979,0.6456547677516937,0.12113095074892044,0.5240954185525576,14.719674855470657,4.892035315898667,0.0,0.8060717047266875,0.1601681113243103,0.30291298031806946,0.40374697744846344,0.5845655798912048,0.7835480570793152,0.9096308052539825,0.5920222997665405,1.5886190533638,4.464570045471191,14.647397518157959,27.368717193603516,39.65672302246094,0.5130674123764039,0.8060717047266875
35,284.49754333496094,1.9172508573237186,0.2855158468087514,0.0,0.1855831523736318,1.3062076965967815,0.02198073814312617,0.47312359809875487,0.018901887287696203,0.0,0.0,0.0,0.12198073963324228,0.43779755433400475,1.5457401275634766,0.27696168422698975,0.27696168422698975,0.565148800611496,0.026127856224775314,0.11808041855692863,0.6436403095722198,0.12131766229867935,0.5280561236043771,13.905268356204033,4.98780440489893,0.0,0.826041573011503,0.1595800444483757,0.29575949907302856,0.3958205282688141,0.5898467600345612,0.7959540486335754,0.9313758611679077,0.5673884451389313,1.5024617910385132,4.18245005607605,13.686264991760254,25.82167339324951,37.67137145996094,0.414332914352417,0.826041573011503
36,292.5626611709595,1.9143829155364074,0.2841126004854838,0.0,0.18644059995810192,1.3003000020980835,0.0218827024102211,0.4738542020320892,0.018843311506013077,0.0,0.0,0.0,0.12188270390033722,0.4165325621763865,1.5468426868319511,0.28059346973896027,0.28059346973896027,0.5629762411117554,0.02597611304372549,0.11786796897649765,0.6405139863491058,0.12091267853975296,0.5538012037674586,13.907890950640043,5.093193728306244,0.0,0.8480269336960551,0.1612853854894638,0.30630430579185486,0.4178190380334854,0.6199840903282166,0.821457713842392,0.995956689119339,0.5840983092784882,1.4928901195526123,4.099589586257935,13.631941318511963,25.96221160888672,37.67661476135254,0.4475491136312485,0.8480269336960551
37,300.597980260849,1.895054667776761,0.28496966560681664,0.0,0.18705028196175894,1.2881270090738932,0.02181873768568039,0.4667934020360311,0.018801963763932387,0.0,0.0,0.0,0.12181873917579651,0.46091610193252563,1.5408450737595558,0.28320179879665375,0.28320179879665375,0.5580211877822876,0.02610067091882229,0.11805135384202003,0.6357004642486572,0.12131667509675026,0.5449988866845766,13.065788301328817,5.555946538184756,0.0,0.9506914159546181,0.14726507663726807,0.29124730825424194,0.40985704958438873,0.6168866455554962,0.8181968927383423,0.9865403473377228,0.5722605139017105,1.5136838555335999,4.160181522369385,13.22899866104126,24.083189010620117,34.836416244506836,0.4682237058877945,0.9506914159546181
38,308.71849298477173,1.8913792934967204,0.28219675421714785,0.0,0.18784364859263103,1.2805721282958984,0.021777830024560293,0.46820622086524966,0.01873845923691988,0.0,0.0,0.0,0.12177783151467642,0.4920071303844452,1.5221236944198608,0.27294182777404785,0.27294182777404785,0.5563554763793945,0.025889944285154343,0.11770804598927498,0.6356002688407898,0.12073997780680656,0.5665136749545733,12.974906834463278,5.267820876471874,0.0,0.8846056702617585,0.16381670534610748,0.3073698580265045,0.42370036244392395,0.6427854299545288,0.8629570603370667,0.9984526336193085,0.5778838545084,1.4534202218055725,4.016616582870483,12.918066024780273,24.10216999053955,34.78128433227539,0.5038740336894989,0.8846056702617585
39,316.7822861671448,1.886430346321625,0.2839503943920135,0.0,0.1881877581278483,1.273004412651062,0.021685979266961416,0.46675669550895693,0.018683878829081853,0.0,0.0,0.0,0.12168598075707754,0.4458732863267263,1.5270012691617012,0.26949314773082733,0.26949314773082733,0.5613807737827301,0.025920527055859566,0.11772708222270012,0.6377719342708588,0.121253602206707,0.544567791124185,13.695892224709192,5.313475913826761,0.0,0.8957218978540907,0.15508176386356354,0.2918046861886978,0.3975013345479965,0.6056972444057465,0.8240232169628143,0.9932985007762909,0.5816569924354553,1.5677568912506104,4.278842449188232,13.820343017578125,25.59503746032715,36.331716537475586,0.4383817046880722,0.8957218978540907
40,324.8687312602997,1.8802543395664544,0.2796728571256002,0.0,0.18968728284041086,1.2754684607187907,0.02161300778388977,0.465138570467631,0.01863248689721028,0.0,0.0,0.0,0.1216130092740059,0.6008574207623799,1.5559599101543427,0.27339547872543335,0.27339547872543335,0.5729333460330963,0.025735660456120968,0.11739346012473106,0.6452159285545349,0.1206866167485714,0.5517121019462744,13.084893057743708,5.015024909408641,0.0,0.831538999347727,0.1665622666478157,0.29947301745414734,0.4055684804916382,0.6171457171440125,0.8353139162063599,0.9862092137336731,0.5646998286247253,1.539604663848877,4.1943299770355225,13.25771713256836,24.349498748779297,34.60350799560547,0.6454511761665345,0.831538999347727
41,332.9479401111603,1.8713986052665859,0.2808921217918396,0.0,0.19022973974545795,1.2628289063771565,0.02163188805182775,0.46323295632998146,0.01858137231320143,0.0,0.0,0.0,0.12163188954194387,0.6317336618900299,1.5542404353618622,0.272688090801239,0.272688090801239,0.5726041495800018,0.025674298405647278,0.11729128658771515,0.6422816514968872,0.12074857950210571,0.5520311382909616,12.967455903689066,5.068017926656182,0.0,0.842593500442712,0.16423926502466202,0.2920733094215393,0.40067754685878754,0.6253123581409454,0.8323675394058228,0.9975168108940125,0.5669417381286621,1.5033564567565918,4.088253736495972,13.088000774383545,24.218220710754395,34.339962005615234,0.6576921671628952,0.842593500442712
42,341.1815450191498,1.8677625401411206,0.2786613424619039,0.0,0.19112866520881652,1.259639525413513,0.021592228611310323,0.46329585909843446,0.01853814541051785,0.0,0.0,0.0,0.12159223010142645,0.5419730106989543,1.5371371805667877,0.2704005837440491,0.2704005837440491,0.5657681524753571,0.02558127697557211,0.11707606166601181,0.6384172141551971,0.12078409641981125,0.5713220077256361,13.10658443470796,5.444522413811224,0.0,0.9227071517189203,0.16092994064092636,0.29109475016593933,0.40942811965942383,0.647272914648056,0.8761866688728333,1.0430196523666382,0.5730093419551849,1.403530776500702,3.9193942546844482,12.951228141784668,24.472838401794434,35.31950569152832,0.5746448010206222,0.9227071517189203
43,349.24629521369934,1.8630731942132115,0.28045675754547117,0.0,0.19238934914271036,1.2508312384287517,0.021595918635527293,0.46219501495361326,0.018492566794157027,0.0,0.0,0.0,0.12159592012564341,0.6133836567401886,1.5459386855363846,0.27250251173973083,0.27250251173973083,0.5685924589633942,0.025657393969595432,0.11711069941520691,0.6435512006282806,0.12069562822580338,0.5827168648441633,12.61815239985784,5.930687162418109,0.0,1.0313430468218285,0.15298400819301605,0.286525696516037,0.4042622447013855,0.6553288698196411,0.9073002934455872,1.0899000763893127,0.5812273621559143,1.4955735802650452,3.9947714805603027,12.601109027862549,23.39793300628662,33.6382999420166,0.6461806654930115,1.0313430468218285
44,357.3151249885559,1.8609417852868015,0.2770978073279063,0.0,0.19358158111572266,1.2511935234069824,0.02161528617143631,0.46265629927317303,0.0184588009181122,0.0,0.0,0.0,0.12161528766155243,0.5981806834538778,1.531994305551052,0.27130545675754547,0.27130545675754547,0.5625180602073669,0.025518085807561874,0.11684991046786308,0.6374770104885101,0.12095127627253532,0.5683008494476477,12.266596054037413,5.508612440439986,0.0,0.9372220658583028,0.15773842483758926,0.29254765808582306,0.4136543422937393,0.6442969739437103,0.868919849395752,1.0326478481292725,0.5710366070270538,1.5223615765571594,4.080702543258667,12.624446392059326,22.8336124420166,31.967416763305664,0.5834932833909988,0.9372220658583028
45,365.42926812171936,1.846444562508259,0.2788816034793854,0.0,0.19395631353060405,1.2322038571039835,0.021563529471556344,0.45926069219907123,0.01841499600559473,0.0,0.0,0.0,0.12156353096167247,0.5293151378631592,1.556972749531269,0.2705996483564377,0.2705996483564377,0.5755366384983063,0.02550989668816328,0.1167461983859539,0.6443303227424622,0.12059959769248962,0.5681596174836159,12.828613291184107,5.342407667891815,0.0,0.9008815001146518,0.16072648763656616,0.29031533002853394,0.40482766926288605,0.6385567486286163,0.8586664199829102,1.0558650493621826,0.5675649642944336,1.5288346409797668,4.128677129745483,12.966180801391602,23.96109390258789,33.81932830810547,0.5867015033960342,0.9008815001146518
46,373.47928404808044,1.8473373745102435,0.2788480639457703,0.0,0.19440338810284932,1.2278958559036255,0.021504121522108715,0.46079673965771994,0.018369948056836925,0.0,0.0,0.0,0.12150412301222484,0.5751085559527079,1.5452879294753075,0.2658202797174454,0.2658202797174454,0.5732787549495697,0.02550216019153595,0.1166408509016037,0.6445029675960541,0.12056338414549828,0.567986536771059,12.083677480618158,5.575901938775079,0.0,0.9520650103831299,0.1567881628870964,0.2863789200782776,0.40951284766197205,0.6605361998081207,0.8742354214191437,1.0204676687717438,0.5930655002593994,1.3663248419761658,3.7373456954956055,12.006763935089111,22.641376495361328,32.157188415527344,0.5621353030204773,0.9520650103831299
47,381.5315511226654,1.8417783380874122,0.27462183038393656,0.0,0.19636910557746887,1.233151642481486,0.021566296617190044,0.45870526432991027,0.018333991492787995,0.0,0.0,0.0,0.12156629810730617,0.5617269575595856,1.5392331033945084,0.263959139585495,0.263959139585495,0.5716471970081329,0.025505398400127888,0.11651824787259102,0.6424162983894348,0.12079932913184166,0.6006036413212618,11.684129257996878,5.738170132888138,0.0,0.98564783062572,0.16300847381353378,0.2917945981025696,0.4198560267686844,0.678574800491333,0.9353703558444977,1.115017592906952,0.5898427367210388,1.3769469857215881,3.603115677833557,11.371444702148438,21.645950317382812,31.517475128173828,0.5728859961032867,0.98564783062572
48,389.5465500354767,1.8341416094762584,0.2766700049241384,0.0,0.19482524693012238,1.2169728914896647,0.02155327598253886,0.45799020727475487,0.018303959319988888,0.0,0.0,0.0,0.12155327747265497,0.5685170114040374,1.5626297742128372,0.26438209414482117,0.26438209414482117,0.5830283164978027,0.02546984702348709,0.116373710334301,0.6476563513278961,0.12064331024885178,0.5614330656826496,12.588616927464804,5.448766138752676,0.0,0.9249321992012258,0.15503448992967606,0.29352010786533356,0.41056907176971436,0.6217954158782959,0.8447466790676117,1.0429326295852661,0.5766844749450684,1.4792506694793701,3.9574644565582275,12.405976295471191,23.12386703491211,33.98845863342285,0.570711761713028,0.9249321992012258
49,397.61659598350525,1.8226962441888948,0.27478501399358113,0.0,0.1959638992945353,1.2137282530466715,0.02156640440225601,0.45396354993184407,0.01826937571167946,0.0,0.0,0.0,0.12156640589237214,0.5683797717094421,1.5469531863927841,0.2725924551486969,0.2725924551486969,0.5690322518348694,0.02536397334188223,0.11606455594301224,0.6405706405639648,0.12059611082077026,0.538861288378636,12.532764171560606,5.368555689473288,0.0,0.9084029705919529,0.15165620297193527,0.27744385600090027,0.39214375615119934,0.6048887073993683,0.8141747713088989,0.9928604364395142,0.5646543204784393,1.507978916168213,3.967418074607849,12.076884746551514,22.921178817749023,34.158470153808594,0.5496720671653748,0.9084029705919529
50,405.89920115470886,1.8206575922435149,0.2777463436126709,0.0,0.19760429362456003,1.2017547289530437,0.02165217896302541,0.45435702602068584,0.018222127482295035,0.0,0.0,0.0,0.12165218045314154,0.6310936510562897,1.555304005742073,0.2638636529445648,0.2638636529445648,0.5797542631626129,0.02536295633763075,0.1159479022026062,0.647297203540802,0.12062837183475494,0.5667849158247312,12.10400308171908,5.5316991565744775,0.0,0.9426803069263778,0.1559680700302124,0.2803940027952194,0.40190523862838745,0.6336748600006104,0.8627684414386749,1.0659988820552826,0.5664878487586975,1.3663626909255981,3.6457854509353638,11.526362419128418,22.141361236572266,33.37765884399414,0.6329151779413223,0.9426803069263778
51,413.9305012226105,1.8152759459723409,0.27183408141136167,0.0,0.19845200876394908,1.205597496032715,0.0215772012869517,0.4536404212315877,0.01818979177623987,0.0,0.0,0.0,0.12157720277706782,0.5650737822055817,1.531244233250618,0.2677576243877411,0.2677576243877411,0.5648038983345032,0.025336318649351597,0.11578427627682686,0.6365786492824554,0.12100475281476974,0.5439321088294188,12.160551195343336,4.984017047564281,0.0,0.8252251613051218,0.16010241955518723,0.28015346825122833,0.395970955491066,0.6027859449386597,0.797953188419342,1.0266266763210297,0.5688408315181732,1.365190327167511,3.6580854654312134,11.683842182159424,22.44328212738037,33.24406623840332,0.5535399794578553,0.8252251613051218
52,422.03215312957764,1.8111026520918434,0.2735912064711253,0.0,0.19780057966709136,1.194414488474528,0.02166747897863388,0.45348285833994545,0.01816463116556406,0.0,0.0,0.0,0.12166748046875,0.5816790401935578,1.537703201174736,0.2651800215244293,0.2651800215244293,0.569966584444046,0.02535932045429945,0.11574343219399452,0.6384685933589935,0.12075009196996689,0.5678913245598475,11.450713043411573,5.482921805235745,0.0,0.9318125214595936,0.15712440013885498,0.2824733108282089,0.4052840620279312,0.648519366979599,0.8615007996559143,1.0524460077285767,0.5758079588413239,1.2914034128189087,3.4157207012176514,10.89236307144165,20.894944190979004,31.6340389251709,0.5876542627811432,0.9318125214595936
53,430.080283164978,1.8108342696291706,0.2770811915397644,0.0,0.19878195822238923,1.1851854880650838,0.021631779770056408,0.4538736442724864,0.018126334063708782,0.0,0.0,0.0,0.12163178126017253,0.6518201291561126,1.5533909052610397,0.26400068402290344,0.26400068402290344,0.5786949396133423,0.025300858542323112,0.11544256657361984,0.6440719068050385,0.12107439339160919,0.538830328732729,12.307856579621633,5.1758928864030525,0.0,0.8660825955270851,0.1561894193291664,0.2716391980648041,0.3792763650417328,0.5783637315034866,0.8084197044372559,1.039093554019928,0.5555511713027954,1.380068302154541,3.618107318878174,11.542574405670166,22.48294734954834,34.26789093017578,0.6557912021875382,0.8660825955270851
54,438.0804092884064,1.7949340700249499,0.2749018669128418,0.0,0.19821822742621104,1.1751696348190308,0.02163064032793045,0.44954794843991597,0.0180956511447827,0.0,0.0,0.0,0.12163064181804657,0.6224224229653676,1.5440082214772701,0.2581465020775795,0.2581465020775795,0.5783942341804504,0.025174006819725037,0.1151624321937561,0.6440238058567047,0.12079089879989624,0.5491778862973055,12.460318540533384,5.19118902614691,0.0,0.8689560893384819,0.15892014652490616,0.27465207874774933,0.3819306939840317,0.596569687128067,0.8249845206737518,1.0580101907253265,0.5510499179363251,1.482796549797058,3.884199380874634,12.231846809387207,23.22555160522461,33.38646697998047,0.600580832362175,0.8689560893384819
55,446.17829298973083,1.7987993250445773,0.2718932131926219,0.0,0.1999370276927948,1.1849472006162007,0.021686196823914847,0.45044347445170085,0.018058385358502467,0.0,0.0,0.0,0.12168619831403096,0.741274231672287,1.517007738351822,0.25375503301620483,0.25375503301620483,0.5681875944137573,0.025148686952888966,0.11494036391377449,0.6362253129482269,0.12079427018761635,0.5771180254717668,12.913770337899527,5.860139225825555,0.0,1.0162460968475648,0.15162865072488785,0.26656635105609894,0.3918069750070572,0.6555079519748688,0.8885650038719177,1.1086332201957703,0.5566030740737915,1.4096424579620361,3.8066349029541016,12.47150993347168,24.09551429748535,35.142717361450195,0.7426067918539048,1.0162460968475648
56,454.20071721076965,1.795145788579248,0.2715202579895655,0.0,0.20108170409997303,1.1817238251368205,0.02171554813782374,0.4495457967122396,0.01804051591704289,0.0,0.0,0.0,0.12171554962793986,0.7129159212112427,1.5192997455596924,0.24995803833007812,0.24995803833007812,0.5721813440322876,0.025055691599845886,0.11466750502586365,0.6393501162528992,0.12072870135307312,0.5833436076839765,12.470582855244478,5.668950459780013,0.0,0.9720353418125689,0.157820463180542,0.280390128493309,0.40311530232429504,0.6491491794586182,0.8946763873100281,1.1149101853370667,0.540356233716011,1.36741304397583,3.6662185192108154,11.931499004364014,23.134876251220703,34.18313407897949,0.7024999916553497,0.9720353418125689
57,462.48553228378296,1.7864357987806823,0.2692405919233958,0.0,0.20067015091578166,1.1768433650334675,0.02170084516207377,0.4475779672463735,0.018001025666793187,0.0,0.0,0.0,0.12170084665218989,0.68183274269104,1.529615554958582,0.25885476917028427,0.25885476917028427,0.5706667006015778,0.025052458979189396,0.11453799158334732,0.6386653780937195,0.12097952887415886,0.5866842816273371,12.620842024683952,5.634199329654044,0.0,0.9638943270459975,0.15990252792835236,0.2821475565433502,0.40527166426181793,0.6570959985256195,0.9009227156639099,1.114765226840973,0.5585805475711823,1.4302759170532227,3.7820106744766235,12.147585391998291,23.566115379333496,34.2404842376709,0.6762085437774659,0.9638943270459975
58,470.5462942123413,1.7802403272517646,0.27400792241096494,0.0,0.20019246339797975,1.1589925249417623,0.021765839556852976,0.44656808773676554,0.017985383793711663,0.0,0.0,0.0,0.1217658410469691,0.6840788225332896,1.5518838055431843,0.2542695924639702,0.2542695924639702,0.5852397084236145,0.025263367220759392,0.11478931456804276,0.6458607316017151,0.12110020220279694,0.5468928975363573,12.305497715870539,5.733778882547325,0.0,0.9909266470496692,0.14504424482584,0.265252485871315,0.37929515540599823,0.5917189717292786,0.8316516280174255,1.0683948993682861,0.5378077626228333,1.3893547058105469,3.56650173664093,11.35498332977295,22.773963928222656,34.21037483215332,0.6863899737596512,0.9909266470496692
59,478.54822301864624,1.774066698923707,0.270606541633606,0.0,0.20098469456036885,1.156849217414856,0.021802461147308348,0.44567211866378786,0.017944046172002952,0.0,0.0,0.0,0.12180246263742447,0.5994630873203277,1.5339804477989674,0.25795381516218185,0.25795381516218185,0.5735248625278473,0.025130861438810825,0.11435165256261826,0.6410731971263885,0.1208464726805687,0.5623033903539181,13.524543603261312,5.365011792237883,0.0,0.9063350580102348,0.15737075358629227,0.27744339406490326,0.40077169239521027,0.6266618967056274,0.8442959487438202,1.067276656627655,0.5657564401626587,1.4144212007522583,3.7673118114471436,12.510583400726318,25.061908721923828,37.827280044555664,0.5857638746500016,0.9063350580102348
60,486.56506609916687,1.7689664967823773,0.27090118328730267,0.0,0.20027887026468913,1.1517474174499511,0.021769313017527263,0.44429587920506797,0.01791530642658472,0.0,0.0,0.0,0.12176931450764338,0.6780499498049418,1.522082682698965,0.25264302641153336,0.25264302641153336,0.5715590715408325,0.02504586149007082,0.11407792195677757,0.6386074423789978,0.12098219990730286,0.5370019289354483,11.80472688873609,5.323932199989708,0.0,0.898354136982996,0.15331446379423141,0.2651943564414978,0.3856896907091141,0.6153505444526672,0.8162358105182648,0.9862267076969147,0.5594242215156555,1.385515570640564,3.5329147577285767,11.29898738861084,21.891582489013672,32.15993690490723,0.6976850688457489,0.898354136982996
61,495.1790599822998,8.091178918750181,0.24710026979446412,0.24710026979446412,0.21102259854475658,1.2011877338091532,0.021839137375354766,0.44609267115592954,0.017892339173704384,6.19304362932841,6.19304362932841,0.0,0.12183913886547089,0.5981024225552877,1.4852635525166988,0.22963354736566544,0.22963354736566544,0.5704066157341003,0.025021448731422424,0.11387614533305168,0.6371717154979706,0.12076735496520996,0.4986356149117152,5.887737189730008,5.495213387985362,0.0,0.9385637257152231,0.143798366189003,0.23886330425739288,0.3504316806793213,0.5755181014537811,0.7902027070522308,0.892999529838562,0.584216445684433,1.1258068084716797,2.6101895570755005,6.560457706451416,10.652561664581299,13.793190956115723,0.6189311534166336,0.9385637257152231
62,503.73056530952454,2.868122851724426,0.23089010218779246,0.6420987685521443,0.2331823527812958,1.2671583652496339,0.021857147912184398,0.4457342286904653,0.017891617150356372,0.7542051871617635,0.7542051871617635,0.0,0.12185714940230051,3.339862565199534,1.554841734468937,0.23774901777505875,0.30607855319976807,0.5820267200469971,0.025195919908583164,0.11409308761358261,0.642138659954071,0.12124337255954742,0.499171357601881,0.651984691619873,4.178372037569926,0.0,0.6734684111051541,0.1870696321129799,0.25292983651161194,0.32959839701652527,0.531801849603653,0.7816465198993683,0.9119819104671478,0.5674498081207275,0.5678199231624603,0.5855087637901306,0.6612420082092285,0.7286462783813477,0.8012413680553436,1.0537576377391815,0.6734684111051541
63,512.2794711589813,2.3962072921179547,0.24899656275908152,0.2899832785129547,0.23196383317311606,1.2110514084498087,0.021919920047124227,0.44358333547910056,0.01785693640510241,0.47269182205200194,0.47269182205200194,0.0,0.12191992153724035,0.7327355027198792,1.5331595689058304,0.24978183209896088,0.2650887370109558,0.5754166841506958,0.024982772767543793,0.11361245810985565,0.6405565738677979,0.1210748590528965,0.4371877846618493,0.6415959298610687,3.3994670909958153,0.0,0.5474593152088489,0.19290931522846222,0.2339135929942131,0.2888682782649994,0.4534013420343399,0.6557888686656952,0.7982453107833862,0.5790199637413025,0.5689214468002319,0.5828991234302521,0.6472584903240204,0.6903253197669983,0.7811512351036072,0.684096884727478,0.5474593152088489
64,520.9775512218475,2.288774170889519,0.25750409066677094,0.2639657159646352,0.22857874234517414,1.1739940245946248,0.021903969844182334,0.44029138684272767,0.01782339351872603,0.39522406657536824,0.39522406657536824,0.0,0.12190397133429845,0.644605948527654,1.5399723574519157,0.2575569227337837,0.2517397105693817,0.5782727897167206,0.02507952321320772,0.11353558674454689,0.6408485770225525,0.12122959643602371,0.40602317824959755,0.6305496941010157,3.4400690120695017,0.0,0.5413751945146799,0.17915404587984085,0.21493108570575714,0.26139549911022186,0.41265614330768585,0.6163022816181183,0.7517000138759613,0.5842382609844208,0.5668540596961975,0.5699276924133301,0.6287488043308258,0.660264790058136,0.7732645571231842,0.625143501162529,0.5413751945146799
65,529.5673322677612,2.2555580340093,0.25733305315176647,0.2534501930077871,0.22560998300711313,1.1635068337122598,0.021989038586616515,0.4418012062708537,0.017785205723096928,0.3699207782745361,0.3699207782745361,0.0,0.12198904007673264,0.6725253800551096,1.5162107348442078,0.24541910737752914,0.24011512100696564,0.5753670334815979,0.02504286076873541,0.1133108101785183,0.6404623985290527,0.12117385119199753,0.4238849803805351,0.6056193063656489,4.0251271162048825,0.0,0.6350121571883911,0.16515204310417175,0.20985525846481323,0.2594333738088608,0.42579492926597595,0.6647579669952393,0.8183163106441498,0.5623972117900848,0.5301032662391663,0.5344938933849335,0.6044823229312897,0.6692813634872437,0.7329577803611755,0.6934116780757904,0.6350121571883911
66,538.065770149231,2.221177615822914,0.258927059173584,0.24533312718073527,0.2260281612475713,1.1540748993555705,0.022115829586982726,0.44003300070762635,0.017753561213612556,0.3461567759513855,0.3461567759513855,0.0,0.12211583107709885,0.6946594138940175,1.4952947981655598,0.24512797594070435,0.23660800606012344,0.5659314095973969,0.024897492490708828,0.11289240792393684,0.6347058415412903,0.1211579218506813,0.3880252030988534,0.6037004292011261,3.9010175151185584,0.0,0.6079656068129323,0.15586602687835693,0.19367888569831848,0.23707840591669083,0.3792886286973953,0.6080361008644104,0.7542031705379486,0.5461329817771912,0.5123229473829269,0.5109466463327408,0.5826923847198486,0.6787596046924591,0.79134801030159,0.7251679629087449,0.6079656068129323
67,546.5829341411591,2.1878490068018435,0.25765751004219056,0.2417913834253947,0.2260731150706609,1.1523449699083963,0.022045354048411053,0.44057772954305013,0.017739386235674223,0.3156769553820292,0.3156769553820292,0.0,0.12204535553852718,0.7591837286949158,1.5293533653020859,0.2510693296790123,0.23418264091014862,0.5805963575839996,0.024813096970319748,0.11266329139471054,0.6420284509658813,0.1211286298930645,0.37615950653950375,0.6118642315268517,3.6741124217543386,0.0,0.5680759077011033,0.16012971103191376,0.18970806896686554,0.23259209096431732,0.36894580721855164,0.5883345603942871,0.717246800661087,0.5484347343444824,0.5168523341417313,0.521434098482132,0.5904065668582916,0.6888104379177094,0.8052472174167633,0.7740225493907928,0.5680759077011033
68,555.0298292636871,2.173271203592109,0.2610249360402425,0.2396882543961207,0.22368637820084888,1.1342267990112305,0.02207204649845759,0.43805434306462604,0.017734782149394352,0.3131151815255483,0.3131151815255483,0.0,0.12207204798857371,0.6806267241636912,1.5133496932685375,0.24636947363615036,0.22777769714593887,0.5765456855297089,0.02477893326431513,0.11248397827148438,0.6407359838485718,0.12138108164072037,0.3662456050515175,0.603986789782842,3.6203194654827726,0.0,0.5576518584595344,0.15872500836849213,0.18797843158245087,0.22923271358013153,0.36283037066459656,0.574635237455368,0.6840718686580658,0.550944447517395,0.5100646466016769,0.5079256445169449,0.5647540092468262,0.6626244783401489,0.8276075124740601,0.6898180037736893,0.5576518584595344
69,563.5126442909241,2.169581785759268,0.25842613180478413,0.2352657010157903,0.22577917377154033,1.1391775449117025,0.022129826247692108,0.44089799920717876,0.017707128326098123,0.30583914120992023,0.30583914120992023,0.0,0.12212982773780823,0.7399900277455648,1.519427739083767,0.2575666010379791,0.23123835027217865,0.5731209814548492,0.02497394010424614,0.11264529079198837,0.6377277970314026,0.12113961577415466,0.35372670739889145,0.5851788620154063,3.5567165155317495,0.0,0.5430740377034697,0.15298425406217575,0.18316935002803802,0.22435758262872696,0.35089439153671265,0.5441216230392456,0.6668330430984497,0.5432189106941223,0.5233955681324005,0.5244726538658142,0.5590529441833496,0.6130844056606293,0.7478486895561218,0.7463167130947113,0.5430740377034697
70,571.9654681682587,2.1527650899409005,0.26159823735555016,0.23293702105681102,0.22387303809324902,1.1243672053019205,0.022282388309637705,0.4381231407324473,0.017677562466512125,0.3000883380572001,0.3000883380572001,0.0,0.12228238979975382,0.7448155522346497,1.5089605711400509,0.2474629506468773,0.22538960725069046,0.5744014084339142,0.02489413693547249,0.11234734579920769,0.6390410661697388,0.12151750922203064,0.38126590972145397,0.5950972040494283,3.89281284278854,0.0,0.60485703381141,0.1516302525997162,0.17601735144853592,0.22151286900043488,0.3693757802248001,0.5902681946754456,0.7787910103797913,0.5660834312438965,0.5168104469776154,0.5045315325260162,0.5577955842018127,0.6557856798171997,0.7695765495300293,0.7111545652151108,0.60485703381141
71,580.4464859962463,2.1456436736276374,0.2581273416678111,0.23130723933378855,0.2251451700925827,1.1265551646550496,0.022240070501963298,0.4372386932373047,0.017645439816017947,0.2978263596693675,0.2978263596693675,0.0,0.12224007199207941,0.6937416434288025,1.5141081027686596,0.2619503140449524,0.22781988233327866,0.5691239237785339,0.02471925411373377,0.11181680858135223,0.634732186794281,0.12139206752181053,0.3546846869091193,0.587514524658521,3.746792339160341,0.0,0.5752452270750271,0.1465257704257965,0.17121261358261108,0.21099215000867844,0.3459901660680771,0.5490016341209412,0.7043857872486115,0.5626572966575623,0.5220264792442322,0.5133576989173889,0.5464840233325958,0.6088480353355408,0.7717136144638062,0.6115766286849975,0.5752452270750271
72,589.1506230831146,2.128717815782875,0.2601862768332163,0.22872666617234547,0.22357127865155538,1.1149163524309793,0.022310057282447816,0.4373749017715454,0.017616469350953897,0.2858055929342906,0.2858055929342906,0.0,0.12231005877256393,0.6729842702547709,1.522872980684042,0.2519725039601326,0.2233426347374916,0.5796145796775818,0.024796430952847004,0.11182555556297302,0.6405069530010223,0.12142787501215935,0.3621376280983289,0.5784741813937823,4.031361118050169,0.0,0.6291796548529172,0.14113405346870422,0.16775663197040558,0.21063245832920074,0.3429713696241379,0.5689623355865479,0.7413689196109772,0.5471122860908508,0.5026445686817169,0.4980366379022598,0.5498631000518799,0.6231734752655029,0.7500150203704834,0.6677456319332122,0.6291796548529172
73,597.7824521064758,2.1294211174283797,0.2616409738858541,0.2279079924027125,0.2241641084353129,1.1102590481440227,0.022288355231285095,0.4366066416104635,0.017601300838092963,0.28928257127602897,0.28928257127602897,0.0,0.12228835672140122,0.6525483667850495,1.5144265927374363,0.25422754138708115,0.22268875688314438,0.5744273364543915,0.024723732843995094,0.11149970814585686,0.6388647556304932,0.1214134581387043,0.36538080250223476,0.602104884882768,3.847463328287042,0.0,0.594794329529861,0.1475413218140602,0.17141684144735336,0.21396931260824203,0.3480352461338043,0.5676598250865936,0.7436622679233551,0.5488724410533905,0.5165186524391174,0.5167904943227768,0.5762293636798859,0.6443097293376923,0.8099086284637451,0.6513622045516968,0.594794329529861
74,606.2643101215363,2.1153606818135207,0.2592070569594701,0.2264853517214457,0.22518105506896974,1.1122509757677714,0.022404349346955618,0.4371588945388794,0.017588499250511327,0.276109125216802,0.276109125216802,0.0,0.12240435083707174,0.8259450475374858,1.5421189963817596,0.24573776125907898,0.21968579292297363,0.5932691693305969,0.02489053551107645,0.11178624629974365,0.6496596038341522,0.12166445702314377,0.3720373945931594,0.6182536780834198,3.921580796400586,0.0,0.6091293686119656,0.1477111130952835,0.17509479820728302,0.2222735658288002,0.3659357875585556,0.579261064529419,0.7419480383396149,0.5836474597454071,0.5357043743133545,0.5302695631980896,0.5727133452892303,0.659584105014801,0.8276032209396362,0.8150664806365967,0.6091293686119656
75,614.7290031909943,2.1522931944190833,0.2570671796798706,0.22517597377300264,0.2255069226026535,1.1180508375167846,0.022398869693279266,0.4381438732147217,0.017576999155183633,0.3109381784995397,0.3109381784995397,0.0,0.12239887118339539,0.8268283724784851,1.5106759518384933,0.25366681069135666,0.2175881713628769,0.5741075277328491,0.02458086609840393,0.1109829768538475,0.6374620497226715,0.12165503948926926,0.4014990379412969,0.5715409765640894,4.156479757942404,0.0,0.655848332405165,0.1506308987736702,0.17492739856243134,0.21873333305120468,0.37190090119838715,0.6260942816734314,0.8667074143886566,0.5368466079235077,0.5114884674549103,0.5064196586608887,0.5606668591499329,0.60551917552948,0.7083050906658173,0.8544925391674042,0.655848332405165
76,623.2996201515198,2.111106475496975,0.2601257493098577,0.2232253154118856,0.22501088082790374,1.1003193577130637,0.022557994723320006,0.43779757221539817,0.01753735654056072,0.27720255057017007,0.27720255057017007,0.0,0.12255799621343613,0.759808083375295,1.5152258090674877,0.25024713575839996,0.21736770123243332,0.5781474113464355,0.02477421797811985,0.11120868101716042,0.6393595337867737,0.12152832001447678,0.3787471118072669,0.5864912370840708,4.081489063476909,0.0,0.6397071565513994,0.14416824281215668,0.16928423941135406,0.20915815979242325,0.3619450330734253,0.588421106338501,0.799505889415741,0.5336093008518219,0.5051577836275101,0.5213180035352707,0.573550283908844,0.6370434761047363,0.7482685744762421,0.7016566753387451,0.6397071565513994
77,631.8476581573486,2.1385722206905484,0.25837050179640453,0.2225622793038686,0.22507483760515848,1.102277366320292,0.0225693350036939,0.4348588367303213,0.017512080321709315,0.31164525051911673,0.31164525051911673,0.0,0.12256933649381002,0.6900304198265076,1.542586375027895,0.24932481348514557,0.21673352271318436,0.5924474000930786,0.02480049431324005,0.11104817688465118,0.6498259007930756,0.12175571918487549,0.3621368482708931,0.5660779948035876,3.6794524116215253,0.0,0.5630903809456601,0.1478196084499359,0.17271707206964493,0.21158596128225327,0.3406298905611038,0.5438952147960663,0.7561733424663544,0.5392757952213287,0.48520950973033905,0.4900844693183899,0.5377168953418732,0.605093389749527,0.7390879094600677,0.6708898544311523,0.5630903809456601
78,640.3672840595245,2.0998504146079844,0.25922655363877617,0.22236849268277487,0.22472350796063742,1.0965631564458211,0.02264702518781026,0.4339970529079437,0.017492647282779217,0.27674417197704315,0.27674417197704315,0.0,0.12264702667792639,0.8062729199727376,1.5467741452157497,0.25094494223594666,0.21524899452924728,0.5941023528575897,0.024757890962064266,0.11079466342926025,0.649670422077179,0.12208176404237747,0.34158629427353543,0.5850216373801231,3.6016734104046244,0.0,0.5471015422687091,0.1443624496459961,0.1658756509423256,0.20652621239423752,0.3312990218400955,0.5199463963508606,0.6815080344676971,0.553875058889389,0.5057587921619415,0.5018216818571091,0.5588362216949463,0.6434474289417267,0.7463906407356262,0.8305440604686737,0.5471015422687091
79,648.8789901733398,2.0838230337559556,0.2596591114997864,0.22045676708221434,0.22521636585394542,1.0896113157272338,0.022734591364860536,0.4322411755720774,0.017466283589601516,0.26813865105311074,0.26813865105311074,0.0,0.12273459285497665,0.6924540241559346,1.537288572639227,0.2565843015909195,0.21582414954900742,0.5863960981369019,0.024668929167091846,0.110458854585886,0.6458362936973572,0.12189017236232758,0.3600921755035718,0.581691158314546,3.8690985534072255,0.0,0.5976739062704933,0.1432567462325096,0.1722082793712616,0.2137862965464592,0.34940779209136963,0.5542744696140289,0.727619469165802,0.5588692128658295,0.5102444887161255,0.5012667328119278,0.5344652831554413,0.6085496246814728,0.7767516076564789,0.6839338183403015,0.5976739062704933
80,657.5994009971619,2.0718522063146034,0.26163562933603923,0.21917691330115,0.22467652062575022,1.0792725563049317,0.02274424731731415,0.431049915154775,0.017449822773536048,0.2624347488085429,0.2624347488085429,0.0,0.12274424880743026,0.697682241598765,1.5270421393215656,0.24216052144765854,0.21215646713972092,0.5894016921520233,0.02457098662853241,0.110112763941288,0.6461953520774841,0.12193859368562698,0.3500494087735812,0.5870424086848894,3.5397713006589937,0.0,0.5374171769459761,0.14804186671972275,0.17185740917921066,0.21046361327171326,0.3375372886657715,0.5240343511104584,0.7083619236946106,0.5593988597393036,0.5129453390836716,0.5030417442321777,0.5391029417514801,0.6207762658596039,0.7869893014431,0.7332281351089478,0.5374171769459761
81,666.1633892059326,2.1221729818265884,0.256503967444102,0.2189516325791677,0.22495219310124714,1.0863391280174255,0.022707789142926534,0.43458716869354247,0.01747329520682494,0.30737920105457306,0.30737920105457306,0.0,0.12270779063304266,0.8028800447781881,1.5319402255117893,0.2501649409532547,0.21350345760583878,0.5875117778778076,0.02429480105638504,0.10959989205002785,0.6435025930404663,0.12198986113071442,0.39037428175409633,0.5716548363367716,4.015434910840588,0.0,0.628498702448161,0.1517735719680786,0.17615237087011337,0.21661476790905,0.37048687040805817,0.6094368994235992,0.8177812099456787,0.5409824997186661,0.49783743917942047,0.5040887594223022,0.5611517131328583,0.6120496988296509,0.7138189077377319,0.8264195382595062,0.628498702448161
82,674.6812920570374,2.085178163492431,0.25949861804644264,0.21883825063705445,0.22608036895593006,1.0806117097536723,0.022819279630978902,0.4325718224048615,0.01740194528053204,0.27418295641740165,0.27418295641740165,0.0,0.12281928112109503,0.8713244239489237,1.5391470193862915,0.25816571712493896,0.2140483856201172,0.586978554725647,0.02457187883555889,0.10992854461073875,0.6465551257133484,0.12217936292290688,0.34130482375621796,0.5872451861699423,3.517417907389944,0.0,0.5315058016939902,0.1443394050002098,0.16819769889116287,0.20646996796131134,0.32475489377975464,0.5077020078897476,0.6963649690151215,0.5538496971130371,0.5173986256122589,0.5112445652484894,0.55096834897995,0.6291215419769287,0.7608883380889893,0.8469826638698578,0.5315058016939902
83,683.1960473060608,2.060705133046334,0.26208798090616864,0.21771395206451416,0.2245684027671814,1.0680492242177329,0.022908310095469158,0.4304757575194041,0.017401136520008246,0.2582628885904948,0.2582628885904948,0.0,0.12290831158558528,0.831375527381897,1.5531039126217365,0.24955061078071594,0.21315840631723404,0.5984870493412018,0.024705924093723297,0.1099412739276886,0.6525267362594604,0.12230195477604866,0.36187607670823735,0.5782573396960894,3.7188258821004974,0.0,0.5698769487608911,0.14631902426481247,0.17526744306087494,0.21492724120616913,0.34169481694698334,0.5441349744796753,0.7489129602909088,0.5547645837068558,0.5129719376564026,0.5131172239780426,0.5617812871932983,0.6169324815273285,0.7099765241146088,0.8625205218791961,0.5698769487608911
84,691.7164361476898,2.0658779493843515,0.256072598695755,0.21596081753571827,0.2265711933374405,1.0771979173024495,0.023024412492911022,0.4290479262669881,0.017369059038658936,0.26835545599460603,0.26835545599460603,0.0,0.12302441398302714,0.905977722009023,1.5295323580503464,0.24427662789821625,0.20962154865264893,0.5902224779129028,0.024600794538855553,0.10955686867237091,0.646304577589035,0.12238257750868797,0.35094136868913967,0.5659720872839292,3.6856461281994024,0.0,0.5631175508086127,0.14503488689661026,0.17487908154726028,0.21607903391122818,0.34444159269332886,0.5345472693443298,0.6906663477420807,0.5355799049139023,0.5002959221601486,0.4923947602510452,0.5254833996295929,0.6024873852729797,0.7395911514759064,0.8081492125988007,0.5631175508086127
85,700.2286741733551,2.0612234029142806,0.2598273426294327,0.21679935952027637,0.22452389498551686,1.0715124527613322,0.023056259254614513,0.4298432926336924,0.01735273456821839,0.260970143477122,0.260970143477122,0.0,0.12305626074473063,0.9841330329577128,1.540190439671278,0.24237827211618423,0.2095637395977974,0.5965151488780975,0.02455857675522566,0.10927613079547882,0.6489694118499756,0.12231207266449928,0.36719517037272453,0.5716437970598539,4.013717610732065,0.0,0.625507535769104,0.14025390893220901,0.17537058889865875,0.21754124760627747,0.35403721034526825,0.5629395842552185,0.7530284821987152,0.545021116733551,0.499811053276062,0.4985160678625107,0.5355341136455536,0.6161113381385803,0.7348690927028656,1.001301920413971,0.625507535769104
86,708.7501721382141,2.0714075352375705,0.25676307678222654,0.21497456630071005,0.22564159830411276,1.0747265338897705,0.02320881982644399,0.42790484229723613,0.01733083473518491,0.27721603910128273,0.27721603910128273,0.0,0.12320882131656011,1.027005926767985,1.508903443813324,0.24230384081602097,0.20777978003025055,0.5813548564910889,0.024501759558916092,0.10905081033706665,0.6426675617694855,0.12252871692180634,0.3647813598314921,0.5796196361382803,3.952945256981574,0.0,0.6138164415392103,0.14211899787187576,0.1704692393541336,0.21166148036718369,0.3483656495809555,0.5617886185646057,0.7542841732501984,0.5623888671398163,0.5155812203884125,0.5152464210987091,0.5656219124794006,0.6135295629501343,0.7053498327732086,1.0322814464569092,0.6138164415392103
87,717.2973191738129,2.084416793915443,0.25723152657349907,0.21470481057961782,0.2258716275294622,1.0684477925300597,0.023244409263134,0.4306336800257365,0.01731528863310814,0.2875349303086599,0.2875349303086599,0.0,0.12324441075325013,0.8656507531801859,1.5372384190559387,0.25155603140592575,0.2089477926492691,0.5906042456626892,0.02439818438142538,0.10867460444569588,0.6459319293498993,0.12259911000728607,0.3587186746299267,0.566708912452062,3.4911310392583887,0.0,0.5303228257262484,0.15119226276874542,0.17348751425743103,0.20628593116998672,0.3277844041585922,0.5278320014476776,0.7657299339771271,0.5111744850873947,0.48761966824531555,0.4925638884305954,0.5503676235675812,0.6171945035457611,0.7413333058357239,0.8648122668266296,0.5303228257262484
88,725.8667862415314,2.046432131016627,0.2594785710175832,0.21462342540423077,0.2255064050356547,1.0586338837941487,0.023214733600616454,0.4280279497305552,0.017306661543746788,0.25751502414544425,0.25751502414544425,0.0,0.12321473509073258,0.9693189819653829,1.5450795218348503,0.24674442410469055,0.2077799290418625,0.5972225666046143,0.0243777334690094,0.10850724950432777,0.6507852971553802,0.12231230363249779,0.34173230826854706,0.5690772980451584,3.5518269557914017,0.0,0.5379819330352922,0.14464039355516434,0.17157186567783356,0.20928823202848434,0.3293863385915756,0.5137376487255096,0.6817693710327148,0.5371629297733307,0.49411705136299133,0.48958882689476013,0.530758410692215,0.618760883808136,0.7440756857395172,0.896627563238144,0.5379819330352922
89,734.3638081550598,2.056069326144643,0.25819300512472787,0.2133121778567632,0.2247363219658534,1.0545531709988911,0.023292153577009835,0.42806569536527,0.017290603276342152,0.27109894951184593,0.27109894951184593,0.0,0.12329215506712596,0.8421592434247335,1.544992819428444,0.25121745467185974,0.2089066207408905,0.5946610271930695,0.0243177292868495,0.1082880012691021,0.6485066413879395,0.12241826951503754,0.3350284236172835,0.5729892452557882,3.7014582544655923,0.0,0.5638991636159834,0.1387517899274826,0.16681715846061707,0.20450551062822342,0.32262152433395386,0.5135839581489563,0.6638906002044678,0.5524557530879974,0.49770238995552063,0.4987209439277649,0.5502767264842987,0.622961014509201,0.7158186435699463,0.837272560596466,0.5638991636159834
90,742.8651540279388,2.0481869916509217,0.25640535056591035,0.2125699669122696,0.226126096645991,1.057225807507833,0.023414059976736703,0.42870397766431173,0.017251948080956935,0.26256837546825407,0.26256837546825407,0.0,0.12341406146685283,0.8582582473754883,1.5336010046303272,0.25313739478588104,0.20741552859544754,0.5883779227733612,0.024434314109385014,0.10829944163560867,0.6463212072849274,0.1224580891430378,0.34110184386372566,0.566269318262736,3.595586715981595,0.0,0.5454634428520971,0.14318712800741196,0.17059728503227234,0.20751546323299408,0.3309958726167679,0.5148417353630066,0.6794735789299011,0.5420045554637909,0.4806101769208908,0.48021359741687775,0.5274749398231506,0.6145679354667664,0.7527447044849396,0.7889818489551544,0.5454634428520971
91,751.3842842578888,2.040765235980507,0.2623770554860433,0.21272755662600198,0.22491910556952158,1.0370651245117188,0.023546438912550607,0.4283062994480133,0.017243485152721404,0.2600275784730911,0.2600275784730911,0.0,0.12354644040266673,0.8778850118319194,1.5502094440162182,0.25024502724409103,0.2068391814827919,0.5982724130153656,0.024528094567358494,0.10825639963150024,0.6514334082603455,0.12259108945727348,0.3387063580254714,0.5730515519777933,3.7077141551091874,0.0,0.5663562428750158,0.14250247925519943,0.16547223180532455,0.20511456578969955,0.3253369778394699,0.5283584594726562,0.6654534339904785,0.5309637486934662,0.4985666871070862,0.4956180453300476,0.5417637825012207,0.6205462217330933,0.7508508265018463,0.8719949960708618,0.5663562428750158
92,759.9330413341522,2.0252954256876063,0.2546351313591003,0.2112529973189036,0.22617895007133484,1.0524094661076864,0.0235833873351415,0.4293314417203267,0.017225729860365392,0.24317271610101063,0.24317271610101063,0.0,0.12358338882525761,0.8071149826049805,1.5383572950959206,0.2549798935651779,0.20633946359157562,0.5901038348674774,0.024454675614833832,0.10794547200202942,0.6469057202339172,0.12280726805329323,0.34555599590142566,0.5678134188055992,3.546117011930448,0.0,0.5381470366243213,0.14718184620141983,0.17361793667078018,0.21208789944648743,0.3361228257417679,0.5219240486621857,0.6824014186859131,0.5200103521347046,0.4861454367637634,0.4907820075750351,0.548940122127533,0.6176472306251526,0.7433553636074066,0.8110675036907196,0.5381470366243213
93,768.4333682060242,2.038503781931164,0.2603487898906072,0.21224925418694815,0.22443046967188518,1.0387270132700601,0.023599716524283092,0.4269412080446879,0.01721295944104592,0.26195961038271587,0.26195961038271587,0.0,0.12359971801439922,0.8701531887054443,1.5519586764276028,0.24655407667160034,0.20582734793424606,0.6012454628944397,0.024531393311917782,0.10791144147515297,0.6528177559375763,0.12290173023939133,0.337848378966252,0.5746503621339798,3.6001812142966285,0.0,0.5468947045095314,0.14452657103538513,0.1664746254682541,0.2034444436430931,0.32353030145168304,0.5203218460083008,0.6687924861907959,0.5238417983055115,0.5062917619943619,0.5028652995824814,0.5445923805236816,0.6097142398357391,0.7605966925621033,0.9037099540233612,0.5468947045095314
94,776.9618010520935,2.0300854887192448,0.25592991411685945,0.21038317581017812,0.22663563291231792,1.0469502290089925,0.023732149104277293,0.4264328916867574,0.0171936582463483,0.25551439623037975,0.25551439623037975,0.0,0.12373215059439341,0.9763360500335694,1.5482755675911903,0.2635932192206383,0.20906415581703186,0.5900751352310181,0.024397065863013268,0.10750865563750267,0.6463793218135834,0.12266746908426285,0.3610161654651165,0.5876929312944412,3.755410751300329,0.0,0.5773931319937275,0.14789242297410965,0.17519376426935196,0.21855416148900986,0.34940680861473083,0.5553967952728271,0.7196530401706696,0.535934716463089,0.5049034357070923,0.5076867341995239,0.5657250881195068,0.6348592638969421,0.7770483493804932,1.0240835070610046,0.5773931319937275
95,785.5833840370178,2.0332244978868403,0.25896304150422417,0.21070200304190317,0.22524387935797374,1.0374445041020712,0.02377869834502538,0.42547860344251,0.01717960530271133,0.26224030752976735,0.26224030752976735,0.0,0.1237786998351415,0.9618393858273824,1.5438474155962467,0.2508837431669235,0.20581219345331192,0.5950287878513336,0.024378194473683834,0.1072891466319561,0.649102658033371,0.12303141504526138,0.34463758518298465,0.5793847242991129,3.4924218876996465,0.0,0.5294209626853306,0.14914409816265106,0.1741477996110916,0.2133665531873703,0.3328325152397156,0.5208741128444672,0.6774604320526123,0.5584472715854645,0.5162400603294373,0.5099099278450012,0.5525631010532379,0.6119181215763092,0.7272298634052277,0.9166949808597564,0.5294209626853306
96,794.1143412590027,2.0203844197870544,0.2569565822680791,0.21021977066993713,0.22587705850601197,1.0401041746139525,0.023811739683151246,0.42646709084510803,0.01715026137729486,0.24826557437578836,0.24826557437578836,0.0,0.12381174117326736,1.0351477185885112,1.5489879213273525,0.25066864490509033,0.20377861708402634,0.5982149839401245,0.02426236029714346,0.10691152513027191,0.6513799130916595,0.12304908409714699,0.3388332861165206,0.5695642357071241,3.502118356718488,0.0,0.5282345578501069,0.1433766633272171,0.16894584149122238,0.20535600185394287,0.3186836391687393,0.5021220445632935,0.6945155262947083,0.5445001125335693,0.5167153626680374,0.5137353837490082,0.5408346354961395,0.6032409965991974,0.6983589231967926,1.0596775770187379,0.5282345578501069
97,802.6462302207947,2.024666870594956,0.2584529181321462,0.21048639516035716,0.22583137253920238,1.0288142999013266,0.023847871522108714,0.42666945060094197,0.017155838354180258,0.25614425738652546,0.25614425738652546,0.0,0.12384787301222483,0.8889577349026998,1.5507646575570107,0.24862388521432877,0.20599627494812012,0.5995713174343109,0.024388741701841354,0.10698355361819267,0.651850014925003,0.12306995317339897,0.35592488447825116,0.5711541200677553,3.6366611906147237,0.0,0.5549446268097904,0.14741379022598267,0.17440488934516907,0.2163853943347931,0.3445356786251068,0.5360940098762512,0.716715544462204,0.5347771048545837,0.514777809381485,0.5090524405241013,0.5433997213840485,0.6033167839050293,0.7216008603572845,0.9511335849761963,0.5549446268097904
98,811.1629042625427,2.03371922892984,0.2586250752210617,0.20938590466976165,0.2252841959396998,1.0279576818148295,0.023996905982494356,0.425594691435496,0.017125183530151845,0.26813733875751494,0.26813733875751494,0.0,0.12399690747261047,0.9496104478836059,1.5437749922275543,0.25005248188972473,0.20423650741577148,0.5958021283149719,0.024213897064328194,0.1065453328192234,0.6505884826183319,0.1232011467218399,0.34233038624127704,0.5708352898557981,3.5498213501370515,0.0,0.5389349598092313,0.14740608632564545,0.1688017174601555,0.20788129419088364,0.3236612379550934,0.5232652723789215,0.6829667091369629,0.5436824858188629,0.5007812678813934,0.4970514625310898,0.5551955997943878,0.6106966137886047,0.7176043093204498,0.9823608100414276,0.5389349598092313
99,819.6505982875824,2.0353331871563567,0.2559163977702459,0.20833361148834229,0.2268686403830846,1.029392659664154,0.02404649406671524,0.4254483918348948,0.01710735891635219,0.272380663951238,0.272380663951238,0.0,0.12404649555683137,0.8821744600931803,1.5500845722854137,0.24994520097970963,0.20424938946962357,0.5990073382854462,0.024196460843086243,0.10638905689120293,0.6527383625507355,0.12330612912774086,0.36185089747111004,0.5918622513612112,3.7493128781411937,0.0,0.5775824041721708,0.1512243002653122,0.17691706866025925,0.21348560601472855,0.3418228477239609,0.5669872164726257,0.7206683456897736,0.5519388318061829,0.528709352016449,0.5386138260364532,0.5953243374824524,0.6244630813598633,0.7121240794658661,0.8517291605472564,0.5775824041721708
100,828.1320090293884,2.0219297267962246,0.26015738646189374,0.2091537634531657,0.22539579172929128,1.015238392353058,0.024130044877529143,0.426709912220637,0.017094073755045732,0.25898771981398266,0.25898771981398266,0.0,0.12413004636764527,0.92170356909434,1.547141496092081,0.23902738094329834,0.20179379731416702,0.6036086082458496,0.024250571615993977,0.10626691952347755,0.6581205725669861,0.12342360615730286,0.345378549148639,0.5634589170416197,3.4809416460439775,0.0,0.5262315786689751,0.14705631881952286,0.17449069768190384,0.21561381965875626,0.33374641835689545,0.5118944644927979,0.689469575881958,0.5225940346717834,0.4998275935649872,0.49303296208381653,0.5368307083845139,0.6110983490943909,0.7173698544502258,0.9731196284294128,0.5262315786689751
101,836.6006381511688,2.0086539923640276,0.25613508621851605,0.20787272453308106,0.22657467921574911,1.0254966417948406,0.024199379483858745,0.42683266202608744,0.01707147794465224,0.24485101600488027,0.24485101600488027,0.0,0.12419938097397486,0.9322396000226338,1.5609095580875874,0.2562982216477394,0.20539190620183945,0.6009576916694641,0.024166300892829895,0.1059650406241417,0.6538707315921783,0.12337256968021393,0.3422618793944518,0.5582151810328165,3.420543613235989,0.0,0.5150538171107216,0.1464770957827568,0.16974370926618576,0.20600859075784683,0.3203914612531662,0.501031294465065,0.7099191248416901,0.5358784645795822,0.4964233487844467,0.4900587201118469,0.5334860682487488,0.5910190641880035,0.7024254202842712,0.9226354658603668,0.5150538171107216
102,845.2658402919769,2.0156691857613622,0.2578937878211339,0.2086687356233597,0.2251007338364919,1.0152734597524007,0.02418739050626755,0.42680589358011883,0.017056821069369715,0.2550302237272263,0.2550302237272263,0.0,0.12418739199638366,0.9558326244354248,1.5857280232012272,0.24718117713928223,0.20304317027330399,0.6185126304626465,0.024137026630342007,0.10580691695213318,0.6644034087657928,0.12352951616048813,0.3430580037335555,0.5545776337385178,3.406356710643017,0.0,0.514610448409563,0.1500484198331833,0.17502401769161224,0.21367035061120987,0.32829056680202484,0.5111184418201447,0.680196225643158,0.5109668225049973,0.49066686630249023,0.4886198192834854,0.5349657237529755,0.6128416359424591,0.6894049346446991,0.9070243537425995,0.514610448409563
103,853.8152770996094,1.9973877915724492,0.25668904880682625,0.20695803165435792,0.22625046372413635,1.0177136500676474,0.024358018736044564,0.42580803831418357,0.01704476128021876,0.23938605388005574,0.23938605388005574,0.0,0.12435802022616069,0.8707750121752421,1.5657933540642262,0.2554235905408859,0.20254869014024734,0.6045477092266083,0.024240870028734207,0.10576431080698967,0.6562915444374084,0.12362850829958916,0.33317191898822784,0.5593924845258395,3.594458323134088,0.0,0.5446036216603785,0.1416262909770012,0.16649390757083893,0.20290081948041916,0.32225000858306885,0.5090698003768921,0.6566906869411469,0.5420454889535904,0.4951678514480591,0.49105483293533325,0.5269748866558075,0.5915485918521881,0.7095632553100586,0.8380615711212158,0.5446036216603785
104,862.3513300418854,2.005269589748544,0.2576566298802694,0.2076335569222768,0.2257643630107244,1.0132426182428995,0.02442398915688197,0.4257377525170644,0.01702386572336157,0.24835736056168875,0.24835736056168875,0.0,0.12442399064699809,0.9504378080368042,1.5579216666519642,0.25522369146347046,0.2023928537964821,0.6007507741451263,0.024158164858818054,0.105470672249794,0.6538727879524231,0.12359810993075371,0.33737175290783245,0.5479116862018903,3.621817057180723,0.0,0.5492391920995348,0.14030276983976364,0.16946933418512344,0.20915835350751877,0.32501955330371857,0.5081509649753571,0.6721295416355133,0.5327210575342178,0.48266544938087463,0.4755173921585083,0.5161940455436707,0.5858519375324249,0.6945202350616455,0.9713723599910736,0.5492391920995348
105,870.8661823272705,2.0018023207395648,0.25696722070376077,0.2071281562248866,0.22639102439085643,1.0135268251101175,0.0245899498462677,0.426246444384257,0.017016188117365043,0.24452821513017017,0.24452821513017017,0.0,0.12458995133638381,0.8658986488978068,1.5666503086686134,0.24354419112205505,0.2015831619501114,0.6111572682857513,0.02420775406062603,0.10537436231970787,0.6578993797302246,0.12383585423231125,0.3328627273440361,0.5648253485560417,3.3377619668791314,0.0,0.5005283282330416,0.14673704653978348,0.16988074034452438,0.2060442715883255,0.31496521830558777,0.48977333307266235,0.6697757542133331,0.5204989016056061,0.5028372555971146,0.504705548286438,0.5439981520175934,0.6119477152824402,0.7049645185470581,0.8542577028274536,0.5005283282330416
106,879.3658690452576,2.016272389019529,0.25736643075942994,0.20730365018049876,0.22592962980270387,1.00966534614563,0.024628145496050517,0.42413936257362367,0.01700398654987415,0.26468510131041206,0.26468510131041206,0.0,0.12462814698616663,0.9586477597554525,1.560376688838005,0.2468748688697815,0.2000182569026947,0.6067463457584381,0.024067615158855915,0.10497530922293663,0.6579239070415497,0.12384248152375221,0.33540986478328705,0.5634754002094269,3.551130967629676,0.0,0.5373832176432083,0.14361454546451569,0.1668877899646759,0.2025773525238037,0.31933222711086273,0.5099940598011017,0.6700532138347626,0.5114379823207855,0.4954368472099304,0.5023183524608612,0.5489529371261597,0.6183483004570007,0.7043579816818237,0.9743530511856079,0.5373832176432083
107,887.8467929363251,1.9897354250075296,0.25464784701665244,0.20702100694179534,0.226216921210289,1.0133511384328207,0.024668835600217185,0.42464871605237325,0.01699037946139773,0.23809941112995148,0.23809941112995148,0.0,0.1246688370903333,0.9307568470637003,1.5739417523145676,0.2492428943514824,0.2024437040090561,0.6117385029792786,0.02422896772623062,0.10510005429387093,0.6618318259716034,0.12415846809744835,0.3430381342768669,0.5789703379074732,3.7454555090248616,0.0,0.5733996701773113,0.1419924944639206,0.16555292904376984,0.2018701434135437,0.326267272233963,0.5318265706300735,0.6907193958759308,0.5387378334999084,0.5155871212482452,0.5205745995044708,0.5667082369327545,0.6114475131034851,0.7207667231559753,0.8174197793006897,0.5733996701773113
108,896.3321712017059,2.020224615271824,0.25776929954687755,0.20746525923411052,0.22566657463709514,1.005943500995636,0.024765027562777202,0.4231861650943756,0.016966443819304306,0.27188446223735807,0.27188446223735807,0.0,0.12476502905289331,1.0488953948020936,1.5604434199631214,0.2409091591835022,0.1988387480378151,0.6100574433803558,0.024144411087036133,0.1047547273337841,0.6596704721450806,0.12389590218663216,0.3234936172763507,0.5465415716171265,3.397771718117997,0.0,0.5089776045448129,0.14285316318273544,0.16506274789571762,0.19755658507347107,0.3081197738647461,0.48538243770599365,0.6419869959354401,0.525862380862236,0.47698724269866943,0.47539521753787994,0.5179947912693024,0.5913555026054382,0.6916542947292328,1.1757225513458252,0.5089776045448129
109,904.8322372436523,1.9914973609770337,0.2551763306061427,0.2062396824359894,0.22616055806477864,1.0046695351600647,0.024845701952775318,0.4237377087275187,0.01695531075820327,0.24580880105495453,0.24580880105495453,0.0,0.12484570344289143,0.9715906103452047,1.5750169046223164,0.2516864612698555,0.20171435922384262,0.6112366318702698,0.024045616388320923,0.10440118983387947,0.6614727079868317,0.12404988706111908,0.3283725952108701,0.5741196225086848,3.3888041573661014,0.0,0.5089396221536872,0.14568804949522018,0.170570470392704,0.20466016232967377,0.31652410328388214,0.4937082678079605,0.63908451795578,0.5474891066551208,0.5175402462482452,0.5140331983566284,0.5536344349384308,0.6062650680541992,0.7057556807994843,0.8578300237655639,0.5089396221536872
110,913.3982872962952,1.9822343577320376,0.25646630227565764,0.20624246795972187,0.22527178327242534,1.004632254441579,0.024940645694732665,0.42359859744707745,0.016946572872499625,0.23559401035308838,0.23559401035308838,0.0,0.12494064718484879,1.0950453559557596,1.5738091580569744,0.25150495022535324,0.20148519426584244,0.61078080534935,0.023970767855644226,0.10411438345909119,0.6579307019710541,0.12421881034970284,0.3361448186139266,0.554000253478686,3.420809704141237,0.0,0.5159305508812762,0.14794070273637772,0.17146071046590805,0.20819605141878128,0.3257824331521988,0.506076991558075,0.6574120223522186,0.5127023905515671,0.47504499554634094,0.4756440371274948,0.5343034267425537,0.6175810992717743,0.7087255716323853,1.160057294368744,0.5159305508812762
111,921.8986623287201,2.00067095727815,0.2573080360889435,0.20580297807852427,0.22557597756385803,0.9981361309687297,0.02500184178352356,0.4229270617167155,0.01693109404295683,0.25794105728467304,0.25794105728467304,0.0,0.12500184327363967,1.0834275960922242,1.5883261188864708,0.25496361404657364,0.19977781176567078,0.6167367994785309,0.023922917433083057,0.10393061116337776,0.6633577942848206,0.12416864559054375,0.3308355522652467,0.5550510535637537,3.6229546468190574,0.0,0.550042424978019,0.14182709157466888,0.16114510595798492,0.19540942460298538,0.3113798648118973,0.5138331204652786,0.6614187061786652,0.506295770406723,0.4893435537815094,0.49537980556488037,0.5387492477893829,0.5873781740665436,0.7131597697734833,1.0981249570846559,0.550042424978019
112,930.4161479473114,1.9826128693685556,0.25537471771240233,0.20538865129152933,0.22543805440266926,0.9965633471806844,0.0251193568110466,0.4254654367764791,0.01691803758343061,0.23769008219242097,0.23769008219242097,0.0,0.12511935830116272,0.9706365982691447,1.5475210025906563,0.24507540464401245,0.19994689524173737,0.6012360751628876,0.024013204500079155,0.10395678505301476,0.6542131900787354,0.12428286299109459,0.33014227574070293,0.5749255269765854,3.6188041382844625,0.0,0.5480517625388448,0.1386396884918213,0.16535821557044983,0.2020040825009346,0.3168410360813141,0.5017098784446716,0.6563007533550262,0.5418142676353455,0.509779542684555,0.5076471865177155,0.5490421056747437,0.6201471090316772,0.7211229503154755,1.02840216755867,0.5480517625388448
113,938.9473662376404,1.9688712712726555,0.25651040772596995,0.20526720583438873,0.22630683779716493,0.9920588215192159,0.025161294142405193,0.4226105054219564,0.016914583494265875,0.23072831134001415,0.23072831134001415,0.0,0.12516129563252132,0.8701920906702677,1.5811554864048958,0.24877312034368515,0.19995972514152527,0.616201251745224,0.023858509957790375,0.10353351756930351,0.6618944108486176,0.12433512508869171,0.331334142635266,0.5594014227390289,3.6447854305980787,0.0,0.5533996975178314,0.13976778835058212,0.16383587568998337,0.19831550866365433,0.31471849977970123,0.5094235986471176,0.6619435846805573,0.5242981910705566,0.4944137781858444,0.49897004663944244,0.5410503149032593,0.590507984161377,0.7071682214736938,0.8862967908382415,0.5533996975178314
114,947.3986361026764,1.9826286740989114,0.2549933850765228,0.20383527576923371,0.22526713808377583,0.9910175720850627,0.025300505757331847,0.4227500061194102,0.016878735274076462,0.24700007339318594,0.24700007339318594,0.0,0.12530050724744796,0.9148507555325825,1.5613996759057045,0.24538487195968628,0.19734032452106476,0.6086723208427429,0.02407266292721033,0.10373151674866676,0.6605896949768066,0.12472232058644295,0.33890687425931293,0.5487001637617747,3.640679227426713,0.0,0.5526031064034937,0.13972433656454086,0.1673838049173355,0.20242904871702194,0.3158814609050751,0.5086914896965027,0.6993311047554016,0.5139426589012146,0.4826894998550415,0.48752444982528687,0.5380173623561859,0.5865072309970856,0.6835197806358337,0.95031179189682,0.5526031064034937
115,955.8310081958771,1.9636580280959606,0.25500933825969696,0.20384640196959178,0.22591610650221508,0.988647456963857,0.025430226822694142,0.4224206705888112,0.016865373775362968,0.2297238936026891,0.2297238936026891,0.0,0.12543022831281025,0.8783839027086894,1.5885221734642982,0.2466735914349556,0.19836550951004028,0.6213329136371613,0.02413931768387556,0.1036345511674881,0.6668848395347595,0.12468703463673592,0.32477035000920296,0.5519353772203127,3.2695668187391984,0.0,0.4904043628059599,0.1493716835975647,0.16936615109443665,0.19904006272554398,0.30515603721141815,0.48838070034980774,0.6373074650764465,0.5273481011390686,0.4871383309364319,0.4859248250722885,0.5193001329898834,0.5974675118923187,0.6944333612918854,0.8832148909568787,0.4904043628059599
116,964.3153910636902,1.9947513323587676,0.2532618502775828,0.20410205622514088,0.2259752482175827,0.9944709777832031,0.025498045980930327,0.42150507171948753,0.016856889240443707,0.2613177508115768,0.2613177508115768,0.0,0.12549804747104645,1.089869459470113,1.576689712703228,0.24754592776298523,0.19787125289440155,0.615104079246521,0.024093573912978172,0.10340719297528267,0.6612518429756165,0.1247122660279274,0.339065246284008,0.5710160185893377,3.642925692522432,0.0,0.553905248564247,0.14207178354263306,0.16736231744289398,0.19938847422599792,0.31918342411518097,0.5175569504499435,0.6888285279273987,0.540696531534195,0.5233660340309143,0.5268104672431946,0.5547585487365723,0.5946087837219238,0.6858557462692261,1.126311707496643,0.553905248564247
117,972.9481301307678,1.97078722101481,0.2578340689341227,0.20458337267239887,0.2253674993912379,0.9879332502683004,0.025579696396986644,0.4212749262650808,0.01686111241579056,0.23628921806812286,0.23628921806812286,0.0,0.12557969788710277,1.3625795682271322,1.5928735882043839,0.2592671066522598,0.20102858543395996,0.616546094417572,0.02387976460158825,0.10286720097064972,0.6626224517822266,0.12493466213345528,0.3201790352662404,0.5980789313713709,3.3097668386910066,0.0,0.4950214639588025,0.1457696184515953,0.1652563065290451,0.19819211214780807,0.31255078315734863,0.48246344923973083,0.6168419420719147,0.5463749766349792,0.5274347364902496,0.534608006477356,0.5789438486099243,0.6581787168979645,0.7429333031177521,1.4379179239273072,0.4950214639588025
118,981.4030861854553,1.9655775495804846,0.25409682393074035,0.2033082236846288,0.22613160808881125,0.9856610774993897,0.02567366361618042,0.4208522359530131,0.016827614760647217,0.23731745680173238,0.23731745680173238,0.0,0.12567366510629654,1.0007259051005046,1.5710771903395653,0.24475425481796265,0.19711558520793915,0.6138825714588165,0.023959388956427574,0.1028609350323677,0.6602903604507446,0.12516752630472183,0.31424906477332115,0.562648355960846,3.3837861144976626,0.0,0.5048031292109746,0.13972147554159164,0.1645437330007553,0.19737659394741058,0.30090542137622833,0.4727875888347626,0.6101595759391785,0.5283518135547638,0.4929114282131195,0.4929215610027313,0.5330459177494049,0.6137792468070984,0.7148801684379578,0.889898544549942,0.5048031292109746
119,989.8794991970062,1.953419812648402,0.25473157266775764,0.20304329891999562,0.2258278061946233,0.9781295736630757,0.0258234570423762,0.41983991662661235,0.016816775190333526,0.23040494521458943,0.23040494521458943,0.0,0.12582345853249233,0.8669481039047241,1.5690881721675396,0.2473016083240509,0.19768770784139633,0.6114713549613953,0.02397456206381321,0.10275331884622574,0.6601966321468353,0.1250215657055378,0.32279117157061893,0.5652253727118174,3.374637659514653,0.0,0.5048565994691863,0.14292649179697037,0.16776211559772491,0.19816771894693375,0.3017106056213379,0.48232512176036835,0.6438549757003784,0.5176185965538025,0.4923366904258728,0.4956075847148895,0.5437849462032318,0.616199791431427,0.7258046269416809,0.8468079805374146,0.5048565994691863
120,998.3503932952881,1.9528523433526668,0.2539019564787547,0.2029396226008733,0.22578527629375458,0.9772045493125916,0.02589073230822881,0.4204818387826284,0.016807938429216542,0.2298695534467697,0.2298695534467697,0.0,0.12589073379834492,0.912394646803538,1.5868724957108498,0.24607492983341217,0.1972847431898117,0.6210775971412659,0.0240546939894557,0.10276340320706367,0.6674437522888184,0.12495483458042145,0.33221276849508286,0.5732594653964043,3.6311054487201706,0.0,0.5511859810931329,0.14080242067575455,0.1671738103032112,0.20354320108890533,0.32705487310886383,0.5112684369087219,0.6434338688850403,0.5161987245082855,0.5050929039716721,0.504552572965622,0.5466311275959015,0.6231954991817474,0.7438859641551971,0.9348345637321472,0.5511859810931329
121,1006.8500940799713,1.9539308984026624,0.2541385392347972,0.2035595218340556,0.2257273405790329,0.9766220013300578,0.026064344247182212,0.4196586847305298,0.016811965312808753,0.23225752313931783,0.23225752313931783,0.0,0.12606434573729833,1.058997881412506,1.5767334513366222,0.24867283552885056,0.19717154651880264,0.6147374212741852,0.024164892733097076,0.10284531489014626,0.6611368060112,0.1253093034029007,0.3367944434285164,0.5673413674036661,3.674662253793466,0.0,0.5595670546238881,0.1411120519042015,0.1688450500369072,0.20428399741649628,0.32298828661441803,0.5185391306877136,0.6649981439113617,0.5223558843135834,0.5025452077388763,0.5088168978691101,0.5508151650428772,0.6047457158565521,0.7147693336009979,1.030046409368515,0.5595670546238881
122,1015.3467531204224,1.9629803259857,0.2538100908199946,0.20252529581387838,0.2258559376001358,0.967590347925822,0.026103622217973074,0.4189404249191284,0.016785210153708856,0.2480763852596283,0.2480763852596283,0.0,0.1261036237080892,0.841069765885671,1.5909606330096722,0.24288299679756165,0.19691964238882065,0.6248089075088501,0.02400989830493927,0.1023447997868061,0.6710879504680634,0.12532470375299454,0.32762136682868004,0.6015133286515871,3.7529937875735038,0.0,0.5733438936448016,0.13693279772996902,0.16046320647001266,0.19352037459611893,0.32131946086883545,0.5139079391956329,0.6395844221115112,0.553165465593338,0.521155908703804,0.5253716111183167,0.5794811844825745,0.6457416713237762,0.7841641306877136,0.7603290915489197,0.5733438936448016
123,1023.8639743328094,1.9773476027961199,0.2531597763299942,0.20183942218621573,0.2261644830306371,0.9720948378245036,0.02614008039236069,0.42020065188407896,0.01678068938975533,0.25861580272515616,0.25861580272515616,0.0,0.1261400818824768,0.8993656754493713,1.5948723703622818,0.24785546213388443,0.19741125404834747,0.6241556406021118,0.02383288275450468,0.10194699466228485,0.6672151684761047,0.12544195353984833,0.3363350455959638,0.5610042909781138,3.7055659875649454,0.0,0.5650825524700593,0.1399720385670662,0.16497965157032013,0.1985177919268608,0.31889808177948,0.5186756253242493,0.6769670844078064,0.5139241516590118,0.4901707172393799,0.5033726990222931,0.5534043908119202,0.5993735194206238,0.7057802677154541,0.88508460521698,0.5650825524700593
124,1032.365062236786,1.9620107035152614,0.25552282234032947,0.20320842961470287,0.22497763534386953,0.9677358468373617,0.02629709045092265,0.41979984641075135,0.01677332278341055,0.24325373073418935,0.24325373073418935,0.0,0.12629709194103877,1.1293773730595906,1.5925270691514015,0.24799202382564545,0.19779954850673676,0.6228176355361938,0.023784692399203777,0.10165932029485703,0.66694375872612,0.12551170587539673,0.32829127833247185,0.5607577189803123,3.543614259628784,0.0,0.5348928402064224,0.14114191383123398,0.16499008238315582,0.19962246716022491,0.31155912578105927,0.5001524984836578,0.6522815823554993,0.5147425085306168,0.4951508343219757,0.49402475357055664,0.538902223110199,0.609283447265625,0.712442547082901,1.1235402166843413,0.5348928402064224
125,1041.0162823200226,1.9619938032624,0.25321937004725137,0.20223098595937092,0.2258208841085434,0.9702091972033183,0.0263797198732694,0.42089191675186155,0.016749008372426034,0.24248620867729187,0.24248620867729187,0.0,0.12637972136338552,0.9864319165547689,1.5718222483992577,0.24584396183490753,0.19661368429660797,0.6138357222080231,0.023763621225953102,0.10152427852153778,0.6636267006397247,0.1256253458559513,0.3450341373682022,0.5713536615173022,3.722831516284569,0.0,0.5699234960496703,0.14442544430494308,0.1664612963795662,0.20013439655303955,0.32326915860176086,0.5376715958118439,0.6982429325580597,0.5088675916194916,0.4976390153169632,0.5103782713413239,0.5651101469993591,0.6239425837993622,0.7221843600273132,1.043293684720993,0.5699234960496703
126,1049.563708305359,1.9530959464027546,0.25504249533017476,0.20192327499389648,0.22567530075709025,0.957107929388682,0.0265958105524381,0.41858718792597455,0.016750332961479823,0.2429854929447174,0.2429854929447174,0.0,0.1265958120425542,0.9400156219800313,1.5852308869361877,0.24510391056537628,0.19610866904258728,0.6210363209247589,0.023776259273290634,0.1014324463903904,0.6657839119434357,0.12568685039877892,0.32621438180406886,0.5601200088858604,3.6714384285295267,0.0,0.5580141504248789,0.1383870244026184,0.16260669380426407,0.19344809651374817,0.31002624332904816,0.5080794394016266,0.6447387933731079,0.5021974146366119,0.48684725165367126,0.49994440376758575,0.5563597977161407,0.6060802638530731,0.7092909216880798,0.994533258676529,0.5580141504248789
127,1058.0506341457367,1.9337204258345688,0.2541503796974818,0.20160547395547232,0.22520016233126322,0.9561462640762329,0.026667697230974834,0.41863231658935546,0.01672624849403898,0.22506675024827322,0.22506675024827322,0.0,0.12666769872109096,0.8372198780377705,1.582765370607376,0.2437523677945137,0.195851132273674,0.6205437183380127,0.02398544456809759,0.10162995383143425,0.6662587821483612,0.12608294188976288,0.31496017177899677,0.5891571268439293,3.526959165905425,0.0,0.5295113538702247,0.13560448586940765,0.16432981938123703,0.2007058635354042,0.3082512766122818,0.478271484375,0.60259810090065,0.5663954764604568,0.5302534103393555,0.5258630514144897,0.5670697689056396,0.6235551834106445,0.7218058705329895,0.8844038367271423,0.5295113538702247
128,1066.5976712703705,1.9676786962120483,0.2545080711444219,0.20183105866114298,0.22419334749380748,0.9554649750391643,0.02677121212085088,0.41773921449979146,0.01672250833362341,0.26073086659113565,0.26073086659113565,0.0,0.126771213610967,0.942820398012797,1.6026117764413357,0.2458007037639618,0.19632773846387863,0.6293236017227173,0.024037184193730354,0.10153788700699806,0.6715271472930908,0.12596680223941803,0.3127877339720726,0.5675656075278918,3.332098548026988,0.0,0.49479016235317236,0.13847818225622177,0.16596592217683792,0.19526641070842743,0.29275745153427124,0.46142295002937317,0.6228354871273041,0.5536251664161682,0.5124798566102982,0.5122939944267273,0.5441325902938843,0.5929827392101288,0.689879298210144,0.9457871377468109,0.49479016235317236
129,1075.100788116455,1.9553756626788528,0.25231672724088033,0.2008788466453552,0.22632518609364827,0.9639559149742126,0.026972927153110504,0.4200004120667776,0.016718163248151542,0.24201403160889942,0.24201403160889942,0.0,0.12697292864322662,1.1382158239682516,1.5870879329741001,0.2482435256242752,0.19580671936273575,0.6204705238342285,0.02382804360240698,0.10110443457961082,0.6660314798355103,0.12626197189092636,0.33991815770665806,0.574961838622888,3.6650977821811885,0.0,0.5584252755903927,0.14293282479047775,0.16823530942201614,0.2031732276082039,0.326264888048172,0.5238627791404724,0.6750399172306061,0.5240321904420853,0.52037313580513,0.5334866940975189,0.5616270005702972,0.6047877073287964,0.7054643034934998,1.195662409067154,0.5584252755903927
130,1083.6169111728668,1.9432549571463218,0.2570523957411448,0.20198432008425396,0.22392960488796235,0.9538072546323141,0.027050780753294628,0.41909629106521606,0.016697774020334084,0.23169117172559103,0.23169117172559103,0.0,0.12705078224341074,1.1765326261520386,1.6033520102500916,0.24421005696058273,0.19543828070163727,0.6307114064693451,0.02390227187424898,0.1010333001613617,0.6709473729133606,0.12621640413999557,0.3169223753114541,0.5865777979294459,3.3960409311498028,0.0,0.507607012653605,0.14084532856941223,0.1695084199309349,0.20087610185146332,0.29985326528549194,0.4783165007829666,0.6121346354484558,0.5477936267852783,0.5197589695453644,0.5236687064170837,0.562796950340271,0.6201000809669495,0.7453484535217285,1.1237690329551697,0.507607012653605
131,1092.1230022907257,1.9384203054398919,0.25156815846761066,0.20065325101216633,0.22596078316370646,0.9549006223678589,0.027157279352347057,0.41787402431170145,0.016685742201904455,0.2346495896577835,0.2346495896577835,0.0,0.12715728084246317,0.9467191219329834,1.5996630862355232,0.24669689685106277,0.19616985321044922,0.6274406313896179,0.023916227743029594,0.10089422389864922,0.6698312759399414,0.12648728489875793,0.3391289673745632,0.6010899345080057,3.882011587806818,0.0,0.598484584697308,0.1358538419008255,0.16577953845262527,0.20458953082561493,0.33100733160972595,0.5273861885070801,0.6701573729515076,0.5596932172775269,0.5330533683300018,0.5354520678520203,0.5829881131649017,0.6550337672233582,0.7403190732002258,0.9451493799686432,0.598484584697308
132,1100.7649159431458,1.9350627278365815,0.25351310074329375,0.20059042274951935,0.22496102849642435,0.9488192558288574,0.027239689727624257,0.41647911866505943,0.01668288589765628,0.23526816169420878,0.23526816169420878,0.0,0.12723969121774037,1.101604207356771,1.5826753452420235,0.2427440583705902,0.1958826333284378,0.6209949851036072,0.023691505193710327,0.10041017830371857,0.665586531162262,0.1264113113284111,0.32299969842036563,0.580346867442131,3.3630939278602945,0.0,0.5045845305274654,0.14605366438627243,0.16977105289697647,0.20272524654865265,0.3118519186973572,0.49119219183921814,0.616404116153717,0.5454173982143402,0.530704915523529,0.5284518599510193,0.5634425580501556,0.6132420897483826,0.7008223831653595,1.1310347080230714,0.5045845305274654
133,1109.2147912979126,1.9536806691049908,0.2522950182358424,0.20018739998340607,0.22574054896831514,0.9548008004824321,0.027354869743188223,0.41832547982533774,0.01667843721807003,0.24848734041055043,0.24848734041055043,0.0,0.12735487123330433,1.1496134559313456,1.5923288278281689,0.24915488809347153,0.19541505724191666,0.6227332055568695,0.02386806346476078,0.10060263052582741,0.669560432434082,0.12672491371631622,0.3456142408152421,0.5846293990810713,3.946457467276685,0.0,0.6114861880069166,0.13676247745752335,0.16663354635238647,0.20359408855438232,0.329866498708725,0.5397273004055023,0.6971015334129333,0.539050355553627,0.5149190127849579,0.5117165446281433,0.5614369511604309,0.6266952455043793,0.7539582848548889,1.0486666023731233,0.6114861880069166
134,1117.7312080860138,1.9303102976681354,0.2527401049931844,0.20027185181776683,0.22456670900185902,0.9455791354179383,0.027564615507920585,0.41696856419245404,0.016657826366523902,0.23196992178757986,0.23196992178757986,0.0,0.1275646169980367,1.0434079964955647,1.5906698107719421,0.2511375918984413,0.19474856555461884,0.6210789680480957,0.023805801756680012,0.10034743323922157,0.6662265956401825,0.12683524191379547,0.32690847913424176,0.557647223273913,3.6766142073118444,0.0,0.5590412880739056,0.13849122822284698,0.1591877117753029,0.1915476843714714,0.31021423637866974,0.5091788172721863,0.6528311967849731,0.5260125249624252,0.5052186846733093,0.5017765015363693,0.5382089018821716,0.5876322388648987,0.6870344877243042,1.0443866908550263,0.5590412880739056
135,1126.2299151420593,1.9232641526614316,0.25551636318365734,0.20025558471679689,0.22420976360638936,0.9404930591583252,0.02752978354692459,0.4168109714984894,0.016693365418662627,0.22506164411703747,0.22506164411703747,0.0,0.1275297850370407,1.0727009892463684,1.6079788394272327,0.24081989377737045,0.19546901434659958,0.6347122192382812,0.0235819099470973,0.10003963485360146,0.6745193302631378,0.12677914649248123,0.3342050301531951,0.5876986185709635,3.633155736571894,0.0,0.5522556612012576,0.1425662711262703,0.16896607726812363,0.20486970990896225,0.3238372206687927,0.5179654657840729,0.6470254361629486,0.544359415769577,0.5265785157680511,0.5281983911991119,0.5769019722938538,0.6240031123161316,0.7261503040790558,1.1029446244239807,0.5522556612012576
136,1134.7333760261536,1.9229287831423183,0.2526365339756012,0.19981128176053364,0.22548941969871522,0.9416926383972168,0.027757159868876138,0.41716422835985817,0.016630177448193232,0.22628978093465169,0.22628978093465169,0.0,0.12775716135899226,0.9874539693196615,1.6129235178232193,0.24425745010375977,0.194193035364151,0.635784775018692,0.023790539242327213,0.10015035420656204,0.676660418510437,0.1270689144730568,0.3220282047986984,0.5526899149020513,3.466426012455805,0.0,0.5201898005251276,0.1402556672692299,0.15992268174886703,0.18812529742717743,0.2996111214160919,0.4861858934164047,0.6580685675144196,0.4917422831058502,0.48687589168548584,0.49595993757247925,0.5477193295955658,0.593599945306778,0.7002421021461487,0.9860902070999146,0.5201898005251276
137,1143.2142641544342,1.9251327096601016,0.25165016651153566,0.19987618625164033,0.2255426476399104,0.939793570836385,0.027909505367279052,0.41814624667167666,0.016631608735769986,0.2283514231443405,0.2283514231443405,0.0,0.12790950685739516,0.9054701288541158,1.6047027334570885,0.24082648754119873,0.1946433037519455,0.6332772970199585,0.02393836621195078,0.10019828751683235,0.6729717552661896,0.12729120254516602,0.3269633899132411,0.5726542497674624,3.6549007232390354,0.0,0.5539612514604813,0.1356608271598816,0.16236070543527603,0.19458813220262527,0.3133481442928314,0.495826855301857,0.6599956750869751,0.5386670380830765,0.5146875083446503,0.5150907635688782,0.5506097972393036,0.6123844385147095,0.7044859528541565,0.9509040713310242,0.5539612514604813
138,1151.685025215149,1.9338656467540811,0.2538734336694082,0.20001554588476816,0.22430524826049805,0.9341207027435303,0.02809754858414332,0.4180788735548655,0.016613166437794764,0.23779507080713908,0.23779507080713908,0.0,0.12809755007425944,0.9163812041282654,1.5968435443937778,0.24528426676988602,0.19450926035642624,0.6271523237228394,0.02389578614383936,0.10000660642981529,0.6698233783245087,0.12735240906476974,0.3234388766189416,0.5696909526983897,3.496239696810262,0.0,0.5263777401858754,0.14173685759305954,0.16640736162662506,0.1971513330936432,0.3098467290401459,0.49554602801799774,0.6299449503421783,0.5033389031887054,0.505142092704773,0.5156349241733551,0.5617502331733704,0.6052772402763367,0.7270023226737976,0.8788346827030182,0.5263777401858754
139,1160.1654121875763,1.9251707417036716,0.25323251287142434,0.19972208937009175,0.2246790220340093,0.9365845998128255,0.02821652442216873,0.4162023643652598,0.016605073399841786,0.2323132356007894,0.2323132356007894,0.0,0.12821652591228486,0.9851788361867269,1.6197902634739876,0.24215657263994217,0.19432532787322998,0.6402355134487152,0.02379275392740965,0.09969209507107735,0.6779332458972931,0.12741321325302124,0.31520730381210643,0.5698602671424547,3.221058394124111,0.0,0.47693946396421505,0.14165093749761581,0.16656339168548584,0.1955062448978424,0.2943527102470398,0.4562659412622452,0.6369045972824097,0.5302557647228241,0.5150973200798035,0.509089931845665,0.541656881570816,0.6072734594345093,0.7157882452011108,1.0327913403511046,0.47693946396421505
140,1168.8303580284119,1.909284782789958,0.2524638483921687,0.19926624695460002,0.2247530072927475,0.933894670009613,0.028382217387358348,0.4140774170557658,0.01660641214499871,0.22292826970418295,0.22292826970418295,0.0,0.12838221887747447,1.014266049861908,1.5996840968728065,0.24611274152994156,0.19456923007965088,0.6281433701515198,0.023617714643478394,0.09937671199440956,0.6706962883472443,0.12754109501838684,0.32583338643113774,0.5848911926150322,3.6960870460780617,0.0,0.5620260125746379,0.13600468635559082,0.16698861867189407,0.20201249420642853,0.3221748024225235,0.502685159444809,0.6251345574855804,0.5330213010311127,0.5231633186340332,0.5310357064008713,0.5862561762332916,0.6242503225803375,0.7116203308105469,1.0056996583938598,0.5620260125746379
141,1177.3659381866455,1.910799351342333,0.25298256874084474,0.1994837800661723,0.22497314711411795,0.9287459174791972,0.028435871501763663,0.4150634924570719,0.016588673802713554,0.2243713984886805,0.2243713984886805,0.0,0.12843587299187978,1.0383816798528036,1.5937964096665382,0.24159035086631775,0.19403089582920074,0.6275953054428101,0.023752830922603607,0.09939058497548103,0.6693102717399597,0.12766055017709732,0.3217016930381457,0.5871671636899313,3.532444111965452,0.0,0.5317817836277089,0.13871778547763824,0.16228929162025452,0.19431240856647491,0.31023840606212616,0.4900128245353699,0.6346394419670105,0.5428231954574585,0.5158592462539673,0.5152837932109833,0.5631532073020935,0.6340791285037994,0.7518044114112854,1.1181929945945739,0.5317817836277089
142,1185.8687710762024,1.9158823067555204,0.2525006632010142,0.19930315812428792,0.22494805455207825,0.9292438745498657,0.02872390002012253,0.4165841003259023,0.016580988156298795,0.22659603357315064,0.22659603357315064,0.0,0.12872390151023866,1.054667584101359,1.6217329576611519,0.2520660236477852,0.19687891006469727,0.635613739490509,0.023704560473561287,0.09921886771917343,0.6748039126396179,0.12797067314386368,0.31549518058697384,0.5749134023984274,3.507069941413452,0.0,0.5264237482173596,0.1372556909918785,0.15944664925336838,0.19271498918533325,0.3047415465116501,0.48136530816555023,0.6174468994140625,0.5480169355869293,0.5243090689182281,0.5190739035606384,0.5476527512073517,0.6001326441764832,0.7102951109409332,1.0066299855709075,0.5264237482173596
143,1194.383002281189,1.935402481009563,0.25408447881539664,0.1989145964384079,0.22522137463092803,0.920944619178772,0.028895017007986704,0.41358544627825417,0.01658710613846779,0.2547597914934158,0.2547597914934158,0.0,0.12889501849810284,0.7923378189404805,1.625798899680376,0.24022626131772995,0.19280331581830978,0.6445854902267456,0.023886902257800102,0.09938959777355194,0.6786467730998993,0.12793748080730438,0.31657233089208603,0.5759685561060905,3.654921877660463,0.0,0.5531247584506261,0.13280414789915085,0.16321999579668045,0.19699956476688385,0.3041355311870575,0.48538878560066223,0.6168859601020813,0.5564426183700562,0.516056016087532,0.5002365112304688,0.5458843111991882,0.6134670674800873,0.7237248122692108,0.728991550207138,0.5531247584506261
144,1202.9656822681427,1.9142897238954901,0.25309113363424934,0.19821702738602956,0.22657929162184398,0.921416719754537,0.028987844288349152,0.4158367911974589,0.016569832681367795,0.23007081548372904,0.23007081548372904,0.0,0.12898784577846528,0.9443524161974589,1.6083817854523659,0.24072281271219254,0.19329047203063965,0.6355068683624268,0.023648232221603394,0.09892379492521286,0.6741501688957214,0.12803047895431519,0.3311817931632201,0.5748183205723763,3.739268967738145,0.0,0.5706817458083407,0.13696640729904175,0.165707528591156,0.19927804917097092,0.3172774165868759,0.5121542364358902,0.6557071208953857,0.5500543713569641,0.5158917903900146,0.5045426338911057,0.5382866263389587,0.6160224676132202,0.7241120338439941,1.0163544595241547,0.5706817458083407
145,1211.4482412338257,1.9057694332596535,0.2525248259305954,0.19819335341453553,0.22546159625053405,0.9270884553591411,0.02905251334110896,0.4136223872502645,0.016569088368366163,0.22380115687847138,0.22380115687847138,0.0,0.12905251483122507,1.1187707742055257,1.6292597390711308,0.24176070094108582,0.19424892216920853,0.6451872885227203,0.023618157021701336,0.09876548126339912,0.6793319880962372,0.12833914905786514,0.3286127969622612,0.5915551433960596,3.598535098634142,0.0,0.5445183392044578,0.1394679844379425,0.16568907350301743,0.19637774676084518,0.31065380573272705,0.5018804371356964,0.6576077342033386,0.5565575063228607,0.5363609790802002,0.5370808243751526,0.5798818171024323,0.6342951357364655,0.7051545977592468,1.0466201543807983,0.5445183392044578
146,1219.882321357727,1.9102227702659245,0.2519559860229492,0.1975515713294347,0.22597856322924295,0.9194604396820069,0.029291121661663054,0.41504413485527036,0.016546212198833624,0.22994716862837475,0.22994716862837475,0.0,0.12929112315177918,0.982356337706248,1.615180965512991,0.23934636265039444,0.19306281954050064,0.6396515965461731,0.023641797713935375,0.09878930449485779,0.6753284633159637,0.1283111870288849,0.31740037351846695,0.5604321584105492,3.4848664148342925,0.0,0.5225337542236965,0.13787028938531876,0.16431622207164764,0.20085207372903824,0.30734916031360626,0.4804595410823822,0.6135549545288086,0.5191182792186737,0.505892351269722,0.4952942728996277,0.5367172360420227,0.6026190221309662,0.7029517889022827,0.9803923547267914,0.5225337542236965
147,1228.3970251083374,1.897647002673087,0.2526597986618678,0.19775353968143464,0.22561329305171968,0.9177733659744263,0.029405867556730907,0.41283180117607116,0.016558258111278215,0.2218121588230133,0.2218121588230133,0.0,0.12940586904684703,1.0133840501308442,1.616224005818367,0.23803098499774933,0.19328558444976807,0.6407751142978668,0.02386938501149416,0.09894635900855064,0.6783986985683441,0.12848591804504395,0.3180977739393711,0.5659239540497462,3.5809618921133044,0.0,0.5390585375952864,0.13352783024311066,0.16153735667467117,0.19085446000099182,0.2944973260164261,0.4781580716371536,0.6500115990638733,0.5427150428295135,0.5056014358997345,0.5005692541599274,0.5489766895771027,0.5979061722755432,0.6997751295566559,1.0606002300977706,0.5390585375952864
148,1237.0511162281036,1.9085634366298716,0.2521058827638626,0.19765797952810923,0.22522872189680734,0.9169448177019756,0.029629880686601003,0.41366450587908427,0.016531755278507868,0.23200955589612324,0.23200955589612324,0.0,0.12962988217671711,1.0832998077074687,1.6559076122939587,0.2507724165916443,0.1955983266234398,0.6536680161952972,0.02372805681079626,0.09860508143901825,0.6821866035461426,0.12862153351306915,0.3176340063412984,0.5909952372312546,3.753439853445942,0.0,0.5717919743779921,0.12982919067144394,0.1594383865594864,0.19329748302698135,0.3022325187921524,0.48730605840682983,0.6337004005908966,0.5502358973026276,0.5390433073043823,0.530946284532547,0.562247097492218,0.6283113062381744,0.7351875305175781,1.183353340625763,0.5717919743779921
149,1245.5317721366882,1.9296016111426677,0.25247557858626046,0.1973796566327413,0.22587677836418152,0.9183549404144287,0.029740125437577567,0.4140718340873718,0.016522681340575218,0.25117892026901245,0.25117892026901245,0.0,0.12974012692769368,1.3124961694081625,1.6060750260949135,0.23415960371494293,0.19142143428325653,0.6381023526191711,0.023691161535680294,0.09842732176184654,0.6764272749423981,0.12886782735586166,0.3330267096559207,0.559829369187355,3.6697890616370605,0.0,0.5567099808333705,0.13524282723665237,0.16887404769659042,0.2034699022769928,0.3128514438867569,0.4963126480579376,0.6814093887805939,0.5317814946174622,0.4985729306936264,0.49118246138095856,0.5331767499446869,0.5973675549030304,0.7068950235843658,1.2986917555332185,0.5567099808333705
150,1254.0187721252441,1.9052866799446444,0.252369483311971,0.19704036116600038,0.22502084175745646,0.9153805613517761,0.02987266629934311,0.4122174620628357,0.016545859910547734,0.23235151867071788,0.23235151867071788,0.0,0.12987266778945922,1.2144274592399598,1.627100832760334,0.24338636547327042,0.193980872631073,0.6433620154857635,0.023396648466587067,0.09799841046333313,0.6798450350761414,0.1290988326072693,0.316197636226813,0.5859638601541519,3.6421463999263617,0.0,0.5503329979235452,0.1316932514309883,0.1594841331243515,0.1923406794667244,0.2958986759185791,0.47964610159397125,0.6381229758262634,0.5315428972244263,0.5068683326244354,0.5097241103649139,0.57039675116539,0.6492893397808075,0.7479617297649384,1.1585585296154022,0.5503329979235452
151,1262.5167291164398,1.8986392176166798,0.2515601028998693,0.19666523536046346,0.22717706263065338,0.9125658353169759,0.03000884105761846,0.4138416846593221,0.01649691304191947,0.22458353539307913,0.22458353539307913,0.0,0.13000884254773457,1.1759178479512533,1.62083001434803,0.24782659113407135,0.194222092628479,0.6379461884498596,0.02357455901801586,0.097944725304842,0.6754773557186127,0.12921810895204544,0.3153496173520883,0.5670688599348068,3.4224287983758512,0.0,0.5092841588168139,0.13412753492593765,0.1617322862148285,0.1933634877204895,0.29358282685279846,0.45904193818569183,0.6502496302127838,0.5373478829860687,0.5113999843597412,0.5015340149402618,0.5426246821880341,0.6027552485466003,0.7067513465881348,1.1554903566837311,0.5092841588168139
152,1271.0333340168,1.9024818196815128,0.2504163364569346,0.19672854244709015,0.2258028378089269,0.9120262066523234,0.03016834706068039,0.413733716805776,0.016500833071768285,0.23008110026518505,0.23008110026518505,0.0,0.1301683485507965,1.0848265846570333,1.6366653963923454,0.23812935501337051,0.19230523705482483,0.6511917114257812,0.023568790405988693,0.0979006178677082,0.684485524892807,0.12955217063426971,0.3254166940848033,0.5721722915768623,3.566832706907089,0.0,0.538505525873881,0.13937734812498093,0.1610245630145073,0.19197417795658112,0.3030785769224167,0.4971356838941574,0.6599098145961761,0.5074685513973236,0.5070473700761795,0.5111695826053619,0.5665617287158966,0.6202629804611206,0.7205235362052917,0.9710914790630341,0.538505525873881
153,1279.5485849380493,1.898432666109875,0.2523580272992452,0.19671727021535237,0.22519643604755402,0.9028943657875061,0.03041264961163203,0.4135393957297007,0.016496823417643705,0.2289895345767339,0.2289895345767339,0.0,0.13041265110174816,1.0233637849489847,1.6215589381754398,0.24026694148778915,0.1925657019019127,0.6425045728683472,0.02374817058444023,0.09812253341078758,0.6786648333072662,0.12955421209335327,0.32478272045652073,0.5711921801169714,3.8773102384079605,0.0,0.596735912822267,0.1309405192732811,0.1599712371826172,0.19115588068962097,0.3074121028184891,0.5076970160007477,0.6515195667743683,0.5422842800617218,0.5139793455600739,0.5110181868076324,0.5529418587684631,0.6109820306301117,0.6959473788738251,1.0394308805465697,0.596735912822267
154,1288.0499601364136,1.898893597725934,0.25171845257282255,0.1963634341955185,0.22551341553529103,0.9046380162239075,0.030578015744686125,0.41144656936327617,0.01648373675222198,0.23346837957700092,0.23346837957700092,0.0,0.13057801723480225,1.079362122217814,1.6287074722349644,0.2384648248553276,0.19211366027593613,0.6470929086208344,0.023755641654133797,0.09804606437683105,0.6806667149066925,0.12978968769311905,0.323073619355758,0.5753583709398905,3.629946469892562,0.0,0.5494365736841021,0.13650694489479065,0.16292942315340042,0.1951616257429123,0.30901503562927246,0.4955129027366638,0.6393157839775085,0.5290813595056534,0.5126020312309265,0.5040129274129868,0.5474382638931274,0.6275460124015808,0.7314696311950684,1.112880641222,0.5494365736841021
155,1296.56729722023,1.9016127556174374,0.250951420267423,0.19685480495293936,0.22579869131247202,0.9066867709159852,0.03071614255507787,0.4132056514422099,0.016484220015505948,0.23206867277622223,0.23206867277622223,0.0,0.130716144045194,1.03239004611969,1.645645696669817,0.2461196780204773,0.19311348348855972,0.6514846384525299,0.023675906471908092,0.09770490229129791,0.6842079758644104,0.12993495166301727,0.3194599697987239,0.588946650425593,3.644168152831448,0.0,0.5517803118851974,0.1353004425764084,0.16192577034235,0.19314967840909958,0.30924272537231445,0.49305756390094757,0.6240836381912231,0.5405994057655334,0.5311830043792725,0.5319949984550476,0.5733072757720947,0.6294629573822021,0.727132260799408,1.1056822478771209,0.5517803118851974
156,1305.1834082603455,1.888860244754081,0.25180875658988955,0.19653193652629852,0.224950110912323,0.9023684978485107,0.03088655322790146,0.4121830701828003,0.016486883939554293,0.22282379368940988,0.22282379368940988,0.0,0.13088655471801758,1.0750756939252217,1.622681774199009,0.24220437556505203,0.19368332624435425,0.6418178677558899,0.023427936248481274,0.09714282676577568,0.6783881187438965,0.12986113131046295,0.3166360594332218,0.5785300036271414,3.499796714088287,0.0,0.5242158657548668,0.1351679563522339,0.15963305532932281,0.19057413190603256,0.29933641850948334,0.47306036949157715,0.6420444250106812,0.5239132940769196,0.5200718939304352,0.5208783149719238,0.5650317668914795,0.6313273012638092,0.7099574506282806,1.0725719690322877,0.5242158657548668
157,1313.7153182029724,1.8902714448786961,0.25129009783267975,0.19622090955575308,0.22481527825196584,0.8978924115498861,0.03105615029732386,0.41245794693628945,0.016460422923167548,0.22653013368447622,0.22653013368447622,0.0,0.13105615178743998,0.9492221633593242,1.6359290517866611,0.2347942739725113,0.1924726739525795,0.65244922041893,0.02358998917043209,0.09736259281635284,0.6815626323223114,0.13023117184638977,0.3235027529299259,0.5667354439695677,3.6089620502745503,0.0,0.544927030566618,0.13503848016262054,0.1663752794265747,0.1962820366024971,0.30039773881435394,0.4873487502336502,0.655574232339859,0.5240586400032043,0.49934321641921997,0.49798484146595,0.5393811464309692,0.6134913563728333,0.7261534631252289,0.9793292224407196,0.544927030566618
158,1322.2509851455688,1.9058348569165295,0.2506362239519755,0.19612262348333995,0.22491855521996815,0.8985587557156881,0.03121646891037623,0.41021582086881003,0.016450174525380133,0.246858678261439,0.246858678261439,0.0,0.13121647040049236,1.0262350638707478,1.61536006629467,0.24282923340797424,0.19285395741462708,0.6380519270896912,0.02362955082207918,0.0972902737557888,0.6733505725860596,0.13053321838378906,0.32518185302615166,0.5834214190642039,3.4385602423687884,0.0,0.5149395042008829,0.13999058306217194,0.1712823584675789,0.20356006920337677,0.3029770106077194,0.4813660532236099,0.651915043592453,0.5483504235744476,0.5275035202503204,0.5151059925556183,0.561537116765976,0.6259931921958923,0.7220382690429688,1.0413245618343354,0.5149395042008829
159,1330.7510662078857,1.8872916573231728,0.25100125670433043,0.19571302433808643,0.22516921857992808,0.8991943558057149,0.031471732755502066,0.41217540502548217,0.016464977090557418,0.2237633575995763,0.2237633575995763,0.0,0.13147173424561817,1.117630700270335,1.6325125321745872,0.2406662479043007,0.19163057208061218,0.6480154991149902,0.02377056423574686,0.09753524512052536,0.681801974773407,0.13048333674669266,0.312907957782348,0.590796152750651,3.4699596926348732,0.0,0.5196071221704184,0.13752219825983047,0.16352716088294983,0.1918727457523346,0.29199011623859406,0.47719648480415344,0.6153390407562256,0.5353361666202545,0.5236719250679016,0.5247885584831238,0.5786041915416718,0.6483738124370575,0.7340022623538971,1.105676645040512,0.5196071221704184
160,1339.233852148056,1.8885468181571923,0.25009942849477135,0.19546941022078196,0.2253796339035034,0.8969490766525269,0.03154361893733342,0.4109499633312225,0.016456508170813323,0.22955997387568156,0.22955997387568156,0.0,0.13154362042744955,1.025523579120636,1.6166509166359901,0.2361045777797699,0.19118966162204742,0.6424757540225983,0.02350589632987976,0.09690626710653305,0.678623765707016,0.13079433143138885,0.3178984286884467,0.5712671081225077,3.5657288429799596,0.0,0.5373021668068967,0.13680291175842285,0.16836466640233994,0.19857026636600494,0.30997318029403687,0.48780208826065063,0.6058774590492249,0.5393424928188324,0.5150299370288849,0.5065216422080994,0.5401044189929962,0.600916177034378,0.7256879806518555,1.0824478447437287,0.5373021668068967
161,1347.7000620365143,1.8979592341231182,0.25151238441467283,0.19639406700929005,0.22501710752646129,0.897097663084666,0.03177603930234909,0.4119678199291229,0.01643650190283855,0.2349101553360621,0.2349101553360621,0.0,0.13177604079246522,1.1759341875712077,1.6303757727146149,0.24207158386707306,0.19257202744483948,0.646009087562561,0.023469126783311367,0.09685546904802322,0.6799739003181458,0.13097499310970306,0.3134403961400191,0.5601026639342308,3.4162788486431164,0.0,0.5088036748750011,0.1356382593512535,0.16581010073423386,0.19572358578443527,0.28767234086990356,0.4633781164884567,0.6324199736118317,0.5331025719642639,0.49515892565250397,0.490628182888031,0.5274566113948822,0.5999958515167236,0.7142738401889801,1.238820457458496,0.5088036748750011
162,1356.2184371948242,1.873838218029899,0.2496436466773351,0.1952653596798579,0.22572143574555714,0.8901676495869955,0.031941621998945874,0.4127334475517273,0.016428761215259633,0.21500390370686848,0.21500390370686848,0.0,0.131941623489062,0.9471614718437195,1.630236268043518,0.23515236377716064,0.19067716598510742,0.6498726606369019,0.023604354821145535,0.09689106419682503,0.6824065148830414,0.13120384514331818,0.3131571598351002,0.5667684947450956,3.3143568609132,0.0,0.4919644738270079,0.1391598954796791,0.16694797575473785,0.19574664533138275,0.29689058661460876,0.46122555434703827,0.6189723014831543,0.539564311504364,0.511585995554924,0.5013045370578766,0.5378792583942413,0.6047065258026123,0.7055703401565552,0.9531559109687805,0.4919644738270079
163,1364.8829770088196,1.885341890505515,0.2505887518326441,0.19530901809533438,0.22574281990528106,0.8885649005572002,0.032158527274926504,0.41294777194658916,0.016442800499498846,0.2258006731669108,0.2258006731669108,0.0,0.1321585287650426,1.0055559714635214,1.6502067595720291,0.2561842203140259,0.1935354769229889,0.6486274003982544,0.023834162391722202,0.09727222099900246,0.6816821098327637,0.13133086264133453,0.318680585672458,0.56515550861756,3.5950305232145032,0.0,0.5422453945765958,0.13500314205884933,0.16052765399217606,0.18753943592309952,0.2882804870605469,0.485340416431427,0.6553923785686493,0.5268828570842743,0.5168542563915253,0.5065949112176895,0.5400600135326385,0.6103729009628296,0.6901681125164032,1.006519967317581,0.5422453945765958
164,1373.365557193756,1.9099427684947539,0.250235977768898,0.19513395329316457,0.22543540398279827,0.8992798884709676,0.032304088771343234,0.4128548204898834,0.016432797815650702,0.24562973280747732,0.24562973280747732,0.0,0.13230409026145934,1.4675987521807352,1.639712955802679,0.2405392825603485,0.19230353087186813,0.6515109539031982,0.02347778994590044,0.0964290238916874,0.6829007565975189,0.13145048171281815,0.3220479612549146,0.5672649964690208,3.604017459636563,0.0,0.545121538846418,0.13830716162919998,0.16439324617385864,0.1962602511048317,0.30651384592056274,0.49846142530441284,0.6283518373966217,0.5175104737281799,0.49909961223602295,0.49382008612155914,0.5466000437736511,0.6155610084533691,0.7309987545013428,1.4239746570587157,0.545121538846418
165,1381.8680419921875,1.8645340174436569,0.2504119763771693,0.19540011088053386,0.2253133495648702,0.8855485399564107,0.03241444081068039,0.4103128353754679,0.016400422838826974,0.2118234117825826,0.2118234117825826,0.0,0.13241444230079652,1.0565094788869223,1.6341115832328796,0.24024536460638046,0.19188161194324493,0.6489627063274384,0.02347829658538103,0.09651525318622589,0.6833471357822418,0.13165056705474854,0.3191038171450297,0.5715592925747236,3.6809241901223833,0.0,0.5583034851380587,0.13323283195495605,0.16053328663110733,0.19205398112535477,0.30611415207386017,0.4904199540615082,0.6322686970233917,0.5185433030128479,0.5074872374534607,0.5051401108503342,0.5508173406124115,0.622039794921875,0.7253279685974121,1.0516324579715728,0.5583034851380587
166,1390.3982982635498,1.8790469327786317,0.2488565226395925,0.19532527029514313,0.22564521531263987,0.8902544379234314,0.03256314943234126,0.41131173372268676,0.016390150288740794,0.22347247799237568,0.22347247799237568,0.0,0.13256315092245738,1.2042545755704244,1.6247997023165226,0.24116547405719757,0.19303349405527115,0.6435587406158447,0.02355140820145607,0.09638751670718193,0.6804318726062775,0.1317771151661873,0.3378272106250127,0.6055781692266464,3.7956075172972454,0.0,0.5819334323409497,0.13797291368246078,0.16493117064237595,0.20190370082855225,0.3337145298719406,0.5236910283565521,0.6647499203681946,0.5479146242141724,0.548088014125824,0.5520489513874054,0.5962823629379272,0.6526323854923248,0.7365026772022247,1.1616719841957093,0.5819334323409497
167,1398.9168770313263,1.878521150886081,0.250275511542956,0.1952321837345759,0.22553629378477733,0.8851487159729003,0.03276410549879074,0.4106668035189311,0.01640803562477231,0.22532469828923543,0.22532469828923543,0.0,0.13276410698890687,1.104636295636495,1.6242064386606216,0.23019997775554657,0.19050031900405884,0.6493781507015228,0.023338613100349903,0.09596994891762733,0.6825522184371948,0.1319800391793251,0.3238331899046898,0.5596001495917639,3.522887023989452,0.0,0.5292929054283955,0.1370084062218666,0.16830553114414215,0.20020031183958054,0.30929525196552277,0.48266513645648956,0.6455245018005371,0.5174401700496674,0.4894344061613083,0.48627568781375885,0.5307468473911285,0.6122720837593079,0.721431702375412,1.1158067345619203,0.5292929054283955
168,1407.481861114502,1.8919925598776899,0.25047303438186647,0.194793243209521,0.224940750002861,0.88386336962382,0.03296825935443242,0.41181877851486204,0.016387884660313528,0.23711728950341543,0.23711728950341543,0.0,0.13296826084454855,1.3426662643750509,1.646657783538103,0.24214807897806168,0.19163354486227036,0.6543464660644531,0.023583021014928818,0.09630441665649414,0.6842819452285767,0.13212419301271439,0.3232054052253564,0.5585897962252299,3.532177780873923,0.0,0.531599155339878,0.1383950486779213,0.1635289490222931,0.1918158382177353,0.3040645867586136,0.4888359159231186,0.6525920927524567,0.5163243561983109,0.5045130550861359,0.5015849322080612,0.5316946506500244,0.5972659289836884,0.7001558542251587,1.2972930192947387,0.531599155339878
169,1415.9829592704773,1.8691142133592318,0.250769771138827,0.19422426124413808,0.2249418447415034,0.8804474671681722,0.033232474823792775,0.4109136362870534,0.01637601905191938,0.2176144689321518,0.2176144689321518,0.0,0.1332324763139089,1.168760887781779,1.6511101126670837,0.2329622134566307,0.18956823647022247,0.6616818904876709,0.023666828870773315,0.09630344435572624,0.6896718740463257,0.13233432918787003,0.3254799308876197,0.5594037845730782,3.5491134768629347,0.0,0.5342896853543038,0.1371471956372261,0.16243300586938858,0.19551380723714828,0.31305545568466187,0.4867509603500366,0.6579791605472565,0.5217198133468628,0.5065533667802811,0.4938937723636627,0.5370944738388062,0.6102578938007355,0.6869033873081207,1.0799856185913086,0.5342896853543038
170,1424.534883260727,1.8798737834828596,0.24795598487059275,0.1939111868540446,0.22532577315966287,0.8829025467236836,0.03339485377073288,0.4110041081905365,0.016367276571691035,0.22981763581434886,0.22981763581434886,0.0,0.133394855260849,1.1504607439041137,1.6483239643275738,0.23431703448295593,0.19042512029409409,0.6593971848487854,0.023607829585671425,0.09610306471586227,0.6863723397254944,0.13253632932901382,0.31972888857126236,0.5818615208069483,3.6668927450901814,0.0,0.55514141445769,0.1316252052783966,0.163445383310318,0.19927597045898438,0.31543034315109253,0.48265551030635834,0.6259409189224243,0.5416291654109955,0.5334577858448029,0.5237815082073212,0.5559844970703125,0.6192315220832825,0.7170846462249756,1.2102451145648956,0.55514141445769
171,1433.0503659248352,1.8739552503994976,0.24736800889174143,0.19404897093772888,0.22581282655398052,0.8850445111592611,0.03353130171696345,0.4093672811985016,0.01636240559940537,0.22650463978449503,0.22650463978449503,0.0,0.13353130320707957,1.2411165912946065,1.6353439539670944,0.23858674615621567,0.1908063143491745,0.6506770253181458,0.023532826453447342,0.09578743577003479,0.683224081993103,0.13280802220106125,0.31217605620622635,0.5628598655263582,3.4949188353093144,0.0,0.523564084270297,0.13583488762378693,0.15776071697473526,0.18624716252088547,0.2917161136865616,0.474731907248497,0.6267655491828918,0.49426349997520447,0.49097324907779694,0.49271920323371887,0.5447472631931305,0.6228227615356445,0.7316332161426544,1.1719538748264313,0.523564084270297
172,1441.5012681484222,1.8835605554205055,0.249723486105601,0.19473797182242075,0.22458071410655975,0.8723415732383728,0.03370442738135656,0.41273876031239826,0.01635083332657814,0.23305687109629314,0.23305687109629314,0.0,0.13370442887147269,1.059795908133189,1.653124824166298,0.24413694441318512,0.19128668308258057,0.6566722691059113,0.023469354026019573,0.09566724672913551,0.6848237216472626,0.132925383746624,0.3201115007201831,0.568747820953528,3.5484339652237504,0.0,0.5342833062636164,0.1374611109495163,0.15883087366819382,0.18889831751585007,0.29464539885520935,0.487771674990654,0.6530616283416748,0.4950387328863144,0.4946043789386749,0.49313071370124817,0.5543713867664337,0.6349267661571503,0.740414947271347,1.054882776737213,0.5342833062636164
173,1449.9837052822113,1.8630633606885871,0.2490044097105662,0.1937974989414215,0.22516406079133353,0.8736342867215474,0.03387515991926193,0.41139777302742003,0.016345165359477203,0.2156417449315389,0.2156417449315389,0.0,0.13387516140937805,0.94453471104304,1.649822011590004,0.2354367896914482,0.19079630076885223,0.6594935357570648,0.023388992995023727,0.09534474089741707,0.6865689754486084,0.133070707321167,0.32014336188634235,0.5775819470485052,3.575732522371441,0.0,0.5390664460238589,0.13643808662891388,0.1612146571278572,0.19116602092981339,0.29441964626312256,0.4878661036491394,0.6497556567192078,0.5320797562599182,0.5043012350797653,0.4956802874803543,0.5523716807365417,0.6285030543804169,0.7525556683540344,0.8998263955116272,0.5390664460238589
174,1458.4854972362518,1.8773727999418042,0.2499525060256322,0.1942421406507492,0.2247001737356186,0.8698691129684448,0.03407947967449824,0.4109643379847209,0.016340749524533748,0.2314751148223877,0.2314751148223877,0.0,0.13407948116461435,1.0290553212165832,1.6585963778197765,0.23575671017169952,0.1909359022974968,0.6636858582496643,0.023497121408581734,0.09547072276473045,0.690385490655899,0.13336710631847382,0.32027630880475044,0.5715852230787277,3.608505267620677,0.0,0.5455322771382413,0.13707410544157028,0.1611495316028595,0.1919979751110077,0.3027074933052063,0.49463263154029846,0.6340961158275604,0.5094905644655228,0.5025451630353928,0.5025772750377655,0.5603135824203491,0.6312854886054993,0.7232992649078369,1.0566848814487457,0.5455322771382413
175,1466.9985222816467,1.875303473533131,0.24740016758441924,0.19386373162269593,0.22500206927458447,0.8799308021863301,0.03433279047409694,0.4120818734169006,0.01634795389448603,0.224723486105601,0.224723486105601,0.0,0.13433279196421305,1.2824760715166728,1.6378781870007515,0.24550922960042953,0.1918846070766449,0.6482133269309998,0.02334458101540804,0.09529964998364449,0.6817046105861664,0.1335257962346077,0.316588864972194,0.5817235161860784,3.4351942150131025,0.0,0.5139711617567672,0.13925984501838684,0.16375894844532013,0.1973358616232872,0.31402909755706787,0.4783846139907837,0.6067648231983185,0.5282028019428253,0.5156921744346619,0.517853856086731,0.5646865367889404,0.6223936080932617,0.74151211977005,1.3010877430438996,0.5139711617567672
176,1475.498908996582,1.8651064186201742,0.25067858497301737,0.19408314824104309,0.22472584048906963,0.8645710468292236,0.034489527841409046,0.4131852209568024,0.016327452659606934,0.21656380891799926,0.21656380891799926,0.0,0.13448952933152516,1.1261832276980082,1.6556100435554981,0.23576515913009644,0.18956104665994644,0.6625321805477142,0.02348285634070635,0.09532953426241875,0.6895659267902374,0.13379371166229248,0.316941250115633,0.560297595957915,3.662523330410414,0.0,0.5551202379397973,0.1346222460269928,0.16083218902349472,0.1937778741121292,0.3119742274284363,0.49305711686611176,0.6073838472366333,0.48771190643310547,0.4946385473012924,0.504842072725296,0.5570780038833618,0.6185990869998932,0.698915958404541,1.1520017325878142,0.5551202379397973
177,1484.0485093593597,1.8775643509696238,0.24800952275594076,0.1929757962624232,0.22439566254615784,0.8702456712722778,0.034608016908168796,0.4094096461931864,0.016321712639182806,0.23693296511967976,0.23693296511967976,0.0,0.1346080183982849,0.9519096891085307,1.640009067952633,0.23885399103164673,0.19025520980358124,0.6530137360095978,0.023420389741659164,0.09507528319954872,0.6864346563816071,0.13389532268047333,0.3239300325512886,0.5698664436737696,3.7020428125887572,0.0,0.5632516877747165,0.1362505406141281,0.15975552052259445,0.19538716226816177,0.3206934183835983,0.5044053345918655,0.6270882189273834,0.519593358039856,0.5177927315235138,0.5157215893268585,0.5504418313503265,0.5970812439918518,0.7185679078102112,0.8808153748512269,0.5632516877747165
178,1492.669203042984,1.8530034076655284,0.2506808449824651,0.19371450344721478,0.22350808680057527,0.8603496710459392,0.034922251602013905,0.40931627750396726,0.016315049957484007,0.21439872086048126,0.21439872086048126,0.0,0.13492225309213002,1.012557280063629,1.663330540060997,0.24277687817811966,0.18951435387134552,0.6628982424736023,0.023414566181600094,0.09495322406291962,0.6899491846561432,0.13409336656332016,0.32793191572030383,0.584170530239741,3.7034193837681326,0.0,0.5640293823133683,0.13796015828847885,0.1628360152244568,0.19689948111772537,0.3264027088880539,0.5109243243932724,0.6325688064098358,0.5195859968662262,0.5195659697055817,0.5259482264518738,0.5719647705554962,0.6290378868579865,0.7389203310012817,1.0032612204551696,0.5640293823133683
179,1501.1181871891022,1.8491355050432807,0.24817092021306356,0.19292648235956827,0.22468865911165872,0.8649369994799296,0.03504969626665115,0.41048293709754946,0.01631529989341895,0.20862595935662587,0.20862595935662587,0.0,0.13504969775676728,1.0742819468180338,1.6488485932350159,0.23400302976369858,0.18896742165088654,0.660180926322937,0.02332158200442791,0.09473197534680367,0.6879581809043884,0.13424403220415115,0.3139465351899465,0.5611739804347357,3.4397491719504245,0.0,0.5133566835900706,0.13607967644929886,0.16101261973381042,0.1902327761054039,0.301880806684494,0.46807995438575745,0.6263933777809143,0.502968430519104,0.49439701437950134,0.49257969856262207,0.530533105134964,0.6131608486175537,0.7334047853946686,1.0490220010280609,0.5133566835900706
180,1509.6330931186676,1.8716430000107114,0.24904284377892813,0.19327933788299562,0.22433494826157888,0.8659866293271382,0.03528699924548467,0.4105074206988017,0.01631048709775011,0.22942877213160198,0.22942877213160198,0.0,0.1352870007356008,1.2497514684995015,1.6757261045277119,0.23767762631177902,0.1903664991259575,0.671432614326477,0.02353904116898775,0.09507760405540466,0.6946098208427429,0.1345812976360321,0.3158628170688947,0.5569464142123858,3.538161436353719,0.0,0.5315819012748656,0.13547421991825104,0.1596348136663437,0.18993821740150452,0.2967001795768738,0.4793296605348587,0.6340998113155365,0.4866172820329666,0.4879312515258789,0.49685603380203247,0.5423762202262878,0.607959657907486,0.7199380397796631,1.205603164434433,0.5315819012748656
181,1518.150098323822,1.8500454024178907,0.24803612530231475,0.19283377925554912,0.22443406681219738,0.8625762144724528,0.03545437107483546,0.4095947802066803,0.016297224443405867,0.21249954005082447,0.21249954005082447,0.0,0.13545437256495158,1.208749806880951,1.650953870266676,0.23252717405557632,0.18821681290864944,0.6621591448783875,0.023555359803140163,0.09490720182657242,0.689785897731781,0.13472098112106323,0.3245413067440192,0.570660245915254,3.8436651458321625,0.0,0.5902726545493944,0.13268636912107468,0.15938331186771393,0.1928377002477646,0.31278321146965027,0.5100019723176956,0.6395552754402161,0.49297046661376953,0.49457941949367523,0.5081462562084198,0.570446252822876,0.6249324083328247,0.7328866720199585,1.2710464239120483,0.5902726545493944
182,1526.6685030460358,1.8667147050184818,0.24725031852722168,0.19323592980702717,0.22506644030412037,0.8679281195004781,0.035644093652566274,0.4091301600138346,0.016306002096583446,0.22784745395183564,0.22784745395183564,0.0,0.13564409514268239,1.3207054615020752,1.6764005199074745,0.2460840940475464,0.1906154900789261,0.6675043404102325,0.023475006222724915,0.09479589387774467,0.6918575167655945,0.13486398011446,0.32680047924319905,0.5896187374989191,3.670396404523612,0.0,0.5572258851661508,0.13655363768339157,0.1581856831908226,0.18914497643709183,0.3099112808704376,0.5012059807777405,0.6658013164997101,0.5553522109985352,0.5262508690357208,0.52337446808815,0.5657944083213806,0.626992255449295,0.7399482131004333,1.325463306903839,0.5572258851661508
183,1535.1650540828705,1.861961333550668,0.24864788353443146,0.1934527317682902,0.22505078613758087,0.8608921090761821,0.03584640671809514,0.4093306283156077,0.016287800359229245,0.22460831900437672,0.22460831900437672,0.0,0.13584640820821126,1.1249664266904196,1.684456966817379,0.24026643484830856,0.19013851881027222,0.6745606362819672,0.023408468812704086,0.09448105469346046,0.6958845555782318,0.13494500517845154,0.3251667730510235,0.5895226001739502,3.7832872126002637,0.0,0.5784501079489234,0.1334955245256424,0.15112104266881943,0.18119250237941742,0.30607156455516815,0.5050519108772278,0.6740680932998657,0.5389965772628784,0.5162626504898071,0.5248571634292603,0.5974761545658112,0.6521319448947906,0.7074111104011536,1.0310080707073213,0.5784501079489234
184,1543.6696751117706,1.8713963342054436,0.24869770109653472,0.19353492160638172,0.2240465074777603,0.8544879158337911,0.03605403453111648,0.4116187294324239,0.01628300960486134,0.2325756182273229,0.2325756182273229,0.0,0.13605403602123262,1.0101305961608886,1.6612182296812534,0.23571863770484924,0.18855435401201248,0.665611207485199,0.02329282369464636,0.09421192482113838,0.6923777461051941,0.13522681593894958,0.32342680419484776,0.5645088081558546,3.736727938501096,0.0,0.5697247269800572,0.13525068014860153,0.1586836725473404,0.18946613371372223,0.30484606325626373,0.5053949952125549,0.6469192802906036,0.49784737825393677,0.4986848384141922,0.49911442399024963,0.5424046218395233,0.6080760061740875,0.7409255802631378,1.0283202826976776,0.5697247269800572
185,1552.3862159252167,1.8585784983665994,0.24844911694526672,0.19341847399870554,0.22350217203299205,0.8593395988146464,0.036219614247481026,0.4091262221336365,0.016272260745366415,0.22259704073270162,0.22259704073270162,0.0,0.13621961573759714,1.0814791043599448,1.6756535843014717,0.23708052188158035,0.1891922950744629,0.67198845744133,0.023349004797637463,0.09428883343935013,0.696809709072113,0.13528331369161606,0.323929026722908,0.5667400856812795,3.680525111586212,0.0,0.5599751996941694,0.13904795050621033,0.15753621608018875,0.18327126652002335,0.29693882167339325,0.5117694735527039,0.6550104320049286,0.48673132061958313,0.49201589822769165,0.5018124878406525,0.5599991083145142,0.6289627850055695,0.7309189140796661,1.1660583913326263,0.5599751996941694
186,1560.870492219925,1.848468028230127,0.24779208103815714,0.19261956214904785,0.22417731682459513,0.8577456514040629,0.0364028866092364,0.40784489711125693,0.016264131478965282,0.21674475371837615,0.21674475371837615,0.0,0.13640288809935253,1.0502124389012655,1.6811560951173306,0.24171403050422668,0.18964248150587082,0.6723104119300842,0.023355123586952686,0.09424873068928719,0.697331428527832,0.13556843996047974,0.31485021611054737,0.5719337513049444,3.545780939990766,0.0,0.5334253948657388,0.13653608411550522,0.15289312601089478,0.182370163500309,0.300830215215683,0.4841270446777344,0.632344663143158,0.5051864087581635,0.5058899819850922,0.5140332579612732,0.559828132390976,0.6162885427474976,0.7303761839866638,0.9689751327037811,0.5334253948657388
187,1569.4212260246277,1.8590215893578717,0.2482823650042216,0.19235347509384154,0.22390255133310955,0.8516004999478658,0.036677949130535126,0.41025334199269614,0.01626457159096996,0.2250866343577703,0.2250866343577703,0.0,0.13667795062065125,1.083789050579071,1.691900309175253,0.24078328162431717,0.189938522875309,0.6780738830566406,0.023373219184577465,0.09415380284190178,0.6989104449748993,0.13596609979867935,0.32111507778366405,0.5759293263157209,3.6510110360045887,0.0,0.5533399672957982,0.13606958091259003,0.15656495094299316,0.18615316599607468,0.3019823729991913,0.4967915415763855,0.6491288542747498,0.5037872195243835,0.5082610696554184,0.5126760900020599,0.5709063410758972,0.6327809989452362,0.72716423869133,1.1327226877212524,0.5533399672957982
188,1577.9166142940521,1.8438468125687602,0.2478916823863983,0.1926508992910385,0.2236032058795293,0.850223716100057,0.036782877147197725,0.4085200011730194,0.01627435702830553,0.21428491771221161,0.21428491771221161,0.0,0.13678287863731384,1.1741248687108359,1.6740338169038296,0.24095795303583145,0.1891634836792946,0.6692470610141754,0.02323357481509447,0.09402156248688698,0.6958369016647339,0.13592564314603806,0.31851286068558693,0.5900491724411646,3.640037264170445,0.0,0.550940170367346,0.13515911996364594,0.16140606254339218,0.19152027368545532,0.3079785108566284,0.4919842332601547,0.623028963804245,0.5239084810018539,0.5179913491010666,0.5292799770832062,0.5920766890048981,0.6348913013935089,0.7421472370624542,1.1860293984413146,0.550940170367346
189,1586.417699098587,1.8429077110641325,0.24872124791145325,0.1925536274909973,0.2235727419455846,0.8489673097928365,0.03703613132238388,0.4091769496599833,0.01626260466873646,0.2117573708295822,0.2117573708295822,0.0,0.1370361328125,1.113217870394389,1.6873605325818062,0.2391572669148445,0.19081151485443115,0.676398754119873,0.023458330892026424,0.09418323636054993,0.6970949769020081,0.13625842332839966,0.3272362028559049,0.5868484005331993,3.616350990711605,0.0,0.548480257157846,0.14101677387952805,0.1573653593659401,0.18723365664482117,0.3181808292865753,0.5099661499261856,0.6496544480323792,0.5140808075666428,0.5134485065937042,0.5198999047279358,0.5777740478515625,0.6452841758728027,0.7506029605865479,1.1471855878829955,0.548480257157846
190,1594.9327533245087,1.8566654248395935,0.24757026235262553,0.1923407385746638,0.22479554116725922,0.8532955209414165,0.03720030238231023,0.4113283654054006,0.01625379764785369,0.2201025277376175,0.2201025277376175,0.0,0.13720030387242635,1.364515781402588,1.6907753199338913,0.24108489602804184,0.1907281130552292,0.6771631836891174,0.023379533551633358,0.09398311004042625,0.7006926536560059,0.13654401153326035,0.3345157094299793,0.571066419283549,3.893345907623227,0.0,0.6008328913770679,0.13635974377393723,0.162045456469059,0.1974121257662773,0.3270854949951172,0.5308956503868103,0.6532957851886749,0.5069026052951813,0.49824145436286926,0.4951135218143463,0.5667226016521454,0.6368265151977539,0.7225918173789978,1.4525875508785249,0.6008328913770679
191,1603.4354531764984,1.8629274210620983,0.24743110537528992,0.19220290382703145,0.22371716499328614,0.8515426794687907,0.037471026678880054,0.40919081966082255,0.01625289550671975,0.23169671992460886,0.23169671992460886,0.0,0.13747102816899617,1.2631378968556721,1.68275897949934,0.23722844570875168,0.1898515224456787,0.6753023862838745,0.023568072356283665,0.09419960156083107,0.6970601677894592,0.13648512959480286,0.33030185103416443,0.5688226719697317,3.741850269309555,0.0,0.5704389277749029,0.134111225605011,0.16278740763664246,0.1985829472541809,0.3110691159963608,0.5018241256475449,0.6734362840652466,0.5154357850551605,0.5162356495857239,0.5144721865653992,0.5536923110485077,0.6074258685112,0.7056742310523987,1.3306193590164184,0.5704389277749029
192,1612.055519104004,1.8543067412644936,0.24640143513679505,0.19195025165875754,0.22455552915732066,0.8524884819984436,0.03763286620378494,0.4089492440223694,0.01624014402429263,0.22407944599787394,0.22407944599787394,0.0,0.13763286769390107,1.4050878206888835,1.6854339987039566,0.23987280577421188,0.18939785659313202,0.6754311323165894,0.023354822769761086,0.09371953457593918,0.6979955732822418,0.13674601167440414,0.33166438589493435,0.5738624880711237,3.8090354100082275,0.0,0.5846679761058032,0.13840002566576004,0.16601207107305527,0.19882707297801971,0.3183943033218384,0.5271705985069275,0.6411822438240051,0.5120848715305328,0.505444660782814,0.5129386633634567,0.5629445910453796,0.6138143837451935,0.7359477579593658,1.404555070400238,0.5846679761058032
193,1620.5179221630096,1.8721965011713715,0.24964593946933747,0.19200090169906617,0.2236582855383555,0.8430362184842427,0.03776171654462814,0.41102826793988545,0.01624771342612803,0.23929161926110584,0.23929161926110584,0.0,0.13776171803474427,1.1996059974034627,1.6937904208898544,0.22665319591760635,0.18886376917362213,0.6863526701927185,0.023148714564740658,0.09342566132545471,0.7033330500125885,0.13692405819892883,0.3207761583228906,0.5471789836883545,3.72293776627486,0.0,0.5662060588866965,0.13193466514348984,0.16080942749977112,0.19375284016132355,0.3040914833545685,0.4911845475435257,0.6428839862346649,0.4908820539712906,0.47321952879428864,0.4741223603487015,0.5194915980100632,0.606448233127594,0.7189101278781891,1.2028642535209655,0.5662060588866965
194,1629.0495550632477,1.8741070452534283,0.24483874638875325,0.19153541525204976,0.22506590982278188,0.8503873666127523,0.03806211600701014,0.40955004692077634,0.016242346633225678,0.24523279468218487,0.24523279468218487,0.0,0.13806211749712627,1.1850717743237813,1.6986008398234844,0.24139921367168427,0.18961601704359055,0.6811968088150024,0.023479290306568146,0.09391507133841515,0.7030507326126099,0.13713553547859192,0.3093780962129434,0.5406100526452065,3.3230302204368076,0.0,0.49342211280110954,0.13897474110126495,0.16344927996397018,0.1910601556301117,0.29409249126911163,0.46181726455688477,0.6068746447563171,0.4825764298439026,0.4720538854598999,0.4728042036294937,0.5210005939006805,0.5944535732269287,0.7007716298103333,1.1665527880191804,0.49342211280110954
195,1637.5519001483917,1.8391101269361874,0.24841091136137644,0.1917527457078298,0.22416520913441976,0.8371966163317363,0.03829209953546524,0.4089764972527822,0.01623260819663604,0.21427406171957653,0.21427406171957653,0.0,0.13829210102558137,1.140304974714915,1.7082953825592995,0.2329000011086464,0.18781733512878418,0.6907433569431305,0.023350590839982033,0.09370855614542961,0.7057655155658722,0.13736287504434586,0.3246273286640644,0.5848547518253326,3.6861769471496304,0.0,0.5602422936568082,0.13645759224891663,0.16145508736371994,0.1949395090341568,0.32058683037757874,0.5030068308115005,0.6313181221485138,0.5419658124446869,0.5194310545921326,0.5210407078266144,0.5727928280830383,0.6331681311130524,0.7207299768924713,1.1439186215400696,0.5602422936568082
196,1646.0855481624603,1.8451468906016089,0.24750201006730396,0.19117920597394308,0.22353735466798147,0.8442451278368632,0.03848589211702347,0.41124072472254436,0.0162304506637156,0.21342002153396605,0.21342002153396605,0.0,0.1384858936071396,1.2400466005007427,1.6873417533934116,0.23562075197696686,0.18843398243188858,0.6787520051002502,0.02347945887595415,0.09372838586568832,0.6990152895450592,0.13757608830928802,0.3140279861787955,0.5547919223705927,3.5860167858908882,0.0,0.5398775840258694,0.13305937498807907,0.15682842582464218,0.18716079741716385,0.29862959682941437,0.47715315222740173,0.6313365697860718,0.4809097945690155,0.4847327023744583,0.48937319219112396,0.5415607690811157,0.6203983724117279,0.7117767035961151,1.2493033945560454,0.5398775840258694
197,1654.6162869930267,1.8419287421507762,0.2449483335018158,0.19069962402184804,0.22398200134436289,0.8455803990364075,0.03871147980292638,0.4083153744538625,0.016210726213951906,0.21802408695220948,0.21802408695220948,0.0,0.1387114812930425,1.403105080127716,1.6897786743938923,0.23758293688297272,0.1887257769703865,0.6789164245128632,0.023426072672009468,0.09361526370048523,0.7011598646640778,0.13763241469860077,0.3164957252641519,0.5723764797051748,3.6531291843712217,0.0,0.5531721134839915,0.134182907640934,0.15642020851373672,0.1859075203537941,0.30246084928512573,0.49018749594688416,0.6298153698444366,0.5064718425273895,0.5119935125112534,0.5168213993310928,0.5551132559776306,0.6198239922523499,0.7240348756313324,1.5228193283081055,0.5531721134839915
198,1663.136420249939,1.843592526728753,0.24722682038942972,0.19162710408369701,0.22375525136788685,0.8402016282081604,0.038876137634118395,0.4106355627377828,0.016207688953727484,0.21493546863396962,0.21493546863396962,0.0,0.13887613912423452,1.2408642609914144,1.6803586669266224,0.23728693276643753,0.18879999965429306,0.6743358671665192,0.023433811962604523,0.09350015968084335,0.6966484785079956,0.13808751106262207,0.3217255771160126,0.5732336541016897,3.633464481140981,0.0,0.550005864971191,0.13618817180395126,0.1577761024236679,0.18839701265096664,0.3080301731824875,0.49483488500118256,0.6451271176338196,0.4836362898349762,0.502075731754303,0.5227862000465393,0.5865280330181122,0.6337258815765381,0.7106497883796692,1.3225551784038543,0.550005864971191
199,1671.9087481498718,1.8362620197663395,0.24514100849628448,0.19080260396003723,0.2241802434126536,0.839694368839264,0.0390445406238238,0.40938204725583394,0.01620334523419539,0.21273763279120128,0.21273763279120128,0.0,0.13904454211393993,1.042463771502177,1.6769778728485107,0.24148494005203247,0.18822872638702393,0.6706892848014832,0.023356756195425987,0.09326640516519547,0.6943186223506927,0.13812052458524704,0.3152270627518495,0.55525570611159,3.608032916310163,0.0,0.5442307762962809,0.13342289626598358,0.15611433237791061,0.18639209866523743,0.29706597328186035,0.4813942015171051,0.6369728744029999,0.5031559318304062,0.49674007296562195,0.49388499557971954,0.5316523015499115,0.5940316021442413,0.7120693325996399,1.0968830108642578,0.5442307762962809
200,1680.4682743549347,1.8432583515221874,0.2486869841814041,0.19169608652591705,0.22392948468526205,0.836721936861674,0.03929481158653895,0.4112736145655314,0.01620511437455813,0.21334400574366252,0.21334400574366252,0.0,0.13929481307665506,1.2913306554158528,1.7248395085334778,0.23295505344867706,0.18862256407737732,0.698786586523056,0.023294332437217236,0.09316857159137726,0.7110251784324646,0.13847964257001877,0.32696887602408725,0.5529065802693367,3.4237971332964188,0.0,0.512762223356236,0.14105378836393356,0.16890554875135422,0.19941669702529907,0.30308739840984344,0.48293955624103546,0.6664102673530579,0.5048249065876007,0.498714804649353,0.4918268471956253,0.5269688367843628,0.591261476278305,0.7038426101207733,1.237087571620941,0.512762223356236
201,1689.0011961460114,1.8509007716046957,0.24517051180203756,0.19153732458750408,0.22425822019577027,0.8434861262639364,0.03947032143672307,0.4111898879210154,0.016199742940564952,0.22124781906604768,0.22124781906604768,0.0,0.1394703229268392,1.1850117802619935,1.687936831265688,0.2313932552933693,0.1876005157828331,0.681371659040451,0.02324304636567831,0.09303215146064758,0.7001689970493317,0.13854015618562698,0.326604684193929,0.580053374171257,3.606499610334789,0.0,0.5455861045823076,0.13828877359628677,0.1649770587682724,0.19929776340723038,0.3187911808490753,0.4987384080886841,0.6395349204540253,0.5251449644565582,0.5092900395393372,0.5150240063667297,0.5697173774242401,0.6302959024906158,0.730847954750061,1.11809601187706,0.5455861045823076
202,1697.5490911006927,1.838473736944919,0.24675298829873402,0.19072013696034748,0.22368389467398325,0.8365656733512878,0.039714135229587555,0.40864742596944176,0.016189618812253077,0.2161290854215622,0.2161290854215622,0.0,0.13971413671970367,1.2112786372502644,1.7302035689353943,0.23930831998586655,0.18955250084400177,0.6980594992637634,0.023349419236183167,0.09309522807598114,0.7094047665596008,0.13886015117168427,0.3212636671960354,0.5546668271223704,3.7112639586681375,0.0,0.5648241201909835,0.1354823336005211,0.16360559314489365,0.1961674913764,0.30977852642536163,0.5028107017278671,0.6197373569011688,0.5155633389949799,0.48746056854724884,0.48080916702747345,0.5337573289871216,0.5995416641235352,0.7108688950538635,1.144036865234375,0.5648241201909835
203,1706.069432258606,1.8339753050046663,0.24401738742987314,0.1903149684270223,0.22537606159845988,0.841894253094991,0.03993928780158361,0.4096251865228017,0.01618334815527002,0.2096681813398997,0.2096681813398997,0.0,0.13993928929169971,1.0938997666041057,1.715056262910366,0.2407342866063118,0.18862095475196838,0.690005749464035,0.023346520960330963,0.09298311918973923,0.7067835927009583,0.13916073739528656,0.3119102840622266,0.5650945777694384,3.4658051320655168,0.0,0.5177612124015424,0.13500157743692398,0.15758168697357178,0.18542995303869247,0.2925819605588913,0.4678891599178314,0.6329773664474487,0.5310860574245453,0.5008694976568222,0.497519314289093,0.5339124500751495,0.6060173809528351,0.7211627662181854,1.1578494489192963,0.5177612124015424
204,1714.6172490119934,1.834487092657946,0.24874654412269592,0.19064870178699495,0.2239161362250646,0.8306726415952047,0.04017794877290726,0.4088477432727814,0.01618653576200207,0.2124758114417394,0.2124758114417394,0.0,0.14017795026302338,1.3525296847025554,1.7161815837025642,0.2328910008072853,0.18860632181167603,0.6944937109947205,0.023405758664011955,0.09305651485919952,0.7054462432861328,0.13940342515707016,0.33225903287529945,0.5648626014590263,3.831123271404027,0.0,0.5877966210902893,0.1328110247850418,0.16262534260749817,0.20051247626543045,0.3245494067668915,0.5088154077529907,0.6642405390739441,0.5165633708238602,0.4968206137418747,0.4970283657312393,0.5403721332550049,0.6052843332290649,0.733106791973114,1.395099365711212,0.5877966210902893
205,1723.0848939418793,1.8395760628550002,0.24443939526875813,0.1902027149995168,0.2263949493567149,0.844148325920105,0.04042778660853704,0.4113227128982544,0.016177324453989665,0.21003574828306834,0.21003574828306834,0.0,0.14042778809865317,1.4857284307479859,1.719002090394497,0.23729410022497177,0.18740248680114746,0.6940033733844757,0.023374872282147408,0.09288760274648666,0.7072247266769409,0.13950282335281372,0.3135143605371316,0.5539191514253616,3.4414415505801212,0.0,0.5128138302954143,0.1340741142630577,0.16302921622991562,0.19421008974313736,0.29065269231796265,0.46140822768211365,0.6377118229866028,0.5062492042779922,0.48939506709575653,0.48538580536842346,0.5289696753025055,0.5968625247478485,0.7166526317596436,1.5563416838645936,0.5128138302954143
206,1731.9009532928467,1.8512422461838771,0.24773712555567423,0.19033550222714743,0.22434790631135304,0.833829931418101,0.04059874067703883,0.41046109795570374,0.016186918690800668,0.22533800899982454,0.22533800899982454,0.0,0.14059874216715496,1.3642664194107055,1.7149151787161827,0.24208514392375946,0.1897863894701004,0.6889684200286865,0.0233741020783782,0.09303486719727516,0.7038857638835907,0.13962047547101974,0.3266323134303093,0.5608676175276438,3.776067130554148,0.0,0.5769313345811411,0.13306473940610886,0.15890810638666153,0.19110612571239471,0.30553506314754486,0.502461388707161,0.6687184572219849,0.5132414549589157,0.48654769361019135,0.49330803751945496,0.5471094250679016,0.6109860241413116,0.7140130698680878,1.3318366527557373,0.5769313345811411
207,1740.5548441410065,1.8770868493748518,0.24556322495142618,0.19050674339135487,0.22492391566435496,0.8419509291648865,0.04077343295017878,0.40931989550590514,0.01616613259539008,0.25135097006956736,0.25135097006956736,0.0,0.14077343444029491,1.571739912033081,1.7013712152838707,0.22793039679527283,0.1874314397573471,0.6898625493049622,0.023266184143722057,0.09261485934257507,0.7032350897789001,0.1399923861026764,0.32485826686024666,0.5562450066208839,3.7014941684800178,0.0,0.5622777594455239,0.13307510316371918,0.16606926172971725,0.20036375522613525,0.3129386454820633,0.4925767183303833,0.6441261172294617,0.509548157453537,0.4810953140258789,0.4852864742279053,0.537166491150856,0.6116451621055603,0.7127284407615662,1.5462230920791626,0.5622777594455239
208,1749.11767911911,1.8357293928662937,0.2450137217839559,0.1896115283171336,0.2258687883615494,0.8294087131818135,0.04097281644741694,0.4100643515586853,0.016178047641490896,0.2155768682559331,0.2155768682559331,0.0,0.14097281793753305,1.1339283347129823,1.717743132263422,0.23435594141483307,0.18835154920816422,0.6946057081222534,0.023057566955685616,0.0923096090555191,0.7074790894985199,0.14020897448062897,0.33289995789527893,0.5563810393214226,3.710403391276524,0.0,0.5649237727229485,0.13642743974924088,0.16507580131292343,0.20067472755908966,0.3178957402706146,0.506200835108757,0.671125203371048,0.4924919605255127,0.47793684899806976,0.48891130089759827,0.5402150750160217,0.6072462499141693,0.7314848005771637,1.028277188539505,0.5649237727229485
209,1757.5836789608002,1.8482520904159174,0.2462908148765564,0.1901934762795766,0.22501310408115388,0.8367026050885519,0.04123035917679469,0.41168771584828695,0.016182922571897507,0.21959387560685475,0.21959387560685475,0.0,0.1412303606669108,1.3579620202382405,1.7137134447693825,0.23303066939115524,0.18790099024772644,0.693366140127182,0.023375206626951694,0.09282345697283745,0.7044086754322052,0.14049705862998962,0.3424078884224097,0.5650181497136751,3.97620353361337,0.0,0.616639382806361,0.12978459149599075,0.16049903631210327,0.19805485010147095,0.3157289922237396,0.5160499513149261,0.7343299090862274,0.5360288321971893,0.5040305703878403,0.49667274951934814,0.5356670320034027,0.6087498962879181,0.7089598178863525,1.359988307952881,0.616639382806361
210,1766.1358122825623,1.8296646976843476,0.24476933280626934,0.18951137761274975,0.224138871828715,0.8310359001159668,0.04150840789079666,0.4102785329023997,0.0161548875272274,0.20847334464391074,0.20847334464391074,0.0,0.14150840938091278,1.1872187733650208,1.724163644015789,0.23012951016426086,0.1874348372220993,0.7001583576202393,0.02335549145936966,0.09264541417360306,0.7092700302600861,0.140596404671669,0.3284654753903548,0.5622392992178599,3.8730420687690614,0.0,0.5957091721254139,0.1296771913766861,0.159307561814785,0.19422511756420135,0.31004658341407776,0.5022452175617218,0.6752911806106567,0.5203651636838913,0.4898627996444702,0.48645593225955963,0.5306932926177979,0.610100507736206,0.7359580993652344,1.2773524522781372,0.5957091721254139
211,1774.6506581306458,1.8654422497027554,0.24520501693089802,0.1894262323776881,0.22442131936550141,0.829952863852183,0.041700790822505954,0.4096377929051717,0.016176087393735845,0.2455531617005666,0.2455531617005666,0.0,0.14170079231262206,1.2889655907948812,1.7208138443529606,0.2504662349820137,0.1896764561533928,0.6877546906471252,0.023095897398889065,0.09224241599440575,0.7017026245594025,0.14077572524547577,0.320725928992033,0.567224125067393,3.3974123883246468,0.0,0.5071218518605125,0.13940147310495377,0.16433998942375183,0.19418618083000183,0.2930530607700348,0.473604291677475,0.6597705781459808,0.4956187605857849,0.4962087869644165,0.5118700563907623,0.5498293042182922,0.6129624545574188,0.7368553876876831,1.3320827662944794,0.5071218518605125
212,1783.1175241470337,1.858269022568129,0.24792450070381164,0.19004289507865907,0.22393872141838073,0.827326234181722,0.041955455640951794,0.4075771232446035,0.01616186931108435,0.24070982734362284,0.24070982734362284,0.0,0.1419554571310679,1.4256025473276774,1.7444034814834595,0.2321091741323471,0.18818429112434387,0.7091010808944702,0.023391143418848515,0.09259755536913872,0.7126558125019073,0.14101458340883255,0.3124094145993392,0.5737308586637179,3.548903100934087,0.0,0.5328163628882914,0.13321974128484726,0.16080687940120697,0.19113199412822723,0.286911278963089,0.4727839529514313,0.6296026408672333,0.5242884308099747,0.507083535194397,0.5105754137039185,0.5638824105262756,0.6208675801753998,0.7156877815723419,1.5094616770744325,0.5328163628882914
213,1791.888256072998,1.8286294706592647,0.24415626724561054,0.18892292479674022,0.2253142942984899,0.8309971213340759,0.04220513254404068,0.4075406531492869,0.016140306337426105,0.2133768359820048,0.2133768359820048,0.0,0.1422051340341568,1.4150993903477986,1.6995833329856396,0.23074594140052795,0.1861114725470543,0.6878908276557922,0.02337146084755659,0.09245610982179642,0.7023828029632568,0.14115647226572037,0.3231874716778596,0.5681065941850344,3.801002597106868,0.0,0.5812694446360782,0.12983042001724243,0.16197361052036285,0.2004343643784523,0.31607919931411743,0.493485763669014,0.6373214721679688,0.5204886794090271,0.4956371635198593,0.4945774972438812,0.5510855913162231,0.6113283336162567,0.7355223000049591,1.4599607825279235,0.5812694446360782
214,1800.4680902957916,1.8339385867933742,0.24496110479036967,0.18843013048171997,0.2245280921459198,0.8260598182678223,0.0424118901292483,0.4079098880290985,0.016145805610964695,0.21983210345109302,0.21983210345109302,0.0,0.14241189161936443,1.294380537668864,1.7178000546991825,0.23912817239761353,0.18814832717180252,0.6922988593578339,0.023443815298378468,0.09258275106549263,0.7045105695724487,0.14160946756601334,0.30869075531760853,0.5543131654461225,3.7272569964659867,0.0,0.5660240123196272,0.1267605870962143,0.1544744074344635,0.18365151435136795,0.2837015837430954,0.4724692851305008,0.6310871541500092,0.49210359156131744,0.4797079265117645,0.4861258566379547,0.5334098637104034,0.6073342561721802,0.7271974980831146,1.2691941261291504,0.5660240123196272
215,1809.0170991420746,1.8476986675988882,0.24521094262599946,0.18928249875704448,0.22513564825057983,0.8289416193962097,0.04268890768289566,0.4070692698160807,0.016132671665400267,0.2329592098792394,0.2329592098792394,0.0,0.14268890917301177,1.2748779932657877,1.7114769257605076,0.23635175079107285,0.18679674714803696,0.6908634006977081,0.02322324365377426,0.09207172319293022,0.7034294903278351,0.14183401316404343,0.3281146014730136,0.5622295364737511,3.8336080932694125,0.0,0.5877850289475551,0.12973981350660324,0.1622149422764778,0.19787544012069702,0.31172919273376465,0.4973715990781784,0.6697566211223602,0.5202334821224213,0.49790456891059875,0.5038772076368332,0.544398307800293,0.5959860980510712,0.7109775543212891,1.348547238111496,0.5877850289475551
216,1817.5506761074066,1.8230596920708195,0.24643718004226683,0.18928819100062053,0.22402758995691935,0.8251153230667114,0.04284141610066096,0.40917178988456726,0.016129851279159387,0.204834246635437,0.204834246635437,0.0,0.1428414175907771,1.313039251168569,1.7143169566988945,0.23397593200206757,0.18612422049045563,0.6936394572257996,0.023213130421936512,0.09200415015220642,0.7075574100017548,0.14187569916248322,0.3354522002240022,0.5586866363883018,3.7572726951671216,0.0,0.5741738977368946,0.13691822439432144,0.16362237185239792,0.19673413783311844,0.31091171503067017,0.5144391059875488,0.6900876462459564,0.5118048787117004,0.48428212106227875,0.4863850474357605,0.5385793447494507,0.6045560836791992,0.7265123426914215,1.3932985305786132,0.5741738977368946
217,1826.035166978836,1.8239797487622127,0.24374421934286752,0.18828285237153372,0.22523729701836903,0.8309344371159871,0.043101233740647636,0.40964771509170533,0.01613452974706888,0.20483692189057667,0.20483692189057667,0.0,0.14310123523076376,1.5047561605771382,1.7211605980992317,0.23581870645284653,0.18747016787528992,0.6958034038543701,0.02323978114873171,0.09197419881820679,0.7068071365356445,0.14212285727262497,0.32266995559136075,0.559092511733373,3.7464560709724384,0.0,0.570571276663962,0.13066212832927704,0.15724991261959076,0.1914599984884262,0.3024952709674835,0.4895199239253998,0.6646324992179871,0.5169392824172974,0.47558943927288055,0.48536063730716705,0.5459422469139099,0.6200056374073029,0.7107178270816803,1.598215365409851,0.570571276663962
218,1834.616574048996,1.825038790415662,0.2460968613624573,0.18877483010292054,0.22492911219596862,0.822263777256012,0.043322321275870004,0.40913106004397076,0.016134855709969996,0.20858619809150697,0.20858619809150697,0.0,0.14332232276598614,1.4591876824696859,1.7128936983644962,0.22938485443592072,0.18578950315713882,0.695307046175003,0.023270653560757637,0.09201708808541298,0.7073581218719482,0.14239740371704102,0.32328933104872704,0.5665397271513939,3.558883869443675,0.0,0.5355557217607156,0.135588176548481,0.1655992791056633,0.2002815529704094,0.3102591186761856,0.48254257440567017,0.6454652845859528,0.5291032642126083,0.507267951965332,0.5089969336986542,0.5480172336101532,0.5963135361671448,0.7095394432544708,1.4323124289512634,0.5355557217607156
219,1843.2183012962341,1.8296879064951403,0.2402486652135849,0.188026096423467,0.2269908626874288,0.8427603721618653,0.04358539332946142,0.40876380999883016,0.016133024357259274,0.20960664351781208,0.20960664351781208,0.0,0.14358539481957752,1.6104910691579184,1.71827108040452,0.24456259608268738,0.1876419261097908,0.6899437606334686,0.023080824874341488,0.09174240007996559,0.7055813074111938,0.14247308671474457,0.32547468195358914,0.5683388511339823,3.4947932859004545,0.0,0.5244878301265915,0.13811089843511581,0.1674984097480774,0.19941367954015732,0.3057994395494461,0.48266904056072235,0.6593566238880157,0.5299249142408371,0.4952068030834198,0.4949287921190262,0.5457939207553864,0.6215750873088837,0.7226035892963409,1.7401651620864869,0.5244878301265915
220,1851.7185490131378,1.8327123862225563,0.2460596352815628,0.1885740081469218,0.22481036086877187,0.8223498304684956,0.04382877498865127,0.4092102567354838,0.016116665862500667,0.21595739821592966,0.21595739821592966,0.0,0.1438287764787674,1.5886570493380228,1.732957597821951,0.23317769914865494,0.18807557970285416,0.7028710544109344,0.023218920454382896,0.09188978374004364,0.7095625102519989,0.14262062311172485,0.3310186055799325,0.5698188344637553,3.8614266272244038,0.0,0.5936126293005586,0.13139521330595016,0.1612018570303917,0.19585756212472916,0.30964142084121704,0.5073729753494263,0.6806426048278809,0.5276920646429062,0.504392147064209,0.5081969648599625,0.5484155416488647,0.6026368141174316,0.7275794744491577,1.5839503467082978,0.5936126293005586
221,1860.3361101150513,1.8311329008817363,0.24334797064463298,0.18842537999153136,0.22498118778069814,0.8230175892512004,0.04409884760777156,0.40930563807487486,0.016110659235467513,0.21648802359898886,0.21648802359898886,0.0,0.14409884909788767,1.1873217145601909,1.7015847936272621,0.2304997369647026,0.1850658357143402,0.6892760694026947,0.023267699405550957,0.09184865280985832,0.7034508585929871,0.14283447712659836,0.33949146916468936,0.5512431561946869,3.9701876925607085,0.0,0.6154468763321411,0.13020137697458267,0.15549954771995544,0.1930226907134056,0.3167126029729843,0.5169239044189453,0.7245886921882629,0.5020392537117004,0.4822515547275543,0.49170780181884766,0.5353560447692871,0.6058821380138397,0.6902221441268921,1.1155657351016999,0.6154468763321411
222,1868.900556087494,1.8231881329983783,0.2447616736094157,0.18883356352647146,0.22507224281628926,0.8173876404762268,0.044253579278786974,0.40950793226559956,0.01610971735790372,0.20924952129522958,0.20924952129522958,0.0,0.1442535807689031,1.2137368400891622,1.7211435921490192,0.23981070518493652,0.18644807487726212,0.6940544247627258,0.023237123154103756,0.09173183143138885,0.7078069150447845,0.14314953237771988,0.3160889769593875,0.5722511659065882,3.661504991228463,0.0,0.554391265547311,0.132753387093544,0.156561940908432,0.18417632579803467,0.29326295852661133,0.4860771894454956,0.6437020599842072,0.5353799164295197,0.4945562481880188,0.49678295850753784,0.5485026240348816,0.6210512220859528,0.7372340261936188,1.09396995306015,0.554391265547311
223,1877.466812133789,1.8199411208741367,0.2434788058201472,0.18788186311721802,0.2254076898097992,0.819394846757253,0.044558866322040556,0.40781463583310446,0.0161091781531771,0.20995810131231943,0.20995810131231943,0.0,0.14455886781215668,1.163843329747518,1.693483553826809,0.2345445454120636,0.18591593205928802,0.6829905211925507,0.02319604717195034,0.09166334569454193,0.7002873718738556,0.14337623119354248,0.3237815548976262,0.5782450214028358,3.7007959762390903,0.0,0.5623654698367407,0.13393473625183105,0.16136885434389114,0.19199386984109879,0.30953188240528107,0.49566513299942017,0.6501948535442352,0.5253105461597443,0.49068690836429596,0.49974340200424194,0.5628203749656677,0.6295476257801056,0.7613612711429596,1.1887015998363495,0.5623654698367407
224,1885.918121099472,1.8340655307518319,0.24386421839396158,0.1881097356478373,0.22564886510372162,0.8236421664555867,0.04479486793279648,0.4112587074438731,0.016115088822940986,0.21442835827668508,0.21442835827668508,0.0,0.1447948694229126,1.2362454970677694,1.7163500003516674,0.23174480348825455,0.18543005734682083,0.6959450840950012,0.023386817425489426,0.0918729230761528,0.7062971293926239,0.14385294169187546,0.3222130748132865,0.5708657205104828,3.5756820270972827,0.0,0.5383037016334682,0.1342960223555565,0.16311421245336533,0.1951289400458336,0.2967912554740906,0.4801998734474182,0.6637481451034546,0.5114062428474426,0.4848158061504364,0.4914444386959076,0.5539053380489349,0.6343273222446442,0.749295175075531,1.2510448157787324,0.5383037016334682
225,1894.4330110549927,1.8234346223762259,0.2442870487769445,0.18776729702949524,0.2251566598812739,0.8168468395868937,0.04503683696190516,0.40976176857948304,0.016100593376904726,0.2098678062359492,0.2098678062359492,0.0,0.14503683845202128,1.232713810602824,1.71261640265584,0.23247875273227692,0.1863926723599434,0.6934706568717957,0.023248269222676754,0.09156429022550583,0.7083507478237152,0.1438135877251625,0.3265641046067079,0.5728076547384262,3.8276902311332073,0.0,0.5866045426002143,0.1297842636704445,0.16333302110433578,0.20121433585882187,0.31552954018116,0.49677395820617676,0.6527495086193085,0.530005693435669,0.5073312520980835,0.5071770548820496,0.5404235124588013,0.6115454435348511,0.7403629720211029,1.1834492206573486,0.5866045426002143
226,1902.9650750160217,1.8190399797361654,0.2434113323688507,0.18752536475658416,0.22594858308633167,0.8212602694829305,0.045225204527378084,0.40932915806770326,0.01609405567869544,0.20495595335960387,0.20495595335960387,0.0,0.1452252060174942,1.3905104676882425,1.72060052677989,0.2400195077061653,0.185794897377491,0.6938417851924896,0.02333033550530672,0.09162810444831848,0.7069107294082642,0.14405151456594467,0.32178602864344913,0.5656595279773077,3.5304676914274973,0.0,0.5296838078345176,0.13428910076618195,0.16480660438537598,0.19995397329330444,0.30237510800361633,0.47410333156585693,0.6551880538463593,0.5097299516201019,0.5049322098493576,0.5046976059675217,0.5470346212387085,0.6114065945148468,0.7161561846733093,1.491123217344284,0.5296838078345176
227,1911.4478251934052,1.8167521280158931,0.24352541665236155,0.18704800705115002,0.2254367381334305,0.8161984244982402,0.045504555602868396,0.4090478718280792,0.01608900955567757,0.20579844017823537,0.20579844017823537,0.0,0.14550455709298452,1.431304407119751,1.7078278847038746,0.2271203175187111,0.18411632627248764,0.6943247020244598,0.023204868659377098,0.09137221053242683,0.7063993811607361,0.14418207108974457,0.3227970115840435,0.5467853744824728,3.5178209951161206,0.0,0.5278356422369114,0.13573388755321503,0.16430114954710007,0.19820095598697662,0.30340588092803955,0.4774875193834305,0.6576526761054993,0.4987846910953522,0.46618542075157166,0.4692361056804657,0.5204439461231232,0.6091985702514648,0.7168635129928589,1.3300880908966064,0.5278356422369114
228,1919.9507231712341,1.8173743225905734,0.24255299468835195,0.18699248631795248,0.22591069142023723,0.8203824996948242,0.04574766606092453,0.40827557841936746,0.016081768088042736,0.20670552651087443,0.20670552651087443,0.0,0.14574766755104065,1.2846753120422363,1.7149960733950138,0.24062564969062805,0.1864844635128975,0.6905640959739685,0.023150932975113392,0.09116722270846367,0.7042126953601837,0.1443583145737648,0.33402280509471893,0.5726866001884142,3.780287309567545,0.0,0.5784451261567585,0.13602963835000992,0.16802839189767838,0.20445263385772705,0.32343022525310516,0.5142311155796051,0.657964825630188,0.5428932309150696,0.5013467073440552,0.5016853660345078,0.5524962544441223,0.6117955148220062,0.7259025275707245,1.3211888253688813,0.5784451261567585
229,1928.6363022327423,1.821912476583384,0.24236627916495004,0.18671314815680187,0.2256515661875407,0.8142826994260152,0.04603732575972875,0.40871672828992206,0.01608753247807423,0.21361786226431528,0.21361786226431528,0.0,0.14603732724984486,1.1719189643859864,1.7237456552684307,0.23621653020381927,0.18511932343244553,0.6974847316741943,0.02327167335897684,0.09154656901955605,0.7093938589096069,0.1449485570192337,0.3220294800897439,0.574388158818086,3.577257610943818,0.0,0.5391354288500927,0.1358228549361229,0.16246865689754486,0.19758658111095428,0.3086690306663513,0.48587334156036377,0.6417564153671265,0.5003125965595245,0.4902600347995758,0.5013425797224045,0.5513833463191986,0.6441194713115692,0.7589109241962433,1.1486411392688751,0.5391354288500927
