epoch,elapsed_time,total_loss,l_pred,l_multi,l_var,l_vel,l_sparse,l_probe,l_coord,l_corr,l_corr_asymptotic,l_corr_quiescence,spike_rate,grad_norm,val_total_loss,val_l_pred,val_l_multi,val_l_probe,val_l_coord,val_pos_err,val_vel_err,val_spike_rate,val_rollout_mae,val_rollout_vel_mae,val_drift_ratio,val_gate_passed,val_dynamic_score,val_pos_err_h1,val_pos_err_h5,val_pos_err_h10,val_pos_err_h25,val_pos_err_h50,val_pos_err_h100,val_vel_err_h1,val_vel_err_h5,val_vel_err_h10,val_vel_err_h25,val_vel_err_h50,val_vel_err_h100,grad_norm_recent,selection_score,combined_score
1,3.6803829669952393,0.945353627204895,0.0,0.0,0.0,0.0,0.0,0.0,0.0,0.945353627204895,0.945353627204895,0.0,0.12353168378273646,0.0,1.5417342856526375,0.24139299988746643,0.1914282590150833,0.6023135781288147,0.02265029400587082,0.09956173598766327,0.6577403545379639,0.12337663769721985,0.35530008499821025,0.591385709742705,3.948824664597741,0.0,0.6128839461844017,0.14157451689243317,0.16500510275363922,0.21792808920145035,0.3598114550113678,0.5590529441833496,0.6884284019470215,0.46798133850097656,0.5129481106996536,0.5380480289459229,0.5968505442142487,0.6511362493038177,0.7813499867916107,0.0,0.4571765145907799,0.4571765145907799
2,6.86594295501709,0.8571151892344157,0.0,0.0,0.0,0.0,0.0,0.0,0.0,0.8571151892344157,0.8571151892344157,0.0,0.12353168378273646,0.0,1.5513614900410175,0.24139299988746643,0.21068266779184341,0.6023135781288147,0.02265029400587082,0.09956173598766327,0.6577403545379639,0.12337663769721985,0.34233755121628445,0.5989615420500437,3.8240811479854466,0.0,0.5878081920456053,0.13917497545480728,0.16350369155406952,0.21437304466962814,0.3384271264076233,0.5322163999080658,0.6663300693035126,0.46809685230255127,0.4980006664991379,0.5116480737924576,0.5534635186195374,0.6654366254806519,0.8971235156059265,0.0,0.43727697556217515,0.43727697556217515
3,9.781170845031738,0.8293966333071391,0.0,0.0,0.0,0.0,0.0,0.0,0.0,0.8293966333071391,0.8293966333071391,0.0,0.12353168278932572,0.0,1.5513614900410175,0.24139299988746643,0.21068266779184341,0.6023135781288147,0.02265029400587082,0.09956173598766327,0.6577403545379639,0.12337663769721985,0.338069599121809,0.5936749031146368,3.750977427117908,0.0,0.573261258729715,0.1380518302321434,0.1611441895365715,0.2097153142094612,0.3236158937215805,0.5178292989730835,0.6780610680580139,0.4680023640394211,0.4894387573003769,0.49881887435913086,0.5376715958118439,0.6632789075374603,0.9048389196395874,0.0,0.42794944904744625,0.42794944904744625
4,12.664374828338623,0.7415633837381999,0.0,0.0,0.0,0.0,0.0,0.0,0.0,0.7415633837381999,0.7415633837381999,0.0,0.12353168427944183,0.0,1.5513614900410175,0.24139299988746643,0.21068266779184341,0.6023135781288147,0.02265029400587082,0.09956173598766327,0.6577403545379639,0.12337663769721985,0.3295392878353596,0.5828504214684168,3.6665069291955157,0.0,0.5569356140609187,0.13798453658819199,0.16034477949142456,0.20696023106575012,0.32053981721401215,0.505921259522438,0.6454851031303406,0.4678148925304413,0.48499053716659546,0.4900383949279785,0.5248270034790039,0.6402775347232819,0.8891541659832001,0.0,0.4177302736788988,0.4177302736788988
5,15.701318740844727,0.7473200917243957,0.0,0.0,0.0,0.0,0.0,0.0,0.0,0.7473200917243957,0.7473200917243957,0.0,0.12353168378273646,0.0,1.5513614900410175,0.24139299988746643,0.21068266779184341,0.6023135781288147,0.02265029400587082,0.09956173598766327,0.6577403545379639,0.12337663769721985,0.3235074207186699,0.5749219134449959,3.50398237145828,0.0,0.5261525664454436,0.137991264462471,0.1603371948003769,0.20528267323970795,0.31668782234191895,0.48351895809173584,0.6372266113758087,0.46776117384433746,0.48218366503715515,0.4838881492614746,0.5180691778659821,0.6286019086837769,0.8690274059772491,0.0,0.40351318940520287,0.40351318940520287
6,18.699657917022705,0.6994109908739726,0.0,0.0,0.0,0.0,0.0,0.0,0.0,0.6994109908739726,0.6994109908739726,0.0,0.12353168328603109,0.0,1.5513614900410175,0.24139299988746643,0.21068266779184341,0.6023135781288147,0.02265029400587082,0.09956173598766327,0.6577403545379639,0.12337663769721985,0.33514241004983586,0.574840173125267,3.575273714301297,0.0,0.5398653875733859,0.13879349827766418,0.16110122203826904,0.20506560057401657,0.3191952109336853,0.4962247461080551,0.6904741823673248,0.46774300932884216,0.482808917760849,0.48583321273326874,0.5172993689775467,0.6451047658920288,0.8502517640590668,0.0,0.4156835780789455,0.4156835780789455
7,21.592976093292236,0.6998607238133748,0.0,0.0,0.0,0.0,0.0,0.0,0.0,0.6998607238133748,0.6998607238133748,0.0,0.12353168378273646,0.0,1.5513614900410175,0.24139299988746643,0.21068266779184341,0.6023135781288147,0.02265029400587082,0.09956173598766327,0.6577403545379639,0.12337663769721985,0.31304100900888443,0.5676372100909551,3.3482056033576124,0.0,0.4983319543453992,0.13966812938451767,0.16081222891807556,0.20251023024320602,0.306114062666893,0.4676376134157181,0.6015037894248962,0.46769414842128754,0.48317374289035797,0.4836624711751938,0.5131165832281113,0.6288640201091766,0.8293122947216034,0.0,0.39033931121230125,0.39033931121230125
8,24.494378805160522,0.6860135555267334,0.0,0.0,0.0,0.0,0.0,0.0,0.0,0.6860135555267334,0.6860135555267334,0.0,0.12353168328603109,0.0,1.5513614900410175,0.24139299988746643,0.21068266779184341,0.6023135781288147,0.02265029400587082,0.09956173598766327,0.6577403545379639,0.12337663769721985,0.3123009068270524,0.564336434006691,3.3261687929254253,0.0,0.4941133202392859,0.13920775055885315,0.15948718786239624,0.199242003262043,0.30249546468257904,0.4630284756422043,0.6103445589542389,0.4675387293100357,0.4800415337085724,0.4788292944431305,0.5090296417474747,0.6253295242786407,0.8252498805522919,0.0,0.3876646912346283,0.3876646912346283
9,27.38501501083374,0.6874805569648743,0.0,0.0,0.0,0.0,0.0,0.0,0.0,0.6874805569648743,0.6874805569648743,0.0,0.12353168328603109,0.0,1.5513614900410175,0.24139299988746643,0.21068266779184341,0.6023135781288147,0.02265029400587082,0.09956173598766327,0.6577403545379639,0.12337663769721985,0.3189672380685806,0.5703968852758408,3.396243990378175,0.0,0.5067316286219414,0.13904699683189392,0.15844259411096573,0.19717729836702347,0.30174393951892853,0.4722375273704529,0.6451550722122192,0.46744419634342194,0.478092223405838,0.4804883599281311,0.520181342959404,0.6433708071708679,0.8328043818473816,0.0,0.39560238271951675,0.39560238271951675
10,30.319267988204956,0.6646238644917806,0.0,0.0,0.0,0.0,0.0,0.0,0.0,0.6646238644917806,0.6646238644917806,0.0,0.12353168378273646,0.0,1.5513614900410175,0.24139299988746643,0.21068266779184341,0.6023135781288147,0.02265029400587082,0.09956173598766327,0.6577403545379639,0.12337663769721985,0.31633195529381436,0.5594988440473875,3.3445534403526738,0.0,0.4976297073123477,0.13958704471588135,0.1588740050792694,0.19765634834766388,0.30302268266677856,0.46685633063316345,0.6319953203201294,0.4673641175031662,0.4793384224176407,0.4805704653263092,0.5168603211641312,0.6288745403289795,0.7839851975440979,0.0,0.39159414296348893,0.39159414296348893
11,33.20109486579895,0.6270365516344706,0.0,0.0,0.0,0.0,0.0,0.0,0.0,0.6270365516344706,0.6270365516344706,0.0,0.12353168278932572,0.0,1.5513614900410175,0.24139299988746643,0.21068266779184341,0.6023135781288147,0.02265029400587082,0.09956173598766327,0.6577403545379639,0.12337663769721985,0.3200756770869096,0.5551350365082423,3.3614493366440588,0.0,0.5004613264055373,0.1391640529036522,0.15833424031734467,0.1961548626422882,0.2997928708791733,0.46779291331768036,0.659215122461319,0.46729591488838196,0.4789222776889801,0.4805935323238373,0.5185220241546631,0.6290301084518433,0.756446361541748,0.0,0.39393429520229495,0.39393429520229495
12,36.09888672828674,0.6317998131116231,0.0,0.0,0.0,0.0,0.0,0.0,0.0,0.6317998131116231,0.6317998131116231,0.0,0.12353168328603109,0.0,1.5513614900410175,0.24139299988746643,0.21068266779184341,0.6023135781288147,0.02265029400587082,0.09956173598766327,0.6577403545379639,0.12337663769721985,0.31728625545899075,0.5472721507151922,3.3487418706079297,0.0,0.49831433817352566,0.13945335894823074,0.15774471312761307,0.19398681819438934,0.29689647257328033,0.4669933021068573,0.6486428678035736,0.46724358201026917,0.47601570188999176,0.47584299743175507,0.5112660527229309,0.6150884628295898,0.7381761074066162,0.0,0.39213977878292405,0.39213977878292405
13,38.9989128112793,0.6699886163075764,0.0,0.0,0.0,0.0,0.0,0.0,0.0,0.6699886163075764,0.6699886163075764,0.0,0.1235316847761472,0.0,1.5513614900410175,0.24139299988746643,0.21068266779184341,0.6023135781288147,0.02265029400587082,0.09956173598766327,0.6577403545379639,0.12337663769721985,0.31347815444072086,0.5471033429106077,3.274290064667748,0.0,0.4847771410948488,0.13911422342061996,0.15792952477931976,0.1947917863726616,0.2959217131137848,0.4555003196001053,0.6376113593578339,0.46717315912246704,0.47768206894397736,0.47617340087890625,0.5046415328979492,0.6008681356906891,0.756081759929657,0.0,0.38448923702041304,0.38448923702041304
14,41.88535690307617,0.6498652259508769,0.0,0.0,0.0,0.0,0.0,0.0,0.0,0.6498652259508769,0.6498652259508769,0.0,0.12353168378273646,0.0,1.5513614900410175,0.24139299988746643,0.21068266779184341,0.6023135781288147,0.02265029400587082,0.09956173598766327,0.6577403545379639,0.12337663769721985,0.3130853859086831,0.5501491526762644,3.3125023039171695,0.0,0.4913532763132713,0.13865239918231964,0.1571204960346222,0.1937282308936119,0.2954644113779068,0.4592863917350769,0.6342603862285614,0.4670749753713608,0.4765850007534027,0.476446270942688,0.5123930126428604,0.6078735291957855,0.7605221271514893,0.0,0.38618588882188,0.38618588882188
15,44.747835874557495,0.6913646499315897,0.0,0.0,0.0,0.0,0.0,0.0,0.0,0.6913646499315897,0.6913646499315897,0.0,0.1235316847761472,0.0,1.5513614900410175,0.24139299988746643,0.21068266779184341,0.6023135781288147,0.02265029400587082,0.09956173598766327,0.6577403545379639,0.12337663769721985,0.31588313976923627,0.5484046613176664,3.3048221097164956,0.0,0.49002909687314034,0.1387525498867035,0.1570144221186638,0.1926773265004158,0.29483507573604584,0.4585524946451187,0.6534669697284698,0.46699513494968414,0.4765952378511429,0.4768955707550049,0.5108139365911484,0.5958097577095032,0.7633183300495148,0.0,0.3872178172071775,0.3872178172071775
16,47.64994502067566,0.6590186099211375,0.0,0.0,0.0,0.0,0.0,0.0,0.0,0.6590186099211375,0.6590186099211375,0.0,0.12353168278932572,0.0,1.5513614900410175,0.24139299988746643,0.21068266779184341,0.6023135781288147,0.02265029400587082,0.09956173598766327,0.6577403545379639,0.12337663769721985,0.3120661949117978,0.5387972046931585,3.3098594053613386,0.0,0.4911339091491625,0.1391170769929886,0.15787969529628754,0.1940784901380539,0.29809536039829254,0.4604579657316208,0.6227685809135437,0.4669869542121887,0.4770071357488632,0.47805623710155487,0.5124749541282654,0.5802775919437408,0.7179803550243378,0.0,0.3862620803217093,0.3862620803217093
17,50.61865186691284,0.7144849936167399,0.0,0.0,0.0,0.0,0.0,0.0,0.0,0.7144849936167399,0.7144849936167399,0.0,0.12353168527285258,0.0,1.5513614900410175,0.24139299988746643,0.21068266779184341,0.6023135781288147,0.02265029400587082,0.09956173598766327,0.6577403545379639,0.12337663769721985,0.3199036754667759,0.5390378211935362,3.4271947595010093,0.0,0.5125903040507362,0.13944339007139206,0.15748045593500137,0.1932997778058052,0.30207541584968567,0.4778996556997299,0.6492233574390411,0.4669361859560013,0.4774848222732544,0.4775267541408539,0.5114848911762238,0.5846368074417114,0.716157466173172,0.0,0.3989016655832529,0.3989016655832529
18,53.67497277259827,0.6461661736170451,0.0,0.0,0.0,0.0,0.0,0.0,0.0,0.6461661736170451,0.6461661736170451,0.0,0.1235316847761472,0.0,1.5513614900410175,0.24139299988746643,0.21068266779184341,0.6023135781288147,0.02265029400587082,0.09956173598766327,0.6577403545379639,0.12337663769721985,0.31705956533551216,0.5396024982134501,3.3546136242436906,0.0,0.49954992770520085,0.1397828385233879,0.15778587013483047,0.19380366057157516,0.3004230409860611,0.4689174145460129,0.6416445672512054,0.4668487310409546,0.47468093037605286,0.4731552451848984,0.510049894452095,0.5877346694469452,0.7251455187797546,0.0,0.3929884899407625,0.3929884899407625
19,56.51318597793579,0.6296096324920655,0.0,0.0,0.0,0.0,0.0,0.0,0.0,0.6296096324920655,0.6296096324920655,0.0,0.12353168378273646,0.0,1.5513614900410175,0.24139299988746643,0.21068266779184341,0.6023135781288147,0.02265029400587082,0.09956173598766327,0.6577403545379639,0.12337663769721985,0.3181056206425031,0.5408050194382668,3.3835368245629183,0.0,0.5046652407068692,0.13954056054353714,0.15769290179014206,0.19295638799667358,0.2974178194999695,0.4721406251192093,0.6488854289054871,0.4668489396572113,0.47190217673778534,0.469977930188179,0.50998954474926,0.5953604876995087,0.7307510375976562,0.0,0.39512312288085616,0.39512312288085616
20,59.351771116256714,0.6206003546714782,0.0,0.0,0.0,0.0,0.0,0.0,0.0,0.6206003546714782,0.6206003546714782,0.0,0.12353168527285258,0.0,1.5513614900410175,0.24139299988746643,0.21068266779184341,0.6023135781288147,0.02265029400587082,0.09956173598766327,0.6577403545379639,0.12337663769721985,0.31472213690479595,0.5426467582583427,3.3372813183998957,0.0,0.4961007266072472,0.1391811966896057,0.15840721130371094,0.19490017741918564,0.2969382554292679,0.4644868075847626,0.634419173002243,0.466912180185318,0.4736703932285309,0.4699580818414688,0.5034283697605133,0.5754366219043732,0.7664749026298523,0.0,0.38960447224477923,0.38960447224477923
21,62.23111009597778,0.6697009603182474,0.0,0.0,0.0,0.0,0.0,0.0,0.0,0.6697009603182474,0.6697009603182474,0.0,0.12353168328603109,0.0,1.5513614900410175,0.24139299988746643,0.21068266779184341,0.6023135781288147,0.02265029400587082,0.09956173598766327,0.6577403545379639,0.12337663769721985,0.31972503413756687,0.5434509565432867,3.40285919794098,0.0,0.5083915456974242,0.13995229452848434,0.15819808095693588,0.1940724402666092,0.29954318702220917,0.476237952709198,0.6503462493419647,0.4668988138437271,0.47280243039131165,0.46826066076755524,0.5073433220386505,0.6048080623149872,0.7405924499034882,0.0,0.3979814934233824,0.3979814934233824
22,65.13037586212158,0.6339536269505819,0.0,0.0,0.0,0.0,0.0,0.0,0.0,0.6339536269505819,0.6339536269505819,0.0,0.12353168427944183,0.0,1.5513614900410175,0.24139299988746643,0.21068266779184341,0.6023135781288147,0.02265029400587082,0.09956173598766327,0.6577403545379639,0.12337663769721985,0.3125023419658343,0.5456578930219015,3.2660647372664724,0.0,0.48366038090968166,0.13970693200826645,0.15873843431472778,0.1957981213927269,0.2971472144126892,0.45629188418388367,0.6273314654827118,0.46691375970840454,0.4743957221508026,0.4698726534843445,0.5087739825248718,0.5791691839694977,0.7748220562934875,0.0,0.384397113074859,0.384397113074859
23,68.02403974533081,0.6333126107851664,0.0,0.0,0.0,0.0,0.0,0.0,0.0,0.6333126107851664,0.6333126107851664,0.0,0.1235316847761472,0.0,1.5513614900410175,0.24139299988746643,0.21068266779184341,0.6023135781288147,0.02265029400587082,0.09956173598766327,0.6577403545379639,0.12337663769721985,0.3207653673986594,0.5384690364201864,3.3981149473973447,0.0,0.5074529736206755,0.1398053541779518,0.15809664130210876,0.1937887817621231,0.29853585362434387,0.4750746637582779,0.6592909097671509,0.4668372720479965,0.4738050699234009,0.46711137890815735,0.5027815848588943,0.5833015143871307,0.7369773983955383,0.0,0.3979200155784687,0.3979200155784687
24,70.84434390068054,0.6166283885637919,0.0,0.0,0.0,0.0,0.0,0.0,0.0,0.6166283885637919,0.6166283885637919,0.0,0.12353168378273646,0.0,1.5513614900410175,0.24139299988746643,0.21068266779184341,0.6023135781288147,0.02265029400587082,0.09956173598766327,0.6577403545379639,0.12337663769721985,0.31916189442078274,0.5387449041008949,3.3825230796172714,0.0,0.5044844153399093,0.13954736292362213,0.15837353467941284,0.19507946074008942,0.30036814510822296,0.4720221757888794,0.6495806872844696,0.4667798578739166,0.4749452620744705,0.4678378999233246,0.5064211785793304,0.580075204372406,0.7364100217819214,0.0,0.3955920351048311,0.3955920351048311
25,73.65658283233643,0.6181812127431233,0.0,0.0,0.0,0.0,0.0,0.0,0.0,0.6181812127431233,0.6181812127431233,0.0,0.12353168378273646,0.0,1.5513614900410175,0.24139299988746643,0.21068266779184341,0.6023135781288147,0.02265029400587082,0.09956173598766327,0.6577403545379639,0.12337663769721985,0.3299938129882018,0.5385742286841074,3.5605587867250907,0.0,0.5374713707728039,0.13973557204008102,0.15810370445251465,0.19422568380832672,0.3054492324590683,0.49753671884536743,0.6849119663238525,0.46670542657375336,0.4754747599363327,0.4700542390346527,0.5095759034156799,0.5889562368392944,0.7206788063049316,0.0,0.41376526591678464,0.41376526591678464
26,76.47484993934631,0.6703300078709921,0.0,0.0,0.0,0.0,0.0,0.0,0.0,0.6703300078709921,0.6703300078709921,0.0,0.12353168427944183,0.0,1.5513614900410175,0.24139299988746643,0.21068266779184341,0.6023135781288147,0.02265029400587082,0.09956173598766327,0.6577403545379639,0.12337663769721985,0.32844119891524315,0.5532680749893188,3.5862599133400814,0.0,0.5417173660044527,0.13820642232894897,0.15812595188617706,0.1973676010966301,0.3103986084461212,0.49564415216445923,0.6709044575691223,0.4666384607553482,0.4742410480976105,0.4685315042734146,0.5194925963878632,0.6126575171947479,0.7780473232269287,0.0,0.4120426755398512,0.4120426755398512
27,79.26017594337463,0.6575954397519429,0.0,0.0,0.0,0.0,0.0,0.0,0.0,0.6575954397519429,0.6575954397519429,0.0,0.12353168378273646,0.0,1.5513614900410175,0.24139299988746643,0.21068266779184341,0.6023135781288147,0.02265029400587082,0.09956173598766327,0.6577403545379639,0.12337663769721985,0.32285795112450916,0.5354733566443125,3.452108314253304,0.0,0.5170468983282587,0.13917751610279083,0.1574956700205803,0.19223602861166,0.2965848594903946,0.4804558604955673,0.671197772026062,0.4666227847337723,0.47195860743522644,0.46480153501033783,0.512133002281189,0.5898186266422272,0.7075055837631226,0.0,0.4016569058100382,0.4016569058100382
28,82.03104186058044,0.6213229417800903,0.0,0.0,0.0,0.0,0.0,0.0,0.0,0.6213229417800903,0.6213229417800903,0.0,0.12353168427944183,0.0,1.5513614900410175,0.24139299988746643,0.21068266779184341,0.6023135781288147,0.02265029400587082,0.09956173598766327,0.6577403545379639,0.12337663769721985,0.3137243663271268,0.5278840661048889,3.3242744593126905,0.0,0.4938598377361741,0.13936784863471985,0.158771350979805,0.1945572942495346,0.29553158581256866,0.4632969796657562,0.6308211386203766,0.4666402339935303,0.4718824476003647,0.46298493444919586,0.50429368019104,0.5600304305553436,0.701472669839859,0.0,0.3885106729964415,0.3885106729964415
29,84.80168080329895,0.6227940360705058,0.0,0.0,0.0,0.0,0.0,0.0,0.0,0.6227940360705058,0.6227940360705058,0.0,0.12353168427944183,0.0,1.5513614900410175,0.24139299988746643,0.21068266779184341,0.6023135781288147,0.02265029400587082,0.09956173598766327,0.6577403545379639,0.12337663769721985,0.3239527978003025,0.5318726822733879,3.4696396304576225,0.0,0.5210348559489909,0.14079438149929047,0.15907198190689087,0.1944207325577736,0.30311377346515656,0.4885057657957077,0.6578101515769958,0.46663518249988556,0.4748235195875168,0.4683074802160263,0.5099311769008636,0.5826360583305359,0.6889026761054993,0.0,0.4062292817980051,0.4062292817980051
30,87.5737566947937,0.6251293738683065,0.0,0.0,0.0,0.0,0.0,0.0,0.0,0.6251293738683065,0.6251293738683065,0.0,0.12353168328603109,0.0,1.5513614900410175,0.24139299988746643,0.21068266779184341,0.6023135781288147,0.02265029400587082,0.09956173598766327,0.6577403545379639,0.12337663769721985,0.3168751560151577,0.5357553487022718,3.338507025012532,0.0,0.49677791368704943,0.14002665132284164,0.1582443043589592,0.193411223590374,0.29770173132419586,0.46747995913028717,0.6443870663642883,0.4665052890777588,0.47264036536216736,0.4657287150621414,0.5143788456916809,0.5778365135192871,0.7174423635005951,0.0,0.39217755757272243,0.39217755757272243
31,90.36274695396423,0.6045582016309102,0.0,0.0,0.0,0.0,0.0,0.0,0.0,0.6045582016309102,0.6045582016309102,0.0,0.12353168378273646,0.0,1.5513614900410175,0.24139299988746643,0.21068266779184341,0.6023135781288147,0.02265029400587082,0.09956173598766327,0.6577403545379639,0.12337663769721985,0.3225589332481225,0.5336962069074312,3.413066740807472,0.0,0.510114415796287,0.13967090845108032,0.15908116847276688,0.1954224705696106,0.3010478913784027,0.4767061322927475,0.6634250283241272,0.46653546392917633,0.4712352603673935,0.46260370314121246,0.5026348829269409,0.5671412944793701,0.7320266366004944,0.0,0.399632532770435,0.399632532770435
32,93.20985889434814,0.6155463258425394,0.0,0.0,0.0,0.0,0.0,0.0,0.0,0.6155463258425394,0.6155463258425394,0.0,0.12353168378273646,0.0,1.5513614900410175,0.24139299988746643,0.21068266779184341,0.6023135781288147,0.02265029400587082,0.09956173598766327,0.6577403545379639,0.12337663769721985,0.31902335584163666,0.5335470388333002,3.3513596173706985,0.0,0.49927576346584246,0.1403670683503151,0.15937961637973785,0.1951635703444481,0.3011276125907898,0.4704205244779587,0.6476817429065704,0.46659429371356964,0.4739874005317688,0.4670340567827225,0.5088157057762146,0.5688644051551819,0.7159863710403442,0.0,0.39472194015979767,0.39472194015979767
33,95.99797892570496,0.6349944313367207,0.0,0.0,0.0,0.0,0.0,0.0,0.0,0.6349944313367207,0.6349944313367207,0.0,0.12353168378273646,0.0,1.5513614900410175,0.24139299988746643,0.21068266779184341,0.6023135781288147,0.02265029400587082,0.09956173598766327,0.6577403545379639,0.12337663769721985,0.3181690163910389,0.5352284262577692,3.2794368256681845,0.0,0.4863577702579164,0.14026357233524323,0.15953778475522995,0.1964827924966812,0.3001396656036377,0.45998552441596985,0.6526047587394714,0.46655288338661194,0.4748959392309189,0.4679359793663025,0.5084041506052017,0.5765025019645691,0.7170791029930115,0.0,0.38907727040350437,0.38907727040350437
34,98.77797484397888,0.5802000721295675,0.0,0.0,0.0,0.0,0.0,0.0,0.0,0.5802000721295675,0.5802000721295675,0.0,0.12353168378273646,0.0,1.5513614900410175,0.24139299988746643,0.21068266779184341,0.6023135781288147,0.02265029400587082,0.09956173598766327,0.6577403545379639,0.12337663769721985,0.32043751577536267,0.5302317142486572,3.4047748724801785,0.0,0.5084428935560538,0.13935532420873642,0.15806876868009567,0.19387061893939972,0.29995957016944885,0.4744735062122345,0.6568973064422607,0.466518834233284,0.4717361181974411,0.46362487971782684,0.4971211105585098,0.5606443583965302,0.7217449843883514,0.0,0.3974555109937986,0.3974555109937986
35,101.5914659500122,0.6467564344406128,0.0,0.0,0.0,0.0,0.0,0.0,0.0,0.6467564344406128,0.6467564344406128,0.0,0.12353168378273646,0.0,1.5513614900410175,0.24139299988746643,0.21068266779184341,0.6023135781288147,0.02265029400587082,0.09956173598766327,0.6577403545379639,0.12337663769721985,0.3156668581068516,0.5308877751231194,3.293871386768089,0.0,0.4884572550100597,0.13944661617279053,0.1583336964249611,0.19448156654834747,0.2977523058652878,0.45931921899318695,0.6446677446365356,0.466485396027565,0.4732915461063385,0.4660588949918747,0.5098443776369095,0.5686631202697754,0.700983315706253,0.0,0.38749303855001926,0.38749303855001926
36,104.44931292533875,0.6061712682247162,0.0,0.0,0.0,0.0,0.0,0.0,0.0,0.6061712682247162,0.6061712682247162,0.0,0.12353168328603109,0.0,1.5513614900410175,0.24139299988746643,0.21068266779184341,0.6023135781288147,0.02265029400587082,0.09956173598766327,0.6577403545379639,0.12337663769721985,0.3163006516794364,0.5328102534015974,3.3137024167039244,0.0,0.4918680071249304,0.13919802755117416,0.15735266357660294,0.19205505400896072,0.29470737278461456,0.4612608402967453,0.6532299518585205,0.4664158970117569,0.47397884726524353,0.46717043220996857,0.5101286321878433,0.5743465423583984,0.7048211693763733,0.0,0.38878074598809087,0.38878074598809087
37,107.30310893058777,0.5984867533047994,0.0,0.0,0.0,0.0,0.0,0.0,0.0,0.5984867533047994,0.5984867533047994,0.0,0.12353168378273646,0.0,1.5513614900410175,0.24139299988746643,0.21068266779184341,0.6023135781288147,0.02265029400587082,0.09956173598766327,0.6577403545379639,0.12337663769721985,0.3106178492307663,0.5271265531579653,3.280443156302048,0.0,0.48567358204951167,0.1387639343738556,0.15666451305150986,0.19108807295560837,0.2926780730485916,0.4552071988582611,0.6293053030967712,0.46633026003837585,0.4717089831829071,0.4641159027814865,0.5053483843803406,0.5679459869861603,0.6873098015785217,0.0,0.3829125240445137,0.3829125240445137
38,110.18768978118896,0.6539904932181041,0.0,0.0,0.0,0.0,0.0,0.0,0.0,0.6539904932181041,0.6539904932181041,0.0,0.1235316847761472,0.0,1.5513614900410175,0.24139299988746643,0.21068266779184341,0.6023135781288147,0.02265029400587082,0.09956173598766327,0.6577403545379639,0.12337663769721985,0.31541023403406143,0.5318046485384306,3.3627044380708813,0.0,0.5008238848380979,0.1394231840968132,0.1583700329065323,0.1942906156182289,0.30027326941490173,0.46883895993232727,0.6312653422355652,0.4663195163011551,0.47168293595314026,0.46203936636447906,0.505288228392601,0.5824591815471649,0.7030386626720428,0.0,0.39212459698319435,0.39212459698319435
39,113.03275299072266,0.6503100236256917,0.0,0.0,0.0,0.0,0.0,0.0,0.0,0.6503100236256917,0.6503100236256917,0.0,0.12353168378273646,0.0,1.5513614900410175,0.24139299988746643,0.21068266779184341,0.6023135781288147,0.02265029400587082,0.09956173598766327,0.6577403545379639,0.12337663769721985,0.3165368748207887,0.5269644260406494,3.3423942335076426,0.0,0.4972734136309549,0.13964860141277313,0.1583491414785385,0.1937204822897911,0.29673537611961365,0.46676068007946014,0.6440069675445557,0.4662758558988571,0.47186797857284546,0.4615486264228821,0.4998897463083267,0.5611715912818909,0.7010327577590942,0.0,0.3916487774501244,0.3916487774501244
40,115.89946699142456,0.6079070925712585,0.0,0.0,0.0,0.0,0.0,0.0,0.0,0.6079070925712585,0.6079070925712585,0.0,0.1235316847761472,0.0,1.5513614900410175,0.24139299988746643,0.21068266779184341,0.6023135781288147,0.02265029400587082,0.09956173598766327,0.6577403545379639,0.12337663769721985,0.3195378705859184,0.5311525588234266,3.42559590864823,0.0,0.5120460171174899,0.1389218047261238,0.15767943859100342,0.19336185604333878,0.29667262732982635,0.4758899658918381,0.6547015309333801,0.46622978150844574,0.472104012966156,0.4630870670080185,0.5019933432340622,0.5646671056747437,0.7188340425491333,0.0,0.39771391823887825,0.39771391823887825
41,118.73297882080078,0.605645485719045,0.0,0.0,0.0,0.0,0.0,0.0,0.0,0.605645485719045,0.605645485719045,0.0,0.12353168328603109,0.0,1.5513614900410175,0.24139299988746643,0.21068266779184341,0.6023135781288147,0.02265029400587082,0.09956173598766327,0.6577403545379639,0.12337663769721985,0.31760725378990173,0.5274953494469324,3.3838786520214144,0.0,0.5041117584257975,0.1383194625377655,0.156928651034832,0.1925911381840706,0.29466332495212555,0.4680562764406204,0.6550846695899963,0.46621696650981903,0.46993398666381836,0.45834964513778687,0.5008642226457596,0.5647543370723724,0.7048529386520386,0.0,0.3928317651152611,0.3928317651152611
42,121.54848599433899,0.606690909465154,0.0,0.0,0.0,0.0,0.0,0.0,0.0,0.606690909465154,0.606690909465154,0.0,0.12353168427944183,0.0,1.5513614900410175,0.24139299988746643,0.21068266779184341,0.6023135781288147,0.02265029400587082,0.09956173598766327,0.6577403545379639,0.12337663769721985,0.3168969837327798,0.531928280989329,3.3868710105134925,0.0,0.5049200718579273,0.13884445279836655,0.15729843825101852,0.19242485612630844,0.29879845678806305,0.4702482521533966,0.6437674462795258,0.4661974161863327,0.47186847031116486,0.4631928652524948,0.5014702528715134,0.5721118748188019,0.7167288064956665,0.0,0.3935726179430882,0.3935726179430882
43,124.39828586578369,0.584132977326711,0.0,0.0,0.0,0.0,0.0,0.0,0.0,0.584132977326711,0.584132977326711,0.0,0.12353168427944183,0.0,1.5513614900410175,0.24139299988746643,0.21068266779184341,0.6023135781288147,0.02265029400587082,0.09956173598766327,0.6577403545379639,0.12337663769721985,0.31593415265281993,0.533481627702713,3.3961601246788455,0.0,0.5062326792774758,0.13806529343128204,0.15669526159763336,0.19175108522176743,0.29593414068222046,0.46889184415340424,0.6442672908306122,0.4660115987062454,0.47085998952388763,0.4616785794496536,0.4995259791612625,0.5739136934280396,0.7288999259471893,0.0,0.39241299840311206,0.39241299840311206
44,127.25924181938171,0.5803838849067688,0.0,0.0,0.0,0.0,0.0,0.0,0.0,0.5803838849067688,0.5803838849067688,0.0,0.12353168427944183,0.0,1.5513614900410175,0.24139299988746643,0.21068266779184341,0.6023135781288147,0.02265029400587082,0.09956173598766327,0.6577403545379639,0.12337663769721985,0.309947428603967,0.5271544779340426,3.268019738366112,0.0,0.4833974887162625,0.13865568488836288,0.15706192702054977,0.19201241433620453,0.2929007411003113,0.45312951505184174,0.625924289226532,0.4660430997610092,0.4703846275806427,0.46042339503765106,0.49651651084423065,0.5592736303806305,0.7102856040000916,0.0,0.38153847182790435,0.38153847182790435
45,130.11529803276062,0.6117170850435892,0.0,0.0,0.0,0.0,0.0,0.0,0.0,0.6117170850435892,0.6117170850435892,0.0,0.1235316847761472,0.0,1.5513614900410175,0.24139299988746643,0.21068266779184341,0.6023135781288147,0.02265029400587082,0.09956173598766327,0.6577403545379639,0.12337663769721985,0.3134955974916617,0.5258413131038348,3.308406891160214,0.0,0.4911373805432054,0.13959193974733353,0.15794066339731216,0.1925453320145607,0.29411780834198,0.4618269354104996,0.6349509060382843,0.46602699160575867,0.4722755402326584,0.4621240496635437,0.4994260370731354,0.5580378174781799,0.6971574425697327,0.0,0.3876612664510807,0.3876612664510807
46,133.01344776153564,0.6525904575983683,0.0,0.0,0.0,0.0,0.0,0.0,0.0,0.6525904575983683,0.6525904575983683,0.0,0.12353168328603109,0.0,1.5513614900410175,0.24139299988746643,0.21068266779184341,0.6023135781288147,0.02265029400587082,0.09956173598766327,0.6577403545379639,0.12337663769721985,0.32101552312572795,0.5280869056781133,3.3917601964278385,0.0,0.5062096519710699,0.1396353468298912,0.15768606960773468,0.19287514686584473,0.3002679795026779,0.4736096113920212,0.6620189845561981,0.4660319685935974,0.47322237491607666,0.46470049023628235,0.5026308596134186,0.5548825860023499,0.707053154706955,0.0,0.39731256725887454,0.39731256725887454
47,135.8495500087738,0.5771040797233582,0.0,0.0,0.0,0.0,0.0,0.0,0.0,0.5771040797233582,0.5771040797233582,0.0,0.12353168427944183,0.0,1.5513614900410175,0.24139299988746643,0.21068266779184341,0.6023135781288147,0.02265029400587082,0.09956173598766327,0.6577403545379639,0.12337663769721985,0.3184301381309827,0.5270007252693176,3.363999497185505,0.0,0.5010801598420684,0.13946468383073807,0.15726613253355026,0.19198451936244965,0.29643702507019043,0.4691591262817383,0.6562693417072296,0.4660242348909378,0.4720887839794159,0.46254974603652954,0.49824871122837067,0.5595544278621674,0.7035384476184845,0.0,0.39379463220636046,0.39379463220636046
48,138.6803388595581,0.6657428423563639,0.0,0.0,0.0,0.0,0.0,0.0,0.0,0.6657428423563639,0.6657428423563639,0.0,0.12353168378273646,0.0,1.5513614900410175,0.24139299988746643,0.21068266779184341,0.6023135781288147,0.02265029400587082,0.09956173598766327,0.6577403545379639,0.12337663769721985,0.3173377973337968,0.5264298642675082,3.363649537234186,0.0,0.5008692322982597,0.13918142765760422,0.15725252032279968,0.19194422662258148,0.2955060750246048,0.4681575447320938,0.6519849896430969,0.4659617245197296,0.4714311361312866,0.4621899127960205,0.5023287981748581,0.5564756691455841,0.7001919448375702,0.0,0.3927476710329453,0.3927476710329453
49,141.500816822052,0.6114473621050517,0.0,0.0,0.0,0.0,0.0,0.0,0.0,0.6114473621050517,0.6114473621050517,0.0,0.1235316847761472,0.0,1.5513614900410175,0.24139299988746643,0.21068266779184341,0.6023135781288147,0.02265029400587082,0.09956173598766327,0.6577403545379639,0.12337663769721985,0.3225020257135232,0.5289998898903528,3.434769072823586,0.0,0.5140415664784729,0.1395704746246338,0.1581915244460106,0.19384317100048065,0.300239697098732,0.4793923497200012,0.6637749373912811,0.46594369411468506,0.47383929789066315,0.4637567847967148,0.49965813755989075,0.5638778507709503,0.7069235742092133,0.0,0.4009471877167622,0.4009471877167622
50,144.3152208328247,0.5804521719614665,0.0,0.0,0.0,0.0,0.0,0.0,0.0,0.5804521719614665,0.5804521719614665,0.0,0.12353168427944183,0.0,1.5513614900410175,0.24139299988746643,0.21068266779184341,0.6023135781288147,0.02265029400587082,0.09956173598766327,0.6577403545379639,0.12337663769721985,0.31308308243751526,0.5269499942660332,3.311986531716605,0.0,0.4916746175032552,0.1394050195813179,0.15775075554847717,0.1926703378558159,0.2930852621793747,0.46170754730701447,0.6338795721530914,0.4658422917127609,0.47207170724868774,0.4620060324668884,0.5020833313465118,0.5717358887195587,0.6879607141017914,0.0,0.38739531487226486,0.38739531487226486
51,147.14676189422607,0.6572613378365835,0.0,0.0,0.0,0.0,0.0,0.0,0.0,0.6572613378365835,0.6572613378365835,0.0,0.12353168378273646,0.0,1.5513614900410175,0.24139299988746643,0.21068266779184341,0.6023135781288147,0.02265029400587082,0.09956173598766327,0.6577403545379639,0.12337663769721985,0.3121483661234379,0.5291995579997698,3.260748152171157,0.0,0.48264678704216124,0.13958532363176346,0.15771923959255219,0.19267919659614563,0.29218967258930206,0.45515258610248566,0.6355641782283783,0.46581968665122986,0.47235848009586334,0.4627067446708679,0.5051382780075073,0.5662017464637756,0.702972412109375,0.0,0.38365047611296177,0.38365047611296177
52,149.96152806282043,0.6014569083849589,0.0,0.0,0.0,0.0,0.0,0.0,0.0,0.6014569083849589,0.6014569083849589,0.0,0.12353168278932572,0.0,1.5513614900410175,0.24139299988746643,0.21068266779184341,0.6023135781288147,0.02265029400587082,0.09956173598766327,0.6577403545379639,0.12337663769721985,0.3151795615752538,0.5315446779131889,3.343636977563542,0.0,0.49748716825247447,0.13962945342063904,0.15802500396966934,0.19319935888051987,0.29779763519763947,0.4668702036142349,0.6355557143688202,0.4658234715461731,0.47308292984962463,0.46524471044540405,0.5083517879247665,0.5739476978778839,0.7028174698352814,0.0,0.3910248825947443,0.3910248825947443
53,152.77524971961975,0.6048403779665629,0.0,0.0,0.0,0.0,0.0,0.0,0.0,0.6048403779665629,0.6048403779665629,0.0,0.12353168328603109,0.0,1.5513614900410175,0.24139299988746643,0.21068266779184341,0.6023135781288147,0.02265029400587082,0.09956173598766327,0.6577403545379639,0.12337663769721985,0.32005009427666664,0.5265970975160599,3.4286360164685807,0.0,0.5126043303993071,0.13892119377851486,0.15773309022188187,0.19274350255727768,0.2968720644712448,0.47631020843982697,0.6577205061912537,0.46584607660770416,0.4703466594219208,0.4593639224767685,0.4981546401977539,0.5563722848892212,0.7094990015029907,0.0,0.3981801513582468,0.3981801513582468
54,155.59712886810303,0.6026998996734619,0.0,0.0,0.0,0.0,0.0,0.0,0.0,0.6026998996734619,0.6026998996734619,0.0,0.12353168378273646,0.0,1.5513614900410175,0.24139299988746643,0.21068266779184341,0.6023135781288147,0.02265029400587082,0.09956173598766327,0.6577403545379639,0.12337663769721985,0.31412916382153827,0.5245887661973635,3.28890828208081,0.0,0.4874963631192585,0.13931415230035782,0.15796270966529846,0.1945127174258232,0.29824016988277435,0.4581914693117142,0.6365537643432617,0.46587370336055756,0.4740671068429947,0.4660957455635071,0.5032643228769302,0.5601279735565186,0.6781037449836731,0.0,0.3861603165666262,0.3861603165666262
55,158.43399286270142,0.6163131952285766,0.0,0.0,0.0,0.0,0.0,0.0,0.0,0.6163131952285766,0.6163131952285766,0.0,0.12353168427944183,0.0,1.5513614900410175,0.24139299988746643,0.21068266779184341,0.6023135781288147,0.02265029400587082,0.09956173598766327,0.6577403545379639,0.12337663769721985,0.32738707090417546,0.5284045661489168,3.5308015402550774,0.0,0.5316433314694017,0.1391247734427452,0.15784551203250885,0.19380679726600647,0.3004341125488281,0.49122196435928345,0.6818892657756805,0.46586640179157257,0.47271397709846497,0.46215273439884186,0.5044160932302475,0.5695978403091431,0.6956803500652313,0.0,0.4093045176317295,0.4093045176317295
56,161.23893904685974,0.6542989234129588,0.0,0.0,0.0,0.0,0.0,0.0,0.0,0.6542989234129588,0.6542989234129588,0.0,0.12353168427944183,0.0,1.5513614900410175,0.24139299988746643,0.21068266779184341,0.6023135781288147,0.02265029400587082,0.09956173598766327,0.6577403545379639,0.12337663769721985,0.315749928355217,0.5224331244826317,3.332394053088925,0.0,0.4955682877605262,0.13982394337654114,0.15809372812509537,0.19346820563077927,0.29508979618549347,0.4659484773874283,0.6420754194259644,0.465913861989975,0.4733647108078003,0.46279455721378326,0.49703338742256165,0.5560942590236664,0.6793979704380035,0.0,0.39084920287132263,0.39084920287132263
57,164.06575202941895,0.5914174258708954,0.0,0.0,0.0,0.0,0.0,0.0,0.0,0.5914174258708954,0.5914174258708954,0.0,0.12353168427944183,0.0,1.5513614900410175,0.24139299988746643,0.21068266779184341,0.6023135781288147,0.02265029400587082,0.09956173598766327,0.6577403545379639,0.12337663769721985,0.31363804017504054,0.5240871285398802,3.3038165979810787,0.0,0.49070272751349664,0.14027639478445053,0.1582634598016739,0.1937694400548935,0.298118531703949,0.4634474813938141,0.6279529333114624,0.4659019410610199,0.4732573628425598,0.4631582498550415,0.4979317635297775,0.5594581365585327,0.6848153173923492,0.0,0.3885427607844273,0.3885427607844273
58,166.90216088294983,0.6221255660057068,0.0,0.0,0.0,0.0,0.0,0.0,0.0,0.6221255660057068,0.6221255660057068,0.0,0.12353168278932572,0.0,1.5513614900410175,0.24139299988746643,0.21068266779184341,0.6023135781288147,0.02265029400587082,0.09956173598766327,0.6577403545379639,0.12337663769721985,0.3209819570183754,0.5292205115159353,3.411730772459234,0.0,0.5099332753142422,0.1397981122136116,0.15848790109157562,0.19464769214391708,0.30143044888973236,0.47695352137088776,0.654574066400528,0.4658816307783127,0.47164368629455566,0.46136312186717987,0.49853429198265076,0.5688206553459167,0.7090796828269958,0.0,0.3989677391946316,0.3989677391946316
59,169.77735495567322,0.5912960966428121,0.0,0.0,0.0,0.0,0.0,0.0,0.0,0.5912960966428121,0.5912960966428121,0.0,0.12353168378273646,0.0,1.5513614900410175,0.24139299988746643,0.21068266779184341,0.6023135781288147,0.02265029400587082,0.09956173598766327,0.6577403545379639,0.12337663769721985,0.31368227923909825,0.5263128007451693,3.3438513682766215,0.0,0.4972647122534801,0.139140322804451,0.15740588307380676,0.19226502627134323,0.29463905096054077,0.46526455879211426,0.6333788335323334,0.4658377915620804,0.47071368992328644,0.45990121364593506,0.49957193434238434,0.5647715628147125,0.6970806121826172,0.0,0.3894734190156063,0.3894734190156063
60,172.6615767478943,0.5858407358328501,0.0,0.0,0.0,0.0,0.0,0.0,0.0,0.5858407358328501,0.5858407358328501,0.0,0.12353168527285258,0.0,1.5513614900410175,0.24139299988746643,0.21068266779184341,0.6023135781288147,0.02265029400587082,0.09956173598766327,0.6577403545379639,0.12337663769721985,0.3172958803673585,0.5278916135430336,3.302806957650158,0.0,0.49013239693633326,0.13958622515201569,0.1583103910088539,0.19368913769721985,0.29564374685287476,0.4610263556241989,0.655519425868988,0.46583157777786255,0.4731040596961975,0.4620514065027237,0.49720683693885803,0.5643154382705688,0.704840362071991,0.0,0.3891611179957787,0.3891611179957787
61,175.53636980056763,0.5739503721396129,0.0,0.0,0.0,0.0,0.0,0.0,0.0,0.5739503721396129,0.5739503721396129,0.0,0.12353168328603109,0.0,1.5513614900410175,0.24139299988746643,0.21068266779184341,0.6023135781288147,0.02265029400587082,0.09956173598766327,0.6577403545379639,0.12337663769721985,0.31836409245928127,0.5255513663093249,3.352403000535684,0.0,0.49908303244038105,0.13965556770563126,0.15852361917495728,0.19479146599769592,0.29878756403923035,0.4681817442178726,0.6502445936203003,0.4658080190420151,0.4709571599960327,0.4577834755182266,0.48567213118076324,0.558300644159317,0.7147867679595947,0.0,0.3932729183385769,0.3932729183385769
62,178.37207293510437,0.623956698179245,0.0,0.0,0.0,0.0,0.0,0.0,0.0,0.623956698179245,0.623956698179245,0.0,0.12353168378273646,0.0,1.5513614900410175,0.24139299988746643,0.21068266779184341,0.6023135781288147,0.02265029400587082,0.09956173598766327,0.6577403545379639,0.12337663769721985,0.3138752231995265,0.5246954212586085,3.3606000016511133,0.0,0.500213613002069,0.13898374140262604,0.1579190269112587,0.19413962215185165,0.2978227287530899,0.46706876158714294,0.6273174583911896,0.4658024162054062,0.4707470238208771,0.4596523493528366,0.49670082330703735,0.5573676526546478,0.697902262210846,0.0,0.39047199239333474,0.39047199239333474
63,181.4481818675995,0.6662070989608765,0.0,0.0,0.0,0.0,0.0,0.0,0.0,0.6662070989608765,0.6662070989608765,0.0,0.12353168328603109,0.0,1.5513614900410175,0.24139299988746643,0.21068266779184341,0.6023135781288147,0.02265029400587082,0.09956173598766327,0.6577403545379639,0.12337663769721985,0.31569090361396474,0.5273926754792532,3.3256967299891382,0.0,0.4937603326038136,0.13871203362941742,0.15754984319210052,0.1933988854289055,0.29278628528118134,0.4613141566514969,0.6503842175006866,0.46579697728157043,0.4727064222097397,0.46115395426750183,0.4979070574045181,0.5708353221416473,0.6959563195705414,0.0,0.38850253013273084,0.38850253013273084
64,184.4712519645691,0.6267097810904185,0.0,0.0,0.0,0.0,0.0,0.0,0.0,0.6267097810904185,0.6267097810904185,0.0,0.1235316847761472,0.0,1.5513614900410175,0.24139299988746643,0.21068266779184341,0.6023135781288147,0.02265029400587082,0.09956173598766327,0.6577403545379639,0.12337663769721985,0.322075717151165,0.5289243931571642,3.4737403928947876,0.0,0.5214456545466851,0.14005456864833832,0.15846551209688187,0.19444123655557632,0.3036841154098511,0.4865132123231888,0.6492956578731537,0.46582329273223877,0.47359155118465424,0.4652963727712631,0.5079599171876907,0.573004275560379,0.6878709495067596,0.0,0.4042944647371769,0.4042944647371769
65,187.41217875480652,0.6412279566129049,0.0,0.0,0.0,0.0,0.0,0.0,0.0,0.6412279566129049,0.6412279566129049,0.0,0.12353168427944183,0.0,1.5513614900410175,0.24139299988746643,0.21068266779184341,0.6023135781288147,0.02265029400587082,0.09956173598766327,0.6577403545379639,0.12337663769721985,0.32480523486932117,0.5356919889648756,3.4309949429314335,0.0,0.5132282356128095,0.13931969553232193,0.1579623445868492,0.19497230648994446,0.30386605858802795,0.47800517082214355,0.67470583319664,0.46568866074085236,0.47543713450431824,0.4679819345474243,0.5135680437088013,0.5788898169994354,0.7125863432884216,0.0,0.40140520284573233,0.40140520284573233
66,190.24448776245117,0.6056034207344055,0.0,0.0,0.0,0.0,0.0,0.0,0.0,0.6056034207344055,0.6056034207344055,0.0,0.12353168378273646,0.0,1.5513614900410175,0.24139299988746643,0.21068266779184341,0.6023135781288147,0.02265029400587082,0.09956173598766327,0.6577403545379639,0.12337663769721985,0.32655075813333195,0.5270517071088155,3.5282958597152176,0.0,0.5313239223902672,0.13947895169258118,0.15737053006887436,0.19392521679401398,0.30711111426353455,0.492123007774353,0.6692957282066345,0.46575118601322174,0.47468727827072144,0.46685290336608887,0.49664445221424103,0.5590590536594391,0.6993153691291809,0.0,0.4093368829538425,0.4093368829538425
67,193.07015585899353,0.5885398209095001,0.0,0.0,0.0,0.0,0.0,0.0,0.0,0.5885398209095001,0.5885398209095001,0.0,0.12353168427944183,0.0,1.5513614900410175,0.24139299988746643,0.21068266779184341,0.6023135781288147,0.02265029400587082,0.09956173598766327,0.6577403545379639,0.12337663769721985,0.3144594319164753,0.5247027849157652,3.3277799309860296,0.0,0.4943350166411504,0.13908173888921738,0.1574493795633316,0.19357071816921234,0.2976876050233841,0.4628334194421768,0.6361337304115295,0.465721070766449,0.4736012667417526,0.46456506848335266,0.5047958195209503,0.5635635554790497,0.6759699285030365,0.0,0.38864642567932606,0.38864642567932606
68,196.16415977478027,0.6516476333141327,0.0,0.0,0.0,0.0,0.0,0.0,0.0,0.6516476333141327,0.6516476333141327,0.0,0.1235316847761472,0.0,1.5513614900410175,0.24139299988746643,0.21068266779184341,0.6023135781288147,0.02265029400587082,0.09956173598766327,0.6577403545379639,0.12337663769721985,0.3288608801861604,0.5251555442810059,3.573621585463198,0.0,0.5398820911026285,0.13962651044130325,0.15855548530817032,0.1952444091439247,0.30653196573257446,0.4989723116159439,0.6742345988750458,0.46577970683574677,0.47382210195064545,0.46477416157722473,0.49847105145454407,0.5590873956680298,0.6889988481998444,0.0,0.4139165959010521,0.4139165959010521
69,199.17648673057556,0.5890060444672902,0.0,0.0,0.0,0.0,0.0,0.0,0.0,0.5890060444672902,0.5890060444672902,0.0,0.12353168427944183,0.0,1.5513614900410175,0.24139299988746643,0.21068266779184341,0.6023135781288147,0.02265029400587082,0.09956173598766327,0.6577403545379639,0.12337663769721985,0.3362392323712508,0.5295227194825808,3.7044326379339267,0.0,0.5646666237945045,0.1393626183271408,0.15741673856973648,0.1919817179441452,0.3040662258863449,0.5162594318389893,0.7083486616611481,0.4657249003648758,0.4726380407810211,0.46282193064689636,0.5010516941547394,0.571580559015274,0.7033191919326782,0.0,0.42624933210512006,0.42624933210512006
70,203.496102809906,0.595800131559372,0.0,0.0,0.0,0.0,0.0,0.0,0.0,0.595800131559372,0.595800131559372,0.0,0.12353168328603109,0.0,1.5513614900410175,0.24139299988746643,0.21068266779184341,0.6023135781288147,0.02265029400587082,0.09956173598766327,0.6577403545379639,0.12337663769721985,0.31556271264950436,0.5309484973549843,3.380701892655685,0.0,0.5038566686651069,0.13896502554416656,0.1581021323800087,0.19504597038030624,0.29911787807941437,0.46979932487010956,0.6323459446430206,0.46572040021419525,0.47367316484451294,0.4663301259279251,0.5086086839437485,0.5707481205463409,0.700610488653183,0.0,0.392681018759807,0.392681018759807
71,210.88192772865295,0.6036974807580312,0.0,0.0,0.0,0.0,0.0,0.0,0.0,0.6036974807580312,0.6036974807580312,0.0,0.12353168378273646,0.0,1.5513614900410175,0.24139299988746643,0.21068266779184341,0.6023135781288147,0.02265029400587082,0.09956173598766327,0.6577403545379639,0.12337663769721985,0.3199673431615035,0.5251570741335551,3.429767136740853,0.0,0.5128896794503225,0.13908355683088303,0.15752650052309036,0.19215130060911179,0.2934120148420334,0.47702421247959137,0.6606064736843109,0.4656877815723419,0.471707358956337,0.461429625749588,0.4931071549654007,0.5578835606575012,0.7011269629001617,0.0,0.39849577782054746,0.39849577782054746
72,215.34945678710938,0.5886319756507874,0.0,0.0,0.0,0.0,0.0,0.0,0.0,0.5886319756507874,0.5886319756507874,0.0,0.12353168278932572,0.0,1.5513614900410175,0.24139299988746643,0.21068266779184341,0.6023135781288147,0.02265029400587082,0.09956173598766327,0.6577403545379639,0.12337663769721985,0.3153814859688282,0.5195696080724398,3.340468764845447,0.0,0.49668170063396994,0.13919230550527573,0.15805084258317947,0.19366643577814102,0.29295413196086884,0.4649675488471985,0.6434576511383057,0.46570900082588196,0.47029924392700195,0.4596049338579178,0.49328041076660156,0.5483549237251282,0.6801691353321075,0.0,0.39017451740801334,0.39017451740801334
73,218.6030089855194,0.6115959127744038,0.0,0.0,0.0,0.0,0.0,0.0,0.0,0.6115959127744038,0.6115959127744038,0.0,0.12353168427944183,0.0,1.5513614900410175,0.24139299988746643,0.21068266779184341,0.6023135781288147,0.02265029400587082,0.09956173598766327,0.6577403545379639,0.12337663769721985,0.3223673204580943,0.5288460503021876,3.4211366678800332,0.0,0.5118338771208651,0.1401653289794922,0.15907472372055054,0.19475388526916504,0.29868893325328827,0.47952474653720856,0.6619963049888611,0.4657553732395172,0.4741576761007309,0.464662104845047,0.5040272027254105,0.5704822838306427,0.6939916610717773,0.0,0.40094603349765146,0.40094603349765146
74,222.06834077835083,0.6008329371611277,0.0,0.0,0.0,0.0,0.0,0.0,0.0,0.6008329371611277,0.6008329371611277,0.0,0.12353168378273646,0.0,1.5513614900410175,0.24139299988746643,0.21068266779184341,0.6023135781288147,0.02265029400587082,0.09956173598766327,0.6577403545379639,0.12337663769721985,0.3211592162648837,0.5290707300106684,3.4476449987800075,0.0,0.5164984942444311,0.139760322868824,0.1578608751296997,0.19340217858552933,0.30012407898902893,0.4818439781665802,0.6539638638496399,0.46576428413391113,0.47245991230010986,0.463458389043808,0.5060573220252991,0.5622476041316986,0.704436868429184,0.0,0.401501597215732,0.401501597215732
75,225.36149191856384,0.5999916632970174,0.0,0.0,0.0,0.0,0.0,0.0,0.0,0.5999916632970174,0.5999916632970174,0.0,0.12353168427944183,0.0,1.5513614900410175,0.24139299988746643,0.21068266779184341,0.6023135781288147,0.02265029400587082,0.09956173598766327,0.6577403545379639,0.12337663769721985,0.3233882946272691,0.5316657721996307,3.4017857471500803,0.0,0.508052910690452,0.13966768234968185,0.15922842174768448,0.19586756080389023,0.30053986608982086,0.47511953115463257,0.6699067056179047,0.46581462025642395,0.4758697897195816,0.46752916276454926,0.5044247806072235,0.574661523103714,0.7016947567462921,0.0,0.3992539128909508,0.3992539128909508
76,228.69966411590576,0.6001801053682964,0.0,0.0,0.0,0.0,0.0,0.0,0.0,0.6001801053682964,0.6001801053682964,0.0,0.12353168427944183,0.0,1.5513614900410175,0.24139299988746643,0.21068266779184341,0.6023135781288147,0.02265029400587082,0.09956173598766327,0.6577403545379639,0.12337663769721985,0.32258622845013935,0.5307352840900421,3.4755378021159644,0.0,0.5216985066203597,0.1398824378848076,0.15891873836517334,0.19405227154493332,0.2949218153953552,0.48616670072078705,0.6615754067897797,0.4657447934150696,0.4707981050014496,0.4598644971847534,0.5029183626174927,0.5697353482246399,0.7153505980968475,0.0,0.40437646458546317,0.40437646458546317
77,231.93191695213318,0.5727281173070272,0.0,0.0,0.0,0.0,0.0,0.0,0.0,0.5727281173070272,0.5727281173070272,0.0,0.12353168378273646,0.0,1.5513614900410175,0.24139299988746643,0.21068266779184341,0.6023135781288147,0.02265029400587082,0.09956173598766327,0.6577403545379639,0.12337663769721985,0.31905585154891014,0.5271717806657156,3.393908318863185,0.0,0.506818356823209,0.1400638148188591,0.158962681889534,0.19454650580883026,0.29655569791793823,0.47536374628543854,0.6488426625728607,0.4657314568758011,0.4745331257581711,0.46444161236286163,0.4997691661119461,0.563390851020813,0.6951644718647003,0.0,0.39720979891717434,0.39720979891717434
78,235.11809396743774,0.6019861241181691,0.0,0.0,0.0,0.0,0.0,0.0,0.0,0.6019861241181691,0.6019861241181691,0.0,0.12353168328603109,0.0,1.5513614900410175,0.24139299988746643,0.21068266779184341,0.6023135781288147,0.02265029400587082,0.09956173598766327,0.6577403545379639,0.12337663769721985,0.31710614015658695,0.5276410852869352,3.3284710399884525,0.0,0.4942793737755522,0.13874732702970505,0.1573166847229004,0.19279616326093674,0.292009174823761,0.4618164598941803,0.6599510312080383,0.46565547585487366,0.47232797741889954,0.4626222848892212,0.5077580064535141,0.5677502155303955,0.689732551574707,0.0,0.3894613000253836,0.3894613000253836
79,238.33568406105042,0.6044711311658223,0.0,0.0,0.0,0.0,0.0,0.0,0.0,0.6044711311658223,0.6044711311658223,0.0,0.12353168427944183,0.0,1.5513614900410175,0.24139299988746643,0.21068266779184341,0.6023135781288147,0.02265029400587082,0.09956173598766327,0.6577403545379639,0.12337663769721985,0.31983017921447754,0.5241802980502447,3.400592890482645,0.0,0.5074858320466359,0.13896580040454865,0.1576080173254013,0.19243158400058746,0.2924094498157501,0.4725661128759384,0.6650001108646393,0.46564267575740814,0.47144708037376404,0.460508331656456,0.4968997836112976,0.5599973201751709,0.6905865967273712,0.0,0.396198146045208,0.396198146045208
80,241.6601288318634,0.5862006147702535,0.0,0.0,0.0,0.0,0.0,0.0,0.0,0.5862006147702535,0.5862006147702535,0.0,0.12353168378273646,0.0,1.5513614900410175,0.24139299988746643,0.21068266779184341,0.6023135781288147,0.02265029400587082,0.09956173598766327,0.6577403545379639,0.12337663769721985,0.31041723241408664,0.5212187071641287,3.306478500107006,0.0,0.49081840032150137,0.13963861018419266,0.15814990550279617,0.19283059239387512,0.2917381227016449,0.4617120623588562,0.6184341013431549,0.46561984717845917,0.4717774838209152,0.4615538418292999,0.49467942118644714,0.5506028234958649,0.6830788254737854,0.0,0.3860646473864714,0.3860646473864714
81,244.95143008232117,0.56932000319163,0.0,0.0,0.0,0.0,0.0,0.0,0.0,0.56932000319163,0.56932000319163,0.0,0.12353168527285258,0.0,1.5513614900410175,0.24139299988746643,0.21068266779184341,0.6023135781288147,0.02265029400587082,0.09956173598766327,0.6577403545379639,0.12337663769721985,0.31288764998316765,0.5183100973566374,3.2840029873900933,0.0,0.48674789587800404,0.1395348682999611,0.1580558866262436,0.1925402134656906,0.2878821939229965,0.45823292434215546,0.6410798132419586,0.46561990678310394,0.4703505337238312,0.4579077810049057,0.4879194647073746,0.5419135093688965,0.686149388551712,0.0,0.38556028716266155,0.38556028716266155
82,247.89663982391357,0.6119043926397959,0.0,0.0,0.0,0.0,0.0,0.0,0.0,0.6119043926397959,0.6119043926397959,0.0,0.12353168378273646,0.0,1.5513614900410175,0.24139299988746643,0.21068266779184341,0.6023135781288147,0.02265029400587082,0.09956173598766327,0.6577403545379639,0.12337663769721985,0.31912579759955406,0.5220233524839083,3.3381198093678766,0.0,0.4969983090928632,0.1405569612979889,0.15941279381513596,0.19515535235404968,0.29621919989585876,0.46919597685337067,0.6542145013809204,0.46581946313381195,0.47434963285923004,0.46320386230945587,0.4962083101272583,0.5530093014240265,0.6795495450496674,0.0,0.39416088722646236,0.39416088722646236
83,250.85072088241577,0.5706403414408366,0.0,0.0,0.0,0.0,0.0,0.0,0.0,0.5706403414408366,0.5706403414408366,0.0,0.12353168378273646,0.0,1.5513614900410175,0.24139299988746643,0.21068266779184341,0.6023135781288147,0.02265029400587082,0.09956173598766327,0.6577403545379639,0.12337663769721985,0.3242218444744746,0.5231917997201284,3.422976152575312,0.0,0.5123167507868971,0.14046157896518707,0.15915165096521378,0.1948319748044014,0.298620343208313,0.4807966351509094,0.6714688837528229,0.465685173869133,0.47250767052173615,0.4610823839902878,0.49303726851940155,0.5588779747486115,0.6879603266716003,0.0,0.40250923981269204,0.40250923981269204
84,253.86554884910583,0.6159486015637715,0.0,0.0,0.0,0.0,0.0,0.0,0.0,0.6159486015637715,0.6159486015637715,0.0,0.12353168328603109,0.0,1.5513614900410175,0.24139299988746643,0.21068266779184341,0.6023135781288147,0.02265029400587082,0.09956173598766327,0.6577403545379639,0.12337663769721985,0.30746161937713623,0.521070217092832,3.1893105110411613,0.0,0.4703172653696767,0.13993235677480698,0.15813959389925003,0.1934814602136612,0.2906545102596283,0.44628773629665375,0.6162740588188171,0.46563325822353363,0.47198227047920227,0.46228618919849396,0.501177579164505,0.5504202842712402,0.6749217212200165,0.0,0.376874677836895,0.376874677836895
85,256.84517788887024,0.5901105026404063,0.0,0.0,0.0,0.0,0.0,0.0,0.0,0.5901105026404063,0.5901105026404063,0.0,0.1235316847761472,0.0,1.5513614900410175,0.24139299988746643,0.21068266779184341,0.6023135781288147,0.02265029400587082,0.09956173598766327,0.6577403545379639,0.12337663769721985,0.32333993415037793,0.5241888413826624,3.46597320266866,0.0,0.5199643493126482,0.1399514079093933,0.15836986154317856,0.19395161420106888,0.2981402724981308,0.48506782948970795,0.664558619260788,0.4656732529401779,0.4735451489686966,0.4627184420824051,0.4938966780900955,0.5640371441841125,0.6852623820304871,0.0,0.40420388182004297,0.40420388182004297
86,259.80587005615234,0.5946740349133809,0.0,0.0,0.0,0.0,0.0,0.0,0.0,0.5946740349133809,0.5946740349133809,0.0,0.12353168378273646,0.0,1.5513614900410175,0.24139299988746643,0.21068266779184341,0.6023135781288147,0.02265029400587082,0.09956173598766327,0.6577403545379639,0.12337663769721985,0.3158784384528796,0.521397054195404,3.3162411984140086,0.0,0.4926934004073688,0.13986685127019882,0.15826229006052017,0.19333939254283905,0.29278896749019623,0.46383221447467804,0.6471809148788452,0.46577464044094086,0.47353674471378326,0.46266506612300873,0.4958050400018692,0.5583952963352203,0.6722055375576019,0.0,0.38985532646377885,0.38985532646377885
87,262.7494418621063,0.5846555868784586,0.0,0.0,0.0,0.0,0.0,0.0,0.0,0.5846555868784586,0.5846555868784586,0.0,0.12353168378273646,0.0,1.5513614900410175,0.24139299988746643,0.21068266779184341,0.6023135781288147,0.02265029400587082,0.09956173598766327,0.6577403545379639,0.12337663769721985,0.3195105331639449,0.5262242257595062,3.4098791779439335,0.0,0.509840176266903,0.140288308262825,0.15850874036550522,0.19363881647586823,0.29615752398967743,0.4783661812543869,0.6501036286354065,0.46581408381462097,0.4737355560064316,0.46435442566871643,0.5033883601427078,0.5627225339412689,0.6873303949832916,0.0,0.39893835720916593,0.39893835720916593
88,265.7131156921387,0.5969408651192983,0.0,0.0,0.0,0.0,0.0,0.0,0.0,0.5969408651192983,0.5969408651192983,0.0,0.12353168427944183,0.0,1.5513614900410175,0.24139299988746643,0.21068266779184341,0.6023135781288147,0.02265029400587082,0.09956173598766327,0.6577403545379639,0.12337663769721985,0.31579141691327095,0.522838644683361,3.3187955815006633,0.0,0.49315821169985136,0.1398797184228897,0.1584414392709732,0.1939060464501381,0.2928813099861145,0.4642321914434433,0.6454077959060669,0.4658595472574234,0.47337180376052856,0.46257536113262177,0.49545954167842865,0.5592339336872101,0.6805316805839539,0.0,0.3900118041783571,0.3900118041783571
89,268.80134177207947,0.5990259448687235,0.0,0.0,0.0,0.0,0.0,0.0,0.0,0.5990259448687235,0.5990259448687235,0.0,0.1235316847761472,0.0,1.5513614900410175,0.24139299988746643,0.21068266779184341,0.6023135781288147,0.02265029400587082,0.09956173598766327,0.6577403545379639,0.12337663769721985,0.31578530992070836,0.5259547357757887,3.3178948373072865,0.0,0.492829986398641,0.13957847654819489,0.15754125267267227,0.1923304945230484,0.29040153324604034,0.463106706738472,0.6517533957958221,0.4657589793205261,0.4725674092769623,0.4613374322652817,0.4965546429157257,0.5573879480361938,0.7021220028400421,0.0,0.3894460083295902,0.3894460083295902
90,271.9615137577057,0.5668029228846232,0.0,0.0,0.0,0.0,0.0,0.0,0.0,0.5668029228846232,0.5668029228846232,0.0,0.12353168378273646,0.0,1.5513614900410175,0.24139299988746643,0.21068266779184341,0.6023135781288147,0.02265029400587082,0.09956173598766327,0.6577403545379639,0.12337663769721985,0.31007827321688336,0.517618919412295,3.183136751238778,0.0,0.4686451246621402,0.13899415731430054,0.15746307373046875,0.19248221814632416,0.28676821291446686,0.44243741035461426,0.6423245668411255,0.46571114659309387,0.4718477874994278,0.46012575924396515,0.4866100251674652,0.5464562773704529,0.6749625205993652,0.0,0.37625784178574884,0.37625784178574884
91,275.0439238548279,0.5568508505821228,0.0,0.0,0.0,0.0,0.0,0.0,0.0,0.5568508505821228,0.5568508505821228,0.0,0.12353168427944183,0.0,1.5513614900410175,0.24139299988746643,0.21068266779184341,0.6023135781288147,0.02265029400587082,0.09956173598766327,0.6577403545379639,0.12337663769721985,0.31584561119476956,0.5229017784198126,3.3276748792736073,0.0,0.4943619314997963,0.13916641473770142,0.15773296356201172,0.19257785379886627,0.28919488191604614,0.4631005823612213,0.6533009707927704,0.46574756503105164,0.4719230830669403,0.46117082238197327,0.49623775482177734,0.5551482737064362,0.6871831715106964,0.0,0.38947309677799546,0.38947309677799546
92,277.96146297454834,0.5753051380316416,0.0,0.0,0.0,0.0,0.0,0.0,0.0,0.5753051380316416,0.5753051380316416,0.0,0.12353168378273646,0.0,1.5513614900410175,0.24139299988746643,0.21068266779184341,0.6023135781288147,0.02265029400587082,0.09956173598766327,0.6577403545379639,0.12337663769721985,0.31402764469385147,0.5189685449004173,3.2894376735573387,0.0,0.4879137781435882,0.13988029211759567,0.158258818089962,0.19310055673122406,0.2897755652666092,0.46012750267982483,0.6430231332778931,0.4657503068447113,0.4724423587322235,0.4597988873720169,0.49387070536613464,0.5524993538856506,0.669449657201767,0.0,0.38707757368683815,0.38707757368683815
93,280.9443528652191,0.5703463852405548,0.0,0.0,0.0,0.0,0.0,0.0,0.0,0.5703463852405548,0.5703463852405548,0.0,0.12353168378273646,0.0,1.5513614900410175,0.24139299988746643,0.21068266779184341,0.6023135781288147,0.02265029400587082,0.09956173598766327,0.6577403545379639,0.12337663769721985,0.32252779106299084,0.5242100730538368,3.446633620130885,0.0,0.5158609977269025,0.13879898935556412,0.1571531742811203,0.19177836924791336,0.29183584451675415,0.47838926315307617,0.6772111058235168,0.46571865677833557,0.4729356914758682,0.4606834352016449,0.49456214904785156,0.5591174960136414,0.6922430098056793,0.0,0.40045852710803354,0.40045852710803354
94,283.9961519241333,0.6092872381210327,0.0,0.0,0.0,0.0,0.0,0.0,0.0,0.6092872381210327,0.6092872381210327,0.0,0.12353168378273646,0.0,1.5513614900410175,0.24139299988746643,0.21068266779184341,0.6023135781288147,0.02265029400587082,0.09956173598766327,0.6577403545379639,0.12337663769721985,0.31998936583598453,0.5273974860707918,3.3991200769654633,0.0,0.5074084817652768,0.13935159146785736,0.15829840302467346,0.19451723992824554,0.29444918036460876,0.4736727923154831,0.6596469879150391,0.46570470929145813,0.47583188116550446,0.4654008597135544,0.49369312822818756,0.5688733458518982,0.6948809921741486,0.0,0.3968310790757338,0.3968310790757338
95,287.1326220035553,0.614724600315094,0.0,0.0,0.0,0.0,0.0,0.0,0.0,0.614724600315094,0.614724600315094,0.0,0.12353168427944183,0.0,1.5513614900410175,0.24139299988746643,0.21068266779184341,0.6023135781288147,0.02265029400587082,0.09956173598766327,0.6577403545379639,0.12337663769721985,0.3165944740176201,0.5224345078070959,3.3474735090207726,0.0,0.49804495683519384,0.13937751948833466,0.1577809825539589,0.19262000173330307,0.2914697974920273,0.46656255424022675,0.6517559885978699,0.4657297134399414,0.47570614516735077,0.4658830761909485,0.4968833774328232,0.5559053421020508,0.6744993925094604,0.0,0.3915785141289234,0.3915785141289234
96,290.18488693237305,0.5813729127248128,0.0,0.0,0.0,0.0,0.0,0.0,0.0,0.5813729127248128,0.5813729127248128,0.0,0.1235316847761472,0.0,1.5513614900410175,0.24139299988746643,0.21068266779184341,0.6023135781288147,0.02265029400587082,0.09956173598766327,0.6577403545379639,0.12337663769721985,0.3155161204437415,0.5256895050406456,3.312977789168528,0.0,0.4924474431184935,0.14046955108642578,0.15920653194189072,0.19473379850387573,0.2948882430791855,0.4653725028038025,0.6384260952472687,0.46571025252342224,0.47416821122169495,0.4633720815181732,0.4905034452676773,0.5622510015964508,0.6981320381164551,0.0,0.390444311623772,0.390444311623772
97,293.1499149799347,0.5970421771208445,0.0,0.0,0.0,0.0,0.0,0.0,0.0,0.5970421771208445,0.5970421771208445,0.0,0.12353168378273646,0.0,1.5513614900410175,0.24139299988746643,0.21068266779184341,0.6023135781288147,0.02265029400587082,0.09956173598766327,0.6577403545379639,0.12337663769721985,0.32320186744133633,0.5203141743938128,3.392556228972338,0.0,0.5063024901866512,0.13953232765197754,0.15778867155313492,0.19220302253961563,0.2931927740573883,0.4733712673187256,0.6831231415271759,0.4656689763069153,0.4715431183576584,0.4603198915719986,0.4929659813642502,0.5513437390327454,0.6800433397293091,0.0,0.398286567380031,0.398286567380031
98,296.11860394477844,0.6260951499144236,0.0,0.0,0.0,0.0,0.0,0.0,0.0,0.6260951499144236,0.6260951499144236,0.0,0.1235316847761472,0.0,1.5513614900410175,0.24139299988746643,0.21068266779184341,0.6023135781288147,0.02265029400587082,0.09956173598766327,0.6577403545379639,0.12337663769721985,0.3160299186905225,0.52304507791996,3.338887753195758,0.0,0.496629842016102,0.13962679356336594,0.15731927007436752,0.19129928946495056,0.2914819270372391,0.4661981910467148,0.6502540409564972,0.46564531326293945,0.47106291353702545,0.4610072672367096,0.49598605930805206,0.56095951795578,0.6836093962192535,0.0,0.3911140548686186,0.3911140548686186
99,299.0844609737396,0.5722520887851715,0.0,0.0,0.0,0.0,0.0,0.0,0.0,0.5722520887851715,0.5722520887851715,0.0,0.12353168378273646,0.0,1.5513614900410175,0.24139299988746643,0.21068266779184341,0.6023135781288147,0.02265029400587082,0.09956173598766327,0.6577403545379639,0.12337663769721985,0.32240932683149975,0.5198243682583173,3.445793180158203,0.0,0.5159653857928583,0.13935334235429764,0.15727894753217697,0.1917196363210678,0.2933632582426071,0.48018279671669006,0.6725579798221588,0.46559813618659973,0.4715164303779602,0.4607132524251938,0.4903513789176941,0.5512168705463409,0.6795501410961151,0.0,0.40129606177409494,0.40129606177409494
100,302.0430738925934,0.5922374645868937,0.0,0.0,0.0,0.0,0.0,0.0,0.0,0.5922374645868937,0.5922374645868937,0.0,0.12353168378273646,0.0,1.5513614900410175,0.24139299988746643,0.21068266779184341,0.6023135781288147,0.02265029400587082,0.09956173598766327,0.6577403545379639,0.12337663769721985,0.32166585326194763,0.5214632054169973,3.4191811164644843,0.0,0.5109843443345141,0.13916151970624924,0.1568974405527115,0.19173603504896164,0.2937144488096237,0.4758184403181076,0.6726672351360321,0.46553821861743927,0.46892186999320984,0.45790746808052063,0.4955343157052994,0.5531305074691772,0.6877468526363373,0.0,0.3987421467900276,0.3987421467900276
101,304.9564850330353,0.5849081754684449,0.0,0.0,0.0,0.0,0.0,0.0,0.0,0.5849081754684449,0.5849081754684449,0.0,0.12353168427944183,0.0,1.5513614900410175,0.24139299988746643,0.21068266779184341,0.6023135781288147,0.02265029400587082,0.09956173598766327,0.6577403545379639,0.12337663769721985,0.31799179563919705,0.5209068755308787,3.3548075141807296,0.0,0.49963679057360283,0.13988034427165985,0.1574024260044098,0.1917361319065094,0.2953525483608246,0.46927163004875183,0.6543076932430267,0.465624064207077,0.4718976467847824,0.46125105023384094,0.4907735735177994,0.5613070428371429,0.6745878756046295,0.0,0.39363171284397447,0.39363171284397447
102,307.9925937652588,0.5734793106714885,0.0,0.0,0.0,0.0,0.0,0.0,0.0,0.5734793106714885,0.5734793106714885,0.0,0.12353168378273646,0.0,1.5513614900410175,0.24139299988746643,0.21068266779184341,0.6023135781288147,0.02265029400587082,0.09956173598766327,0.6577403545379639,0.12337663769721985,0.31548871099948883,0.5233561793963114,3.314883210568049,0.0,0.492266215547343,0.139535591006279,0.15681178867816925,0.19102169573307037,0.2913517951965332,0.46254418790340424,0.6516672074794769,0.46568647027015686,0.4722759276628494,0.46258309483528137,0.4924459010362625,0.555974930524826,0.6911707520484924,0.0,0.38901644945144653,0.38901644945144653
103,310.96617889404297,0.6234005252520244,0.0,0.0,0.0,0.0,0.0,0.0,0.0,0.6234005252520244,0.6234005252520244,0.0,0.12353168427944183,0.0,1.5513614900410175,0.24139299988746643,0.21068266779184341,0.6023135781288147,0.02265029400587082,0.09956173598766327,0.6577403545379639,0.12337663769721985,0.31822822739680606,0.5247888565063477,3.3272582434728895,0.0,0.4942487452170173,0.13909588754177094,0.15725243836641312,0.19289753586053848,0.29545462131500244,0.46280793845653534,0.6618609428405762,0.46568015217781067,0.47397829592227936,0.4647818058729172,0.49916425347328186,0.560545027256012,0.6845836043357849,0.0,0.3905180829266707,0.3905180829266707
104,313.88898491859436,0.5972317198912303,0.0,0.0,0.0,0.0,0.0,0.0,0.0,0.5972317198912303,0.5972317198912303,0.0,0.12353168427944183,0.0,1.5513614900410175,0.24139299988746643,0.21068266779184341,0.6023135781288147,0.02265029400587082,0.09956173598766327,0.6577403545379639,0.12337663769721985,0.32030818114678067,0.5203449974457423,3.4276148400569477,0.0,0.512547842794056,0.13919518887996674,0.15708522498607635,0.19147834181785583,0.29323260486125946,0.4771074950695038,0.6637502312660217,0.4656621813774109,0.4713064432144165,0.4603565037250519,0.49072912335395813,0.5559662878513336,0.6780494451522827,0.0,0.39870783810814225,0.39870783810814225
105,316.8965229988098,0.582186617453893,0.0,0.0,0.0,0.0,0.0,0.0,0.0,0.582186617453893,0.582186617453893,0.0,0.12353168427944183,0.0,1.5513614900410175,0.24139299988746643,0.21068266779184341,0.6023135781288147,0.02265029400587082,0.09956173598766327,0.6577403545379639,0.12337663769721985,0.3203299914797147,0.5246933375795683,3.3985027826782157,0.0,0.5075720764320578,0.1399012953042984,0.15759312361478806,0.19253575056791306,0.2953263521194458,0.4754549413919449,0.6611684858798981,0.4657123535871506,0.4735470116138458,0.46345673501491547,0.49541647732257843,0.5549304187297821,0.695097029209137,0.0,0.39789246643582976,0.39789246643582976
106,320.095871925354,0.5878491282463074,0.0,0.0,0.0,0.0,0.0,0.0,0.0,0.5878491282463074,0.5878491282463074,0.0,0.12353168378273646,0.0,1.5513614900410175,0.24139299988746643,0.21068266779184341,0.6023135781288147,0.02265029400587082,0.09956173598766327,0.6577403545379639,0.12337663769721985,0.3164695203304291,0.5214269608259201,3.335951356840447,0.0,0.4960116816970444,0.13946139812469482,0.15758203715085983,0.19265062361955643,0.29356278479099274,0.46523644030094147,0.6503238379955292,0.46561235189437866,0.47440654039382935,0.46523773670196533,0.4974532723426819,0.5550917088985443,0.6707601547241211,0.0,0.39085298031568527,0.39085298031568527
107,323.0792508125305,0.5954964280128479,0.0,0.0,0.0,0.0,0.0,0.0,0.0,0.5954964280128479,0.5954964280128479,0.0,0.12353168378273646,0.0,1.5513614900410175,0.24139299988746643,0.21068266779184341,0.6023135781288147,0.02265029400587082,0.09956173598766327,0.6577403545379639,0.12337663769721985,0.31879782179991406,0.52641083051761,3.4706865651359573,0.0,0.520618113206154,0.13948160409927368,0.15767131000757217,0.1924663409590721,0.2933632880449295,0.4840969294309616,0.6457074582576752,0.46561214327812195,0.47261400520801544,0.46092815697193146,0.4929986745119095,0.569332093000412,0.6969799101352692,0.0,0.40144737561543786,0.40144737561543786
108,326.01741194725037,0.6271350820859273,0.0,0.0,0.0,0.0,0.0,0.0,0.0,0.6271350820859273,0.6271350820859273,0.0,0.12353168378273646,0.0,1.5513614900410175,0.24139299988746643,0.21068266779184341,0.6023135781288147,0.02265029400587082,0.09956173598766327,0.6577403545379639,0.12337663769721985,0.32046456014116603,0.5279739747444788,3.4215984875219503,0.0,0.5121389886353864,0.14060989022254944,0.1591242253780365,0.19459497183561325,0.2990809828042984,0.4811105877161026,0.6482667028903961,0.46567167341709137,0.47236505150794983,0.4626554101705551,0.4968765079975128,0.568415105342865,0.701860100030899,0.0,0.4007875739286343,0.4007875739286343
109,328.95011281967163,0.5800620555877686,0.0,0.0,0.0,0.0,0.0,0.0,0.0,0.5800620555877686,0.5800620555877686,0.0,0.12353168328603109,0.0,1.5513614900410175,0.24139299988746643,0.21068266779184341,0.6023135781288147,0.02265029400587082,0.09956173598766327,0.6577403545379639,0.12337663769721985,0.31463442494471866,0.5251061270634333,3.367312827398883,0.0,0.5020086081565565,0.1400914192199707,0.15819013118743896,0.19286920130252838,0.2958173453807831,0.47173163294792175,0.6291068196296692,0.46571163833141327,0.47384510934352875,0.46431829035282135,0.4954214245080948,0.55597984790802,0.6953604519367218,0.0,0.3931830289463202,0.3931830289463202
110,332.1459219455719,0.6104929765065511,0.0,0.0,0.0,0.0,0.0,0.0,0.0,0.6104929765065511,0.6104929765065511,0.0,0.1235316847761472,0.0,1.5513614900410175,0.24139299988746643,0.21068266779184341,0.6023135781288147,0.02265029400587082,0.09956173598766327,0.6577403545379639,0.12337663769721985,0.3248460218310356,0.5203209047516187,3.407354467194025,0.0,0.5089215961151645,0.13937009125947952,0.15799804776906967,0.19281135499477386,0.29503531754016876,0.4748833030462265,0.6889780163764954,0.46569353342056274,0.4730607867240906,0.46361637115478516,0.4942559450864792,0.5548237562179565,0.670475035905838,0.0,0.39986466243863106,0.39986466243863106
111,335.26000595092773,0.5804630815982819,0.0,0.0,0.0,0.0,0.0,0.0,0.0,0.5804630815982819,0.5804630815982819,0.0,0.12353168378273646,0.0,1.5513614900410175,0.24139299988746643,0.21068266779184341,0.6023135781288147,0.02265029400587082,0.09956173598766327,0.6577403545379639,0.12337663769721985,0.32314929614464444,0.525348074734211,3.4554854825568118,0.0,0.5176780636940804,0.13919489085674286,0.15766364336013794,0.19214282929897308,0.2937999665737152,0.48098592460155487,0.6751085221767426,0.46567147970199585,0.4717615246772766,0.4614519476890564,0.4962637275457382,0.5619674026966095,0.6949723660945892,0.0,0.4020676103730997,0.4020676103730997
112,338.29800271987915,0.5921558062235515,0.0,0.0,0.0,0.0,0.0,0.0,0.0,0.5921558062235515,0.5921558062235515,0.0,0.12353168427944183,0.0,1.5513614900410175,0.24139299988746643,0.21068266779184341,0.6023135781288147,0.02265029400587082,0.09956173598766327,0.6577403545379639,0.12337663769721985,0.3208460534612338,0.5279424165685972,3.5110205214028896,0.0,0.5279652348755164,0.13916275650262833,0.15825147926807404,0.19504522532224655,0.30169767141342163,0.48860329389572144,0.6423158943653107,0.4656660407781601,0.47188377380371094,0.4613494575023651,0.4991852641105652,0.5640409588813782,0.7055290043354034,0.0,0.40472467367847764,0.40472467367847764
113,341.4432249069214,0.5570326586564381,0.0,0.0,0.0,0.0,0.0,0.0,0.0,0.5570326586564381,0.5570326586564381,0.0,0.12353168278932572,0.0,1.5513614900410175,0.24139299988746643,0.21068266779184341,0.6023135781288147,0.02265029400587082,0.09956173598766327,0.6577403545379639,0.12337663769721985,0.32395800575613976,0.5188759565353394,3.4621751682455004,0.0,0.5188371236885995,0.13902845233678818,0.15695667266845703,0.1906665414571762,0.2940290868282318,0.48134085536003113,0.6817264258861542,0.4655902832746506,0.46990175545215607,0.45643937587738037,0.4867441654205322,0.549130767583847,0.6854493916034698,0.0,0.40264943055808544,0.40264943055808544
114,344.44982075691223,0.6025463203589122,0.0,0.0,0.0,0.0,0.0,0.0,0.0,0.6025463203589122,0.6025463203589122,0.0,0.12353168378273646,0.0,1.5513614900410175,0.24139299988746643,0.21068266779184341,0.6023135781288147,0.02265029400587082,0.09956173598766327,0.6577403545379639,0.12337663769721985,0.31293994809190434,0.5177376245458921,3.2861720762548505,0.0,0.4872425946407103,0.13972394168376923,0.15801932662725449,0.19274504482746124,0.2903420031070709,0.45915691554546356,0.6376524567604065,0.4657381623983383,0.4729306250810623,0.46270687878131866,0.4931110441684723,0.5474646091461182,0.6644744277000427,0.0,0.386048431818684,0.386048431818684
115,347.5141878128052,0.5851793050765991,0.0,0.0,0.0,0.0,0.0,0.0,0.0,0.5851793050765991,0.5851793050765991,0.0,0.12353168378273646,0.0,1.5513614900410175,0.24139299988746643,0.21068266779184341,0.6023135781288147,0.02265029400587082,0.09956173598766327,0.6577403545379639,0.12337663769721985,0.3226206799348195,0.5200503617525101,3.444150324406296,0.0,0.5158803274928998,0.1398116573691368,0.15771079063415527,0.1920561119914055,0.29478873312473297,0.48153236508369446,0.6698244214057922,0.4656704515218735,0.47140777111053467,0.4592619985342026,0.48823192715644836,0.5574606657028198,0.6782693564891815,0.0,0.40207652250925696,0.40207652250925696
116,350.6450448036194,0.5506789008776347,0.0,0.0,0.0,0.0,0.0,0.0,0.0,0.5506789008776347,0.5506789008776347,0.0,0.12353168328603109,0.0,1.5513614900410175,0.24139299988746643,0.21068266779184341,0.6023135781288147,0.02265029400587082,0.09956173598766327,0.6577403545379639,0.12337663769721985,0.31955280403296155,0.5239648272593816,3.376868042955498,0.0,0.5035600399023961,0.1397470235824585,0.15812599658966064,0.193007692694664,0.2937609404325485,0.47190725803375244,0.6607679128646851,0.4656469076871872,0.47166770696640015,0.45980119705200195,0.4898669868707657,0.5609892308712006,0.6958169341087341,0.0,0.395730031033357,0.395730031033357
117,353.76822900772095,0.6053896109263103,0.0,0.0,0.0,0.0,0.0,0.0,0.0,0.6053896109263103,0.6053896109263103,0.0,0.12353168378273646,0.0,1.5513614900410175,0.24139299988746643,0.21068266779184341,0.6023135781288147,0.02265029400587082,0.09956173598766327,0.6577403545379639,0.12337663769721985,0.3171786889433861,0.5267328992486,3.3619152604314144,0.0,0.5006835716955038,0.13942820578813553,0.15803305804729462,0.1932385191321373,0.2923537641763687,0.46874581277370453,0.6512727737426758,0.465631365776062,0.4748834818601608,0.4643355906009674,0.4989817440509796,0.5583592057228088,0.6982060074806213,0.0,0.3929622508585453,0.3929622508585453
118,357.00202202796936,0.5886287013689677,0.0,0.0,0.0,0.0,0.0,0.0,0.0,0.5886287013689677,0.5886287013689677,0.0,0.1235316847761472,0.0,1.5513614900410175,0.24139299988746643,0.21068266779184341,0.6023135781288147,0.02265029400587082,0.09956173598766327,0.6577403545379639,0.12337663769721985,0.3143381563325723,0.5241285835703214,3.4113647420449227,0.0,0.5092780469377222,0.13859771192073822,0.15586116164922714,0.18924179673194885,0.2875951677560806,0.4728073477745056,0.6419257521629333,0.46559111773967743,0.470287024974823,0.4595603495836258,0.49144019186496735,0.558133989572525,0.6997588276863098,0.0,0.3935727520535389,0.3935727520535389
119,360.1041738986969,0.5674626429875692,0.0,0.0,0.0,0.0,0.0,0.0,0.0,0.5674626429875692,0.5674626429875692,0.0,0.12353168427944183,0.0,1.5513614900410175,0.24139299988746643,0.21068266779184341,0.6023135781288147,0.02265029400587082,0.09956173598766327,0.6577403545379639,0.12337663769721985,0.31114014238119125,0.5233629643917084,3.3546393194226196,0.0,0.49873025057380893,0.1382066234946251,0.15709033608436584,0.19258780032396317,0.28741708397865295,0.46363337337970734,0.6279056370258331,0.46551890671253204,0.4710533618927002,0.4603131115436554,0.4880683273077011,0.5636846125125885,0.691539466381073,0.0,0.3873867578804493,0.3873867578804493
120,363.5504868030548,0.59938569466273,0.0,0.0,0.0,0.0,0.0,0.0,0.0,0.59938569466273,0.59938569466273,0.0,0.1235316847761472,0.0,1.5513614900410175,0.24139299988746643,0.21068266779184341,0.6023135781288147,0.02265029400587082,0.09956173598766327,0.6577403545379639,0.12337663769721985,0.31170593574643135,0.5200620517134666,3.3245210714199698,0.0,0.4936498438439014,0.1388997659087181,0.1572878584265709,0.19166956096887589,0.2866228371858597,0.46177519857883453,0.633980393409729,0.46560606360435486,0.47196100652217865,0.46091440320014954,0.4863576292991638,0.551700085401535,0.683833122253418,0.0,0.38674056716263294,0.38674056716263294
121,367.1140778064728,0.5820932388305664,0.0,0.0,0.0,0.0,0.0,0.0,0.0,0.5820932388305664,0.5820932388305664,0.0,0.12353168378273646,0.0,1.5513614900410175,0.24139299988746643,0.21068266779184341,0.6023135781288147,0.02265029400587082,0.09956173598766327,0.6577403545379639,0.12337663769721985,0.3154842108488083,0.5205854922533035,3.3948451188271926,0.0,0.5063058150473502,0.13870395720005035,0.1571713238954544,0.19182272255420685,0.29020534455776215,0.4708784520626068,0.6441234648227692,0.46565723419189453,0.47096219658851624,0.4599006474018097,0.4911505877971649,0.5549017488956451,0.6809405386447906,0.0,0.39318133145570755,0.39318133145570755
122,370.259712934494,0.5926882028579712,0.0,0.0,0.0,0.0,0.0,0.0,0.0,0.5926882028579712,0.5926882028579712,0.0,0.12353168328603109,0.0,1.5513614900410175,0.24139299988746643,0.21068266779184341,0.6023135781288147,0.02265029400587082,0.09956173598766327,0.6577403545379639,0.12337663769721985,0.3169770936171214,0.5202613895138105,3.3725990276560136,0.0,0.5025006012501685,0.13919534534215927,0.15772701799869537,0.1925560012459755,0.29083962738513947,0.46945008635520935,0.6520944833755493,0.46567653119564056,0.47115518152713776,0.4602731913328171,0.4912862777709961,0.5502732992172241,0.6829038560390472,0.0,0.3932135899861654,0.3932135899861654
123,373.3516767024994,0.608110229174296,0.0,0.0,0.0,0.0,0.0,0.0,0.0,0.608110229174296,0.608110229174296,0.0,0.12353168378273646,0.0,1.5513614900410175,0.24139299988746643,0.21068266779184341,0.6023135781288147,0.02265029400587082,0.09956173598766327,0.6577403545379639,0.12337663769721985,0.3117111486693223,0.5198832675814629,3.2695758512001567,0.0,0.483583854503461,0.1384972259402275,0.15688228607177734,0.19181036949157715,0.2877770811319351,0.45282718539237976,0.6424727439880371,0.4656427800655365,0.47174014151096344,0.46231473982334137,0.4928867071866989,0.5450885593891144,0.6816266775131226,0.0,0.382269167030851,0.382269167030851
124,376.4169557094574,0.5940381745497386,0.0,0.0,0.0,0.0,0.0,0.0,0.0,0.5940381745497386,0.5940381745497386,0.0,0.12353168378273646,0.0,1.5513614900410175,0.24139299988746643,0.21068266779184341,0.6023135781288147,0.02265029400587082,0.09956173598766327,0.6577403545379639,0.12337663769721985,0.3222351682682832,0.5268009305000305,3.482555672214685,0.0,0.5225968581436713,0.1389942392706871,0.15705011039972305,0.1920379027724266,0.2966042757034302,0.48405517637729645,0.6646693050861359,0.46565449237823486,0.4736604690551758,0.46250732243061066,0.4992706924676895,0.5666852295398712,0.6930273771286011,0.0,0.4031451723227898,0.4031451723227898
125,379.55121397972107,0.5894571224848429,0.0,0.0,0.0,0.0,0.0,0.0,0.0,0.5894571224848429,0.5894571224848429,0.0,0.12353168328603109,0.0,1.5513614900410175,0.24139299988746643,0.21068266779184341,0.6023135781288147,0.02265029400587082,0.09956173598766327,0.6577403545379639,0.12337663769721985,0.32666201889514923,0.5259799013535181,3.581334954336555,0.0,0.5412148686110909,0.13932236284017563,0.15732422471046448,0.19218219071626663,0.3011767864227295,0.49896004796028137,0.6710065007209778,0.4655905067920685,0.4705798029899597,0.4587128013372421,0.4956882745027542,0.5657191872596741,0.6995888352394104,0.0,0.4128110334277153,0.4128110334277153
126,382.6930537223816,0.6003347078959147,0.0,0.0,0.0,0.0,0.0,0.0,0.0,0.6003347078959147,0.6003347078959147,0.0,0.12353168378273646,0.0,1.5513614900410175,0.24139299988746643,0.21068266779184341,0.6023135781288147,0.02265029400587082,0.09956173598766327,0.6577403545379639,0.12337663769721985,0.3156319397191207,0.5180937051773071,3.3638126420803744,0.0,0.5007201010339328,0.13883604854345322,0.15728569775819778,0.19212735444307327,0.29138292372226715,0.4670184552669525,0.64714115858078,0.465679332613945,0.47021253407001495,0.4581688940525055,0.48741164803504944,0.548810601234436,0.6782792210578918,0.0,0.3913251974930366,0.3913251974930366
127,385.95154094696045,0.5740936636924744,0.0,0.0,0.0,0.0,0.0,0.0,0.0,0.5740936636924744,0.5740936636924744,0.0,0.12353168427944183,0.0,1.5513614900410175,0.24139299988746643,0.21068266779184341,0.6023135781288147,0.02265029400587082,0.09956173598766327,0.6577403545379639,0.12337663769721985,0.32979917898774147,0.5305040876070658,3.5285525804975957,0.0,0.5313665287720051,0.1394663080573082,0.15791667252779007,0.19373620301485062,0.30255576968193054,0.49211420118808746,0.6930059194564819,0.4657876640558243,0.4743741303682327,0.46491681039333344,0.5027293115854263,0.5784589946269989,0.6967576146125793,0.0,0.41095669008791447,0.41095669008791447
128,388.9967348575592,0.5871299942334492,0.0,0.0,0.0,0.0,0.0,0.0,0.0,0.5871299942334492,0.5871299942334492,0.0,0.1235316847761472,0.0,1.5513614900410175,0.24139299988746643,0.21068266779184341,0.6023135781288147,0.02265029400587082,0.09956173598766327,0.6577403545379639,0.12337663769721985,0.31837165355682373,0.5216809213161469,3.401667893324271,0.0,0.5076796980140127,0.13896042853593826,0.15733607858419418,0.1933242380619049,0.29791179299354553,0.4726972281932831,0.6500001549720764,0.46571603417396545,0.47251012921333313,0.4621376097202301,0.4939769208431244,0.5521411001682281,0.6836037337779999,0.0,0.3955344408750534,0.3955344408750534
129,392.1838798522949,0.5819376130898793,0.0,0.0,0.0,0.0,0.0,0.0,0.0,0.5819376130898793,0.5819376130898793,0.0,0.1235316847761472,0.0,1.5513614900410175,0.24139299988746643,0.21068266779184341,0.6023135781288147,0.02265029400587082,0.09956173598766327,0.6577403545379639,0.12337663769721985,0.3204253849883874,0.5235741063952446,3.4020085799828927,0.0,0.5078180026173328,0.13911425322294235,0.15743539482355118,0.19207308441400528,0.2926088124513626,0.47326788306236267,0.6680528819561005,0.46582862734794617,0.4734111875295639,0.46142515540122986,0.48772114515304565,0.5515218079090118,0.7015367150306702,0.0,0.396846634025375,0.396846634025375
130,395.4737448692322,0.5768552501996358,0.0,0.0,0.0,0.0,0.0,0.0,0.0,0.5768552501996358,0.5768552501996358,0.0,0.12353168427944183,0.0,1.5513614900410175,0.24139299988746643,0.21068266779184341,0.6023135781288147,0.02265029400587082,0.09956173598766327,0.6577403545379639,0.12337663769721985,0.3105497534076373,0.5214041247963905,3.274542009046781,0.0,0.4848941144270319,0.13923954218626022,0.15700668841600418,0.1916804313659668,0.2893160730600357,0.4559457302093506,0.6301100552082062,0.4658129811286926,0.4733066260814667,0.46309785544872284,0.49476733803749084,0.5509992837905884,0.6804406642913818,0.0,0.38324774180849397,0.38324774180849397
131,398.580589056015,0.6167371968428293,0.0,0.0,0.0,0.0,0.0,0.0,0.0,0.6167371968428293,0.6167371968428293,0.0,0.12353168378273646,0.0,1.5513614900410175,0.24139299988746643,0.21068266779184341,0.6023135781288147,0.02265029400587082,0.09956173598766327,0.6577403545379639,0.12337663769721985,0.32030561690529186,0.5253421862920126,3.4513319394007653,0.0,0.5172818874441237,0.1399821937084198,0.15769510716199875,0.19356322288513184,0.2988552451133728,0.4831250160932541,0.648612916469574,0.46595168113708496,0.4750288724899292,0.46505478024482727,0.49548324942588806,0.5578693151473999,0.6926652193069458,0.0,0.40171531649927295,0.40171531649927295
132,401.5357208251953,0.5597677826881409,0.0,0.0,0.0,0.0,0.0,0.0,0.0,0.5597677826881409,0.5597677826881409,0.0,0.1235316847761472,0.0,1.5513614900410175,0.24139299988746643,0.21068266779184341,0.6023135781288147,0.02265029400587082,0.09956173598766327,0.6577403545379639,0.12337663769721985,0.3266990582148234,0.5257091224193573,3.465302187438248,0.0,0.5195647343656001,0.13935482501983643,0.15735619515180588,0.1927829012274742,0.29759581387043,0.4829065799713135,0.6901980340480804,0.46583880484104156,0.47327424585819244,0.461473673582077,0.4966171979904175,0.5653296709060669,0.6917211413383484,0.0,0.4048028190930685,0.4048028190930685
133,404.60912680625916,0.5973417778809865,0.0,0.0,0.0,0.0,0.0,0.0,0.0,0.5973417778809865,0.5973417778809865,0.0,0.12353168427944183,0.0,1.5513614900410175,0.24139299988746643,0.21068266779184341,0.6023135781288147,0.02265029400587082,0.09956173598766327,0.6577403545379639,0.12337663769721985,0.3235354609787464,0.5261933306852976,3.4284220721886283,0.0,0.5127905733429251,0.13939177244901657,0.1577106937766075,0.1938149258494377,0.2992049604654312,0.4778938293457031,0.6731965839862823,0.46579931676387787,0.47330817580223083,0.46256037056446075,0.48983997106552124,0.5638673603534698,0.7017847895622253,0.0,0.40071464516222477,0.40071464516222477
134,407.94699788093567,0.6022646764914195,0.0,0.0,0.0,0.0,0.0,0.0,0.0,0.6022646764914195,0.6022646764914195,0.0,0.12353168378273646,0.0,1.5513614900410175,0.24139299988746643,0.21068266779184341,0.6023135781288147,0.02265029400587082,0.09956173598766327,0.6577403545379639,0.12337663769721985,0.31963909914096195,0.5266960139075915,3.398708495137366,0.0,0.507564436893824,0.1398119404911995,0.15746350586414337,0.191845141351223,0.2955518960952759,0.4751800298690796,0.6579820811748505,0.4658544510602951,0.4742477089166641,0.4644233286380768,0.4977775067090988,0.5627837479114532,0.6950893402099609,0.0,0.39740956450502074,0.39740956450502074
135,411.11850094795227,0.5714273770650228,0.0,0.0,0.0,0.0,0.0,0.0,0.0,0.5714273770650228,0.5714273770650228,0.0,0.12353168328603109,0.0,1.5513614900410175,0.24139299988746643,0.21068266779184341,0.6023135781288147,0.02265029400587082,0.09956173598766327,0.6577403545379639,0.12337663769721985,0.32661272833744687,0.5298102224866549,3.5052426067543134,0.0,0.5274593793948813,0.140458881855011,0.15873006731271744,0.1947711780667305,0.3022652417421341,0.4923424571752548,0.6711085438728333,0.4658856689929962,0.47443753480911255,0.46360208094120026,0.49780985713005066,0.5645489692687988,0.712577223777771,0.0,0.40947759275635087,0.40947759275635087
136,414.2025508880615,0.6031448324521382,0.0,0.0,0.0,0.0,0.0,0.0,0.0,0.6031448324521382,0.6031448324521382,0.0,0.12353168427944183,0.0,1.5513614900410175,0.24139299988746643,0.21068266779184341,0.6023135781288147,0.02265029400587082,0.09956173598766327,0.6577403545379639,0.12337663769721985,0.3243992105126381,0.5264286175370216,3.450763616735166,0.0,0.5171937923645454,0.1400168165564537,0.15850715339183807,0.19593315571546555,0.30427689850330353,0.4831649363040924,0.6644963026046753,0.4659981280565262,0.4770316481590271,0.46908487379550934,0.4974992126226425,0.5517297685146332,0.6972280740737915,0.0,0.40378207340836525,0.40378207340836525
137,417.28573775291443,0.5936266521612803,0.0,0.0,0.0,0.0,0.0,0.0,0.0,0.5936266521612803,0.5936266521612803,0.0,0.12353168378273646,0.0,1.5513614900410175,0.24139299988746643,0.21068266779184341,0.6023135781288147,0.02265029400587082,0.09956173598766327,0.6577403545379639,0.12337663769721985,0.3265957186619441,0.5284047797322273,3.4842063292288667,0.0,0.5235328352247963,0.1403886303305626,0.15847603976726532,0.19475290924310684,0.30230505764484406,0.4891429543495178,0.6745087206363678,0.4660594165325165,0.4757285416126251,0.46678806841373444,0.4965988099575043,0.5603670179843903,0.7048868238925934,0.0,0.407869336505731,0.407869336505731
138,420.3937120437622,0.566212014357249,0.0,0.0,0.0,0.0,0.0,0.0,0.0,0.566212014357249,0.566212014357249,0.0,0.12353168427944183,0.0,1.5513614900410175,0.24139299988746643,0.21068266779184341,0.6023135781288147,0.02265029400587082,0.09956173598766327,0.6577403545379639,0.12337663769721985,0.3238685963054498,0.5251976276437441,3.405799469995152,0.0,0.5091140663197663,0.14032267034053802,0.15852414071559906,0.1945660039782524,0.29912710189819336,0.4779108762741089,0.6727607846260071,0.46598704159259796,0.4728328287601471,0.46293291449546814,0.4898254871368408,0.5571544468402863,0.7024530470371246,0.0,0.4008897362897793,0.4008897362897793
139,423.678151845932,0.5690622170766194,0.0,0.0,0.0,0.0,0.0,0.0,0.0,0.5690622170766194,0.5690622170766194,0.0,0.12353168328603109,0.0,1.5513614900410175,0.24139299988746643,0.21068266779184341,0.6023135781288147,0.02265029400587082,0.09956173598766327,0.6577403545379639,0.12337663769721985,0.31630534927050274,0.5220337336262068,3.3271103320305997,0.0,0.4947757496513993,0.14010871946811676,0.15797334909439087,0.19359499216079712,0.29450108110904694,0.4661571681499481,0.6454967856407166,0.46586577594280243,0.47134219110012054,0.45986783504486084,0.4897184818983078,0.5536571741104126,0.6917509436607361,0.0,0.39123125871022546,0.39123125871022546
140,426.892050743103,0.5645634770393372,0.0,0.0,0.0,0.0,0.0,0.0,0.0,0.5645634770393372,0.5645634770393372,0.0,0.1235316847761472,0.0,1.5513614900410175,0.24139299988746643,0.21068266779184341,0.6023135781288147,0.02265029400587082,0.09956173598766327,0.6577403545379639,0.12337663769721985,0.32344189162055653,0.5253802960117658,3.4302364576165902,0.0,0.5131545117099163,0.13945607095956802,0.1576821580529213,0.1928907409310341,0.2946445941925049,0.47836729884147644,0.6776104867458344,0.46583299338817596,0.47199031710624695,0.4603520929813385,0.48421937227249146,0.5628302097320557,0.7070567905902863,0.0,0.4009045952310165,0.4009045952310165
141,430.5339639186859,0.5667320926984151,0.0,0.0,0.0,0.0,0.0,0.0,0.0,0.5667320926984151,0.5667320926984151,0.0,0.12353168427944183,0.0,1.5513614900410175,0.24139299988746643,0.21068266779184341,0.6023135781288147,0.02265029400587082,0.09956173598766327,0.6577403545379639,0.12337663769721985,0.31798915192484856,0.5193920334180196,3.3531508675685724,0.0,0.4987512011586615,0.13876822590827942,0.15620367228984833,0.19031574577093124,0.2895338088274002,0.46531079709529877,0.6678026616573334,0.46575304865837097,0.4704792946577072,0.45793919265270233,0.48336705565452576,0.5477648973464966,0.6910487115383148,0.0,0.39164997451007366,0.39164997451007366
142,433.9682710170746,0.5846606969833374,0.0,0.0,0.0,0.0,0.0,0.0,0.0,0.5846606969833374,0.5846606969833374,0.0,0.12353168328603109,0.0,1.5513614900410175,0.24139299988746643,0.21068266779184341,0.6023135781288147,0.02265029400587082,0.09956173598766327,0.6577403545379639,0.12337663769721985,0.3193018051485221,0.5273758471012115,3.399736440737353,0.0,0.5076444338748102,0.13959842175245285,0.1573759764432907,0.1930885761976242,0.29812176525592804,0.47459784150123596,0.6530282497406006,0.46587592363357544,0.4740693122148514,0.4635600447654724,0.49856407940387726,0.5666991174221039,0.6954866051673889,0.0,0.39694982332487905,0.39694982332487905
143,437.2127170562744,0.5756611069043477,0.0,0.0,0.0,0.0,0.0,0.0,0.0,0.5756611069043477,0.5756611069043477,0.0,0.12353168328603109,0.0,1.5513614900410175,0.24139299988746643,0.21068266779184341,0.6023135781288147,0.02265029400587082,0.09956173598766327,0.6577403545379639,0.12337663769721985,0.3184281513094902,0.5217650358875593,3.4262336509641824,0.0,0.5119255328333262,0.13842206448316574,0.15561919659376144,0.18966029584407806,0.2890831530094147,0.47426633536815643,0.6635178625583649,0.4657745510339737,0.4696503281593323,0.4583546221256256,0.4916766583919525,0.5513083040714264,0.693825751543045,0.0,0.3963472433388233,0.3963472433388233
144,440.26843190193176,0.5488497972488403,0.0,0.0,0.0,0.0,0.0,0.0,0.0,0.5488497972488403,0.5488497972488403,0.0,0.12353168378273646,0.0,1.5513614900410175,0.24139299988746643,0.21068266779184341,0.6023135781288147,0.02265029400587082,0.09956173598766327,0.6577403545379639,0.12337663769721985,0.31344152117768925,0.5188462634881338,3.317729308535963,0.0,0.492123889106519,0.138339102268219,0.15666892379522324,0.19194549322128296,0.2888818681240082,0.45897169411182404,0.645842045545578,0.4658089280128479,0.4714682102203369,0.45918627083301544,0.48853351175785065,0.5471473634243011,0.6809332966804504,0.0,0.38620660764475667,0.38620660764475667
145,443.2188239097595,0.5713363289833069,0.0,0.0,0.0,0.0,0.0,0.0,0.0,0.5713363289833069,0.5713363289833069,0.0,0.12353168378273646,0.0,1.5513614900410175,0.24139299988746643,0.21068266779184341,0.6023135781288147,0.02265029400587082,0.09956173598766327,0.6577403545379639,0.12337663769721985,0.3208385941882928,0.5184787213802338,3.5065011673125683,0.0,0.5265854821816586,0.1379009559750557,0.1564299389719963,0.19170527905225754,0.2915462851524353,0.4835498631000519,0.6638992428779602,0.4657628685235977,0.4670060873031616,0.4529724270105362,0.4810149371623993,0.5517069101333618,0.692409098148346,0.0,0.4021942286441723,0.4021942286441723
146,446.2137026786804,0.6102893988291422,0.0,0.0,0.0,0.0,0.0,0.0,0.0,0.6102893988291422,0.6102893988291422,0.0,0.12353168378273646,0.0,1.5513614900410175,0.24139299988746643,0.21068266779184341,0.6023135781288147,0.02265029400587082,0.09956173598766327,0.6577403545379639,0.12337663769721985,0.32467832416296005,0.5241772805651029,3.4986429840712083,0.0,0.5257228427814987,0.13930555433034897,0.15837091952562332,0.19458767771720886,0.2978830337524414,0.48738040030002594,0.6705423593521118,0.4659194201231003,0.4719488024711609,0.4609201103448868,0.49929235875606537,0.5665161311626434,0.6804668605327606,0.0,0.406029362231493,0.406029362231493
147,449.37826704978943,0.6073257644971212,0.0,0.0,0.0,0.0,0.0,0.0,0.0,0.6073257644971212,0.6073257644971212,0.0,0.12353168427944183,0.0,1.5513614900410175,0.24139299988746643,0.21068266779184341,0.6023135781288147,0.02265029400587082,0.09956173598766327,0.6577403545379639,0.12337663769721985,0.3210796502729257,0.5240474169452985,3.4839100561671925,0.0,0.5226806426555284,0.13861531764268875,0.15721893310546875,0.1930442452430725,0.29428814351558685,0.482923299074173,0.6603879630565643,0.4658456891775131,0.4712933897972107,0.45743559300899506,0.49281977117061615,0.5688527524471283,0.6880373060703278,0.0,0.4020014746735493,0.4020014746735493
148,452.550892829895,0.5388248999913533,0.0,0.0,0.0,0.0,0.0,0.0,0.0,0.5388248999913533,0.5388248999913533,0.0,0.1235316847761472,0.0,1.5513614900410175,0.24139299988746643,0.21068266779184341,0.6023135781288147,0.02265029400587082,0.09956173598766327,0.6577403545379639,0.12337663769721985,0.31702859203020733,0.5211743339896202,3.387313871939859,0.0,0.504810913042561,0.13846393674612045,0.15660717338323593,0.19176650047302246,0.2931903451681137,0.469020813703537,0.6531227827072144,0.4658545106649399,0.47292089462280273,0.4632410258054733,0.4958367198705673,0.5513607263565063,0.6778321266174316,0.0,0.3930247028668722,0.3930247028668722
149,455.72353887557983,0.5788509289423625,0.0,0.0,0.0,0.0,0.0,0.0,0.0,0.5788509289423625,0.5788509289423625,0.0,0.12353168378273646,0.0,1.5513614900410175,0.24139299988746643,0.21068266779184341,0.6023135781288147,0.02265029400587082,0.09956173598766327,0.6577403545379639,0.12337663769721985,0.3173006425301234,0.5195025751988093,3.408738094873674,0.0,0.5091008089394959,0.1392204910516739,0.15712624788284302,0.19227008521556854,0.2917712330818176,0.47456619143486023,0.648849606513977,0.4659312814474106,0.47218912839889526,0.4605984538793564,0.48756206035614014,0.5554014444351196,0.6753330826759338,0.0,0.39593341698249185,0.39593341698249185
150,458.92653584480286,0.5299155632654826,0.0,0.0,0.0,0.0,0.0,0.0,0.0,0.5299155632654826,0.5299155632654826,0.0,0.1235316847761472,0.0,1.5513614900410175,0.24139299988746643,0.21068266779184341,0.6023135781288147,0.02265029400587082,0.09956173598766327,0.6577403545379639,0.12337663769721985,0.314150121062994,0.5246717259287834,3.3450154859956065,0.0,0.49717109907778134,0.13856419175863266,0.15608914196491241,0.19031371176242828,0.28654201328754425,0.46349936723709106,0.6498923003673553,0.46586039662361145,0.47112347185611725,0.46097637712955475,0.49587638676166534,0.5572091639041901,0.6969845592975616,0.0,0.38882474415004253,0.38882474415004253
151,462.08613085746765,0.6505739092826843,0.0,0.0,0.0,0.0,0.0,0.0,0.0,0.6505739092826843,0.6505739092826843,0.0,0.12353168427944183,0.0,1.5513614900410175,0.24139299988746643,0.21068266779184341,0.6023135781288147,0.02265029400587082,0.09956173598766327,0.6577403545379639,0.12337663769721985,0.33448420464992523,0.5327366441488266,3.639416664412117,0.0,0.5522273373600162,0.1393476277589798,0.1577567309141159,0.19495753943920135,0.3048323392868042,0.5071440786123276,0.7028669118881226,0.4659430831670761,0.47449009120464325,0.46627700328826904,0.5003176629543304,0.5771551430225372,0.7122368812561035,0.0,0.4208141416311264,0.4208141416311264
152,465.42946696281433,0.579930289586385,0.0,0.0,0.0,0.0,0.0,0.0,0.0,0.579930289586385,0.579930289586385,0.0,0.12353168378273646,0.0,1.5513614900410175,0.24139299988746643,0.21068266779184341,0.6023135781288147,0.02265029400587082,0.09956173598766327,0.6577403545379639,0.12337663769721985,0.3222705088555813,0.5247819622357687,3.468569314265203,0.0,0.5199170074431058,0.1388009563088417,0.15638091415166855,0.19176477938890457,0.2952311187982559,0.4814407378435135,0.6700045466423035,0.46583496034145355,0.47131167352199554,0.4603416323661804,0.492933988571167,0.5608936846256256,0.6973758339881897,0.0,0.4018556233495474,0.4018556233495474
153,468.6525900363922,0.5647036850452423,0.0,0.0,0.0,0.0,0.0,0.0,0.0,0.5647036850452423,0.5647036850452423,0.0,0.12353168378273646,0.0,1.5513614900410175,0.24139299988746643,0.21068266779184341,0.6023135781288147,0.02265029400587082,0.09956173598766327,0.6577403545379639,0.12337663769721985,0.31267788882056874,0.5218121558427811,3.303075834422793,0.0,0.48973836095972273,0.1387931853532791,0.15610924363136292,0.19174889475107193,0.2917013466358185,0.45844441652297974,0.6392702460289001,0.46578390896320343,0.4718402922153473,0.46080076694488525,0.49033595621585846,0.5521106123924255,0.6900013983249664,0.0,0.38556115267177427,0.38556115267177427
154,471.8631269931793,0.5917664527893066,0.0,0.0,0.0,0.0,0.0,0.0,0.0,0.5917664527893066,0.5917664527893066,0.0,0.12353168278932572,0.0,1.5513614900410175,0.24139299988746643,0.21068266779184341,0.6023135781288147,0.02265029400587082,0.09956173598766327,0.6577403545379639,0.12337663769721985,0.3229819213350614,0.5223024437824885,3.4198415671237976,0.0,0.5112668957419616,0.13949351757764816,0.15766801685094833,0.19350744783878326,0.29485636949539185,0.4770457297563553,0.6753204464912415,0.4659215360879898,0.4720466583967209,0.4610423147678375,0.4908740520477295,0.5556776523590088,0.6882524490356445,0.0,0.4000138255457083,0.4000138255457083
155,474.96547293663025,0.5992787301540374,0.0,0.0,0.0,0.0,0.0,0.0,0.0,0.5992787301540374,0.5992787301540374,0.0,0.1235316847761472,0.0,1.5513614900410175,0.24139299988746643,0.21068266779184341,0.6023135781288147,0.02265029400587082,0.09956173598766327,0.6577403545379639,0.12337663769721985,0.32709306851029396,0.5278603136539459,3.4442479467434297,0.0,0.515930681596741,0.13987959921360016,0.15824636071920395,0.19436703622341156,0.2998336851596832,0.4817800223827362,0.6884517073631287,0.4660933315753937,0.47475776076316833,0.46537016332149506,0.4939541071653366,0.5595280528068542,0.7074584662914276,0.0,0.4044365454465151,0.4044365454465151
156,478.1196799278259,0.5542271395524343,0.0,0.0,0.0,0.0,0.0,0.0,0.0,0.5542271395524343,0.5542271395524343,0.0,0.12353168278932572,0.0,1.5513614900410175,0.24139299988746643,0.21068266779184341,0.6023135781288147,0.02265029400587082,0.09956173598766327,0.6577403545379639,0.12337663769721985,0.31653016929825145,0.5231950382391611,3.3506189588974946,0.0,0.49880049088628886,0.13972993195056915,0.15737982094287872,0.19270098954439163,0.2941008508205414,0.4681817591190338,0.6470876634120941,0.4659988731145859,0.4721841812133789,0.4616709351539612,0.49383528530597687,0.5587073266506195,0.6867736279964447,0.0,0.3923559642086426,0.3923559642086426
157,481.2052128314972,0.5559404532114665,0.0,0.0,0.0,0.0,0.0,0.0,0.0,0.5559404532114665,0.5559404532114665,0.0,0.12353168427944183,0.0,1.5513614900410175,0.24139299988746643,0.21068266779184341,0.6023135781288147,0.02265029400587082,0.09956173598766327,0.6577403545379639,0.12337663769721985,0.3261666235824426,0.5202512368559837,3.4538295142212587,0.0,0.5174656335061691,0.13939499109983444,0.1578848510980606,0.19389384984970093,0.29589350521564484,0.4814465343952179,0.6884860098361969,0.46591493487358093,0.47042135894298553,0.4571894556283951,0.48855312168598175,0.5583350658416748,0.6810934841632843,0.0,0.4038065789888302,0.4038065789888302
158,484.20943689346313,0.5561185717582703,0.0,0.0,0.0,0.0,0.0,0.0,0.0,0.5561185717582703,0.5561185717582703,0.0,0.12353168328603109,0.0,1.5513614900410175,0.24139299988746643,0.21068266779184341,0.6023135781288147,0.02265029400587082,0.09956173598766327,0.6577403545379639,0.12337663769721985,0.3223162616292636,0.5194693629940351,3.393235949465958,0.0,0.5062936866667948,0.13926886022090912,0.15768058598041534,0.19335484504699707,0.29362791776657104,0.47257210314273834,0.6773932576179504,0.4659254401922226,0.4692368358373642,0.4563676565885544,0.4871639013290405,0.5573025047779083,0.6808198392391205,0.0,0.397444182386001,0.397444182386001
159,487.319189786911,0.5771730264027913,0.0,0.0,0.0,0.0,0.0,0.0,0.0,0.5771730264027913,0.5771730264027913,0.0,0.12353168378273646,0.0,1.5513614900410175,0.24139299988746643,0.21068266779184341,0.6023135781288147,0.02265029400587082,0.09956173598766327,0.6577403545379639,0.12337663769721985,0.31757041936119396,0.5218468854824702,3.3759554452721443,0.0,0.5026955300384545,0.13837780058383942,0.15628395229578018,0.1913708597421646,0.28930647671222687,0.4671572893857956,0.6629261374473572,0.46593277156352997,0.47068949043750763,0.4590070843696594,0.4890080690383911,0.5550934672355652,0.6913504302501678,0.0,0.39236385437349475,0.39236385437349475
160,490.54829478263855,0.5500662863254547,0.0,0.0,0.0,0.0,0.0,0.0,0.0,0.5500662863254547,0.5500662863254547,0.0,0.1235316847761472,0.0,1.5513614900410175,0.24139299988746643,0.21068266779184341,0.6023135781288147,0.02265029400587082,0.09956173598766327,0.6577403545379639,0.12337663769721985,0.3273307743171851,0.5260716577370962,3.4539996058197637,0.0,0.5173316747257389,0.13903911411762238,0.15733231604099274,0.19325364381074905,0.29355840384960175,0.4802410453557968,0.7005601227283478,0.4659882038831711,0.4722369313240051,0.45986105501651764,0.49113062024116516,0.5675657391548157,0.6996473968029022,0.0,0.403785909836491,0.403785909836491
161,493.63730788230896,0.5472946306069691,0.0,0.0,0.0,0.0,0.0,0.0,0.0,0.5472946306069691,0.5472946306069691,0.0,0.12353168378273646,0.0,1.5513614900410175,0.24139299988746643,0.21068266779184341,0.6023135781288147,0.02265029400587082,0.09956173598766327,0.6577403545379639,0.12337663769721985,0.3220311726133029,0.5258744433522224,3.5042884753416272,0.0,0.5268353633731617,0.1394483596086502,0.1569882109761238,0.1922440305352211,0.2968595176935196,0.4886672794818878,0.6579796373844147,0.46597200632095337,0.4697699397802353,0.45870932936668396,0.4944155514240265,0.5650368928909302,0.7013429403305054,0.0,0.4053492260475954,0.4053492260475954
162,496.8779139518738,0.5813728233178457,0.0,0.0,0.0,0.0,0.0,0.0,0.0,0.5813728233178457,0.5813728233178457,0.0,0.1235316847761472,0.0,1.5513614900410175,0.24139299988746643,0.21068266779184341,0.6023135781288147,0.02265029400587082,0.09956173598766327,0.6577403545379639,0.12337663769721985,0.3139045561353366,0.5240783045689265,3.343257645596374,0.0,0.4971744468656798,0.13917222619056702,0.15747512131929398,0.19336196035146713,0.29040567576885223,0.46528860926628113,0.6377237439155579,0.46605297923088074,0.4722129702568054,0.4602910131216049,0.4903632253408432,0.5558252930641174,0.6997243463993073,0.0,0.3895965827008089,0.3895965827008089
163,500.14775013923645,0.5437448203563691,0.0,0.0,0.0,0.0,0.0,0.0,0.0,0.5437448203563691,0.5437448203563691,0.0,0.1235316847761472,0.0,1.5513614900410175,0.24139299988746643,0.21068266779184341,0.6023135781288147,0.02265029400587082,0.09956173598766327,0.6577403545379639,0.12337663769721985,0.3219771347939968,0.5258293896913528,3.426099674425113,0.0,0.5123674723854039,0.13939793407917023,0.15797682106494904,0.19407091289758682,0.2940341830253601,0.47759121656417847,0.6687917411327362,0.4661070853471756,0.4718892127275467,0.4594525843858719,0.49428360164165497,0.5631144046783447,0.7001294493675232,0.0,0.39978417567908764,0.39978417567908764
164,503.31765389442444,0.5877018392086029,0.0,0.0,0.0,0.0,0.0,0.0,0.0,0.5877018392086029,0.5877018392086029,0.0,0.12353168378273646,0.0,1.5513614900410175,0.24139299988746643,0.21068266779184341,0.6023135781288147,0.02265029400587082,0.09956173598766327,0.6577403545379639,0.12337663769721985,0.31487932552893955,0.5206935877601305,3.3521327333392588,0.0,0.4987216273610588,0.1390639767050743,0.15679803490638733,0.19190233200788498,0.292011097073555,0.4661609083414078,0.643339604139328,0.46600541472435,0.4705841690301895,0.45859766006469727,0.4909432530403137,0.5522095561027527,0.6858214735984802,0.0,0.39052011693517363,0.39052011693517363
165,506.56293392181396,0.5556830565134684,0.0,0.0,0.0,0.0,0.0,0.0,0.0,0.5556830565134684,0.5556830565134684,0.0,0.12353168328603109,0.0,1.5513614900410175,0.24139299988746643,0.21068266779184341,0.6023135781288147,0.02265029400587082,0.09956173598766327,0.6577403545379639,0.12337663769721985,0.3239403925836086,0.5247144649426142,3.420884399717032,0.0,0.5108618715531466,0.13825414329767227,0.1564309075474739,0.19264929741621017,0.29461371898651123,0.4729514420032501,0.6887428462505341,0.46598121523857117,0.47330041229724884,0.4619198143482208,0.4905378073453903,0.5581434071063995,0.6984041333198547,0.0,0.3984459172934294,0.3984459172934294
166,509.8488748073578,0.5580103099346161,0.0,0.0,0.0,0.0,0.0,0.0,0.0,0.5580103099346161,0.5580103099346161,0.0,0.12353168427944183,0.0,1.5513614900410175,0.24139299988746643,0.21068266779184341,0.6023135781288147,0.02265029400587082,0.09956173598766327,0.6577403545379639,0.12337663769721985,0.3287086362640063,0.522840735812982,3.5469303778434536,0.0,0.5348624612552981,0.13960502296686172,0.15868821740150452,0.1966760978102684,0.3045940101146698,0.4951692968606949,0.6775191724300385,0.4659678339958191,0.4722474217414856,0.46183840930461884,0.4914529621601105,0.5610093176364899,0.6845284700393677,0.0,0.41193896656235063,0.41193896656235063
167,513.1093900203705,0.583168363571167,0.0,0.0,0.0,0.0,0.0,0.0,0.0,0.583168363571167,0.583168363571167,0.0,0.12353168378273646,0.0,1.5513614900410175,0.24139299988746643,0.21068266779184341,0.6023135781288147,0.02265029400587082,0.09956173598766327,0.6577403545379639,0.12337663769721985,0.3227136495212714,0.5235424687465032,3.4568001252499743,0.0,0.5179655449755172,0.1392916813492775,0.15736712515354156,0.19337467849254608,0.29676423966884613,0.481503501534462,0.6679806709289551,0.4659096896648407,0.47196753323078156,0.4610440582036972,0.49248626828193665,0.5560709536075592,0.6937763094902039,0.0,0.4021085755278667,0.4021085755278667
168,516.3013050556183,0.592652694384257,0.0,0.0,0.0,0.0,0.0,0.0,0.0,0.592652694384257,0.592652694384257,0.0,0.12353168378273646,0.0,1.5513614900410175,0.24139299988746643,0.21068266779184341,0.6023135781288147,0.02265029400587082,0.09956173598766327,0.6577403545379639,0.12337663769721985,0.31814563026030857,0.5231297512849172,3.4200215345700524,0.0,0.5113402357293065,0.13957618921995163,0.1574774831533432,0.19446123391389847,0.2969898283481598,0.477353572845459,0.6430154740810394,0.4659764915704727,0.4730882942676544,0.4626282900571823,0.4883594810962677,0.5555295348167419,0.6931964159011841,0.0,0.39774960155288375,0.39774960155288375
169,519.4137237071991,0.577197661002477,0.0,0.0,0.0,0.0,0.0,0.0,0.0,0.577197661002477,0.577197661002477,0.0,0.12353168378273646,0.0,1.5513614900410175,0.24139299988746643,0.21068266779184341,0.6023135781288147,0.02265029400587082,0.09956173598766327,0.6577403545379639,0.12337663769721985,0.31462524458765984,0.520790807902813,3.350874057306933,0.0,0.4983400686215848,0.13877075165510178,0.15640312433242798,0.19243046641349792,0.2912610322237015,0.4650033116340637,0.6438827812671661,0.46595537662506104,0.470741331577301,0.459672212600708,0.4903654307126999,0.5531333386898041,0.6848771572113037,0.0,0.3898142781108618,0.3898142781108618
170,522.6944768428802,0.5619266390800476,0.0,0.0,0.0,0.0,0.0,0.0,0.0,0.5619266390800476,0.5619266390800476,0.0,0.12353168378273646,0.0,1.5513614900410175,0.24139299988746643,0.21068266779184341,0.6023135781288147,0.02265029400587082,0.09956173598766327,0.6577403545379639,0.12337663769721985,0.31996818507711094,0.5194295371572176,3.3849929373937773,0.0,0.5044589480989422,0.13860772550106049,0.1563154235482216,0.1928102970123291,0.29371631145477295,0.4691861718893051,0.6691731810569763,0.46597491204738617,0.4715786874294281,0.45997723937034607,0.48333650827407837,0.5504568517208099,0.6852530241012573,0.0,0.39457717848320806,0.39457717848320806
171,525.9740319252014,0.5852401435375214,0.0,0.0,0.0,0.0,0.0,0.0,0.0,0.5852401435375214,0.5852401435375214,0.0,0.12353168378273646,0.0,1.5513614900410175,0.24139299988746643,0.21068266779184341,0.6023135781288147,0.02265029400587082,0.09956173598766327,0.6577403545379639,0.12337663769721985,0.3189302086830139,0.516198975344499,3.317511622555054,0.0,0.4927025781734515,0.13947215676307678,0.15787266939878464,0.19438336044549942,0.29608745872974396,0.4627005010843277,0.663065105676651,0.4659488946199417,0.47174490988254547,0.46006886661052704,0.4850854277610779,0.5475695133209229,0.6667762398719788,0.0,0.3908153548836708,0.3908153548836708
172,529.1636757850647,0.5572324931621552,0.0,0.0,0.0,0.0,0.0,0.0,0.0,0.5572324931621552,0.5572324931621552,0.0,0.12353168427944183,0.0,1.5513614900410175,0.24139299988746643,0.21068266779184341,0.6023135781288147,0.02265029400587082,0.09956173598766327,0.6577403545379639,0.12337663769721985,0.31373093898097676,0.5192575752735138,3.2916634440975727,0.0,0.48770760547512976,0.13881634920835495,0.15708819776773453,0.19278953224420547,0.293164998292923,0.45693670213222504,0.6435898542404175,0.4660237580537796,0.47446466982364655,0.4630720168352127,0.48793892562389374,0.5474261045455933,0.6766199767589569,0.0,0.3853338205566009,0.3853338205566009
173,532.3527557849884,0.5794094204902649,0.0,0.0,0.0,0.0,0.0,0.0,0.0,0.5794094204902649,0.5794094204902649,0.0,0.12353168378273646,0.0,1.5513614900410175,0.24139299988746643,0.21068266779184341,0.6023135781288147,0.02265029400587082,0.09956173598766327,0.6577403545379639,0.12337663769721985,0.3224638911585013,0.5262049535910288,3.4348005650529365,0.0,0.5134617050797269,0.13833311200141907,0.15686825662851334,0.1931893527507782,0.29573678970336914,0.47514665126800537,0.6755091845989227,0.4660356640815735,0.4741031974554062,0.46385885775089264,0.4943797290325165,0.5544348359107971,0.7044174373149872,0.0,0.3988052712132534,0.3988052712132534
174,535.6820299625397,0.5639165719350179,0.0,0.0,0.0,0.0,0.0,0.0,0.0,0.5639165719350179,0.5639165719350179,0.0,0.12353168427944183,0.0,1.5513614900410175,0.24139299988746643,0.21068266779184341,0.6023135781288147,0.02265029400587082,0.09956173598766327,0.6577403545379639,0.12337663769721985,0.31920718277494115,0.5157527054349581,3.413970529607996,0.0,0.5099726166563642,0.1390446424484253,0.15795133262872696,0.1951899379491806,0.2991282492876053,0.47469431161880493,0.6492346227169037,0.46612250804901123,0.4724239110946655,0.4603717178106308,0.48377761244773865,0.550673097372055,0.6611473858356476,0.0,0.39695074719687307,0.39695074719687307
175,538.9104428291321,0.5678523739178976,0.0,0.0,0.0,0.0,0.0,0.0,0.0,0.5678523739178976,0.5678523739178976,0.0,0.12353168378273646,0.0,1.5513614900410175,0.24139299988746643,0.21068266779184341,0.6023135781288147,0.02265029400587082,0.09956173598766327,0.6577403545379639,0.12337663769721985,0.31510647758841515,0.5204726631442705,3.3708520192828497,0.0,0.5021047453802874,0.13904252648353577,0.15694878995418549,0.19187181442975998,0.29007627069950104,0.46869178116321564,0.644007682800293,0.46608300507068634,0.4710398018360138,0.45873916149139404,0.48709943890571594,0.5470410585403442,0.6928335130214691,0.0,0.3918991293758154,0.3918991293758154
176,542.1215558052063,0.5854102889696757,0.0,0.0,0.0,0.0,0.0,0.0,0.0,0.5854102889696757,0.5854102889696757,0.0,0.12353168378273646,0.0,1.5513614900410175,0.24139299988746643,0.21068266779184341,0.6023135781288147,0.02265029400587082,0.09956173598766327,0.6577403545379639,0.12337663769721985,0.3199564019838969,0.5197329496343931,3.404598256029368,0.0,0.5081423699918991,0.13881126791238785,0.157291978597641,0.19466734677553177,0.29817742109298706,0.47259660065174103,0.6581937968730927,0.46609196066856384,0.4734329581260681,0.46203500032424927,0.48764361441135406,0.5487827062606812,0.6804114580154419,0.0,0.396276501317819,0.396276501317819
177,545.3944160938263,0.5317000687122345,0.0,0.0,0.0,0.0,0.0,0.0,0.0,0.5317000687122345,0.5317000687122345,0.0,0.12353168427944183,0.0,1.5513614900410175,0.24139299988746643,0.21068266779184341,0.6023135781288147,0.02265029400587082,0.09956173598766327,0.6577403545379639,0.12337663769721985,0.33179110412796337,0.5222783088684082,3.616988345393913,0.0,0.5474973116007416,0.13805871456861496,0.15607114881277084,0.19196044653654099,0.29723064601421356,0.4993567615747452,0.7080689072608948,0.4660334140062332,0.47246114909648895,0.4595170170068741,0.48579369485378265,0.5584166347980499,0.6914479434490204,0.0,0.41557393285135424,0.41557393285135424
178,548.6859078407288,0.5922121385733287,0.0,0.0,0.0,0.0,0.0,0.0,0.0,0.5922121385733287,0.5922121385733287,0.0,0.12353168378273646,0.0,1.5513614900410175,0.24139299988746643,0.21068266779184341,0.6023135781288147,0.02265029400587082,0.09956173598766327,0.6577403545379639,0.12337663769721985,0.312618484099706,0.519920751452446,3.35236546834998,0.0,0.4983868890058217,0.13834106922149658,0.15564530342817307,0.1906588152050972,0.28902360796928406,0.4637698233127594,0.6382722854614258,0.4660733789205551,0.47263506054878235,0.46095579862594604,0.48692966997623444,0.5488820672035217,0.6840485334396362,0.0,0.38819415370623267,0.38819415370623267
179,551.7839620113373,0.5427663842837016,0.0,0.0,0.0,0.0,0.0,0.0,0.0,0.5427663842837016,0.5427663842837016,0.0,0.12353168427944183,0.0,1.5513614900410175,0.24139299988746643,0.21068266779184341,0.6023135781288147,0.02265029400587082,0.09956173598766327,0.6577403545379639,0.12337663769721985,0.32117854803800583,0.5231210018197695,3.500391735445931,0.0,0.5256211180348025,0.1383187249302864,0.15645171701908112,0.19209358841180801,0.2929461747407913,0.48416972160339355,0.6630913615226746,0.46606768667697906,0.4715394079685211,0.4586508274078369,0.48714515566825867,0.559678465127945,0.6956444680690765,0.0,0.4026741348206997,0.4026741348206997
180,555.019633769989,0.6281664689381917,0.0,0.0,0.0,0.0,0.0,0.0,0.0,0.6281664689381917,0.6281664689381917,0.0,0.12353168328603109,0.0,1.5513614900410175,0.24139299988746643,0.21068266779184341,0.6023135781288147,0.02265029400587082,0.09956173598766327,0.6577403545379639,0.12337663769721985,0.3149055639902751,0.5232031519214312,3.370506130315594,0.0,0.5018725199658195,0.1387116089463234,0.1560550183057785,0.19048241525888443,0.28733615577220917,0.4675283282995224,0.6493198573589325,0.4660845994949341,0.4718603789806366,0.45859842002391815,0.4814879894256592,0.5536468923091888,0.7075406312942505,0.0,0.39121694614489877,0.39121694614489877
181,558.0531659126282,0.5674650192260742,0.0,0.0,0.0,0.0,0.0,0.0,0.0,0.5674650192260742,0.5674650192260742,0.0,0.12353168427944183,0.0,1.5513614900410175,0.24139299988746643,0.21068266779184341,0.6023135781288147,0.02265029400587082,0.09956173598766327,0.6577403545379639,0.12337663769721985,0.3218692031999429,0.522426096101602,3.43703083824238,0.0,0.5141258142839583,0.13887306302785873,0.15653815865516663,0.19212795794010162,0.2952229380607605,0.47731100022792816,0.6711421012878418,0.46617648005485535,0.47253091633319855,0.46227043867111206,0.48845651745796204,0.5580109357833862,0.6871112883090973,0.0,0.3995901017139355,0.3995901017139355
182,560.982647895813,0.5675700306892395,0.0,0.0,0.0,0.0,0.0,0.0,0.0,0.5675700306892395,0.5675700306892395,0.0,0.12353168427944183,0.0,1.5513614900410175,0.24139299988746643,0.21068266779184341,0.6023135781288147,0.02265029400587082,0.09956173598766327,0.6577403545379639,0.12337663769721985,0.3158683714767297,0.5228744124372801,3.343461321660344,0.0,0.49692977130274757,0.13864020258188248,0.15639564394950867,0.1918233036994934,0.2904958724975586,0.46353815495967865,0.6543170511722565,0.4661511033773422,0.4725101590156555,0.4614008963108063,0.4888455271720886,0.5597453117370605,0.6885934770107269,0.0,0.38970326321820414,0.38970326321820414
183,563.9102869033813,0.6205876648426056,0.0,0.0,0.0,0.0,0.0,0.0,0.0,0.6205876648426056,0.6205876648426056,0.0,0.12353168527285258,0.0,1.5513614900410175,0.24139299988746643,0.21068266779184341,0.6023135781288147,0.02265029400587082,0.09956173598766327,0.6577403545379639,0.12337663769721985,0.32032452896237373,0.5250876421729723,3.449651587524132,0.0,0.5162129279299174,0.1383536532521248,0.1554039865732193,0.18992620706558228,0.2901512235403061,0.4772718995809555,0.6708402037620544,0.46610327064991,0.4716544896364212,0.4606744199991226,0.4927101731300354,0.5643953382968903,0.6949881613254547,0.0,0.3987982142716646,0.3987982142716646
184,566.8369579315186,0.5791308005650838,0.0,0.0,0.0,0.0,0.0,0.0,0.0,0.5791308005650838,0.5791308005650838,0.0,0.12353168378273646,0.0,1.5513614900410175,0.24139299988746643,0.21068266779184341,0.6023135781288147,0.02265029400587082,0.09956173598766327,0.6577403545379639,0.12337663769721985,0.3224496617913246,0.5269949908057848,3.4736693546456188,0.0,0.5207158540871523,0.13847341388463974,0.15562232583761215,0.19034653902053833,0.29194560647010803,0.4810108542442322,0.6772992312908173,0.46607139706611633,0.47147955000400543,0.46126607060432434,0.4937918782234192,0.5625455677509308,0.7068154811859131,0.0,0.4017302580177784,0.4017302580177784
185,569.7722437381744,0.5939873258272806,0.0,0.0,0.0,0.0,0.0,0.0,0.0,0.5939873258272806,0.5939873258272806,0.0,0.1235316847761472,0.0,1.5513614900410175,0.24139299988746643,0.21068266779184341,0.6023135781288147,0.02265029400587082,0.09956173598766327,0.6577403545379639,0.12337663769721985,0.32591139152646065,0.5338075459003448,3.569067611418197,0.0,0.5389333352940054,0.13939588516950607,0.15717002749443054,0.19263377785682678,0.29847459495067596,0.4975133389234543,0.6702807247638702,0.46607576310634613,0.47240951657295227,0.46155695617198944,0.5044198632240295,0.5767479538917542,0.7216352224349976,0.0,0.41171236522495747,0.41171236522495747
186,572.7685148715973,0.5674910187721253,0.0,0.0,0.0,0.0,0.0,0.0,0.0,0.5674910187721253,0.5674910187721253,0.0,0.12353168378273646,0.0,1.5513614900410175,0.24139299988746643,0.21068266779184341,0.6023135781288147,0.02265029400587082,0.09956173598766327,0.6577403545379639,0.12337663769721985,0.3206124044954777,0.5267418349782625,3.457035636670895,0.0,0.5181859202327753,0.1396717131137848,0.15754485875368118,0.19285531342029572,0.2917449325323105,0.4828500896692276,0.6590075194835663,0.46608980000019073,0.4709564447402954,0.4578315168619156,0.48623014986515045,0.566294401884079,0.7130486965179443,0.0,0.40173124708235264,0.40173124708235264
187,575.7499239444733,0.5742994348208109,0.0,0.0,0.0,0.0,0.0,0.0,0.0,0.5742994348208109,0.5742994348208109,0.0,0.12353168378273646,0.0,1.5513614900410175,0.24139299988746643,0.21068266779184341,0.6023135781288147,0.02265029400587082,0.09956173598766327,0.6577403545379639,0.12337663769721985,0.31130597616235417,0.5235221261779467,3.2929139941610663,0.0,0.4882107402592571,0.1393130198121071,0.15667131543159485,0.1914643943309784,0.2861281782388687,0.4587457925081253,0.6355131566524506,0.4661332666873932,0.47324007749557495,0.4627465605735779,0.4895877093076706,0.5471114218235016,0.7023137211799622,0.0,0.38502588433523977,0.38502588433523977
188,578.7821159362793,0.5693149010340373,0.0,0.0,0.0,0.0,0.0,0.0,0.0,0.5693149010340373,0.5693149010340373,0.0,0.12353168378273646,0.0,1.5513614900410175,0.24139299988746643,0.21068266779184341,0.6023135781288147,0.02265029400587082,0.09956173598766327,0.6577403545379639,0.12337663769721985,0.3309137436250846,0.5278758332133293,3.523461140361319,0.0,0.5301446174132879,0.13882462680339813,0.15729068964719772,0.19379498064517975,0.2958410084247589,0.48914317786693573,0.7105879783630371,0.46616488695144653,0.47311221063137054,0.4618103951215744,0.49314118921756744,0.5714448988437653,0.7015814185142517,0.0,0.4100284607460102,0.4100284607460102
189,581.8331818580627,0.5774217406908672,0.0,0.0,0.0,0.0,0.0,0.0,0.0,0.5774217406908672,0.5774217406908672,0.0,0.12353168527285258,0.0,1.5513614900410175,0.24139299988746643,0.21068266779184341,0.6023135781288147,0.02265029400587082,0.09956173598766327,0.6577403545379639,0.12337663769721985,0.3208571846286456,0.5180852860212326,3.4004163143686883,0.0,0.506846332848403,0.13772092014551163,0.15581545233726501,0.19197257608175278,0.2909003496170044,0.4683084636926651,0.6804253458976746,0.4660928547382355,0.47177334129810333,0.4593357443809509,0.47830553352832794,0.548071950674057,0.684932291507721,0.0,0.3945828241606554,0.3945828241606554
190,584.8967008590698,0.5526825606822967,0.0,0.0,0.0,0.0,0.0,0.0,0.0,0.5526825606822967,0.5526825606822967,0.0,0.12353168328603109,0.0,1.5513614900410175,0.24139299988746643,0.21068266779184341,0.6023135781288147,0.02265029400587082,0.09956173598766327,0.6577403545379639,0.12337663769721985,0.3205760071674983,0.5206273148457209,3.403725297834548,0.0,0.5078201062113765,0.13847891986370087,0.1561426967382431,0.19123642146587372,0.2942270487546921,0.4713442027568817,0.6720267534255981,0.4660259187221527,0.4708378314971924,0.45882469415664673,0.4862675964832306,0.5452620983123779,0.6965457499027252,0.0,0.39596010496219003,0.39596010496219003
191,587.8742949962616,0.5574832876523336,0.0,0.0,0.0,0.0,0.0,0.0,0.0,0.5574832876523336,0.5574832876523336,0.0,0.12353168527285258,0.0,1.5513614900410175,0.24139299988746643,0.21068266779184341,0.6023135781288147,0.02265029400587082,0.09956173598766327,0.6577403545379639,0.12337663769721985,0.31764322395126027,0.5216653421521187,3.412922159640742,0.0,0.5097521727698746,0.13898637890815735,0.15729045122861862,0.19341562688350677,0.29358091950416565,0.4743496924638748,0.6482362747192383,0.46619850397109985,0.4724758565425873,0.46083804965019226,0.48896564543247223,0.5507868528366089,0.6907271444797516,0.0,0.39599645820756757,0.39599645820756757
192,591.0188579559326,0.5336783846219381,0.0,0.0,0.0,0.0,0.0,0.0,0.0,0.5336783846219381,0.5336783846219381,0.0,0.12353168378273646,0.0,1.5513614900410175,0.24139299988746643,0.21068266779184341,0.6023135781288147,0.02265029400587082,0.09956173598766327,0.6577403545379639,0.12337663769721985,0.3140111217896144,0.5188067629933357,3.3135259171392595,0.0,0.49172033930861697,0.13898706436157227,0.15677357465028763,0.19269783049821854,0.29146718978881836,0.46053723990917206,0.6436038315296173,0.466200053691864,0.473553866147995,0.4631357938051224,0.488160640001297,0.5418629944324493,0.6799272298812866,0.0,0.38727418084939325,0.38727418084939325
193,594.2208569049835,0.568223774433136,0.0,0.0,0.0,0.0,0.0,0.0,0.0,0.568223774433136,0.568223774433136,0.0,0.12353168378273646,0.0,1.5513614900410175,0.24139299988746643,0.21068266779184341,0.6023135781288147,0.02265029400587082,0.09956173598766327,0.6577403545379639,0.12337663769721985,0.3280258923768997,0.5272525623440742,3.594325524275123,0.0,0.5436191228264553,0.13919731974601746,0.15708280354738235,0.19361791759729385,0.3014052212238312,0.5003204792737961,0.6765316128730774,0.4663090854883194,0.4725422263145447,0.4621233642101288,0.494861900806427,0.567587822675705,0.7000909745693207,0.0,0.4141731858253479,0.4141731858253479
194,597.4302628040314,0.6046365261077881,0.0,0.0,0.0,0.0,0.0,0.0,0.0,0.6046365261077881,0.6046365261077881,0.0,0.12353168328603109,0.0,1.5513614900410175,0.24139299988746643,0.21068266779184341,0.6023135781288147,0.02265029400587082,0.09956173598766327,0.6577403545379639,0.12337663769721985,0.31511610994736355,0.5253138268987337,3.3463790391396877,0.0,0.4977220330824885,0.13914155960083008,0.15691518783569336,0.1930246502161026,0.2913232445716858,0.46562039852142334,0.644671618938446,0.46639443933963776,0.4746890664100647,0.4635256230831146,0.4918946921825409,0.5552476048469543,0.7001315355300903,0.0,0.3903682542343935,0.3903682542343935
195,600.6656949520111,0.5802143037319183,0.0,0.0,0.0,0.0,0.0,0.0,0.0,0.5802143037319183,0.5802143037319183,0.0,0.12353168378273646,0.0,1.5513614900410175,0.24139299988746643,0.21068266779184341,0.6023135781288147,0.02265029400587082,0.09956173598766327,0.6577403545379639,0.12337663769721985,0.32843854775031406,0.5250039299329122,3.5380611157921646,0.0,0.5333736159897051,0.14001180231571198,0.1576104462146759,0.19371996819972992,0.2977879047393799,0.4953703135251999,0.6861308515071869,0.46653710305690765,0.4729587584733963,0.4618081897497177,0.4915117174386978,0.560049831867218,0.6971579790115356,0.0,0.41190443063775695,0.41190443063775695
196,603.7948949337006,0.5647525052229564,0.0,0.0,0.0,0.0,0.0,0.0,0.0,0.5647525052229564,0.5647525052229564,0.0,0.12353168229262033,0.0,1.5513614900410175,0.24139299988746643,0.21068266779184341,0.6023135781288147,0.02265029400587082,0.09956173598766327,0.6577403545379639,0.12337663769721985,0.3214411710699399,0.5247496490677198,3.4289977013562547,0.0,0.5128463681424399,0.13928813487291336,0.1572599858045578,0.1939474418759346,0.2930923253297806,0.4776186943054199,0.6674404442310333,0.4664330780506134,0.4736270010471344,0.4617463946342468,0.4869726449251175,0.5474627614021301,0.7122560143470764,0.0,0.3995299326876799,0.3995299326876799
197,606.9100337028503,0.5564845740795136,0.0,0.0,0.0,0.0,0.0,0.0,0.0,0.5564845740795136,0.5564845740795136,0.0,0.12353168378273646,0.0,1.5513614900410175,0.24139299988746643,0.21068266779184341,0.6023135781288147,0.02265029400587082,0.09956173598766327,0.6577403545379639,0.12337663769721985,0.3159610430399577,0.5197509278853735,3.3000390164428732,0.0,0.48937291588689197,0.1391143724322319,0.15673015266656876,0.19318218529224396,0.28898924589157104,0.45908285677433014,0.6586674451828003,0.4662715345621109,0.47290046513080597,0.4612085223197937,0.48134273290634155,0.5541880428791046,0.6825942695140839,0.0,0.38752194990714395,0.38752194990714395
198,610.0919899940491,0.5828550239404042,0.0,0.0,0.0,0.0,0.0,0.0,0.0,0.5828550239404042,0.5828550239404042,0.0,0.12353168378273646,0.0,1.5513614900410175,0.24139299988746643,0.21068266779184341,0.6023135781288147,0.02265029400587082,0.09956173598766327,0.6577403545379639,0.12337663769721985,0.31499716142813367,0.5250393475095431,3.3818787142005338,0.0,0.5037490643958051,0.13832427561283112,0.15642251819372177,0.19221913069486618,0.28771425783634186,0.4677959233522415,0.6475068628787994,0.4662993550300598,0.47332943975925446,0.46232976019382477,0.4872809797525406,0.5628962218761444,0.6981003284454346,0.0,0.3913965423901876,0.3913965423901876
199,613.3986489772797,0.561756060520808,0.0,0.0,0.0,0.0,0.0,0.0,0.0,0.561756060520808,0.561756060520808,0.0,0.12353168378273646,0.0,1.5513614900410175,0.24139299988746643,0.21068266779184341,0.6023135781288147,0.02265029400587082,0.09956173598766327,0.6577403545379639,0.12337663769721985,0.3235841505229473,0.5185890967647234,3.4032762904975082,0.0,0.5082703672374301,0.13955865055322647,0.15773680061101913,0.19462666660547256,0.295696422457695,0.4749566465616226,0.6789297163486481,0.4662916958332062,0.4709765613079071,0.45891599357128143,0.48172345757484436,0.5488744676113129,0.6847524046897888,0.0,0.39927039854228497,0.39927039854228497
200,616.6453709602356,0.5802213867505391,0.0,0.0,0.0,0.0,0.0,0.0,0.0,0.5802213867505391,0.5802213867505391,0.0,0.12353168328603109,0.0,1.5513614900410175,0.24139299988746643,0.21068266779184341,0.6023135781288147,0.02265029400587082,0.09956173598766327,0.6577403545379639,0.12337663769721985,0.3206704631447792,0.5215772936741511,3.458220052271011,0.0,0.5184033050221195,0.13966967165470123,0.15746662765741348,0.19329427927732468,0.295333132147789,0.4830084592103958,0.655250608921051,0.46639683842658997,0.4709666073322296,0.4583152234554291,0.48682740330696106,0.5495261549949646,0.6974315345287323,0.0,0.4018394611775875,0.4018394611775875
