epoch,elapsed_time,total_loss,l_pred,l_multi,l_var,l_vel,l_sparse,l_probe,l_coord,spike_rate,grad_norm,val_total_loss,val_l_pred,val_l_multi,val_l_probe,val_l_coord,val_pos_err,val_vel_err,val_spike_rate,grad_norm_recent,combined_score
1,7.494013071060181,1.2889497429132462,0.26926729281743367,0.0,0.46172498861948646,0.42052781184514365,0.0,0.3653626581033071,0.2168048878510793,0.1144000103076299,1.2739277104536693,6.730997532606125,5.809762716293335,0.4901166558265686,0.3380882441997528,0.20648597180843353,0.656436949968338,0.8222217261791229,0.11494966223835945,0.8737372189760209,1.0675478130578995
2,14.42751693725586,1.1193391450991232,0.26516337593396505,0.0,0.3095174829165141,0.32909979422887164,0.0,0.3166175921758016,0.16959289610385894,0.11951307505369187,0.36937479476133983,6.44238305836916,5.649817943572998,0.2542305737733841,0.3327249139547348,0.1561560407280922,0.6013831496238708,0.8358422219753265,0.12061959132552147,0.35677038282155993,1.0193042606115341
3,21.19757604598999,0.995601233591636,0.2513822545607885,0.0,0.27693997224171957,0.29295178651809695,0.0,0.2757457852363586,0.12371680289506912,0.12441509316364924,0.223542453845342,6.310962583869696,5.587873697280884,0.2490760013461113,0.2992754429578781,0.11804060637950897,0.5420079827308655,0.8120490610599518,0.1247662641108036,0.2049598902463913,0.9480325132608414
4,27.890671014785767,0.9163405306016406,0.2453685909509659,0.0,0.262477187315623,0.2709525336821874,0.0,0.24769305189450583,0.0924123004078865,0.1281238595644633,0.18578196465969085,6.203033100813627,5.529269218444824,0.24402203410863876,0.2758764326572418,0.09199526906013489,0.4798853099346161,0.8006573021411896,0.12740182131528854,0.18820557743310928,0.8802139610052109
5,34.582229137420654,0.8497307355826099,0.23982175588607788,0.0,0.2522616356611252,0.2530186355113983,0.0,0.22387899259726207,0.06943677018086115,0.1303101678689321,0.1784684141476949,6.117323379963636,5.474538564682007,0.23886322230100632,0.2616766020655632,0.07122229784727097,0.4119664132595062,0.8081730306148529,0.12831194698810577,0.1705423191189766,0.8160529285669327
6,41.44036793708801,0.7853657733649015,0.2337495227654775,0.0,0.24131214022636413,0.24273282587528228,0.0,0.1991093506415685,0.05266612693667412,0.13051812052726747,0.18128946175177893,5.982711490243673,5.394642353057861,0.2319428250193596,0.2360488623380661,0.05873126536607742,0.33778366446495056,0.7958087623119354,0.1282898485660553,0.19479148536920549,0.7356880456209183
7,48.13083291053772,0.7295124103625615,0.22859057386716206,0.0,0.2346451312303543,0.23314231634140015,0.0,0.17712107996145884,0.04429339542984963,0.13014708161354066,0.16284502943356832,5.891911271959543,5.351089239120483,0.22806627303361893,0.21339444816112518,0.052698519080877304,0.2698437571525574,0.7783502340316772,0.12778017669916153,0.16034096851944923,0.659018874168396
8,54.86203408241272,0.6895963666960597,0.22565135657787322,0.0,0.2315622677405675,0.22105698088804882,0.0,0.16215440134207407,0.039676610256234805,0.12947238584359486,0.14706782946983973,5.851443786174059,5.326697587966919,0.22596491128206253,0.20588187128305435,0.048371780663728714,0.2246934175491333,0.7786290645599365,0.12778349220752716,0.15300790816545487,0.6140079498291016
9,61.71031093597412,0.6642261351458728,0.22391484280427296,0.0,0.22820062637329103,0.21232724686463675,0.0,0.15306969086329142,0.034588166822989784,0.1287579208612442,0.1421188975373904,5.819805692881346,5.3222362995147705,0.22547443956136703,0.19241608679294586,0.04173913225531578,0.2063392847776413,0.7533230483531952,0.12637852132320404,0.1337382435798645,0.5830008089542389
10,68.4883291721344,0.6544710441026836,0.22330993711948394,0.0,0.22187918523947397,0.20632471938927968,0.0,0.15082973837852479,0.027675722166895865,0.12761235932509105,0.155465134481589,5.798929758369923,5.308640956878662,0.22439493238925934,0.18904566764831543,0.03604254126548767,0.19785696268081665,0.7486365139484406,0.12571562081575394,0.16007027626037598,0.5721752196550369
11,75.23520112037659,0.6410298557175944,0.22227331300576528,0.0,0.21433108846346538,0.19859208563963573,0.0,0.14723480095465977,0.02371859544267257,0.12693690260251364,0.1702239270011584,5.753381844609976,5.2681965827941895,0.22091572731733322,0.18736369907855988,0.033463070169091225,0.176144041121006,0.7509757876396179,0.12529000639915466,0.16423131749033928,0.551631934940815
12,81.9328179359436,0.6253197012158732,0.22115403215090434,0.0,0.2124331255753835,0.19014896949132284,0.0,0.14229092846314112,0.021773448648552098,0.12670486172040304,0.1499146764477094,5.723236981779337,5.252018928527832,0.21962208300828934,0.18070350587368011,0.0318544153124094,0.1642196848988533,0.7369777858257294,0.12493012845516205,0.14661414101719855,0.532708577811718
13,88.526034116745,0.6106480320527529,0.21867900888125102,0.0,0.21139441827932995,0.18393961389859517,0.0,0.1378907412290573,0.020521984808146952,0.12627322127421697,0.171356134613355,5.666714731603861,5.212480306625366,0.21634192019701004,0.1730317324399948,0.03064718097448349,0.1561526358127594,0.7204297482967377,0.12481886893510818,0.17691200971603394,0.5163675099611282
14,95.16000485420227,0.5982196215462561,0.21641657153765362,0.0,0.2106408804655075,0.17836139003435772,0.0,0.13431104570627211,0.019574491369227568,0.12603840976953506,0.16736820191144944,5.651219118386507,5.200436353683472,0.21545223146677017,0.17152832448482513,0.03000615816563368,0.15041782706975937,0.7178050577640533,0.12472330406308174,0.1545204609632492,0.509320355951786
15,102.0217821598053,0.5880513135654231,0.21431423127651214,0.0,0.21023897627989452,0.17355818450450897,0.0,0.1315525437394778,0.01886004420618216,0.12555636962254843,0.14262505769729614,5.592142343521118,5.15928316116333,0.2119291126728058,0.1634473130106926,0.02951177768409252,0.1454320028424263,0.6945395171642303,0.12407418712973595,0.13462976962327958,0.4927017614245415
16,108.78638291358948,0.5777766121163344,0.2120667318503062,0.0,0.21067458788553875,0.16868185102939606,0.0,0.12878181288639703,0.01825246661901474,0.12520605623722075,0.16380971521139145,5.5984103716909885,5.1610634326934814,0.2119407132267952,0.16568829119205475,0.02869959268718958,0.14060774445533752,0.7023096978664398,0.12381545081734657,0.15789885073900223,0.49176259338855743
17,115.50767183303833,0.5697454104665667,0.2100015699863434,0.0,0.21054775516192117,0.1644705206155777,0.0,0.1268935903906822,0.017777508497238158,0.12497515281041463,0.14863544801870981,5.5577523447573185,5.136129856109619,0.20984668284654617,0.15834957361221313,0.028139333240687847,0.13652663677930832,0.6860640347003937,0.12376069650053978,0.139891617000103,0.47955865412950516
18,122.24106097221375,0.5657665172591806,0.20809031625588734,0.0,0.21138889094193777,0.16408808529376984,0.0,0.1259470373392105,0.017327956606944403,0.12465657591819763,0.18487541476885477,5.537372909486294,5.118586778640747,0.20829634368419647,0.15731897950172424,0.027936402708292007,0.13341134041547775,0.6812416911125183,0.12338489294052124,0.16854816377162934,0.4740321859717369
19,128.8753318786621,0.5545307618721078,0.2062494973341624,0.0,0.21112828950087228,0.15851231515407563,0.0,0.12268184224764506,0.016990609529117743,0.12426529973745346,0.16143270681301752,5.462426416575909,5.05602240562439,0.20313163101673126,0.1524190977215767,0.027728614397346973,0.13077840209007263,0.6684604585170746,0.12286220118403435,0.16702540814876557,0.4650086313486099
20,135.5708281993866,0.5501294411486015,0.2029847284158071,0.0,0.21195343633492789,0.15815269152323405,0.0,0.12218439429998398,0.016694854634503525,0.12393098970254263,0.15584457119305928,5.433537852019072,5.029312372207642,0.20098241418600082,0.15186713635921478,0.027393894270062447,0.12813007831573486,0.6716494858264923,0.1226152665913105,0.15237470120191574,0.463954821228981
21,142.22501802444458,0.5419428595885013,0.20047915081183115,0.0,0.21306429505348207,0.15457616448402406,0.0,0.12020200391610464,0.01643460855508844,0.12366476853688559,0.18128037005662917,5.416455697268248,5.015369653701782,0.19984891265630722,0.15058079361915588,0.02709772251546383,0.1261288747191429,0.6638062000274658,0.12249947711825371,0.17381420880556106,0.4580319747328758
22,148.83461213111877,0.5376753729224826,0.19856399695078533,0.0,0.213708824912707,0.1544700026512146,0.0,0.11903701176246008,0.016209821434070668,0.12341916362444559,0.20497382879257203,5.39139723777771,4.998074054718018,0.19845256209373474,0.1470484510064125,0.026729869656264782,0.12428286299109459,0.6531830430030823,0.12197893485426903,0.21694727391004562,0.4508743844926357
23,155.46245408058167,0.5327832089504227,0.19578452905019125,0.0,0.2135993520418803,0.1543420414129893,0.0,0.1180314838886261,0.01603170605376363,0.12299034297466278,0.19197951555252074,5.347990721464157,4.951480150222778,0.1946968138217926,0.14958108216524124,0.026463566347956657,0.12286446616053581,0.6611914932727814,0.12184733152389526,0.1986297309398651,0.4534602127969265
24,162.17177987098694,0.5290170595282688,0.19361232618490856,0.0,0.21504789193471271,0.15254777272542316,0.0,0.11762427339951197,0.015850116312503815,0.12275423258543014,0.20610675265391667,5.3294523768126965,4.935906410217285,0.19336425513029099,0.1484319195151329,0.026341993361711502,0.12201397120952606,0.6584360599517822,0.12130609527230263,0.20784567445516586,0.4512320011854172
25,168.7818169593811,0.5236572441800187,0.1913003534078598,0.0,0.2156335949897766,0.15210572481155396,0.0,0.11619293292363485,0.015698682175328334,0.12242518415053685,0.2059518242875735,5.266779042780399,4.884588718414307,0.18945075571537018,0.1437324732542038,0.026055913418531418,0.12093951553106308,0.6416959464550018,0.12139572948217392,0.20494329854846,0.441787488758564
26,175.42199683189392,0.5198519569278385,0.18925469716389973,0.0,0.2170981675386429,0.15202362587054571,0.0,0.11526835610469183,0.015592780895531178,0.12211691637833913,0.21646633048852285,5.253099713474512,4.865994691848755,0.18790466338396072,0.14657634496688843,0.025819309055805206,0.12022030726075172,0.6509900093078613,0.1208522841334343,0.23601019978523255,0.4457153119146824
27,182.28577589988708,0.5138644688374673,0.1870776742696762,0.0,0.2172137955824534,0.1497940460840861,0.0,0.11392544905344645,0.01544998235379656,0.12187885294357935,0.2113392839829127,5.2338800095021725,4.847924470901489,0.1864786073565483,0.14635811746120453,0.025910992175340652,0.12012504786252975,0.6503671407699585,0.12098411843180656,0.20169366300106048,0.445308618247509
28,188.96710681915283,0.5086923980852589,0.18462527692317962,0.0,0.21891939242680866,0.1478489155570666,0.0,0.11297436207532882,0.015346681543936333,0.12166590591271718,0.19183248927195867,5.203675340861082,4.821986198425293,0.18445878475904465,0.1447298750281334,0.025722356513142586,0.11961110681295395,0.6460677683353424,0.12035749107599258,0.20433691367506981,0.44264499098062515
29,195.5623619556427,0.5074817276249329,0.18307312130928038,0.0,0.21991705298423767,0.14780675967534382,0.0,0.11311319023370743,0.015247639765342077,0.12141162107388179,0.21878622074921925,5.171154450625181,4.792369604110718,0.1821914240717888,0.14384456723928452,0.025663779117166996,0.11937172338366508,0.6432926058769226,0.12067969888448715,0.22178933173418044,0.4410180263221264
30,202.20793986320496,0.5022819912759587,0.18134228388468424,0.0,0.22012132505575815,0.14555698881546655,0.0,0.1119370386004448,0.015166696750869353,0.12120496879021327,0.22494237224260966,5.158641770482063,4.774204254150391,0.1808013617992401,0.1470184177160263,0.025607413612306118,0.11920855566859245,0.6501367390155792,0.1201942078769207,0.2268481194972992,0.44427692517638206
31,208.75110578536987,0.500975661422126,0.1790023187796275,0.0,0.22010585963726043,0.14793823957443236,0.0,0.11186490257581075,0.015092206404854853,0.12100021640459696,0.24068503181139628,5.1052847392857075,4.731385946273804,0.17757237702608109,0.1425563022494316,0.0252353111281991,0.11854656413197517,0.6391504108905792,0.120185486972332,0.23575017005205154,0.4381217695772648
32,215.38241386413574,0.49707616756980616,0.17728632887204487,0.0,0.22149681349595388,0.14569609065850575,0.0,0.11127044210831324,0.015008176739017168,0.12081022163232168,0.24471461524566016,5.096882205456495,4.720212697982788,0.1767253503203392,0.1441534161567688,0.025076836347579956,0.11823614314198494,0.6435958743095398,0.12001917883753777,0.22720930203795434,0.44003408029675484
33,222.07670402526855,0.4918846884276718,0.1755326340595881,0.0,0.2238845666249593,0.14328059355417888,0.0,0.11004164318243663,0.01493347892537713,0.12060031493504843,0.2039994974931081,5.073388509452343,4.699117422103882,0.17522038519382477,0.14333044737577438,0.02542457263916731,0.11887725815176964,0.6404744982719421,0.12010074034333229,0.21005560904741288,0.4391145072877407
34,228.70663499832153,0.4894084996466214,0.17420739730199178,0.0,0.22357083757718405,0.1445935825506846,0.0,0.10915845135847728,0.014868832690020402,0.1205040156841278,0.23525423208872479,5.049229066818953,4.678271055221558,0.17354481667280197,0.14209280163049698,0.025345107540488243,0.11864128708839417,0.6357851922512054,0.11946690455079079,0.24198965579271317,0.4365338832139969
35,235.29979610443115,0.48867531730405367,0.17272827724615733,0.0,0.22361820042133332,0.14318360487620035,0.0,0.10988732079664866,0.014791813647995393,0.12032063752412796,0.22219544053077697,5.033103261142969,4.659383535385132,0.1721223071217537,0.14382928609848022,0.024920458905398846,0.11786618828773499,0.6429263949394226,0.119110107421875,0.21041105538606644,0.4393293857574463
36,241.85782504081726,0.48605166339160255,0.17141962945461273,0.0,0.2244604190190633,0.1434016466140747,0.0,0.10913717548052469,0.014738788393636544,0.1203056106964747,0.2671702156464259,5.01671676337719,4.642459392547607,0.1709577739238739,0.14438924193382263,0.024969708174467087,0.11794696748256683,0.6419906616210938,0.11932111158967018,0.2661156564950943,0.4389422982931137
37,248.53035616874695,0.4826986266998574,0.1698268453280131,0.0,0.2251390129327774,0.1405950203537941,0.0,0.10892805308103562,0.014695063326507806,0.12015283207098643,0.2081549564997355,4.957650493830442,4.589049816131592,0.1670982763171196,0.14252576977014542,0.025065867230296135,0.1181081049144268,0.6338205337524414,0.11946556344628334,0.19509528279304506,0.4350183717906475
38,255.3049440383911,0.4804845897752481,0.16839057008425395,0.0,0.22728335460027058,0.13936532934506735,0.0,0.10874295135339102,0.014647462281088035,0.12002549966176351,0.21139620343844095,4.972943916916847,4.603708982467651,0.16806578636169434,0.14260102063417435,0.024692120030522346,0.11743189021945,0.6373756527900696,0.1187293641269207,0.22419380396604538,0.4361197166144848
39,261.8895261287689,0.4800417523792324,0.16678367853164672,0.0,0.2281937579313914,0.14288865824540456,0.0,0.10839996188879013,0.014629622548818588,0.12004980444908142,0.29181605875492095,4.926188599318266,4.558515310287476,0.16479840129613876,0.14263704419136047,0.02514956146478653,0.11820490285754204,0.6333924531936646,0.11943725496530533,0.28516037166118624,0.4349011294543743
40,268.40839886665344,0.47339151467507085,0.16504283646742504,0.0,0.2297503223021825,0.13958058108886082,0.0,0.10670288304487864,0.014517251340051492,0.1199410264690717,0.24553977052370707,4.922981549054384,4.555116891860962,0.16451431065797806,0.14280375093221664,0.024874016642570496,0.11760719865560532,0.6367603540420532,0.11888770759105682,0.23542730063199996,0.4359873756766319
41,274.8957049846649,0.473254674327715,0.1643305867910385,0.0,0.2296072651942571,0.13807134379943212,0.0,0.10737713327010473,0.014489462381849687,0.11987228790918986,0.20807651082674664,4.898878686130047,4.5360236167907715,0.16321279108524323,0.14062433689832687,0.024620109237730503,0.11709639430046082,0.6307910680770874,0.11912045627832413,0.21238821148872375,0.4324919283390045
42,281.46413397789,0.4733001879998483,0.1635453661282857,0.0,0.2308159202337265,0.13913254489501317,0.0,0.10747122168540954,0.014430073400338491,0.11958620796600977,0.24901157716910044,4.894009627401829,4.528305292129517,0.16270415484905243,0.14217612892389297,0.02442951872944832,0.11672486737370491,0.6351150572299957,0.11860659718513489,0.23212021440267563,0.4342823959887028
43,287.99343180656433,0.46811415142534923,0.1621612201134364,0.0,0.23066237568855286,0.13575087040662764,0.0,0.10642777880032857,0.01437134730319182,0.11966319382190704,0.22110691269238789,4.864043064415455,4.499512672424316,0.1605978161096573,0.1421157419681549,0.024537481367588043,0.11684416234493256,0.6323639750480652,0.11871954053640366,0.2331569492816925,0.43302614986896515
44,294.5692160129547,0.4674218879935021,0.16075803736845654,0.0,0.231465686360995,0.13682599663734435,0.0,0.10647703111171722,0.01433481511970361,0.11959885011116664,0.26089820166428884,4.850619725883007,4.490316390991211,0.15992046892642975,0.14017155021429062,0.024660426191985607,0.11700500175356865,0.6279668807983398,0.11853550374507904,0.2765882611274719,0.43098844215273857
45,301.1166980266571,0.46282876684175184,0.1590194304784139,0.0,0.23425288995107016,0.13446896870930988,0.0,0.10550240923961003,0.014298282905171315,0.11970714032649994,0.2314761737982432,4.824277304112911,4.462997674942017,0.15809513628482819,0.14111603051424026,0.024680246599018574,0.11685493215918541,0.6287868022918701,0.1185101605951786,0.22845406979322433,0.43124833330512047
46,307.81491112709045,0.4608180136846689,0.15796416401863098,0.0,0.2347393641869227,0.13406377385059992,0.0,0.1051057000954946,0.014244146179407835,0.11962348024050394,0.2205912133057912,4.799825977534056,4.442723274230957,0.15660806745290756,0.13939933478832245,0.024524100124835968,0.11654239520430565,0.62765172123909,0.1188252754509449,0.22395074516534805,0.43036825582385063
47,314.3331940174103,0.4593225411100624,0.15713426371415457,0.0,0.23551783661047618,0.13263959189256033,0.0,0.10509278972943624,0.01420746948570013,0.1195575624704361,0.21333871235450108,4.790678892284632,4.4322755336761475,0.15587616711854935,0.1402326375246048,0.02439048606902361,0.11612667515873909,0.6283771693706512,0.11842494457960129,0.23415625095367432,0.4303152598440647
48,320.9482340812683,0.4595938531604285,0.1563334474960963,0.0,0.23602622449398042,0.13431090563535691,0.0,0.1051885242263476,0.014168545448531708,0.11943549265464147,0.26823794543743135,4.777570262551308,4.418886184692383,0.15495797991752625,0.14060254395008087,0.024160953238606453,0.11566997691988945,0.6286849677562714,0.11869076639413834,0.2791133657097816,0.43001246079802513
49,327.73128294944763,0.45547767032015446,0.15498381952444712,0.0,0.23718983232975005,0.12995129177967707,0.0,0.10484042763710022,0.014122435760994752,0.1194532871246338,0.20583921273549396,4.754964891821146,4.397018194198608,0.1535315290093422,0.14059046655893326,0.02422588225454092,0.11568833515048027,0.6303636133670807,0.11876098811626434,0.19925098717212678,0.4308701418340206
50,334.3762550354004,0.45596644962982585,0.1543663462003072,0.0,0.23789862990379335,0.1312494178613027,0.0,0.10503380248943965,0.01411949765558044,0.11939013650019964,0.22571334441502888,4.765882924199104,4.409147024154663,0.1542799472808838,0.13979796320199966,0.024035688489675522,0.115268774330616,0.626418262720108,0.11848039925098419,0.23480128198862077,0.42847790569067
51,341.0815010070801,0.4513596678851172,0.15315950214862822,0.0,0.2384305347998937,0.12932396531105042,0.0,0.10379416644573211,0.014045301048705975,0.11939398845036825,0.22197873294353485,4.727000363171101,4.372430086135864,0.15183599293231964,0.13932614028453827,0.02428699191659689,0.11559416726231575,0.6252198219299316,0.1189386285841465,0.23698239475488664,0.42820407822728157
52,347.76238083839417,0.4484089270272913,0.15200985769430797,0.0,0.2403092622756958,0.12839260001977285,0.0,0.10303345868984858,0.014032850166161855,0.11959450989961624,0.2588729073603948,4.715163126587868,4.359151124954224,0.15078535676002502,0.1403096616268158,0.024145408533513546,0.11518470570445061,0.6269537508487701,0.11854032799601555,0.24391378611326217,0.4286615811288357
53,354.4201328754425,0.4475870217351864,0.1512160787979762,0.0,0.24103594223658245,0.12740729252497354,0.0,0.1032326340675354,0.013989564465979735,0.11968646893898646,0.2317492793003718,4.713432315737009,4.3530213832855225,0.1503879502415657,0.14260847866535187,0.024311387911438942,0.11532600596547127,0.6319617331027985,0.11849929019808769,0.20401232093572616,0.4313068725168705
54,361.05936908721924,0.44554870267941926,0.15009220739205678,0.0,0.2423111875851949,0.12695955634117126,0.0,0.10282573153575261,0.013960906645903985,0.11950276742378871,0.2705446183681488,4.6749900579452515,4.326731204986572,0.1486840844154358,0.13695840537548065,0.024097680114209652,0.11476945877075195,0.6190384328365326,0.11867600306868553,0.26873734444379804,0.42428867518901825
55,367.75061202049255,0.4437212846009061,0.14913935859998068,0.0,0.24352158109347025,0.12636750886837642,0.0,0.10247841278711954,0.013927917182445525,0.11966731796662013,0.26280111968517306,4.67819831892848,4.321633815765381,0.14830448478460312,0.14120613038539886,0.024060530588030815,0.11459789052605629,0.6286170184612274,0.11817173287272453,0.2680464133620262,0.42890639975667
56,374.37146615982056,0.44217054224573077,0.14820484320322672,0.0,0.24497174620628356,0.12615463236967722,0.0,0.10215355704228084,0.013893959826479356,0.11972222278515497,0.27495632469654085,4.642752032727003,4.292252063751221,0.14634209126234055,0.13866446167230606,0.024193188175559044,0.11469244956970215,0.623774528503418,0.11909650638699532,0.2724958896636963,0.42657971382141113
57,381.0369408130646,0.4404461585528528,0.14760650595029196,0.0,0.24517984787623087,0.12502727061510086,0.0,0.10186444719632466,0.013860915849606196,0.11962358951568604,0.26126851042111715,4.659710843116045,4.304986953735352,0.14723125845193863,0.14055413007736206,0.023936325684189796,0.11402520164847374,0.6273041367530823,0.11866524815559387,0.2804560288786888,0.4276772700250149
58,387.71863985061646,0.43719222750514747,0.1465341160694758,0.0,0.24528830349445344,0.12392576386531194,0.0,0.10104391674200694,0.01385710621252656,0.11971728553374608,0.26819110413392383,4.64982557669282,4.299864292144775,0.14688054472208023,0.13826050609350204,0.02409948129206896,0.11423186585307121,0.6207621395587921,0.11900605633854866,0.27195805311203003,0.42461293563246727
59,394.36037492752075,0.4361399555113167,0.1463225891192754,0.0,0.24511140485604604,0.12361696660518647,0.0,0.10071160743633906,0.013830186954389015,0.11964360922574997,0.2884748925765355,4.619548171758652,4.266424894332886,0.14457017183303833,0.1404190957546234,0.02399782557040453,0.11387481540441513,0.6256828010082245,0.11854637414216995,0.2876705780625343,0.4267162159085274
60,401.03188586235046,0.436462470353581,0.14554210702578227,0.0,0.24616258442401887,0.12432171801726023,0.0,0.1010385051369667,0.013774900914480288,0.11960009833176931,0.30920958518981934,4.620283853262663,4.267318964004517,0.1446618065237999,0.14031699299812317,0.023976564407348633,0.11366987973451614,0.6279206275939941,0.1186612956225872,0.3014022454619408,0.4276301935315132
61,408.09738302230835,0.5045476274564862,0.14396493534247082,0.14396493534247082,0.2519416928291321,0.12199340562025705,0.0,0.10017347087462743,0.013749391616632542,0.11975515435139338,0.2980444918076197,4.5874699875712395,4.235297203063965,0.14247740805149078,0.14046704024076462,0.023779992014169693,0.113181933760643,0.6277538239955902,0.11862612515687943,0.2735164910554886,0.4270588457584381
62,415.06863021850586,0.5695682474217999,0.14226643840471903,0.2678865730762482,0.27647011081377665,0.12557202329238257,0.0,0.10043320755163829,0.013727259418616692,0.11971202194690704,0.5158628602822621,4.6223092414438725,4.2204694747924805,0.24026349931955338,0.14085400849580765,0.02410131599754095,0.11363215371966362,0.6261168718338013,0.11907156556844711,0.38989290297031404,0.42669058963656425
63,421.88133478164673,0.5506587787453706,0.14173674484093984,0.2338056246439616,0.2792358299096425,0.12722996870676676,0.0,0.09921326984961827,0.013694083131849766,0.1198388119538625,0.37005309462547303,4.6036093309521675,4.212860107421875,0.22780825197696686,0.13842254877090454,0.023927937261760235,0.11311602964997292,0.6206429898738861,0.11901454254984856,0.37733936309814453,0.42343752458691597
64,428.86011719703674,0.5456636297089669,0.1408895860115687,0.22620962858200072,0.279094523191452,0.12527548571427663,0.0,0.0995351587732633,0.013678164407610893,0.11980978697538376,0.3591881781816483,4.616605214774609,4.221350193023682,0.22440750896930695,0.14152563363313675,0.023595348931849003,0.11236823350191116,0.6272384226322174,0.1185506172478199,0.33792790323495864,0.42598744481801987
65,435.6413400173187,0.5398091585181343,0.14016088048617045,0.22100247740745543,0.2790627360343933,0.12134913156429926,0.0,0.09926097393035889,0.013628317353626093,0.11984358628590902,0.2979015439748764,4.561619810760021,4.17262601852417,0.216448113322258,0.14038486778736115,0.02382932510226965,0.11265994608402252,0.6237499415874481,0.1189679242670536,0.2917755126953125,0.4245349168777466
66,442.4241449832916,0.5354714589814346,0.13928253054618836,0.21715367933114368,0.2790687620639801,0.12091951270898184,0.0,0.0986011266708374,0.013621367638309796,0.11996723115444183,0.2818451722462972,4.5674937181174755,4.1776652336120605,0.2162473127245903,0.1408524140715599,0.02375902235507965,0.11235107481479645,0.624919980764389,0.11908569559454918,0.2823280915617943,0.42481106519699097
67,449.1523759365082,0.5337626759816582,0.13879762987295788,0.21520919303099315,0.28017114400863646,0.12152245193719864,0.0,0.09827249596516291,0.013580794942875703,0.11985514263312022,0.3360951870679855,4.557321384549141,4.164163589477539,0.2134838104248047,0.14320794492959976,0.02382094692438841,0.11230472847819328,0.6305198967456818,0.11898059397935867,0.3534590169787407,0.42756467685103416
68,455.90239810943604,0.530569606499436,0.13788513243198394,0.21183126866817475,0.28148680528004966,0.11971595883369446,0.0,0.09836395333210628,0.01356180760388573,0.12004117916027705,0.3089140792687734,4.5499075427651405,4.157625198364258,0.21164394915103912,0.14323018491268158,0.023769626393914223,0.11202763393521309,0.6338063180446625,0.11892101541161537,0.29048782885074614,0.4289307929575443
69,462.6697380542755,0.5314661159917402,0.13759489556153615,0.21099290649096172,0.2814114332199097,0.12029632131258647,0.0,0.09902695367733637,0.013543701140830915,0.11981429060300192,0.3812651018301646,4.539249390363693,4.1456663608551025,0.21034842729568481,0.14420440793037415,0.023683576844632626,0.11173103377223015,0.6330348551273346,0.11933192610740662,0.398624911904335,0.42824846133589745
70,469.31467604637146,0.5289476421972116,0.13723544279734293,0.20983210504055022,0.2819054663181305,0.12074727515379588,0.0,0.09810032000144323,0.01354217305779457,0.11996196856101354,0.371470057964325,4.540826413780451,4.149296998977661,0.20950449258089066,0.14338858425617218,0.02357994019985199,0.11143318563699722,0.6326034665107727,0.11890479549765587,0.35295976996421813,0.4277349188923836
71,476.08786487579346,0.5260880657471716,0.1364684691031774,0.20714329183101654,0.2828968425591787,0.11796462386846543,0.0,0.0983760083715121,0.013492900598794221,0.12003190169731776,0.3152031640211741,4.516358897089958,4.1265997886657715,0.20701751112937927,0.14312517642974854,0.023808295838534832,0.11172040179371834,0.6297459006309509,0.11910998821258545,0.3043863743543625,0.4265933521091938
72,482.81438088417053,0.52210368362333,0.1359849731127421,0.20586751401424408,0.28322255810101826,0.11527236898740133,0.0,0.09760240266720453,0.01347801008572181,0.12007020463546117,0.29900843103726704,4.511430840939283,4.1252217292785645,0.2055889293551445,0.14170732349157333,0.02352089434862137,0.11102844774723053,0.6280193626880646,0.11947253718972206,0.2926904410123825,0.4250381290912628
73,489.57777214050293,0.5208503890394544,0.13559889793395996,0.2050226201613744,0.282483051220576,0.11707659810781479,0.0,0.09696794847647348,0.013451223634183407,0.1200711265206337,0.38647252023220063,4.518727462738752,4.125133275985718,0.20673765987157822,0.14511267840862274,0.023787902668118477,0.11131398007273674,0.6347185671329498,0.11928978189826012,0.4276814073324203,0.42867326363921165
74,496.4651391506195,0.5189341544251268,0.1348250389099121,0.2030669907728831,0.2844878415266673,0.11502488702535629,0.0,0.09729883323113124,0.013444826534638802,0.12013037105401357,0.3358215828736623,4.50635788962245,4.1166791915893555,0.204591803252697,0.14369139820337296,0.02355656959116459,0.11085726320743561,0.6300950646400452,0.1192643791437149,0.33291032910346985,0.4259047955274582
75,503.24260210990906,0.5154519276499437,0.13418907225131987,0.20111862917741138,0.28542951345443723,0.11479125718275705,0.0,0.09637793203194936,0.013393982065220673,0.12017323126395543,0.33381337225437163,4.498259633779526,4.106818437576294,0.20278659462928772,0.14502394944429398,0.023677277378737926,0.11080772802233696,0.6355118155479431,0.11959990113973618,0.334861458837986,0.4285636357963085
76,509.9994661808014,0.5150190825457684,0.13404061496257783,0.20103924969832102,0.285027672847112,0.11378475377957026,0.0,0.0965286319454511,0.013376251887530088,0.12013172705968221,0.3239970644315084,4.472604785114527,4.088470458984375,0.20077276974916458,0.14187397062778473,0.0236037103459239,0.11046517267823219,0.6268830597400665,0.1197294108569622,0.33485208451747894,0.42390670254826546
77,516.773430109024,0.5143413570399086,0.13384626905123392,0.2006775955359141,0.28454864223798115,0.11340071608622869,0.0,0.09649770210186641,0.013371093943715096,0.12026247829198837,0.3482689827680588,4.477042034268379,4.091989040374756,0.20068418979644775,0.14235544949769974,0.023795918561518192,0.11067976802587509,0.6276542544364929,0.11962681263685226,0.3651448398828506,0.42450689524412155
78,523.5153391361237,0.5129380153763728,0.1330207457145055,0.19921976427237192,0.2870676557223002,0.11257915943861008,0.0,0.0966551865140597,0.013337834893415371,0.12019569128751754,0.34243015249570213,4.483138732612133,4.094061613082886,0.20178495347499847,0.14409232139587402,0.023717871867120266,0.1103716716170311,0.6313949227333069,0.11953932791948318,0.3336795657873154,0.42606913298368454
79,530.2757148742676,0.5137561662200217,0.1332904616991679,0.1990308811267217,0.2855877916018168,0.11436478495597839,0.0,0.09660209516684214,0.013366012182086707,0.12025987307230632,0.3644454578558604,4.459511190652847,4.070921421051025,0.19989144802093506,0.14432202279567719,0.023312787525355816,0.10949834808707237,0.6316790878772736,0.11945823952555656,0.3632590562105179,0.42533789202570915
80,537.0304951667786,0.5108198162905562,0.13264369269212087,0.19797646900018057,0.28665968974431355,0.11290794014930725,0.0,0.09603546410799027,0.013313469601174195,0.12023670723040898,0.3563518156607946,4.467117641121149,4.076805114746094,0.19913987070322037,0.14537129551172256,0.023696333169937134,0.1100257933139801,0.6336633265018463,0.11977951973676682,0.34033299088478086,0.42685745656490326
81,543.8251008987427,0.5078674120207628,0.13176557123661042,0.19566543996334076,0.2881614565849304,0.11238833665847778,0.0,0.09563330113887787,0.013281399508317311,0.12040478537480036,0.38853241006533307,4.470477852970362,4.075875759124756,0.19957635551691055,0.1474069580435753,0.023638400249183178,0.10972189158201218,0.6386629939079285,0.1196000762283802,0.4211846351623535,0.4290533885359764
82,550.6330351829529,0.5094205685464355,0.1320534437894821,0.19715065658092498,0.2868621051311493,0.11285652766625086,0.0,0.09584471335013707,0.013252667151391506,0.1204282229145368,0.4130517284075419,4.445837825536728,4.0597825050354,0.1985572874546051,0.14338833838701248,0.023424223996698856,0.10921923071146011,0.6274558901786804,0.11972545459866524,0.38694834113121035,0.4229471758008003
83,557.404904127121,0.5097407694285114,0.13186069826285043,0.19623982012271882,0.2863705317179362,0.11361497988303502,0.0,0.09616431643565496,0.013246579188853502,0.12039545377095541,0.45789876182874045,4.430370919406414,4.045078992843628,0.19481830298900604,0.14394138753414154,0.023326747119426727,0.10892373695969582,0.6304082572460175,0.11977614462375641,0.4929570734500885,0.42412786558270454
84,564.1497659683228,0.5051118333707564,0.13107260564963022,0.19457437892754872,0.28773709932963054,0.1114994928240776,0.0,0.09512332578500111,0.013212865560005109,0.12048491736253103,0.3765543719132741,4.453688740730286,4.060091018676758,0.1983543336391449,0.1472102776169777,0.023385731503367424,0.10886044427752495,0.6388874053955078,0.11981648579239845,0.3782571852207184,0.42830414697527885
85,570.8333220481873,0.5052069663341778,0.1310952772696813,0.19448393285274507,0.2874765952428182,0.10916992574930191,0.0,0.09577954014142355,0.013186758446196715,0.12060063978036245,0.3295571486155192,4.455556750297546,4.061390161514282,0.19680964946746826,0.14788088202476501,0.02340567111968994,0.10871467366814613,0.6383979916572571,0.1196829080581665,0.3408041477203369,0.4279136694967747
86,577.5735111236572,0.5034004180498111,0.13080666065216065,0.19363265335559846,0.28781338532765705,0.10974722852309544,0.0,0.09507280786832174,0.013179095648229121,0.12057313372691472,0.35856491525967915,4.440241802483797,4.044464588165283,0.19516948610544205,0.14909623563289642,0.02336782217025757,0.10847651585936546,0.6429262459278107,0.12004312872886658,0.38157081604003906,0.4299396388232708
87,584.5042698383331,0.5022774727277768,0.13049357732137043,0.1928761382897695,0.2882822612921397,0.10911608338356019,0.0,0.09499291976292928,0.013158156008770069,0.1206615130106608,0.3528406302134196,4.447025630623102,4.055574178695679,0.19730553776025772,0.1463993415236473,0.023395773023366928,0.10836365073919296,0.6337779462337494,0.11998442187905312,0.3758231669664383,0.42525262385606766
88,591.2569630146027,0.5037002114229836,0.13046124974886578,0.19310312072436014,0.28830353220303856,0.10869544843832651,0.0,0.09576801210641861,0.013155325936774412,0.1206323246161143,0.3681528478860855,4.432130638509989,4.038527965545654,0.1959998682141304,0.14780136942863464,0.02321865502744913,0.10789011791348457,0.6383767127990723,0.11979556083679199,0.36908507347106934,0.4270784743130207
89,597.9641580581665,0.5017029537198444,0.13037186364332834,0.193556351463,0.28875351150830586,0.10751953174670538,0.0,0.09497569650411605,0.013109354488551616,0.12066031992435455,0.4125955959161123,4.426765359938145,4.037600517272949,0.19378186762332916,0.14613695442676544,0.023269866593182087,0.10784393921494484,0.6337631940841675,0.12023117765784264,0.40169433653354647,0.4247255362570286
90,604.7606520652771,0.5011034978980509,0.13014615078767142,0.19246602952480316,0.288369224468867,0.10785424709320068,0.0,0.09499716460704803,0.01310635448123018,0.12073258409897486,0.40932741165161135,4.437633119523525,4.045754909515381,0.19567285478115082,0.14702089130878448,0.023136856965720654,0.10748622566461563,0.637725830078125,0.12003691121935844,0.40727233290672304,0.42634914070367813
91,611.4736201763153,0.4998641631100327,0.13002080420653025,0.19236012796560922,0.28827985326449074,0.10756549636522929,0.0,0.09454438984394073,0.013091908674687147,0.12080099831024806,0.4474184890588125,4.41547829285264,4.02450704574585,0.1944156363606453,0.14688171446323395,0.023404882289469242,0.10780106857419014,0.6343676447868347,0.12004255130887032,0.4601085752248764,0.4249848909676075
92,618.2232480049133,0.498871872938859,0.12950909237066904,0.19117460350195567,0.28963690201441444,0.10693174650271733,0.0,0.0946935663620631,0.013058503748228152,0.12086496353149415,0.4225911994775136,4.403202518820763,4.015900373458862,0.19225537776947021,0.1455872282385826,0.023291660472750664,0.10738867148756981,0.6314809918403625,0.1202145516872406,0.41228427588939665,0.4231291674077511
93,624.9472270011902,0.4982461729669012,0.12946861883004507,0.1909628063440323,0.2885911484559377,0.10591978629430135,0.0,0.094759797056516,0.01305032984043161,0.12091145863135656,0.3587298552195231,4.4054598063230515,4.019500732421875,0.19244053959846497,0.14486940205097198,0.02323673479259014,0.10714362561702728,0.6310964524745941,0.12030930072069168,0.36096365451812745,0.42269185185432434
94,631.6499400138855,0.49687166238436475,0.12895009418328604,0.1901925653219223,0.2903376837571462,0.106948055823644,0.0,0.09418214261531829,0.013021311194946369,0.12094661394755045,0.4586044808228811,4.414522979408503,4.024359107017517,0.19247961789369583,0.1469620317220688,0.023323671892285347,0.10709577053785324,0.6337268948554993,0.12054780498147011,0.49533840715885163,0.4239592179656029
95,638.4257900714874,0.49699433139370136,0.1287824849287669,0.1899879882733027,0.2903349280357361,0.10639789799849192,0.0,0.09451667865117391,0.01301371284450094,0.12095610946416854,0.450470499197642,4.431187368929386,4.032932639122009,0.19469989836215973,0.1504523903131485,0.02312115579843521,0.10661538317799568,0.6449606120586395,0.12028203904628754,0.44375084042549134,0.42909568920731544
96,645.1425700187683,0.4955437604725982,0.12847332259019215,0.18959474861621856,0.29140756527582806,0.10572422196467718,0.0,0.09416125466426213,0.012984549657752116,0.12098725040753683,0.3798086563746134,4.411916568875313,4.023556232452393,0.1912688910961151,0.14636294543743134,0.02319780644029379,0.10655825957655907,0.6333360373973846,0.12052304297685623,0.34067344963550567,0.4232262782752514
97,651.8527541160583,0.49547297776831933,0.1288144111633301,0.18930266300837198,0.29112226366996763,0.10490181893110276,0.0,0.09424633433421453,0.013009515932450692,0.12109076529741288,0.39490263859430946,4.401979379355907,4.011630892753601,0.19217611849308014,0.14713021367788315,0.023415084928274155,0.10680944100022316,0.6369063258171082,0.12063528969883919,0.42845903933048246,0.42526260390877724
98,658.629271030426,0.49349061244089776,0.12830725113550823,0.18917883137861888,0.29099815487861636,0.10387447973092397,0.0,0.09380630205074945,0.012961936369538306,0.12116080770889918,0.4180292308330536,4.41266043484211,4.020317077636719,0.19288921356201172,0.14794937521219254,0.02307405322790146,0.10600810125470161,0.6381981670856476,0.12063296511769295,0.4043916523456573,0.4251071847975254
99,665.5337769985199,0.4942996261951824,0.12843703329563141,0.18888667623202007,0.2910534163316091,0.10424019147952397,0.0,0.094125264386336,0.012955313051740329,0.1211736649274826,0.3889564524094264,4.400118410587311,4.006780505180359,0.19102832674980164,0.14891187101602554,0.022974404506385326,0.1057262048125267,0.6426794528961182,0.12082665041089058,0.36228242963552476,0.4270659312605858
100,672.2343680858612,0.4930282330024056,0.12812329282363255,0.18844936887423197,0.2912286400794983,0.10321942120790481,0.0,0.09400392174720765,0.012932270579040051,0.12125916878382365,0.3629482269287109,4.425768628716469,4.033084511756897,0.19402137398719788,0.14783671498298645,0.023137872107326984,0.10579168796539307,0.6378090679645538,0.12057826668024063,0.3813986241817474,0.42469622194767
101,678.9713349342346,0.4937767437542789,0.12836287021636963,0.1889610211054484,0.2908940692742666,0.10266072700421015,0.0,0.09428611795107524,0.012942360900342464,0.12128515640894572,0.3603867530822754,4.400873422622681,4.008733749389648,0.19103646278381348,0.14831072092056274,0.022898648865520954,0.10533274710178375,0.6362009346485138,0.12087832391262054,0.38139814138412476,0.42343321442604065
102,685.7472910881042,0.4914673720408852,0.1276574249068896,0.18777334888776143,0.29221590558687843,0.10192754417657852,0.0,0.09390179763237635,0.01289544099320968,0.12133740137020747,0.38736733198165896,4.4088317677378654,4.015752911567688,0.18977995216846466,0.14909444004297256,0.02326829358935356,0.10573146864771843,0.6406129598617554,0.12080636247992516,0.3920571029186249,0.4260379485785961
103,692.4638910293579,0.49019912919805697,0.1275613933801651,0.18737782835960387,0.29199431737264,0.1011021743218104,0.0,0.09363130529721578,0.01290458015476664,0.12139301300048828,0.3670111318429311,4.400290887802839,4.005815029144287,0.19038032740354538,0.14964284747838974,0.02316311188042164,0.10546767711639404,0.6395463347434998,0.12091308832168579,0.37494854927062987,0.4252408444881439
104,699.2135450839996,0.4900261610979214,0.12723308006922404,0.18697580496470134,0.2918814917405446,0.1015157957871755,0.0,0.09371523459752401,0.01285773478448391,0.1215124785900116,0.3553473840157191,4.394987419247627,4.0035446882247925,0.19046556949615479,0.1481049731373787,0.023155766539275646,0.1052074171602726,0.6376549899578094,0.12121523916721344,0.35393545031547546,0.4240349121391773
105,705.9644160270691,0.49112480179949974,0.12747786045074463,0.18739735384782155,0.29218002955118816,0.10227082322041194,0.0,0.09383347630500793,0.012852674536406993,0.12161284784475962,0.4484853525956472,4.385916691273451,3.9957993030548096,0.1900360807776451,0.14754967391490936,0.02323149051517248,0.10520891100168228,0.6375566720962524,0.1210920624434948,0.4352924466133118,0.4239872470498085
106,712.7067952156067,0.48970718583247314,0.12699114233255387,0.18711564739545186,0.29156307379404706,0.10127800554037095,0.0,0.09371262341737747,0.012917749956250191,0.12154079775015512,0.3566054662068685,4.388161387294531,3.991695761680603,0.18906211107969284,0.1509672850370407,0.022823575884103775,0.1044701598584652,0.6461615264415741,0.12105212733149529,0.3251383423805237,0.42755092307925224
107,719.3874800205231,0.48984999835568793,0.12704716523488363,0.18675057888031005,0.29192157586415607,0.10063448945681254,0.0,0.09399874558051427,0.0128043409747382,0.12162695328394572,0.3921731154123942,4.399133671075106,4.00240170955658,0.19178447872400284,0.15041986107826233,0.02316652052104473,0.10477781668305397,0.644731193780899,0.12101852893829346,0.4193022310733795,0.4271434135735035
108,726.1375939846039,0.4896329231094569,0.12705490440130235,0.18651247918605804,0.2916963239510854,0.10113504379987717,0.0,0.0938318207859993,0.012806545632580916,0.1217138667901357,0.4512336432933807,4.38762404024601,3.9906383752822876,0.18906646966934204,0.1512262150645256,0.02305662538856268,0.10445928946137428,0.6460185945034027,0.12112310528755188,0.43809880018234254,0.42746858671307564
109,732.8992071151733,0.49059910371433946,0.12699176569779713,0.18754943708578745,0.29157059590021767,0.10074252784252166,0.0,0.09419367214043935,0.01277965884655714,0.1217234159509341,0.396934974193573,4.394698865711689,3.995624303817749,0.1913769394159317,0.15169304609298706,0.023093477822840214,0.1042933352291584,0.6461122930049896,0.12103922665119171,0.4160468280315399,0.4273494817316532
110,739.6333341598511,0.48976881165290254,0.12672646443049113,0.18675185243288675,0.2915526250998179,0.10164517412583034,0.0,0.09388678322235743,0.012766662581513325,0.12179828584194183,0.43681148886680604,4.40068981051445,3.9961029291152954,0.19081568717956543,0.15458951890468597,0.023078721947968006,0.1041712649166584,0.6527421176433563,0.12138340622186661,0.45968044698238375,0.43054232373833656
111,746.3692939281464,0.48791812181395167,0.1265234927336375,0.18597873747348787,0.2914161403973897,0.10116585443417231,0.0,0.09338372896114985,0.012755076959729194,0.12190006573994955,0.42451932430267336,4.363683633506298,3.9692060947418213,0.187528595328331,0.15035662055015564,0.022951282560825348,0.1037009246647358,0.6426312327384949,0.12138991802930832,0.42311640083789825,0.42501654103398323
112,753.1396389007568,0.4874689699538673,0.1263535330692927,0.18588841557502747,0.29242651065190634,0.10076355934143066,0.0,0.09331805855035782,0.01273785059650739,0.12200672775506974,0.4293069581190745,4.369981694966555,3.976357340812683,0.18869978934526443,0.14963722974061966,0.022990147583186626,0.10365763679146767,0.6413582563400269,0.12145205587148666,0.4279948204755783,0.4243367649614811
113,759.8594250679016,0.48796278291459505,0.126274910569191,0.18602547546227774,0.292402325073878,0.1007830689350764,0.0,0.0935674195488294,0.012723495345562696,0.12199923942486444,0.43946258425712587,4.3657569624483585,3.9674134254455566,0.18726856261491776,0.1523546278476715,0.022993757389485836,0.10349798575043678,0.6485639810562134,0.1215527318418026,0.42210413813591,0.4277799762785435
114,766.5702559947968,0.4870434740014995,0.12620226740837098,0.18502248525619508,0.2919253210226695,0.09928984542687734,0.0,0.09379301319519678,0.012709874504556259,0.12213416993618012,0.39704245726267495,4.373315196484327,3.9745227098464966,0.18721624463796616,0.15259218215942383,0.022923379205167294,0.10324326530098915,0.6500374376773834,0.12160412222146988,0.3975644946098328,0.42826198413968086
115,773.5741348266602,0.48622263327706605,0.12604970981677374,0.18534163733323414,0.29236029585202533,0.10008933444817861,0.0,0.09315893848737081,0.012690242705866694,0.1221453994512558,0.38130881190299987,4.3625591322779655,3.965044140815735,0.1865292340517044,0.15212518721818924,0.022650020197033882,0.10255542024970055,0.6477356851100922,0.12162121012806892,0.3884546786546707,0.42642326280474663
116,780.2961909770966,0.4871798219081635,0.12610538601875304,0.18515389064947765,0.29253296852111815,0.09898163278897604,0.0,0.09392371426026026,0.012706300243735313,0.12224131921927134,0.407273401816686,4.362463686615229,3.9626331329345703,0.1866556480526924,0.15325136482715607,0.022882601246237755,0.10283118113875389,0.6475272178649902,0.12184029445052147,0.4072563052177429,0.426594790071249
117,787.0403549671173,0.4854097159967447,0.12573892275492352,0.1848926732937495,0.29235551357269285,0.0994484672943751,0.0,0.09318191309769948,0.012672326030830542,0.12237348059813181,0.4167039026816686,4.366724643856287,3.971764087677002,0.18804705888032913,0.15046851336956024,0.022866317071020603,0.10264376550912857,0.6440420150756836,0.12175711616873741,0.4707295686006546,0.42466477304697037
118,793.7925720214844,0.48574847576674074,0.12569108655055364,0.1848166863123576,0.292510728041331,0.09890478104352951,0.0,0.09352393448352814,0.012651416286826134,0.12234988113244374,0.37491218447685243,4.390942886471748,3.985033392906189,0.19010862708091736,0.15542759001255035,0.022893130779266357,0.10257493332028389,0.6542366147041321,0.12191563099622726,0.3730519235134125,0.42969324067234993
119,800.5731420516968,0.4850101819843985,0.1254390080769857,0.1850725382566452,0.2937417368094126,0.09854670415321985,0.0,0.09324595381816228,0.012636463002612194,0.12242002983887991,0.41580490668614706,4.370340116322041,3.9704041481018066,0.18730784952640533,0.15314102172851562,0.022832815535366535,0.10221990197896957,0.650393545627594,0.1220441572368145,0.42230258882045746,0.42741667479276657
120,807.2910559177399,0.48525131405331196,0.12533042977253597,0.18560911814371744,0.293095056215922,0.09878778407971064,0.0,0.09325880855321884,0.012635386921465397,0.12251730660597483,0.4804221272468567,4.367642559111118,3.9704326391220093,0.18792690336704254,0.15162323415279388,0.022690998390316963,0.10203507915139198,0.6442515254020691,0.12219709157943726,0.47782671749591826,0.42416084185242653
121,814.018905878067,0.4847368785102541,0.12508723984162012,0.18484395742416382,0.2939758479595184,0.09882218738396963,0.0,0.09326263368129731,0.012624772203465303,0.12265700946251551,0.45837454001108807,4.3735225312411785,3.975353717803955,0.18774207681417465,0.15214888751506805,0.022843848913908005,0.10196356102824211,0.6487873792648315,0.12229887396097183,0.468936425447464,0.4263572506606579
122,820.7501111030579,0.4830365376469369,0.1250956152876218,0.18355267842610676,0.29353508551915486,0.09844544380903245,0.0,0.09284897098938624,0.012602730623135964,0.12273621956507365,0.4235458215077718,4.370803341269493,3.9689794778823853,0.18757611513137817,0.15401790291070938,0.022801670245826244,0.10174567997455597,0.6513883769512177,0.12228004261851311,0.42724315226078036,0.4274398684501648
123,827.4626750946045,0.48250815101200717,0.12504146595795948,0.1833879053592682,0.29250263373057045,0.0965984692176183,0.0,0.09316732635100683,0.012590548566853007,0.12285069425900777,0.3790568788846334,4.3660801239311695,3.9652122259140015,0.1872030571103096,0.15363318473100662,0.022739802487194538,0.1014738604426384,0.6513863205909729,0.12229939550161362,0.37689741849899294,0.42716702073812485
124,834.1977009773254,0.48224775509831186,0.12485790054003397,0.18371110359827678,0.29394251306851704,0.09679728498061498,0.0,0.09292765359083811,0.012574017513543367,0.12280718286832173,0.42232900659243267,4.369679484516382,3.9653160572052,0.18717236071825027,0.15538862347602844,0.02275603637099266,0.10136004909873009,0.655560702085495,0.12228899449110031,0.44149102866649625,0.4291404001414776
125,840.9568250179291,0.4838662375540783,0.1252670298020045,0.1846880127986272,0.29211097955703735,0.09723629554112752,0.0,0.0932680313785871,0.012599281935642163,0.12289659281571706,0.4132485270500183,4.371484417468309,3.9709396362304688,0.1879618540406227,0.15328192710876465,0.02240568771958351,0.10070144757628441,0.650258868932724,0.12245070934295654,0.4045895576477051,0.4258308820426464
126,847.7627599239349,0.4831147957127541,0.12490360140800476,0.18344604273637136,0.2924595514933268,0.09724159985780716,0.0,0.09336733669042588,0.012578313673535983,0.1230749229590098,0.4464856425921122,4.373679593205452,3.9685516357421875,0.1880984902381897,0.1555393561720848,0.023086823523044586,0.10164623335003853,0.6548109948635101,0.12271536886692047,0.46173871755599977,0.4290517307817936
127,854.437756061554,0.48178015465770535,0.12469144314527511,0.18366820712884266,0.2932677169640859,0.09655070950587591,0.0,0.09288184096415837,0.012591998372226954,0.12310986419518789,0.436645515759786,4.356032628566027,3.956970691680908,0.18571094423532486,0.15310323238372803,0.02276933193206787,0.10125608742237091,0.6498985588550568,0.12237188220024109,0.4821929126977921,0.4262053668498993
128,861.3561239242554,0.4827278615829224,0.12464445432027181,0.18340767820676168,0.29359433650970457,0.09681320240100225,0.0,0.09336519340674082,0.012554328205684822,0.12322927365700403,0.43292983969052634,4.380986288189888,3.9757206439971924,0.18930256366729736,0.15530718117952347,0.023125062696635723,0.10136721655726433,0.6554976403713226,0.12284889072179794,0.4532757610082626,0.42911603674292564
129,868.0439069271088,0.4811281657583701,0.12469894786675771,0.18320061266422272,0.29279931386311847,0.094881638387839,0.0,0.09311499347289404,0.012521138306086262,0.12328602373600006,0.3933016618092855,4.370412319898605,3.9632948637008667,0.1880657970905304,0.15654227882623672,0.022978179156780243,0.10098851099610329,0.6578878462314606,0.12279854714870453,0.38992459177970884,0.4299324341118336
130,874.8011138439178,0.48044566267247624,0.12449084917704265,0.18282162845134736,0.29321512977282205,0.09576010853052139,0.0,0.09273223380247751,0.012519780018677314,0.12341373711824417,0.4385323484738668,4.351414866745472,3.9467878341674805,0.18493981659412384,0.15607856214046478,0.022632652893662453,0.1002117432653904,0.656993567943573,0.12304123491048813,0.4659211546182632,0.4287085272371769
131,881.505184173584,0.48108778240857647,0.1244466558098793,0.18289629916350048,0.29276776512463887,0.09530728856722513,0.0,0.09319369345903397,0.012501102934281031,0.12351443022489547,0.3685986359914144,4.356982950121164,3.9505350589752197,0.18670431524515152,0.15654786676168442,0.022630133666098118,0.10019450634717941,0.6568390727043152,0.12283255532383919,0.38006911873817445,0.428614042699337
132,888.2780680656433,0.4810894538027545,0.12442992826302847,0.18298361400763194,0.2926191548506419,0.09525862435499827,0.0,0.09320180267095565,0.012485887265453736,0.12355289608240128,0.41483567158381146,4.362789463251829,3.95370614528656,0.18809839338064194,0.15751706063747406,0.02258287463337183,0.0999528206884861,0.6608804762363434,0.12295474112033844,0.4356226295232773,0.4303930588066578
133,894.9753530025482,0.48004382708653187,0.12414099325736364,0.18240728576978046,0.29430654644966125,0.09324860672156016,0.0,0.09338102986415227,0.012547807504112522,0.12367078959941864,0.40393586953481037,4.379598893225193,3.969205856323242,0.18793179094791412,0.1582135707139969,0.023154770955443382,0.10074920579791069,0.6619448959827423,0.12340977042913437,0.3726545602083206,0.43172165378928185
134,901.7625710964203,0.4783098235571136,0.12405993342399597,0.181608318289121,0.2937113662560781,0.09332580119371414,0.0,0.09276978125174841,0.012480870882670084,0.1238768994808197,0.3716622769832611,4.360696345567703,3.9563159942626953,0.18535533547401428,0.1558513417840004,0.022789676673710346,0.09992392361164093,0.656204879283905,0.12324445694684982,0.3710809737443924,0.42802636325359344
135,908.5282850265503,0.479441500241713,0.12400246063868205,0.18217028180758157,0.2937324146429698,0.09576434095700583,0.0,0.09261511713266372,0.012455036025494337,0.12384483466545741,0.5667023698488871,4.364007793366909,3.961273670196533,0.18729601800441742,0.15454305708408356,0.02279616054147482,0.09986400976777077,0.6543146371841431,0.1236279308795929,0.6191139668226242,0.4270213283598423
136,915.227077960968,0.4807474580127746,0.12422709514697393,0.18230536878108977,0.2926326851050059,0.09692882100741068,0.0,0.09288616180419922,0.012451162561774254,0.12403965989748637,0.5119198898474375,4.364359866827726,3.9579098224639893,0.18570821732282639,0.15679796785116196,0.022807319648563862,0.09972812235355377,0.6607653796672821,0.1234506368637085,0.5273225694894791,0.4301108121871948
137,921.9648220539093,0.48083081980391096,0.12419188668330511,0.18244197964668274,0.2914728820323944,0.09661662131547928,0.0,0.09304687331120173,0.012457319969932238,0.12413796583811441,0.5550786256790161,4.359171282500029,3.955327272415161,0.18594088405370712,0.15543678402900696,0.022660186514258385,0.099317517131567,0.6571057140827179,0.12379882857203484,0.5567306786775589,0.42787037417292595
138,928.6702401638031,0.48144573722189915,0.12423107773065567,0.18258741994698843,0.29256083965301516,0.09730146477619807,0.0,0.09307405998309454,0.012440075259655714,0.1241057942310969,0.5346593538920085,4.344129718840122,3.9383000135421753,0.18458397686481476,0.15676885843276978,0.022492853924632072,0.0991528369486332,0.6612724959850311,0.12373831495642662,0.5358895897865296,0.42978908494114876
139,935.414146900177,0.47818735509645194,0.1239253764351209,0.18202050824960073,0.2920632600784302,0.09306500554084778,0.0,0.09282579819361368,0.01240868450452884,0.12422536859909693,0.39239163796106974,4.360242161899805,3.954450488090515,0.18605992943048477,0.15638085454702377,0.022594650276005268,0.09903442114591599,0.6594427525997162,0.12367460876703262,0.38254712224006654,0.4287557974457741
140,942.1316959857941,0.4780642732745036,0.12376730491717657,0.18168657918771108,0.2924075206120809,0.09252180059750875,0.0,0.09304482887188593,0.012415776153405507,0.12435346047083537,0.3712325890858968,4.353312656283379,3.944644331932068,0.18565839529037476,0.15791956335306168,0.022698624059557915,0.09902634471654892,0.6616518199443817,0.12413614988327026,0.3772250235080719,0.4298522546887398
141,948.8403458595276,0.4788223094656132,0.12395426630973816,0.1831419457991918,0.29152050614356995,0.09298618733882905,0.0,0.092891164124012,0.012463977544878919,0.12456071078777313,0.45216429034868877,4.353701584041119,3.9445407390594482,0.1874520629644394,0.15771740674972534,0.022387618198990822,0.09855597093701363,0.6632849872112274,0.12404395639896393,0.47659207582473756,0.43019846454262733
142,955.6453289985657,0.47809556702074285,0.12379775742689768,0.18216226597627003,0.29246736963589987,0.0921703815460205,0.0,0.0930122897028923,0.012401108754177888,0.12465266933043798,0.38777653574943544,4.352134943008423,3.9450031518936157,0.1861443817615509,0.15702980011701584,0.022956786677241325,0.0991881750524044,0.661840945482254,0.12433250620961189,0.38570506274700167,0.4301086477935314
143,962.4277169704437,0.47732682989444586,0.12394571552673976,0.18181859254837035,0.2919366300106049,0.0917655199766159,0.0,0.09276873668034871,0.01238613398745656,0.12481993287801743,0.40808098912239077,4.35545939207077,3.9456746578216553,0.18489214777946472,0.15866933017969131,0.022815028205513954,0.09879719838500023,0.6612110137939453,0.12439627572894096,0.40217453241348267,0.4294027052819729
144,969.1889340877533,0.4762902007399437,0.12370584011077881,0.18178307513395944,0.2919130861759186,0.09115669280290603,0.0,0.09253242661555608,0.012388756001989047,0.12486935655275981,0.3642526259024938,4.333177287131548,3.928209662437439,0.18305767327547073,0.1567193940281868,0.022723808884620667,0.0986667349934578,0.6586079597473145,0.12452717870473862,0.3761217758059502,0.427970714867115
145,975.9435181617737,0.4765029020335836,0.12353009730577469,0.18197233676910402,0.2918112059434255,0.0920019288857778,0.0,0.09247565021117528,0.012355007231235504,0.12498350640137991,0.4756005009015401,4.3508319817483425,3.943541646003723,0.1844058856368065,0.15754369646310806,0.02275931555777788,0.09845562279224396,0.6622745394706726,0.12466726824641228,0.465769374370575,0.42959289252758026
146,982.7441251277924,0.47473854436539115,0.1233735740184784,0.1807394415140152,0.2914515535036723,0.0910418579975764,0.0,0.09223846147457758,0.012348274700343609,0.12518050124247868,0.37400610049565636,4.341813910752535,3.9379117488861084,0.18454722315073013,0.1558142751455307,0.022787929512560368,0.09826331958174706,0.6554585099220276,0.1246597170829773,0.3954115331172943,0.42599257454276085
147,989.4589760303497,0.47687814880240087,0.12350225498278936,0.18089764614899953,0.2902087330818176,0.09216943283875784,0.0,0.09298538962999979,0.012338031688705087,0.1252087672551473,0.43243456482887266,4.345207028090954,3.938740849494934,0.1838836520910263,0.1572621762752533,0.022512651048600674,0.09778755158185959,0.6602186262607574,0.12499691545963287,0.4174198299646378,0.4278968647122383
148,996.1995279788971,0.477120710874442,0.1232484390338262,0.1807965874671936,0.29089707136154175,0.09249077091614405,0.0,0.09314501186211904,0.012325706627840797,0.12535216013590494,0.442594975233078,4.339774191379547,3.9351794719696045,0.18342354893684387,0.15644147247076035,0.022432588040828705,0.09751354530453682,0.6602469980716705,0.12488142028450966,0.44786282181739806,0.4276370443403721
149,1002.92822098732,0.47513205852592366,0.12307796279589335,0.18081678648789723,0.2910569906234741,0.09117805113395056,0.0,0.09255117823680242,0.012324130504081647,0.12543880194425583,0.44510069688161213,4.341828789561987,3.934744358062744,0.18403970450162888,0.15753228962421417,0.022639447823166847,0.09771590307354927,0.6601011455059052,0.1252484992146492,0.4166046053171158,0.42776647582650185
150,1009.6525859832764,0.47365297622745856,0.12306676556666692,0.1807026743888855,0.2902934531370799,0.09058879266182582,0.0,0.09203085402647654,0.012329468596726656,0.12565917919079464,0.40753602186838783,4.348193183541298,3.9391103982925415,0.18510541319847107,0.15826503932476044,0.02277299202978611,0.0978529155254364,0.6634492576122284,0.12529947608709335,0.41968199610710144,0.4295775443315506
151,1016.3921320438385,0.47491715077000357,0.12294993499914805,0.18089602291584014,0.29068235953648885,0.09232984483242035,0.0,0.09221853017807007,0.012326552998274565,0.12584879597028095,0.4645135839780172,4.345016200095415,3.938533663749695,0.18466181308031082,0.15707581490278244,0.022459079511463642,0.09723341464996338,0.6606340110301971,0.12545520812273026,0.44700694978237154,0.42755042016506195
152,1023.078889131546,0.47468729597361137,0.12302648474772772,0.18031346797943115,0.290551096200943,0.09105859696865082,0.0,0.09253779004017512,0.012293926455701392,0.12592795143524807,0.420742670694987,4.332659784704447,3.930139899253845,0.18278545886278152,0.1555635780096054,0.02247950341552496,0.09713976457715034,0.6564240455627441,0.12569115310907364,0.3979025423526764,0.4253517873585224
153,1030.0818588733673,0.4720621024840511,0.12247398992379506,0.1796833485364914,0.29033419688542683,0.08987127343813578,0.0,0.09196706463893255,0.012288334950183829,0.12601215293010076,0.41111955444018045,4.342713158577681,3.935660719871521,0.18474798649549484,0.15733922272920609,0.022638458758592606,0.09714395180344582,0.6619118452072144,0.125615693628788,0.43507707118988037,0.428099874407053
154,1037.1491100788116,0.47402399899826075,0.12268438339233398,0.1802487164735794,0.2904344260692596,0.09109132637580236,0.0,0.09239056408405304,0.01230016768289109,0.12616460373004276,0.485644535223643,4.322087790817022,3.917043685913086,0.1827014610171318,0.15684668719768524,0.022364876233041286,0.09676269441843033,0.6585817635059357,0.12571404874324799,0.5379340261220932,0.42605357617139816
155,1043.916118144989,0.4727748402277939,0.12241218487421672,0.17994623382886252,0.2905221819877625,0.08999168475468954,0.0,0.09224792569875717,0.012304158695042134,0.1263410379489263,0.43059950272242226,4.33089841902256,3.9220467805862427,0.18215975165367126,0.1588858813047409,0.02286809403449297,0.09734486043453217,0.6660037338733673,0.12587837874889374,0.4022155612707138,0.4303467273712158
156,1050.6802649497986,0.47259802533856904,0.12234584291776021,0.1795918216307958,0.28918956518173217,0.08929447631041208,0.0,0.09252483149369557,0.0122694774530828,0.126502388715744,0.3952610999345779,4.334005020558834,3.927335500717163,0.18322034180164337,0.15752967447042465,0.022603876888751984,0.09666642546653748,0.6621339023113251,0.12618571519851685,0.38478525131940844,0.4277333766222
157,1057.4337439537048,0.47194510109256954,0.12253344853719075,0.17974021832148235,0.28975210984547933,0.08971361368894577,0.0,0.09193624506394069,0.012246880121529103,0.1266194129983584,0.3949872652689616,4.3247568644583225,3.9196324348449707,0.18226198107004166,0.1569967195391655,0.0225894870236516,0.09655311331152916,0.6607074439525604,0.12639706581830978,0.38382827043533324,0.42690683528780937
158,1064.1642258167267,0.4727704828566251,0.12241817911465963,0.1801225185394287,0.2895112633705139,0.09059258351723352,0.0,0.09210434556007385,0.012232849933207035,0.12675765057404836,0.5279393990834554,4.320245664566755,3.917254686355591,0.18181868642568588,0.15604081749916077,0.022502499632537365,0.09631342813372612,0.657692015171051,0.12631254643201828,0.5221302270889282,0.42515943571925163
159,1070.9509420394897,0.4723738129386523,0.12259652962287267,0.17989761432011922,0.28859117031097414,0.08901944756507874,0.0,0.0923109620809555,0.012251400078336397,0.12693516810735067,0.4331454435984294,4.339306745678186,3.930793285369873,0.1840025559067726,0.15825609117746353,0.022286005318164825,0.09591959416866302,0.6646064817905426,0.12649082392454147,0.4147712618112564,0.4282228350639343
160,1077.630182981491,0.4721804523452496,0.12227295239766439,0.17972988883654276,0.2886535465717316,0.08889466573794683,0.0,0.09244820425907771,0.012223040716101726,0.12700010736783346,0.41455113887786865,4.322711810469627,3.917121410369873,0.18235331773757935,0.15720687061548233,0.022600227035582066,0.09616933390498161,0.6600244641304016,0.1268543004989624,0.3815294593572617,0.4261815659701824
161,1084.4242939949036,0.4713052606093697,0.12224292208751043,0.17960387468338013,0.2896787106990814,0.08904690047105153,0.0,0.09196790953477224,0.012221770143757265,0.12721007068951926,0.414343798160553,4.327191736549139,3.918156862258911,0.18279462307691574,0.158818781375885,0.022700555622577667,0.09639376774430275,0.6656294167041779,0.12696462869644165,0.4385636210441589,0.4292084760963917
162,1091.1649470329285,0.47220887479682766,0.12213978370030722,0.1794275293747584,0.2893245418866475,0.09139135628938674,0.0,0.09194690535465876,0.01222257014984886,0.1273147240281105,0.5709281663099924,4.32008321583271,3.914354085922241,0.18321093916893005,0.15706183016300201,0.02230546995997429,0.09550892561674118,0.659103125333786,0.12704066932201385,0.5647250235080719,0.4250604882836342
163,1098.0401601791382,0.4721853675631185,0.12204997539520264,0.17965890169143678,0.28895413478215537,0.09071457336346309,0.0,0.09211102177699407,0.012207979305336873,0.12743771721919378,0.5691693325837454,4.324969734996557,3.9211816787719727,0.1819342002272606,0.15641047805547714,0.02225784119218588,0.09543334320187569,0.659883439540863,0.12730085104703903,0.5835480481386185,0.4253750629723072
164,1104.7850890159607,0.4694868147644835,0.12164792120456695,0.1786925047636032,0.2893336812655131,0.09021778504053751,0.0,0.09131086071332296,0.012191056894759337,0.1276194671789805,0.5348481774330139,4.309094663709402,3.907014489173889,0.1813460811972618,0.155703566968441,0.02257341891527176,0.09567859023809433,0.6568829417228699,0.12741710245609283,0.5050803303718567,0.42412006109952927
165,1111.5671219825745,0.46997944232231625,0.12193542222181956,0.1793412148952484,0.28909597992897035,0.08701668878396353,0.0,0.09206307381391525,0.01219548173248768,0.1278139094511668,0.3918202022711436,4.321587037295103,3.918713331222534,0.1823398694396019,0.15585188567638397,0.022422208450734615,0.0953633189201355,0.659439742565155,0.12745100259780884,0.3868347704410553,0.425083190202713
166,1118.343650817871,0.46889399834520495,0.12174878716468811,0.17888462444146475,0.2889932115872701,0.08857894986867905,0.0,0.09134427458047867,0.012170397024601699,0.1279650052388509,0.4941280583540599,4.307340878993273,3.903503179550171,0.18002856522798538,0.1569117084145546,0.02250966615974903,0.0953589603304863,0.6594797968864441,0.12762945145368576,0.5126673877239227,0.42509885877370834
167,1125.2239620685577,0.47039740756348086,0.12194433957338333,0.17904798090457916,0.28832507133483887,0.08914481699466706,0.0,0.0918497438232104,0.012164511205628514,0.12814366221427917,0.49215328494707744,4.31374704092741,3.9157665967941284,0.18226860463619232,0.15342307090759277,0.02248383965343237,0.09520668908953667,0.6520931124687195,0.12762752920389175,0.49420052766799927,0.4212532453238964
168,1131.9797940254211,0.46863835121815406,0.12156210541725158,0.1779761056105296,0.2893771986166636,0.08927936901648839,0.0,0.09134287039438883,0.01216698084026575,0.12828651169935862,0.4871249695618947,4.303766675293446,3.904819965362549,0.18118532001972198,0.15417702496051788,0.022442598827183247,0.0950692631304264,0.654159665107727,0.12777122855186462,0.46013114154338836,0.42214909568428993
169,1138.6716408729553,0.46809739429348457,0.12148163765668869,0.1777555634578069,0.2886598825454712,0.08841533164183299,0.0,0.09141999930143356,0.012162158917635679,0.128472438454628,0.44769303798675536,4.306611008942127,3.903521776199341,0.18174664676189423,0.15610795468091965,0.02226695790886879,0.09471350535750389,0.6600054502487183,0.12803571671247482,0.4570550501346588,0.424716230481863
170,1145.4160079956055,0.46772129569435494,0.12145459155241649,0.1781082421541214,0.28912402590115865,0.08806680043538412,0.0,0.09122235675652822,0.012147136839727561,0.12855332990487417,0.46672715147336324,4.286320965737104,3.889236569404602,0.17894890159368515,0.1538049727678299,0.02256087400019169,0.09498680010437965,0.6534153521060944,0.12818685173988342,0.45045910179615023,0.42169447615742683
171,1152.1331961154938,0.4661875379543441,0.12105671316385269,0.1771877924601237,0.2894833226998647,0.08631492008765539,0.0,0.09130469411611557,0.012145003691936532,0.12882996797561647,0.3985690772533417,4.295722521841526,3.894785165786743,0.18040378391742706,0.15536773204803467,0.022572654299438,0.09494439885020256,0.6579484641551971,0.12824881821870804,0.4089849412441254,0.42391863092780113
172,1158.8668901920319,0.4664043854107149,0.12107302099466324,0.17761313617229463,0.28957240978876747,0.08643842587868372,0.0,0.09126302649577459,0.012148578728859624,0.12886045972506205,0.4361356019973755,4.297330982983112,3.89846134185791,0.18132205307483673,0.1541043072938919,0.022331406362354755,0.09437459707260132,0.6543615758419037,0.12833763659000397,0.4403940737247467,0.42155538499355316
173,1165.682016134262,0.46586861306568605,0.1210293561220169,0.17689327001571656,0.28862523635228476,0.08546982556581498,0.0,0.09148772110541661,0.012131623985866705,0.1290581613779068,0.4754025061925252,4.303276114165783,3.898316502571106,0.18026010692119598,0.1574147790670395,0.022312541492283344,0.09435021132230759,0.6604578495025635,0.12853462994098663,0.4608346313238144,0.4245791360735893
174,1172.3931758403778,0.4685129786201287,0.1215047632654508,0.17792058289051055,0.2891114433606466,0.0879375989238421,0.0,0.09167400201161703,0.012133163896699746,0.1292554239432017,0.4726527452468872,4.297738805413246,3.9014732837677,0.18087485432624817,0.15291404724121094,0.02221924066543579,0.09425249695777893,0.6523145437240601,0.12884608656167984,0.4508652538061142,0.42040976881980896
175,1179.1446659564972,0.4651432458893396,0.1209096943338712,0.1769983212153117,0.28846516013145446,0.08635967125495275,0.0,0.09094515095154444,0.01211822930102547,0.12939745982487996,0.40089949369430544,4.285269606858492,3.8815879821777344,0.17875496298074722,0.15715207159519196,0.02257439959794283,0.09444506838917732,0.6610616743564606,0.12921613454818726,0.40193591415882113,0.4249759055674076
176,1185.8472690582275,0.4638357995582434,0.12056789000829062,0.17605377038319905,0.2884521861871084,0.08576550136009851,0.0,0.09084797153870265,0.012114053126424551,0.12963058749834697,0.44610469341278075,4.297032862901688,3.8915990591049194,0.17892774939537048,0.15798496454954147,0.022398420609533787,0.09416617825627327,0.6645388305187225,0.12944475561380386,0.4775967329740524,0.42643559351563454
177,1192.5404760837555,0.46569724194317436,0.12065241088469823,0.17652218242486317,0.2883016328016917,0.08620610237121581,0.0,0.091516741613547,0.01211361118281881,0.12976828416188557,0.4339743316173553,4.290790315717459,3.8871408700942993,0.17782606929540634,0.15736820548772812,0.022386422380805016,0.09388115629553795,0.6624975800514221,0.12932518124580383,0.4249444454908371,0.425129946321249
178,1199.3355071544647,0.46365592140937223,0.12061184495687485,0.17605648239453633,0.2879231333732605,0.08527277708053589,0.0,0.09088631769021352,0.012096660149594148,0.12997900446256003,0.4543353279431661,4.29649443924427,3.887561321258545,0.17938882112503052,0.15961935371160507,0.02236589416861534,0.09383859857916832,0.6677605509757996,0.12969645112752914,0.4665317445993423,0.4277188740670681
179,1206.2384359836578,0.4657508625338475,0.12072201867898305,0.1762844741344452,0.28896700143814086,0.08873905142148336,0.0,0.09090186357498169,0.012111010278264682,0.13003385265668232,0.5608832577864329,4.297502815723419,3.8957884311676025,0.17916202545166016,0.1560666859149933,0.022260726429522038,0.09362643212080002,0.6585083305835724,0.12955177575349808,0.5697261333465576,0.4228805974125862
180,1213.0067019462585,0.46534605278090263,0.12025326987107594,0.17611419757207233,0.28783586621284485,0.08789334992567698,0.0,0.09124703705310822,0.012075692260016998,0.13027994632720946,0.5169679880142212,4.292114593088627,3.887502431869507,0.17965678870677948,0.15739188343286514,0.022438094951212406,0.09378495067358017,0.6630872189998627,0.12983055412769318,0.5282690495252609,0.4253285601735115
181,1219.7235491275787,0.4643913408392109,0.12032978932062785,0.17579653064409892,0.28778396447499593,0.08678319702545802,0.0,0.09109099457661311,0.012075350992381573,0.1305020620425542,0.45895544687906903,4.27405084297061,3.871046781539917,0.17751767486333847,0.15712261199951172,0.022536308504641056,0.09383443370461464,0.6615312695503235,0.13029564172029495,0.4229745984077454,0.4246000684797764
182,1226.3991329669952,0.46233141034220654,0.11989079018433889,0.17528042097886404,0.2884292840957642,0.08500125159819921,0.0,0.09082327832778295,0.01206867586200436,0.13070779045422873,0.3985475222269694,4.287192031741142,3.879958748817444,0.17864495515823364,0.1589554026722908,0.022401084192097187,0.093433678150177,0.6661398708820343,0.13031627982854843,0.401429158449173,0.42650361359119415
183,1233.1248919963837,0.46260052675691743,0.12016298025846481,0.17513717710971832,0.2884425381819407,0.08463260134061178,0.0,0.09094970971345902,0.0120599036415418,0.13083886702855427,0.36448410153388977,4.287309069186449,3.88422167301178,0.17845556885004044,0.15692980587482452,0.02231222577393055,0.09324238821864128,0.6635767221450806,0.13051687926054,0.35715829133987426,0.42503074929118156
184,1239.846745967865,0.4624654675057779,0.1203161691625913,0.17529899179935454,0.2885823130607605,0.08460541119178136,0.0,0.09076521098613739,0.01205630029241244,0.13099804719289143,0.37681881586710614,4.2944675385952,3.890816807746887,0.17891302704811096,0.15709710866212845,0.02231711335480213,0.09316814690828323,0.6617876589298248,0.13085390627384186,0.4045554310083389,0.42406197637319565
185,1246.5601921081543,0.463073992174274,0.12005163530508677,0.1749641478061676,0.289228888352712,0.08511241575082143,0.0,0.09112659643093744,0.012053319873909155,0.1311570107936859,0.4819654564062754,4.284911375492811,3.8831552267074585,0.17688249796628952,0.15665744990110397,0.022309446707367897,0.09303697571158409,0.6612038612365723,0.13077683001756668,0.47541269958019255,0.4236389063298702
186,1253.298672914505,0.4623337084737917,0.12018180688222249,0.17452673415342967,0.2879457275072734,0.08379865388075511,0.0,0.09119346191485724,0.012051386339589954,0.13139111399650574,0.4708559592564901,4.289328724145889,3.884181261062622,0.17852303385734558,0.1579429730772972,0.022341225296258926,0.09317213296890259,0.6639153063297272,0.1309107020497322,0.45270154774189,0.4251297861337662
187,1260.062747001648,0.4608312525243188,0.11995912790298462,0.1747072418530782,0.28816098570823667,0.08311288903156916,0.0,0.09066836486260096,0.012061521100501219,0.13162841995557148,0.4055926541487376,4.27443166449666,3.8681716918945312,0.17706365138292313,0.1588640734553337,0.022588538005948067,0.09324163943529129,0.6662117838859558,0.13128911703824997,0.3796114712953568,0.4263475313782692
188,1266.8067920207977,0.4602562554840309,0.1194121445218722,0.17410458922386168,0.2881422976652781,0.083689450720946,0.0,0.09066403657197952,0.012031937638918558,0.13183762033780416,0.4651655316352844,4.277284644544125,3.8734288215637207,0.17651693522930145,0.1577986776828766,0.02236161008477211,0.09288949519395828,0.6643067300319672,0.13124819099903107,0.44696725606918336,0.42504286020994186
189,1273.5203380584717,0.4606868360385609,0.1196672186255455,0.17421824038028716,0.2880824327468872,0.08225976576407751,0.0,0.09108426024516424,0.01202563668290774,0.131946994860967,0.43684624433517455,4.2708806954324245,3.863970994949341,0.1769612953066826,0.15921452641487122,0.02227332815527916,0.09271100163459778,0.6672669649124146,0.13158057630062103,0.45445493459701536,0.42634448409080505
190,1280.297877073288,0.4606313632025073,0.11955854346354802,0.1739231288433075,0.2883592188358307,0.08381925572951635,0.0,0.09077997704346975,0.012038314094146093,0.13207855919996897,0.47924240231513976,4.302706938236952,3.8889122009277344,0.17847087234258652,0.1622796505689621,0.022039251402020454,0.09234464913606644,0.6739897429943085,0.13158679753541946,0.4986597508192062,0.4293395206332207
191,1287.0081748962402,0.45983139460828776,0.11966279049714407,0.17400853633880614,0.2878050367037455,0.08243086437384288,0.0,0.09068180173635483,0.012031970949222644,0.13232438266277313,0.43136753638585407,4.264495242387056,3.8616966009140015,0.17640475183725357,0.15729813277721405,0.022400664165616035,0.09265167266130447,0.6634479463100433,0.1319717839360237,0.43174452185630796,0.42437564581632614
192,1293.7093660831451,0.45888575523470837,0.11921071807543436,0.17286921441555023,0.288311622540156,0.0827993596593539,0.0,0.09060213267803192,0.012035476028298337,0.1326174040635427,0.4583233674367269,4.275416284799576,3.869127035140991,0.17665299773216248,0.15898137539625168,0.022475379519164562,0.0928577370941639,0.6650078594684601,0.13228050619363785,0.4809470236301422,0.42536166682839394
193,1300.472596168518,0.4582943137812739,0.1191119650999705,0.17318563063939413,0.2882107436656952,0.08234994163115819,0.0,0.09039640774329503,0.012004485120996833,0.13284119963645935,0.41037374337514243,4.263551238924265,3.857684373855591,0.176565982401371,0.1587919369339943,0.022281983867287636,0.09229306504130363,0.6644941866397858,0.13228689879179,0.4162656098604202,0.4245401583611965
194,1307.3865270614624,0.4578828002442606,0.11922382215658824,0.17312347988287607,0.2876276989777883,0.0810831680893898,0.0,0.09049634039402008,0.012001332206030687,0.13292751709620157,0.4363732655843099,4.2765896916389465,3.868104338645935,0.17694136500358582,0.16000733524560928,0.022208118811249733,0.0921318344771862,0.6668789386749268,0.13263148814439774,0.4171686440706253,0.4255713038146496
195,1314.1062648296356,0.45844405102737557,0.1190673515200615,0.17306452095508576,0.28752546906471255,0.08122733235359192,0.0,0.09083710809548697,0.012026707486559948,0.1331240216890971,0.4023923953374227,4.280434377491474,3.869706153869629,0.17682944238185883,0.16115675121545792,0.022037619724869728,0.09184535592794418,0.6729982495307922,0.1327553614974022,0.45164901614189146,0.4283444806933403
196,1320.8081920146942,0.45637996165896766,0.11876863042513529,0.17271269659201305,0.28805408676465355,0.08101989875237146,0.0,0.09007041205962499,0.011991994983206192,0.1333455413579941,0.45788621505101523,4.255615100264549,3.845811128616333,0.17449775338172913,0.16127754747867584,0.022394533269107342,0.09232316166162491,0.6675562262535095,0.1330166459083557,0.4707649081945419,0.42610127478837967
197,1327.5614790916443,0.4559761713452948,0.11842084129651388,0.17235334714253744,0.28830711046854657,0.08123521159092585,0.0,0.09006564170122147,0.011993699334561824,0.13364984889825185,0.4666501065095266,4.253675129264593,3.8467811346054077,0.17438604682683945,0.15985048562288284,0.02243427373468876,0.09232738614082336,0.6662128567695618,0.13318714499473572,0.4720386415719986,0.42543381452560425
198,1334.2494008541107,0.45416097857135657,0.11820941021045049,0.17151974538962048,0.28786484797795614,0.08070544749498368,0.0,0.08962791115045547,0.011977798957377672,0.13379394610722858,0.44217214385668435,4.267649360001087,3.8572148084640503,0.17554019391536713,0.16133222728967667,0.02232627384364605,0.09196528792381287,0.6706613898277283,0.13356700539588928,0.45701960325241087,0.427295982837677
199,1340.9748289585114,0.4545504214707762,0.1182986244559288,0.17143150468667348,0.28820786873499554,0.08090083400408427,0.0,0.08973415692647298,0.011976826004683971,0.13399864335854847,0.43894046545028687,4.272669035941362,3.863572120666504,0.1758737936615944,0.16058000922203064,0.02225570846349001,0.09179861843585968,0.6703062057495117,0.13366931676864624,0.41163974106311796,0.42695172131061554
200,1347.7663278579712,0.45435957863616444,0.11812816311915715,0.1713562806447347,0.2885232110818227,0.08073600530624389,0.0,0.08976764231920242,0.011984430905431508,0.13427099585533142,0.4737344781557719,4.256838023662567,3.849860668182373,0.1742483377456665,0.15992659330368042,0.022358705289661884,0.09197115525603294,0.6671857833862305,0.1338333562016487,0.4917499214410782,0.4255640469491482
201,1354.5144600868225,0.4547451904353996,0.11820071488618851,0.17115568419297536,0.28841958244641624,0.08093850215276083,0.0,0.08992892056703568,0.01198388496413827,0.13445648749669392,0.444415686527888,4.269585870206356,3.8601220846176147,0.1759592741727829,0.16074207425117493,0.022043813951313496,0.09132595360279083,0.6696212291717529,0.13406679779291153,0.46090119183063505,0.4261365681886673
202,1361.2286281585693,0.45371588388031037,0.11793288141489029,0.17108516693115233,0.2884418626626333,0.08003761967023214,0.0,0.08979145983854929,0.011963348540787896,0.13457069198290508,0.43321961760520933,4.247340764850378,3.837175130844116,0.17395248264074326,0.1615946963429451,0.02226125542074442,0.09170383214950562,0.6710448563098907,0.13435988873243332,0.4284262120723724,0.427226260304451
203,1367.9978229999542,0.4532777812234902,0.11767204652229944,0.17059799234072368,0.2883763909339905,0.07939901451269786,0.0,0.0899877538283666,0.011960549869885047,0.13489322761694592,0.38971051573753357,4.2434400357306,3.8337631225585938,0.17302245646715164,0.1615828424692154,0.02234395034611225,0.09167979657649994,0.6713690459728241,0.13474655896425247,0.39171983301639557,0.427364319562912
204,1374.7228019237518,0.45171913464243213,0.11746342331171036,0.17023186087608339,0.28863172729810077,0.07910683900117874,0.0,0.08946484923362732,0.01195656944376727,0.13514708280563353,0.43454563220342,4.236925151199102,3.832250475883484,0.1732001230120659,0.15903730690479279,0.022328568622469902,0.09148318693041801,0.6649473607540131,0.13473208993673325,0.44231387972831726,0.42395686730742455
205,1381.4997398853302,0.45109389078182477,0.11758222331603368,0.16996542116006216,0.2886948545773824,0.07845790336529414,0.0,0.08931943029165268,0.01194435649861892,0.13543413678805033,0.3990428606669108,4.2483794167637825,3.836249351501465,0.17344532907009125,0.16270370036363602,0.022203736938536167,0.09133690223097801,0.6742822229862213,0.13502871990203857,0.37453696727752683,0.42847801372408867
206,1388.231420993805,0.4511319294513669,0.11710389504830042,0.17009677787621816,0.2883399287859599,0.07949124723672867,0.0,0.0893042782942454,0.011943111335858703,0.13549772103627522,0.42311968008677164,4.247512023895979,3.8405262231826782,0.1742943450808525,0.15991931408643723,0.022192583419382572,0.09118827059864998,0.6680539548397064,0.13532842695713043,0.4154690206050873,0.4252152480185032
207,1395.186133146286,0.4509529768741534,0.11703988264004389,0.16982549925645193,0.28886868953704836,0.07861156513293584,0.0,0.08950729022423426,0.011954101314768196,0.1357388238112132,0.39015329281489053,4.240148730576038,3.828892946243286,0.17360572516918182,0.16222646087408066,0.02239234559237957,0.09146415442228317,0.6719037890434265,0.13548112660646439,0.39219994843006134,0.42741604894399643
208,1401.9439580440521,0.4502938611394105,0.11695202241341272,0.16966562668482463,0.28870233297348025,0.07899644126494726,0.0,0.08917506734530131,0.011936255606512229,0.1359880656003952,0.4285341421763102,4.238653503358364,3.829728841781616,0.17364175617694855,0.1610518917441368,0.02206171303987503,0.09096519649028778,0.670454353094101,0.13563842326402664,0.4376796066761017,0.42619237303733826
209,1408.6713371276855,0.4509435627958737,0.1167566845814387,0.16995107531547546,0.2889892896016439,0.08048100968201956,0.0,0.0891412874062856,0.011928885088612637,0.1362279196580251,0.5213090161482493,4.227623246610165,3.820082902908325,0.1722656935453415,0.16070374846458435,0.022112435661256313,0.09079612419009209,0.6684539318084717,0.13572393357753754,0.5043841302394867,0.4250230900943279
210,1415.4465548992157,0.44940380033804106,0.11653744131326675,0.16872426172097524,0.2890633702278137,0.0786728635430336,0.0,0.0892360751827558,0.011928748556723196,0.13641010324160258,0.41337835987408955,4.2272245697677135,3.8180291652679443,0.17235451191663742,0.16150907427072525,0.02221367135643959,0.09099308773875237,0.6705834269523621,0.1360597386956215,0.40257675051689146,0.4262848012149334
211,1422.1421248912811,0.4485895759969329,0.11648588081200918,0.16876959005991618,0.28945948282877604,0.07774326254924138,0.0,0.08905508170525232,0.011941019880274932,0.13664388159910837,0.38793071707089744,4.209484409540892,3.804358720779419,0.17098047584295273,0.15981772541999817,0.0224128570407629,0.09147921949625015,0.6664753258228302,0.13634539395570755,0.3673356622457504,0.42471688240766525
212,1428.9474577903748,0.44805601657911515,0.11618051876624426,0.16834650337696075,0.289623095591863,0.07754278679688771,0.0,0.089090596139431,0.011915664902577798,0.13686789373556774,0.4001288692156474,4.237421225756407,3.828630566596985,0.17359768599271774,0.16099590808153152,0.022153477184474468,0.09072589129209518,0.6699911653995514,0.1365276202559471,0.4222363352775574,0.4257214739918709
213,1435.7818570137024,0.4485862130338016,0.11589765846729279,0.16826742490132648,0.28940622409184774,0.07831642627716065,0.0,0.08933179974555969,0.011949362869684895,0.13701763252417246,0.47339213689168297,4.21728490293026,3.8107861280441284,0.17108240723609924,0.16047878563404083,0.02234063297510147,0.09106061607599258,0.6668925285339355,0.13681169599294662,0.46150012612342833,0.42450688034296036
214,1442.5769529342651,0.4489001695299521,0.11592162052790324,0.16849976976712544,0.29004032015800474,0.07825518945852915,0.0,0.08940395514170328,0.01192752739104132,0.13731526732444763,0.4987672170003255,4.222599294036627,3.8113473653793335,0.17189382761716843,0.16265250742435455,0.0220166789367795,0.09043531492352486,0.6734312772750854,0.13694632053375244,0.5019421517848969,0.4271509535610676
215,1449.3989310264587,0.44848081751648955,0.11572804301977158,0.16845647990703583,0.2901040275891622,0.07896970162789027,0.0,0.08912062396605809,0.011920225340873003,0.1374899625778198,0.5363323092460632,4.212831400334835,3.8088642358779907,0.17212159931659698,0.15895318239927292,0.022241505794227123,0.09068284556269646,0.6651171147823334,0.13714616745710373,0.5426485717296601,0.42324140295386314
216,1456.1055200099945,0.4474993391816194,0.11562867412964503,0.16849276224772136,0.2888631284236908,0.07781347930431366,0.0,0.08902224451303482,0.011911573229978482,0.13774381577968597,0.5042896250883738,4.206382695585489,3.7986756563186646,0.17099449783563614,0.16110489517450333,0.022022642195224762,0.09029139578342438,0.6696005165576935,0.13737328350543976,0.4786005198955536,0.4250916540622711
217,1462.8563890457153,0.44715720855553326,0.11543910602728526,0.1684402863184611,0.29016068776448567,0.07662929743528366,0.0,0.08919104635715484,0.011900983657687903,0.13790152966976166,0.4440184454123179,4.215186219662428,3.8041555881500244,0.17165213078260422,0.1626022830605507,0.021992310881614685,0.09027187898755074,0.6732746958732605,0.13758567720651627,0.42784125804901124,0.426909226924181
218,1469.6323747634888,0.4473327077226713,0.11522087752819062,0.1679299145936966,0.2902432938416799,0.07848759839932123,0.0,0.08904595871766409,0.011912184332807859,0.13820502360661824,0.5341261386871338,4.199056006968021,3.787530303001404,0.1711002141237259,0.16298779845237732,0.022354593500494957,0.09083828330039978,0.6725955307483673,0.1379828155040741,0.5439517766237258,0.42713604867458344
219,1476.375911951065,0.4457387966569513,0.11492895931005478,0.16735049883524578,0.29019014835357665,0.07750857224067052,0.0,0.08878841996192932,0.0118963069592913,0.13839035332202912,0.5119850198427837,4.201413415372372,3.7916356325149536,0.17130903899669647,0.1620616316795349,0.022291358560323715,0.09060173109173775,0.6720417737960815,0.13826782256364822,0.49563554525375364,0.4266226179897785
220,1483.1507439613342,0.4470032093037541,0.11486497074365616,0.1673652450243632,0.29130234320958454,0.07828264882167181,0.0,0.08920036653677622,0.011888859312360485,0.13860259354114532,0.5493116656939189,4.1931819804012775,3.7879539728164673,0.1715901866555214,0.15971645712852478,0.022233066149055958,0.09037905931472778,0.6641498506069183,0.13828421384096146,0.5919180482625961,0.42245398461818695
221,1489.8718559741974,0.44670194640833266,0.11446700741847356,0.16716386775175732,0.2910055677096049,0.07939632584651311,0.0,0.08903636932373046,0.01187695727373163,0.1387813061475754,0.6271325488885243,4.2002838887274265,3.790060877799988,0.17050863057374954,0.16248434782028198,0.022232066839933395,0.09025844559073448,0.6727652847766876,0.13888875395059586,0.6271599709987641,0.4266410879790783
222,1496.789430141449,0.4458831279577377,0.11429964353640874,0.1662926306327184,0.29158045450846354,0.07722227871418,0.0,0.08944336324930191,0.011875045609970887,0.13902810315291086,0.45507417917251586,4.196610227227211,3.7873016595840454,0.1699654757976532,0.1621629148721695,0.02214050106704235,0.09008333832025528,0.6731046736240387,0.138896606862545,0.4411937236785889,0.4266356751322746
223,1503.611181974411,0.4447370663556891,0.11441699167092641,0.16593727270762126,0.2908156454563141,0.07584163347880045,0.0,0.08928409616152445,0.011872407079984744,0.13928000132242838,0.4205515205860138,4.1686690375208855,3.763541579246521,0.16775037348270416,0.1606261357665062,0.02218759898096323,0.09010402485728264,0.6690573990345001,0.13903383910655975,0.4530197262763977,0.4246327243745327
224,1510.3484649658203,0.4432347577763721,0.11405536582072576,0.16550788680712383,0.2903763473033905,0.07577624420324962,0.0,0.08885970215002696,0.011868597008287907,0.1395297308762868,0.4285040140151978,4.184536162763834,3.7748072147369385,0.16927052289247513,0.16254684329032898,0.022153149358928204,0.09000875428318977,0.6715796291828156,0.13935326039791107,0.4384733378887177,0.42579856887459755
225,1517.120364189148,0.44512731916814424,0.11386417051156363,0.1661350021759669,0.2915262540181478,0.07642445464928944,0.0,0.08952500770489374,0.011871879594400525,0.13977088729540507,0.5229262332121531,4.186303474009037,3.772718906402588,0.16914089024066925,0.16450706124305725,0.022199122235178947,0.08997394889593124,0.6771268248558044,0.1397140622138977,0.5336487472057343,0.42853736132383347
226,1523.858983039856,0.4436451860431892,0.11352099478244781,0.16526971260706583,0.2914999008178711,0.07627086987098058,0.0,0.08921083509922027,0.011881608158970873,0.13995274305343627,0.4625236948331197,4.1696414090693,3.7580549716949463,0.1667916253209114,0.16409531235694885,0.022373003885149956,0.09042483195662498,0.6744011044502258,0.13981898874044418,0.45519781708717344,0.4276253841817379
227,1530.6606721878052,0.44308201953341875,0.1134520764152209,0.1647807608048121,0.292036106189092,0.07579831779003143,0.0,0.08917688330014546,0.011886853398755193,0.1401984065771103,0.41041877468427024,4.174419023096561,3.763229250907898,0.16872431337833405,0.16341380774974823,0.022120226174592972,0.08976704999804497,0.6749388873577118,0.14009445905685425,0.3864050000905991,0.42723649367690086
228,1537.4187421798706,0.4427021154706987,0.11316350301106771,0.16478496889273325,0.2921466867129008,0.07529200116793315,0.0,0.08925256431102753,0.011868866408864658,0.14035237828890482,0.40142931739489235,4.176059368997812,3.77180016040802,0.16887838393449783,0.15991000831127167,0.021897404454648495,0.0893835686147213,0.6660560667514801,0.14015468209981918,0.39347043037414553,0.42241160199046135
229,1544.1538791656494,0.44243307470848475,0.11323411067326863,0.16520779331525168,0.29238572120666506,0.07561157445112864,0.0,0.08888678848743439,0.011847559145341318,0.1406885306040446,0.500021098057429,4.169300049543381,3.7610177993774414,0.16785883903503418,0.16217641532421112,0.022166436538100243,0.08975252509117126,0.6698712706565857,0.14046166092157364,0.5399862080812454,0.4246881604194641
230,1550.899770975113,0.4413080060117257,0.11279547562201818,0.16418521503607433,0.29283008972803753,0.07581307142972946,0.0,0.08872685978809992,0.011844365485012531,0.1407651921113332,0.5072738945484161,4.1692235842347145,3.757697105407715,0.16686205565929413,0.1640477254986763,0.02220569271594286,0.08968933671712875,0.6758481562137604,0.14079903811216354,0.5047258317470551,0.42761341482400894
231,1557.650731086731,0.4408772691191795,0.11264386524756749,0.16362177828947702,0.2923962672551473,0.07423794666926066,0.0,0.08914359708627065,0.011844796237225334,0.14106429119904837,0.3865266184012095,4.173274707049131,3.7593122720718384,0.16756036132574081,0.1650911271572113,0.022130480036139488,0.08951898291707039,0.6794534027576447,0.14099127054214478,0.37935287952423097,0.4292456842958927
232,1564.3783330917358,0.4402410839179841,0.11251188715298971,0.16392591893672942,0.2930327514807383,0.07455415030320485,0.0,0.08870489796002706,0.011840604059398175,0.1413407117128372,0.4415351629257202,4.1633413434028625,3.7487692832946777,0.16693243384361267,0.16555292159318924,0.022192752920091152,0.08962583914399147,0.6796407103538513,0.141157865524292,0.45953680872917174,0.42944619432091713
233,1571.1614780426025,0.4408081873882717,0.11220507224400839,0.16356019973754882,0.2928999165693919,0.0751669521133105,0.0,0.08908657779296239,0.011842617547760408,0.1414882282416026,0.4785329858462016,4.153975524008274,3.7474411725997925,0.16675890982151031,0.16157744824886322,0.02228085696697235,0.08962045982480049,0.6691544055938721,0.14138515293598175,0.47762598693370817,0.4241976626217365
234,1577.9151179790497,0.44056568781767663,0.11201830705006917,0.1632100909948349,0.29403897523880007,0.07536522696415583,0.0,0.08904102146625519,0.011825232518215973,0.14181044002374013,0.4907148003578186,4.1591379046440125,3.747977137565613,0.16688549518585205,0.16385900974273682,0.02218715101480484,0.08945373445749283,0.6753813028335571,0.1416139453649521,0.4716800957918167,0.4271443858742714
235,1584.8222091197968,0.43988226656025897,0.11174060553312301,0.1630877564350764,0.2933473269144694,0.07614147514104844,0.0,0.08870861182610194,0.011833952149997155,0.14201388855775196,0.595050040880839,4.151610556989908,3.7449698448181152,0.16674042493104935,0.16163524985313416,0.021902022883296013,0.08910766243934631,0.6703798770904541,0.14193876832723618,0.61270392537117,0.42429760098457336
236,1591.6358149051666,0.43990621385358586,0.11152961154778798,0.16300888061523439,0.2941998461882273,0.07611662993828455,0.0,0.0888095811009407,0.011831343810384472,0.1423043062289556,0.6075336416562398,4.1560259610414505,3.747328758239746,0.16726836562156677,0.1625315099954605,0.02209434937685728,0.08930239453911781,0.6711443364620209,0.14210309833288193,0.6036132991313934,0.42487456277012825
237,1598.5009438991547,0.43853377739045146,0.1114146704475085,0.16227367023626962,0.2931790033976237,0.07415526111920674,0.0,0.08890716036160787,0.011816146069516737,0.142547145485878,0.4411003092924754,4.145075675100088,3.7351064682006836,0.16573338955640793,0.16355125606060028,0.0221940902993083,0.08933677896857262,0.6750383675098419,0.1423715353012085,0.4286681622266769,0.4268559627234936
238,1605.275113105774,0.43798343851231036,0.11125241567691167,0.16235280334949492,0.29356910586357116,0.07428544908761978,0.0,0.08864128440618516,0.011816117788354556,0.14273692667484283,0.46157973806063335,4.14384626224637,3.7340282201766968,0.16596312075853348,0.1634182408452034,0.022260382771492004,0.08942059800028801,0.6740711033344269,0.14268792420625687,0.515982249379158,0.42645614966750145
239,1612.1187510490417,0.4389564360724762,0.11094478716452917,0.16201399862766266,0.29408767620722454,0.07604117318987846,0.0,0.08890132308006286,0.011817657016217708,0.14292279481887818,0.620311572154363,4.134405642747879,3.7238866090774536,0.16425785422325134,0.16419505327939987,0.02212496753782034,0.08905144408345222,0.673841267824173,0.14310088008642197,0.6039869636297226,0.4259720779955387
240,1618.8518209457397,0.4367382273757054,0.11064461568991343,0.1610473891099294,0.29365015228589375,0.07416634013255437,0.0,0.08867514679829279,0.01180957087005178,0.14318560361862182,0.4725575009981791,4.121585287153721,3.712015748023987,0.1639406830072403,0.16379959881305695,0.02200992312282324,0.08891062065958977,0.6750388741493225,0.14327020198106766,0.4508154034614563,0.426430057734251
241,1625.654396057129,0.4371051955696506,0.11060991436243058,0.16140949626763662,0.2941025455792745,0.07418788398305574,0.0,0.08875486503044765,0.011844050573805968,0.14345486263434093,0.5179859856764476,4.122931946069002,3.714637875556946,0.1650392785668373,0.16288721561431885,0.02187883947044611,0.08894733712077141,0.6740006804466248,0.14330432564020157,0.4961075454950333,0.4259476773440838
242,1632.367807149887,0.4363190365586585,0.11018498490254085,0.16083344519138337,0.29486242930094403,0.07346519529819488,0.0,0.0888635570804278,0.011809138441458344,0.14373448391755422,0.46187621156374614,4.130289286375046,3.720054030418396,0.1664179563522339,0.16351313889026642,0.022370528429746628,0.08929889276623726,0.6734062731266022,0.14361706376075745,0.4513381004333496,0.42600202932953835
243,1639.2013039588928,0.4367751878802665,0.11006882588068644,0.16081554889678956,0.2950224081675212,0.07499485512574514,0.0,0.0887643739581108,0.011801138008013367,0.14391070008277893,0.603781278928121,4.122404724359512,3.7089635133743286,0.1654188632965088,0.16536588966846466,0.022300126031041145,0.08910225331783295,0.6784137785434723,0.14395862072706223,0.6009283572435379,0.4283091425895691
244,1645.9863169193268,0.4357256201057074,0.10974141756693521,0.16046691338221233,0.29527036945025126,0.07426293268799782,0.0,0.08866170893112818,0.011792160694797833,0.144217719634374,0.5594931622346242,4.116366557776928,3.708020806312561,0.16508249938488007,0.16290225088596344,0.022258867509663105,0.0888950265944004,0.6717109680175781,0.14413149654865265,0.52327820956707,0.42475051060318947
245,1652.7609939575195,0.4359681871952489,0.10974341481924058,0.16068273683389028,0.2950797994931539,0.07327997709314028,0.0,0.08898323078950246,0.011793193904062112,0.1444793293873469,0.5178544600804647,4.113891549408436,3.703723907470703,0.16498549282550812,0.16383744776248932,0.02230591792613268,0.08899537846446037,0.6745991408824921,0.1444089412689209,0.5097798138856888,0.4262949489057064
246,1659.5236990451813,0.43513040787462764,0.10944018264611562,0.16037733952204386,0.295043021440506,0.07299163540204366,0.0,0.08886664509773254,0.011787615747501453,0.14467589060465494,0.45301904479662575,4.12337277084589,3.707476854324341,0.16437821090221405,0.1668534055352211,0.022122099064290524,0.0885964035987854,0.6814118921756744,0.1447315588593483,0.46112255156040194,0.4293023496866226
247,1666.3031120300293,0.4338147921448884,0.10913106153408686,0.15973061422506968,0.2959859848022461,0.07306997328996659,0.0,0.08845699330170949,0.011805655248463155,0.1449720601240794,0.5041892309983571,4.106655970215797,3.697775959968567,0.163615882396698,0.16353603452444077,0.02188880741596222,0.08835762739181519,0.6730173230171204,0.14499500393867493,0.48336625695228574,0.42486628890037537
248,1673.079512834549,0.4327589983547417,0.10903696417808532,0.15927914679050445,0.2946899135907491,0.07257797246177991,0.0,0.08827942510445913,0.011770880268886685,0.14516975780328115,0.45786049564679465,4.109630715101957,3.697281837463379,0.1636185273528099,0.16526980698108673,0.022041098214685917,0.08839636296033859,0.6773954927921295,0.14506341516971588,0.47910892963409424,0.42709410935640335
249,1679.9276549816132,0.4325577060963648,0.10890635202328364,0.15903924902280173,0.29471147855122887,0.07251457919677098,0.0,0.08831889132658641,0.011770049606760343,0.1454517145951589,0.4397555609544118,4.102272305637598,3.690220594406128,0.16351503878831863,0.1651470959186554,0.02205931767821312,0.08841383829712868,0.6764954328536987,0.14542289078235626,0.4537019461393356,0.42666155472397804
250,1686.7005541324615,0.43258711697223284,0.10863097310066223,0.1588360826174418,0.2958546578884125,0.0722847397128741,0.0,0.08852100223302842,0.01178843400751551,0.14571120937665302,0.4314124385515849,4.095570340752602,3.686448335647583,0.16327416896820068,0.16374246031045914,0.022041124291718006,0.08878234773874283,0.6735498309135437,0.1454889252781868,0.41928322315216066,0.4255572631955147
251,1693.6385130882263,0.43259307694388555,0.10841663579146067,0.15901279946168265,0.29516677657763163,0.0741491769750913,0.0,0.088156724969546,0.011768840812146663,0.1459464520215988,0.5724608182907105,4.094315599650145,3.684169292449951,0.1639510914683342,0.16408538073301315,0.022049658000469208,0.08843187615275383,0.6745051145553589,0.14584629982709885,0.6246580243110657,0.4256844334304333
252,1700.3830909729004,0.4317021105516081,0.10836621274550756,0.1587183654308319,0.2951892336209615,0.07275564521551132,0.0,0.08815715610980987,0.011771045159548521,0.14618799090385437,0.5257804075876872,4.097827631980181,3.687750220298767,0.16325876861810684,0.16422401368618011,0.022095199674367905,0.08816547319293022,0.6734862625598907,0.14611252397298813,0.5326218992471695,0.4249086044728756
253,1707.1442289352417,0.4319318956132823,0.10804121146599452,0.15799366533756257,0.29592636227607727,0.07264092713594436,0.0,0.08860770811637243,0.011768914153799414,0.14647585550944012,0.4881827493508657,4.0805397517979145,3.6728378534317017,0.16233087331056595,0.16326823085546494,0.022048141807317734,0.0880732573568821,0.6715968251228333,0.14634551107883453,0.46472507417201997,0.4238716699182987
254,1713.9184200763702,0.43244821382298443,0.10782628506422043,0.1582919975121816,0.2966378649075826,0.07336310644944509,0.0,0.08868322571118673,0.011760920053347945,0.1466810981432597,0.5477557897567749,4.106070730835199,3.6889166831970215,0.16316819936037064,0.16778497397899628,0.022303332574665546,0.08837677910923958,0.6828038692474365,0.146721713244915,0.5391441941261291,0.42977871373295784
255,1720.6524329185486,0.43092094394378366,0.10778332352638245,0.15827074845631917,0.2959464212258657,0.07155054559310277,0.0,0.08843423773845037,0.011758998207127055,0.14692122340202332,0.48077094356218975,4.09207983314991,3.677264928817749,0.16272196173667908,0.1667269617319107,0.022179187275469303,0.08815242722630501,0.6806476414203644,0.14683419466018677,0.5027410924434662,0.4284762479364872
256,1727.3590438365936,0.43068007658779,0.10742382407188415,0.15727117260297138,0.2964884618918101,0.07333107143640519,0.0,0.08827006270488104,0.011774415709078312,0.14717703064282736,0.5989101111888886,4.085427474230528,3.673985719680786,0.16203080862760544,0.1652131751179695,0.02231681253761053,0.08857180923223495,0.6759848296642303,0.14733584225177765,0.6756947010755538,0.42656422406435013
257,1734.1053729057312,0.43073914139143504,0.107144795358181,0.15774400333563487,0.2958086053530375,0.07381820927063625,0.0,0.08823566337426504,0.011740325562035045,0.14745502173900604,0.6285363952318828,4.084612838923931,3.6721826791763306,0.161843404173851,0.16575422883033752,0.022122422233223915,0.08798213675618172,0.6789532005786896,0.14757080376148224,0.6215654909610748,0.4274587370455265
258,1740.8445761203766,0.430047925573308,0.10714505563179652,0.15787595510482788,0.29671170115470885,0.07277351220448812,0.0,0.08807252993186315,0.011746030176679294,0.1476742078860601,0.6269567211469015,4.092719241976738,3.6773297786712646,0.16289356350898743,0.1669713407754898,0.022184643894433975,0.08798911795020103,0.6811388432979584,0.14760678261518478,0.628709352016449,0.4285585395991802
259,1747.5857298374176,0.4301783068377214,0.10710086921850841,0.1571757197380066,0.29633744557698566,0.07154787729183833,0.0,0.08865946729977926,0.011753064285342892,0.1479422191778819,0.47559060057004293,4.076448179781437,3.667991876602173,0.16146154701709747,0.16386276483535767,0.021919431164860725,0.08762653917074203,0.6742224991321564,0.14792782068252563,0.44746086895465853,0.4247377887368202
260,1754.3519580364227,0.42830323028222966,0.10679097870985667,0.15637507140636445,0.29551591277122496,0.07150956392288207,0.0,0.088126835723718,0.011764476060246427,0.14823930958906809,0.471640028556188,4.084984987974167,3.6667712926864624,0.16203275322914124,0.16859865933656693,0.02219044603407383,0.08794286474585533,0.6842431128025055,0.1483110710978508,0.47227137684822085,0.4300644211471081
261,1761.1282682418823,0.4281313874331924,0.10654334127902984,0.1564905385176341,0.29624153971672057,0.07177757124106089,0.0,0.08803361703952153,0.011750696164866289,0.14844715694586436,0.524562265475591,4.063117563724518,3.6539745330810547,0.16039565205574036,0.16447260230779648,0.0220246659591794,0.08764651417732239,0.6733672320842743,0.14853248745203018,0.5367335885763168,0.42433013021945953
262,1767.9132680892944,0.4278163971262984,0.10642912834882737,0.1563660313685735,0.296368670463562,0.07112061207493146,0.0,0.08812278012434642,0.01174348002920548,0.14871462682882944,0.5049260278542836,4.07006486877799,3.6596251726150513,0.1612432822585106,0.1649090275168419,0.021902929060161114,0.08754203096032143,0.6751441657543182,0.14876819401979446,0.5023197174072266,0.42511411383748055
263,1774.6590738296509,0.42696683542259656,0.10625157505273819,0.1557807077964147,0.29644762674967445,0.07123950719833375,0.0,0.08790100812911987,0.011722473877792556,0.14896554847558338,0.4864885767300924,4.066919043660164,3.6522668600082397,0.16080740094184875,0.16712424159049988,0.02210848033428192,0.08756471052765846,0.6804666817188263,0.14902646094560623,0.4242094576358795,0.4277980513870716
264,1781.590978860855,0.42647799451175766,0.10593797365824381,0.15583207011222838,0.29648032784461975,0.07160613064964612,0.0,0.08770724684000016,0.011722630448639393,0.14926291207472484,0.5397378583749135,4.070507295429707,3.656355857849121,0.16111759841442108,0.16679631918668747,0.022148133255541325,0.087530966848135,0.6794764399528503,0.14932593703269958,0.5422326266765595,0.42726918682456017
265,1788.3398139476776,0.4275841244768041,0.10594727446635564,0.15550440748532612,0.297196368376414,0.07239535873134931,0.0,0.08810379405816396,0.011731629880766073,0.14949500958124798,0.6079001069068909,4.066442042589188,3.653112292289734,0.1609390676021576,0.16643010824918747,0.02220261190086603,0.08787350356578827,0.67718106508255,0.14951735734939575,0.5929517090320587,0.4264640361070633
266,1795.1078789234161,0.4262685829385494,0.10570184638102849,0.15514818231264751,0.2963448961575826,0.07212051898241043,0.0,0.08776863118012747,0.011737554085751374,0.14972531497478486,0.5533164540926615,4.052340071648359,3.640421152114868,0.15990298241376877,0.16598371416330338,0.022016819566488266,0.08763808384537697,0.6771780252456665,0.14965936541557312,0.5786809414625168,0.4262270964682102
267,1801.8825061321259,0.4265344832344757,0.105462184548378,0.15487926801045734,0.2960099478562673,0.07119771714011829,0.0,0.0883381798863411,0.01170969217394789,0.14999061425526936,0.5179145654042562,4.048458389937878,3.635279655456543,0.16010625660419464,0.16656280308961868,0.022088605910539627,0.08730752021074295,0.6772585511207581,0.1499975547194481,0.5346993029117584,0.425936795771122
268,1808.80988407135,0.4254563952931979,0.10548785378535588,0.155079385638237,0.2960103750228882,0.07034259488185247,0.0,0.08794942597548167,0.011717759755750496,0.1502785364786784,0.4759578267733256,4.055628798902035,3.6433990001678467,0.15951542556285858,0.1662360429763794,0.021954321302473545,0.08708610385656357,0.6797222793102264,0.15026844292879105,0.47209879755973816,0.4269472435116768
269,1815.6487481594086,0.4260386473732069,0.10529709855715434,0.1542914827664693,0.2964631974697113,0.07116110225518545,0.0,0.08830662071704865,0.011704654277612766,0.1506316731373469,0.5121296624342601,4.041307970881462,3.6300989389419556,0.1588117778301239,0.1659015715122223,0.022092154249548912,0.08732631430029869,0.6756475567817688,0.15066418051719666,0.5229514509439468,0.4251500926911831
270,1822.4310479164124,0.4243532382378665,0.10513357669115067,0.15406311253706614,0.2963575939337412,0.06960535099109014,0.0,0.08799737592538198,0.011699439492076635,0.1507944345474243,0.43213627139727273,4.047882162034512,3.6314189434051514,0.15943096578121185,0.16837386786937714,0.02202659659087658,0.08713383227586746,0.6828645169734955,0.15072375535964966,0.40514693558216097,0.4285660907626152
271,1829.213476896286,0.4236616255831905,0.10475990871588389,0.15415558218955994,0.29633445938428243,0.0691986141105493,0.0,0.08791793038447698,0.011702068150043488,0.15110308130582173,0.4347575883070628,4.052305046468973,3.6374014616012573,0.16075748950242996,0.16726242005825043,0.021962767466902733,0.08698269352316856,0.6792042553424835,0.15114019811153412,0.46133263111114503,0.4265848211944103
272,1836.0092141628265,0.4244878387544304,0.10475809276103973,0.15415490667025247,0.2964261750380198,0.07091006909807523,0.0,0.08790000329415003,0.01169755426235497,0.15135579605897267,0.5872425635655721,4.045955672860146,3.632167100906372,0.15905806422233582,0.1671297699213028,0.02206842228770256,0.0870579369366169,0.6793566644191742,0.1513257995247841,0.5931729793548584,0.426736269146204
273,1842.7691428661346,0.42406367598450745,0.10472188591957092,0.15382593472798664,0.29604708353678383,0.0702321412662665,0.0,0.08797688086827596,0.011695181935404737,0.15159722169240317,0.48339200814565025,4.031549334526062,3.6197104454040527,0.15821316838264465,0.16636615246534348,0.022151011042296886,0.08707648515701294,0.6761127412319183,0.15163015574216843,0.4744367182254791,0.4251328557729721
274,1849.5456919670105,0.42344050416528867,0.10452028264602026,0.15363932649294534,0.29651206731796265,0.07072302103042602,0.0,0.08766728838284811,0.011688398119683066,0.15190776884555818,0.5448015669981638,4.036239773035049,3.621627449989319,0.1584503948688507,0.16769356280565262,0.022072582505643368,0.08695024251937866,0.6823094189167023,0.15206461399793625,0.5563577711582184,0.4281049519777298
275,1856.3246269226074,0.4229538614822862,0.10432898998260498,0.15298393964767457,0.29642048875490823,0.07061034217476844,0.0,0.08771663655837376,0.011682725325226784,0.15224164525667827,0.5493484099706014,4.032514546066523,3.621406078338623,0.15767351537942886,0.16613585501909256,0.022106202319264412,0.08683881908655167,0.6780354678630829,0.1522328406572342,0.5943339228630066,0.4258565530180931
276,1863.0316491127014,0.4223461118526757,0.10418699085712432,0.15320441524187725,0.2956415375073751,0.0696519968410333,0.0,0.08770617793003718,0.011696058123682936,0.15244601666927338,0.47667138775189716,4.038730040192604,3.6264604330062866,0.15887698531150818,0.16641555726528168,0.021878328174352646,0.08646935224533081,0.676543116569519,0.15260666608810425,0.4473413348197937,0.42474091053009033
277,1869.6851029396057,0.4224935215432197,0.10398438076178233,0.15289524694283804,0.29663867155710855,0.0697348897655805,0.0,0.08788960228363672,0.011673338726783793,0.15271316170692445,0.4857159614562988,4.029314145445824,3.615421772003174,0.15841645002365112,0.16734207421541214,0.022016816772520542,0.08662555739283562,0.680732011795044,0.15278436243534088,0.5405409336090088,0.4269915632903576
278,1876.2307758331299,0.4217836420245779,0.10376187513271967,0.15265076756477355,0.2959132750829061,0.06972946599125862,0.0,0.08774492939313253,0.011669741477817297,0.15292567412058514,0.5316450794537863,4.031167659908533,3.6162290573120117,0.15832240134477615,0.16788870096206665,0.022107059136033058,0.08666637539863586,0.6801044344902039,0.15319760143756866,0.48987485468387604,0.4267185926437378
279,1882.936996936798,0.42169460750495397,0.10369492769241333,0.1524278610944748,0.297042316198349,0.06929093648989995,0.0,0.0878426084915797,0.011672224492455523,0.153231880068779,0.548361086845398,4.025457605719566,3.6113884449005127,0.15765422582626343,0.16762102395296097,0.022087067365646362,0.0865132249891758,0.6812848448753357,0.15342029184103012,0.5454121053218841,0.42715564742684364
280,1889.510635137558,0.4217128481890541,0.10342472742001216,0.1522790749867757,0.29684479037920636,0.07018848955631256,0.0,0.08781011203924814,0.011664248475184043,0.15352956751982372,0.5637731651465098,4.020548362284899,3.605268716812134,0.15682942420244217,0.16843246668577194,0.022028549574315548,0.08641180023550987,0.6826585531234741,0.15370164066553116,0.5878119885921478,0.42774107679724693
281,1896.1117579936981,0.4207752600564466,0.10308164010445277,0.1516818682352702,0.29658290346463523,0.06988756358623505,0.0,0.08775022874275844,0.011667724791914224,0.1538274735212326,0.5233122487862905,4.009492564946413,3.5972766876220703,0.15648705512285233,0.16698617488145828,0.02202986180782318,0.08642357215285301,0.6788512170314789,0.1538660228252411,0.5044905722141266,0.42584918066859245
282,1902.857841014862,0.42097400124572837,0.10309728334347407,0.1514735798041026,0.2962071239948273,0.06946576709548632,0.0,0.08801866918802262,0.011659972447281083,0.15408306221167248,0.5256308297316233,4.011972315609455,3.60052227973938,0.1563080996274948,0.1666479930281639,0.022040179930627346,0.08627190813422203,0.6801938712596893,0.1543378010392189,0.5411732614040374,0.4263688437640667
283,1909.6191129684448,0.4190084322607921,0.10282804916302363,0.15107875565687814,0.29652228156725563,0.06850898588697116,0.0,0.08749027450879415,0.011691566122074922,0.15439339180787404,0.4925079166889191,4.007306233048439,3.5923354625701904,0.15553000569343567,0.16860288381576538,0.022220883518457413,0.08675165474414825,0.6815812587738037,0.15455374866724014,0.4859074652194977,0.4275422841310501
284,1916.3149468898773,0.41879371875547805,0.10271902084350586,0.15127035280068715,0.29669132630030315,0.06971415579319,0.0,0.08708273122708003,0.01165231525277098,0.1546592871348063,0.5708294252554575,4.009347006678581,3.5980112552642822,0.15641915798187256,0.16656308621168137,0.022129595279693604,0.08648322150111198,0.6754143834114075,0.15468697994947433,0.5803667604923248,0.4241904132068157
285,1923.089486837387,0.4194405412185006,0.10258752604325612,0.15122339129447937,0.29591363072395327,0.06953900828957557,0.0,0.08756624062856039,0.011653128390510878,0.15496359566847484,0.5377711455027262,4.0015494376420975,3.5885874032974243,0.1558312475681305,0.16752320528030396,0.0218816502019763,0.085886150598526,0.6796875298023224,0.15518252551555634,0.4718491196632385,0.4257299154996872
286,1929.8812429904938,0.41803356375700484,0.10234634876251221,0.15089749097824096,0.2967697083950043,0.06778581490119298,0.0,0.08746090481678645,0.01164519521407783,0.1551765392223994,0.44028417468070985,3.997615735977888,3.586875796318054,0.1561010703444481,0.16634470224380493,0.021940222941339016,0.0859137699007988,0.6757771968841553,0.15531429648399353,0.4340058743953705,0.42380236834287643
287,1936.7210068702698,0.4173592978680972,0.10205173095067342,0.15023046831289927,0.2965530872344971,0.06751583541433016,0.0,0.08751604159673056,0.011646829219534994,0.15535953640937805,0.41183866262435914,3.9943881072103977,3.582876443862915,0.15518222004175186,0.16696027666330338,0.02189504075795412,0.08575122058391571,0.6785957515239716,0.15552344918251038,0.4155946999788284,0.4250490963459015
288,1943.507043838501,0.41703608220947597,0.1017839252948761,0.14963747958342236,0.29616068402926127,0.06782509212692579,0.0,0.08757886787255605,0.011647117153430978,0.15570740898450217,0.44386926889419553,3.996316835284233,3.583825707435608,0.15495866537094116,0.1675058975815773,0.021946554072201252,0.08596233278512955,0.6806171834468842,0.15588541328907013,0.4552587538957596,0.4262709245085716
289,1950.2469761371613,0.4177811855178637,0.10181312461694082,0.14988288978735606,0.2963390787442525,0.06960579579075178,0.0,0.08742206593354543,0.011637862197433908,0.15595372120539347,0.6540170888106028,3.9952332340180874,3.5822445154190063,0.15554215759038925,0.1676088199019432,0.022055666893720627,0.0859859250485897,0.6790550649166107,0.15636376291513443,0.6861121118068695,0.42551345750689507
290,1957.0346488952637,0.4189348750185066,0.10156023651361465,0.14975118041038513,0.2969871838887533,0.07192759017149607,0.0,0.08754555433988571,0.01163616602619489,0.15620214939117433,0.7596976021925609,3.979751132428646,3.569058895111084,0.15529592335224152,0.16652213782072067,0.021956193260848522,0.08583071827888489,0.6755794882774353,0.1566869542002678,0.780598983168602,0.42362046241760254
291,1963.766963005066,0.4173051049156735,0.10136231680711111,0.14944978753725688,0.29660979509353635,0.07069015602270762,0.0,0.08723257879416148,0.011644541627417009,0.15655550261338552,0.6917952547470728,3.9847307465970516,3.5776532888412476,0.15431230515241623,0.16496065258979797,0.02212757244706154,0.08588163554668427,0.6754270493984222,0.1568431407213211,0.659719218313694,0.4235951602458954
292,1970.5114109516144,0.41518711184035056,0.10114989628394445,0.1487460494041443,0.29592795570691427,0.06741183499495189,0.0,0.0873106653491656,0.01162764288795491,0.15684179663658143,0.4734166204929352,3.9774023331701756,3.5689200162887573,0.1536179855465889,0.1658366620540619,0.022070860490202904,0.08577481657266617,0.6762880980968475,0.15717430412769318,0.4646211117506027,0.42391886562108994
293,1977.4511420726776,0.41552103269690027,0.10114000389973322,0.14880741039911907,0.2956303934256236,0.0666915588080883,0.0,0.08766216486692428,0.011627820009986559,0.15708903074264527,0.40737240115801493,3.9787506945431232,3.5696370601654053,0.15425176173448563,0.16599387675523758,0.021961357444524765,0.08544792607426643,0.6769324243068695,0.15739066153764725,0.41214142441749574,0.4239141382277012
294,1984.1938400268555,0.41495295070538607,0.10090497881174088,0.14889871676762897,0.2956967711448669,0.0674769473572572,0.0,0.08727351774772009,0.011622852475071947,0.15737781822681426,0.5143368740876516,3.972127463668585,3.559861660003662,0.15442334860563278,0.16752706468105316,0.021864229813218117,0.08540184795856476,0.6799989938735962,0.1577177494764328,0.5129670232534409,0.42540134489536285
295,1990.9378991127014,0.4157342033072685,0.10072497874498368,0.1488693982362747,0.2960879842440287,0.0673979476094246,0.0,0.08776221225659052,0.011615525186061858,0.15761848886807758,0.5194598118464152,3.9709680005908012,3.561551570892334,0.15420739352703094,0.1661563664674759,0.02189493551850319,0.08524909242987633,0.6773996651172638,0.15791306644678116,0.5445706784725189,0.4239489249885082
296,1997.668653011322,0.41484531414850306,0.10057582259178162,0.14833346009254456,0.29546675880750023,0.06862572208046913,0.0,0.08724974542856216,0.011624888967101772,0.15792323251565296,0.5755328158537547,3.9659708589315414,3.553662419319153,0.15240177512168884,0.1680537760257721,0.021873644553124905,0.0854220800101757,0.6795053780078888,0.1580880880355835,0.5315044313669205,0.4251747690141201
297,2004.4977459907532,0.4135425765843441,0.10041301250457764,0.14762510657310485,0.2955725371837616,0.06682727138201396,0.0,0.08730228493611018,0.01161034166192015,0.15822998185952505,0.4617346207300822,3.964054573327303,3.5533790588378906,0.15337944775819778,0.1669928953051567,0.02190291415899992,0.0852028876543045,0.6784350574016571,0.15838762372732162,0.5091032445430755,0.42442041635513306
298,2011.2365951538086,0.41317777237854897,0.10021745214859644,0.14730875790119172,0.29551428159077964,0.06652889574567476,0.0,0.08737335056066513,0.01162241525016725,0.15852311352888743,0.48172218004862466,3.962013889104128,3.551617383956909,0.15464747697114944,0.166536383330822,0.02215950284153223,0.08555304259061813,0.6766408681869507,0.1589384526014328,0.4824017256498337,0.4238734766840935
299,2017.9869060516357,0.4128366795678933,0.10011011958122254,0.1475917289654414,0.2959572871526082,0.06557685459653537,0.0,0.0874027078350385,0.011607492590943973,0.15882242719332376,0.4293791174888611,3.9535464011132717,3.5436538457870483,0.15312518924474716,0.1666649803519249,0.022079147398471832,0.08535317331552505,0.6768577098846436,0.15911871194839478,0.40268546640872954,0.42378202825784683
300,2024.6854870319366,0.4126645387810034,0.10004371653000514,0.14740709861119589,0.29567390084266665,0.06636964231729507,0.0,0.08721147080262502,0.011614137701690197,0.15909418364365896,0.509350840250651,3.9540623500943184,3.543923258781433,0.1527871936559677,0.16687274724245071,0.021884163841605186,0.08494947105646133,0.6773013174533844,0.15945027768611908,0.5131271779537201,0.42360012978315353
301,2031.4627258777618,0.4120684488812306,0.09977443218231201,0.1472581833600998,0.29581132729848225,0.0661799522737662,0.0,0.08712626993656158,0.011608483797560135,0.15937483608722686,0.47493022282918296,3.958365138620138,3.5464240312576294,0.15229692310094833,0.1678963229060173,0.02193309646099806,0.0849728025496006,0.680823564529419,0.15975568443536758,0.5003855168819428,0.4253845848143101
302,2038.2049050331116,0.4121378527954221,0.09970168421665827,0.14698163270950318,0.2953828831513723,0.06682857498526573,0.0,0.08712658087412516,0.01159740552927057,0.1596861441930135,0.5283105711142222,3.956704944372177,3.5462169647216797,0.15196162462234497,0.16725358366966248,0.022004829719662666,0.08497056737542152,0.6785124242305756,0.1600549891591072,0.550698658823967,0.4242267794907093
303,2044.9710900783539,0.4128731032736444,0.09960106511910756,0.14709701041380566,0.29586145480473836,0.06719134251276652,0.0,0.08740139106909434,0.011592891563971837,0.1599282224973043,0.54879785378774,3.949490200728178,3.5420204401016235,0.15273400396108627,0.16555137932300568,0.02202051877975464,0.08502953872084618,0.6749559938907623,0.16040410846471786,0.541549214720726,0.42250753566622734
304,2051.730668783188,0.41106466798034186,0.0991977905233701,0.1469608336687088,0.29474735260009766,0.0657848226527373,0.0,0.08713776965936025,0.011625180176148811,0.16025862495104473,0.46413798332214357,3.945434857159853,3.5345287322998047,0.15186075121164322,0.16748787462711334,0.021715444512665272,0.08476908504962921,0.6793388724327087,0.16065429151058197,0.46314234137535093,0.4244385212659836
305,2058.4019269943237,0.4110342350846622,0.09914797097444535,0.14623276889324188,0.29484222730000814,0.06623662014802296,0.0,0.0872127428650856,0.011612406248847644,0.160490287343661,0.5015115062395732,3.9522703252732754,3.5411157608032227,0.15423261374235153,0.16701912879943848,0.022128148935735226,0.08513437956571579,0.6755566298961639,0.16081403195858002,0.5400965213775635,0.42291269451379776
306,2065.079566001892,0.4114198755647521,0.09910126129786173,0.14675672650337218,0.2954278270403544,0.06579379662871361,0.0,0.08738144983847936,0.011584467844416697,0.1608076165119807,0.5582666118939718,3.9354584366083145,3.526434063911438,0.1511363387107849,0.16672810167074203,0.02206556126475334,0.08512406796216965,0.6762134730815887,0.1609286591410637,0.5571452796459198,0.423230804502964
307,2072.009642124176,0.410517446960633,0.09888313561677933,0.14684020976225534,0.2947412510712942,0.0653987464805444,0.0,0.08715140074491501,0.011586021616434057,0.16112201611200969,0.5283798158168793,3.9263042360544205,3.518626093864441,0.1514383852481842,0.16597947478294373,0.021973215974867344,0.08482623845338821,0.6761902868747711,0.16128772497177124,0.5373951196670532,0.4229213818907738
308,2078.7353689670563,0.4102743122493848,0.09860320885976155,0.1458379954099655,0.2952890157699585,0.06685944919784864,0.0,0.08702880342801413,0.011572482157498598,0.16139447589715322,0.5845025678475698,3.928563117980957,3.5202327966690063,0.150750070810318,0.16647764295339584,0.021956627257168293,0.08465231209993362,0.6773812770843506,0.16147194057703018,0.5740773230791092,0.4233429506421089
309,2085.4914078712463,0.4095851781098948,0.09859015593926111,0.14531996349493662,0.29445836742719017,0.066118723154068,0.0,0.087045951684316,0.011586256278678774,0.16161393324534098,0.5185570696989695,3.9291501343250275,3.5152628421783447,0.15081682801246643,0.16923943907022476,0.022051246836781502,0.08485011756420135,0.6826765239238739,0.16194899380207062,0.5520211219787597,0.4261883795261383
310,2092.153424978256,0.40953411415878993,0.09834582209587098,0.14593610366185505,0.29562870661417645,0.06524731914202372,0.0,0.0871486653884252,0.011575861057887474,0.16198486387729644,0.5221423625946044,3.936153791844845,3.524109959602356,0.15183956921100616,0.1680620238184929,0.022101720795035362,0.08470211178064346,0.6797876358032227,0.1624579131603241,0.5072525858879089,0.4245959296822548
311,2098.9096019268036,0.4087257743425046,0.09823267062505087,0.145761239528656,0.2944238980611165,0.06500873987873396,0.0,0.08696403255065283,0.011584394425153733,0.16225792070229847,0.5112454851468404,3.927726235240698,3.5161558389663696,0.1508447751402855,0.16807400435209274,0.02181991934776306,0.08444339409470558,0.6807041764259338,0.16242094337940216,0.5489290475845336,0.4247954823076725
312,2105.70538187027,0.4083931976153205,0.09819817990064621,0.1453453193108241,0.2939991235733032,0.06518024578690529,0.0,0.08689902822176615,0.01156176656174163,0.16261528929074606,0.4579862654209137,3.9164212942123413,3.5074669122695923,0.15079805254936218,0.16677767783403397,0.02190031297504902,0.08422930911183357,0.6752825677394867,0.16293787956237793,0.43627150654792785,0.4218705929815769
313,2112.4207570552826,0.4088219724207496,0.09822577834129334,0.14557136992613476,0.2951373517513275,0.06579362228512764,0.0,0.08683124631643295,0.011583137217288215,0.16288981338342032,0.5720674455165863,3.9190947636961937,3.5055320262908936,0.15151230990886688,0.16890329122543335,0.021766590885818005,0.0842105820775032,0.6817209124565125,0.16309203952550888,0.6562031000852585,0.42507103830575943
314,2119.133772134781,0.40839719266126245,0.09791063914696375,0.14559195439020792,0.29423598051071165,0.06467471818129221,0.0,0.08709776550531387,0.011560617790867886,0.16316102345784506,0.5197468757629394,3.9173778519034386,3.505327820777893,0.1511376053094864,0.16824061423540115,0.021963855251669884,0.08425960689783096,0.6815137565135956,0.16344023495912552,0.4650999069213867,0.42501648515462875
315,2125.8830749988556,0.40742879344616084,0.09772065977255504,0.14469960828622183,0.2941463112831116,0.06438415721058846,0.0,0.08700819412867228,0.011568210273981094,0.16344102919101716,0.46002739667892456,3.917971722781658,3.5069888830184937,0.14991404116153717,0.16801290959119797,0.02208089828491211,0.08460204303264618,0.6780043542385101,0.16389398276805878,0.4588156431913376,0.42360422015190125
316,2132.5851550102234,0.40703420851690075,0.09744729648033777,0.14427905182043713,0.2941764454046885,0.0642169771095117,0.0,0.08709407995144526,0.01155393715016544,0.16376616756121318,0.46639524499575297,3.9077654406428337,3.49958074092865,0.14986304938793182,0.16662658751010895,0.02206721529364586,0.08460506051778793,0.6754374504089355,0.16378138214349747,0.48606076538562776,0.4223237857222557
317,2139.344207048416,0.4068798790453002,0.09738781303167343,0.14452877243359882,0.2938582261403402,0.06407739718755086,0.0,0.08703564753135046,0.011545783405502637,0.16405891974767048,0.4477316677570343,3.91556853428483,3.5031245946884155,0.15036991983652115,0.168629489839077,0.02187981829047203,0.08400429412722588,0.6827348172664642,0.16420845687389374,0.4709460258483887,0.425371702760458
318,2146.0717170238495,0.40758808396252183,0.09740508596102397,0.14451277653376263,0.2935797870159149,0.06623052085439364,0.0,0.08685939361651739,0.01156389300401012,0.16436176300048827,0.6566377818584442,3.9104270339012146,3.4978400468826294,0.1492789089679718,0.16897376626729965,0.021730290725827217,0.08374952152371407,0.6809194982051849,0.16466733068227768,0.7614224910736084,0.42420927062630653
319,2152.80917096138,0.40707377550813056,0.0973322033882141,0.14438778162002563,0.2937807778517405,0.06523774291078249,0.0,0.08690892706314722,0.011552529300873478,0.16466704805692037,0.5545740226904551,3.914440903812647,3.504482388496399,0.15099025517702103,0.1672316938638687,0.021694675087928772,0.08385520055890083,0.6780001223087311,0.1649826169013977,0.5386612623929977,0.4228552617132664
320,2159.5852179527283,0.4063286212505773,0.0969751755396525,0.14434551497300466,0.29374920527140297,0.06424363926053048,0.0,0.0869730959335963,0.011585054515550534,0.16491672098636628,0.5149888058503469,3.9020458683371544,3.4901113510131836,0.14898429811000824,0.16872118413448334,0.022006308659911156,0.08448461443185806,0.6802278757095337,0.16539021581411362,0.4832102507352829,0.4245985522866249
321,2166.3349170684814,0.4052840347304785,0.09678040146827697,0.14355582396189373,0.2935658931732178,0.06405050779382387,0.0,0.08680644085009893,0.011539972200989724,0.16524050732453663,0.4823161602020264,3.903516996651888,3.495010256767273,0.1506573036313057,0.16658904403448105,0.021920342929661274,0.08387128636240959,0.6768031716346741,0.1656879559159279,0.48701525628566744,0.42227287217974663
322,2173.278528213501,0.40645460913074205,0.09677348683277766,0.14402767419815063,0.2943542003631592,0.06548446963230768,0.0,0.08687961796919505,0.011535937385633587,0.16555512249469756,0.5989320377508799,3.8988873213529587,3.488860011100769,0.1495087742805481,0.1676364615559578,0.021991428919136524,0.08382242545485497,0.6801770925521851,0.16588250547647476,0.5827184349298478,0.4239109717309475
323,2179.9635519981384,0.4053011227127475,0.09628662119309107,0.14307811260223388,0.2936279892921448,0.06456937044858932,0.0,0.0870485340555509,0.011539285692075888,0.16581597030162812,0.5003709296385447,3.8897806517779827,3.4807428121566772,0.1488809511065483,0.16729868203401566,0.022043868899345398,0.08399674668908119,0.6777064204216003,0.16624470800161362,0.4964631229639053,0.42284995689988136
324,2186.8429889678955,0.40495622968689227,0.09639173299074173,0.14287028312683106,0.2931243101755778,0.06398449217279752,0.0,0.08704769512017568,0.01152857206761837,0.1661381830771764,0.5492584149042765,3.8952312655746937,3.4820454120635986,0.15001560002565384,0.16908902674913406,0.021908043883740902,0.08359388634562492,0.6830539107322693,0.16652727127075195,0.575764387845993,0.42512084171175957
325,2193.5893020629883,0.40467684662435205,0.09613917122284571,0.14326867560545603,0.29321574171384174,0.06462846249341965,0.0,0.08676910499731699,0.011528835538774729,0.16642946898937225,0.5359207173188527,3.886857509613037,3.4730864763259888,0.14844247698783875,0.16977489739656448,0.021839981898665428,0.08339858800172806,0.685685008764267,0.1665663942694664,0.5295698761940002,0.42624109238386154
326,2200.341236114502,0.4054114907281473,0.09614933331807454,0.14298413594563802,0.2933959762255351,0.0653709426522255,0.0,0.08700726727644602,0.0115365379024297,0.16674587825934092,0.5958406249682109,3.8944177329540253,3.479170083999634,0.14837288856506348,0.17053060233592987,0.021978620439767838,0.08361028507351875,0.685431569814682,0.16708530485630035,0.5853755831718445,0.42632606998085976
327,2206.994892835617,0.4054860626308558,0.09596437364816665,0.14301628172397612,0.29299793442090355,0.06583504403630892,0.0,0.08703285257021585,0.011536859239762028,0.16702490150928498,0.5950828909873962,3.8871386237442493,3.4786105155944824,0.14841235429048538,0.16716096550226212,0.02172933705151081,0.08332641422748566,0.6757607161998749,0.16748878359794617,0.624997866153717,0.4212067723274231
328,2213.7255589962006,0.40424151422921567,0.09562431474526724,0.14240441620349883,0.2939821223417918,0.06515128538012505,0.0,0.08685399889945984,0.01155426069162786,0.16726323664188386,0.6083764692147573,3.8781997486948967,3.4653254747390747,0.1473260074853897,0.16960563510656357,0.02199907973408699,0.08380613476037979,0.684175968170166,0.1675359234213829,0.5541398257017136,0.4258941188454628
329,2220.4763429164886,0.4029187189376292,0.09547410657008489,0.14230134387811025,0.2930727283159892,0.06372804741064707,0.0,0.08669785310824712,0.011512899259105324,0.16760997275511424,0.5020067115624746,3.8880262970924377,3.475680947303772,0.1480177342891693,0.16916824132204056,0.021915691904723644,0.08347149565815926,0.6814674735069275,0.16808169335126877,0.4831499010324478,0.424205232411623
330,2227.2144598960876,0.40253205168022155,0.09535824209451675,0.14213867485523224,0.29278552333513896,0.0630599245429039,0.0,0.08678409258524576,0.01151848902615408,0.16781645715236665,0.42587430278460187,3.8721071667969227,3.460603356361389,0.14745492488145828,0.1688881739974022,0.021922278217971325,0.08320407941937447,0.6819974184036255,0.16801229119300842,0.45594148635864257,0.4242027886211872
331,2233.9456300735474,0.4031036412498603,0.09512906471888224,0.14192513326803843,0.2930358548959096,0.0644239217042923,0.0,0.08688464711109797,0.01151444842107594,0.16815174917380016,0.608824098110199,3.879484448581934,3.4664210081100464,0.1475658193230629,0.16964026540517807,0.02185769286006689,0.08317683264613152,0.6820932626724243,0.1684819683432579,0.6327267974615097,0.4242234639823437
332,2240.6636261940002,0.403876459315264,0.09525409787893295,0.14226976434389751,0.293163800239563,0.06478846992055574,0.0,0.08702527980009715,0.011508700841416915,0.16856038471062978,0.5905538876851399,3.873704645782709,3.462207317352295,0.14786160737276077,0.1687832623720169,0.021804261952638626,0.08307777345180511,0.6808677017688751,0.16887085139751434,0.6111969888210297,0.4235116243362427
333,2247.3733310699463,0.4021453258174006,0.09493810186783473,0.14179280996322632,0.29252554178237916,0.06425399457414945,0.0,0.08660242954889934,0.01150941583327949,0.1688435345888138,0.5529982527097066,3.879527136683464,3.465762138366699,0.14767777919769287,0.1699630543589592,0.021902715787291527,0.08302424475550652,0.6846272647380829,0.16917143017053604,0.5523053944110871,0.42533787712454796
334,2254.2888181209564,0.4025045774780059,0.09479805479447047,0.14159646729628245,0.2915038565794627,0.06494873811801274,0.0,0.08677935699621836,0.011498810024932027,0.16910194059213002,0.5959013839562733,3.8651705496013165,3.4525498151779175,0.14698343724012375,0.16956450790166855,0.02186413947492838,0.08298804610967636,0.6829196810722351,0.16932936757802963,0.6411931335926055,0.4244478866457939
335,2261.0479729175568,0.4014876464769865,0.09450124750534693,0.14128382702668507,0.2924818972746531,0.06392131025592486,0.0,0.08670523762702942,0.011501073216398558,0.169406521320343,0.5607254326343536,3.8607234619557858,3.448543071746826,0.14702557772397995,0.1693338006734848,0.021891393698751926,0.08292137458920479,0.6821811199188232,0.16977760195732117,0.5379310041666031,0.4240119345486164
336,2267.7404339313507,0.4020265047516053,0.09456769675016403,0.14172415534655253,0.2920947909355164,0.06368482758601507,0.0,0.0869097501039505,0.011502255437274773,0.16974468131860096,0.5643064618110657,3.8521312810480595,3.439506769180298,0.14726892858743668,0.16949502378702164,0.021834195591509342,0.08299025893211365,0.6827745735645294,0.1701056808233261,0.5583454132080078,0.42437754571437836
337,2274.531898021698,0.40191507460549475,0.09443475107351938,0.1413458118836085,0.2922716995080312,0.06363231291373571,0.0,0.08701933821042379,0.011502743776266774,0.17004280785719553,0.5289985597133636,3.8531919680535793,3.4396802186965942,0.1465698406100273,0.17011341452598572,0.021751991473138332,0.08284104615449905,0.6850939691066742,0.17040510475635529,0.5221521556377411,0.42538803070783615
338,2281.1640939712524,0.40130422050133346,0.09432984938224157,0.14112856884797415,0.2914327383041382,0.06501566867033641,0.0,0.08651770502328873,0.01149047260793547,0.17041135132312774,0.5981249590714772,3.8515540696680546,3.439840316772461,0.1460801437497139,0.16933684051036835,0.021855369210243225,0.08285151794552803,0.6829893589019775,0.1704728826880455,0.5842715114355087,0.4243461973965168
339,2287.9199550151825,0.40149981340703866,0.09404619932174682,0.14097795983155567,0.2920628229777018,0.0645027016599973,0.0,0.08689017494519552,0.011511004871378343,0.1706445872783661,0.6313867191473643,3.871175091713667,3.4553520679473877,0.14831417053937912,0.17083296924829483,0.021646986715495586,0.08264940977096558,0.6861532032489777,0.17111839354038239,0.627971139550209,0.4257260113954544
340,2294.6522209644318,0.4016273540367062,0.09397415717442831,0.14078114032745362,0.2920291026433309,0.0653056966761748,0.0,0.08684173921744029,0.01148926632789274,0.17098149955272673,0.7162215093771617,3.85316351801157,3.442170262336731,0.14621244370937347,0.16894351691007614,0.021866056136786938,0.08268174529075623,0.6814786493778229,0.17147094756364822,0.7021584004163742,0.42342106997966766
341,2301.3798820972443,0.3999037448122787,0.09378319581349691,0.1398795743783315,0.2914097229639689,0.06407155394554138,0.0,0.08664076427618662,0.011483234105010827,0.17125678261121113,0.541995765765508,3.8400710374116898,3.428865671157837,0.14530637860298157,0.16927608847618103,0.02184984739869833,0.08257635310292244,0.6840873062610626,0.17150786519050598,0.49727264046669006,0.42462000623345375
342,2308.0453248023987,0.3998109800275415,0.09368231097857158,0.1402346223592758,0.2913631319999695,0.06415679057439168,0.0,0.08653730948766072,0.01148020038381219,0.17158854206403096,0.5697949786980947,3.8390073031187057,3.4253435134887695,0.1449747383594513,0.17058821022510529,0.021788700483739376,0.08252003416419029,0.6854903697967529,0.17183425277471542,0.6225464344024658,0.42526521906256676
343,2314.759803056717,0.39972229490522293,0.09348201006650925,0.13993553717931112,0.2907842973868052,0.06487205475568772,0.0,0.08651731361945471,0.011489542340859771,0.17190955777963002,0.6569060266017914,3.8432636857032776,3.429619312286377,0.14537107944488525,0.170479416847229,0.021969372406601906,0.08279455825686455,0.6841877698898315,0.17215918749570847,0.6846078902482986,0.4248884432017803
344,2321.4314019680023,0.39848803939530625,0.09315997113784154,0.1394199550151825,0.2914548854033152,0.06303803796569506,0.0,0.08661599506934484,0.011477288603782655,0.17213194568951926,0.49817615151405337,3.8297495171427727,3.419307231903076,0.14497844874858856,0.1689765304327011,0.021907707676291466,0.08253587782382965,0.6804085969924927,0.17253458499908447,0.498512327671051,0.422740176320076
345,2328.124689102173,0.399115871420751,0.09327268401781717,0.13981400430202484,0.29133330583572387,0.06327913304169973,0.0,0.08672071446975073,0.011479052963356178,0.17249077757199605,0.5546309729417165,3.850477557629347,3.434524655342102,0.1452856883406639,0.17165502905845642,0.02174066286534071,0.08232773095369339,0.6861641108989716,0.17303861677646637,0.5735264301300049,0.42540978640317917
346,2334.786102771759,0.39983164365403356,0.09311508933703104,0.13984159727891285,0.2912188271681468,0.0647987961769104,0.0,0.08677674929300944,0.011473158250252406,0.17278336783250173,0.634062131245931,3.8408245258033276,3.424620509147644,0.1454126462340355,0.17174884676933289,0.02181838359683752,0.08225708454847336,0.690316766500473,0.1732051596045494,0.633840411901474,0.42741546779870987
347,2341.557697057724,0.397995266407573,0.0928593099117279,0.1390466978152593,0.2908892611662547,0.06274010241031647,0.0,0.08671659429868063,0.011469602879757682,0.1731134961048762,0.4766114314397176,3.8318800441920757,3.419180154800415,0.14421161264181137,0.1702970415353775,0.02191072516143322,0.08237127214670181,0.6851142048835754,0.17340430617332458,0.4489002853631973,0.42492837458848953
348,2348.3188581466675,0.3975484227160147,0.09286046624183655,0.13918368617693583,0.2904739220937093,0.06203481654326121,0.0,0.08665517618258795,0.011473095680897435,0.1734313150246938,0.47662192583084106,3.8466440811753273,3.4317280054092407,0.14551864564418793,0.1710783764719963,0.021777896210551262,0.08211332559585571,0.686239093542099,0.17396042495965958,0.4925091862678528,0.4252328723669052
349,2355.183583021164,0.39679601378932905,0.09265308479468028,0.13889172673225403,0.2909438451131185,0.06212226152420044,0.0,0.08641073356072108,0.011467217141762376,0.17374359766642253,0.4855350653330485,3.8216820806264877,3.410117983818054,0.14433056116104126,0.16969940811395645,0.021882081404328346,0.08212655410170555,0.6837606132030487,0.17418783158063889,0.4755243808031082,0.4240068607032299
350,2361.930153131485,0.39794607893175754,0.09247768869002661,0.13886562486489615,0.2906768401463827,0.0638106311360995,0.0,0.08667128831148148,0.011466683633625508,0.17403629720211028,0.5805862406889598,3.8252203315496445,3.4117270708084106,0.1443941593170166,0.17064809054136276,0.02177134994417429,0.08190153911709785,0.6847378313541412,0.17451026290655136,0.5691580206155777,0.4242704547941685
351,2368.6478941440582,0.39644646148274965,0.09233293930689494,0.13865919212500255,0.2901621659596761,0.06195160299539566,0.0,0.08653675119082133,0.011456038771818082,0.17434228559335072,0.45698593656222025,3.8121347799897194,3.4010848999023438,0.14403201639652252,0.1695169359445572,0.021803363226354122,0.08193846419453621,0.6835151314735413,0.17472905665636063,0.4626622945070267,0.42369602993130684
352,2375.340709924698,0.39637844885971085,0.09223335633675257,0.13852544824282328,0.2905830423037211,0.06179706280430158,0.0,0.08660349150498708,0.011457007331773638,0.174687393506368,0.45454111297925315,3.820410128682852,3.407215714454651,0.1441768929362297,0.17055298388004303,0.0217979047447443,0.0821196548640728,0.6829964816570282,0.17479033023118973,0.47566854357719424,0.4236178956925869
353,2382.039405822754,0.39573030319297686,0.09205733140309652,0.1383944312731425,0.2902008493741353,0.062330224613348646,0.0,0.08628656168778738,0.01144957800085346,0.17499104936917623,0.46872852444648744,3.8156240321695805,3.4057024717330933,0.14403773099184036,0.1689513474702835,0.021824108436703682,0.08185136318206787,0.6813431680202484,0.1753050610423088,0.4824823498725891,0.4225229471921921
354,2388.7540349960327,0.3962362028619585,0.09185867855946223,0.13805560568968456,0.2903678317864736,0.06346361463268597,0.0,0.08643060723940531,0.011466130210707585,0.17522102693716685,0.5900694171587626,3.812744740396738,3.395619750022888,0.1432950273156166,0.17273873835802078,0.021812072955071926,0.08193852752447128,0.6894141435623169,0.17558448761701584,0.5685476899147034,0.42664559930562973
355,2395.427067041397,0.3961028787307441,0.09171928266684214,0.13820243378480276,0.29029625058174136,0.06303955887754759,0.0,0.08650751461585363,0.011452960936973492,0.17558056811491649,0.5666829725106557,3.811677858233452,3.400994896888733,0.14365151524543762,0.16942860186100006,0.021840432658791542,0.0818733461201191,0.6816693842411041,0.1759200617671013,0.5731685072183609,0.42270803824067116
356,2402.240487098694,0.39586049580636123,0.09173715164264043,0.13880006670951844,0.2895216703414917,0.06243452802300453,0.0,0.0864185631275177,0.011445022669310372,0.17591737310091654,0.5307892402013142,3.806680850684643,3.3935937881469727,0.14344637095928192,0.1706819385290146,0.021823219023644924,0.08176082372665405,0.6853961646556854,0.17623378336429596,0.5157021224498749,0.42445890605449677
357,2409.1006071567535,0.3961624414388401,0.09155963708957036,0.13853438993295034,0.29039775729179385,0.06322093233466149,0.0,0.08648406515518824,0.011448244269316395,0.17620708644390107,0.6159750998020173,3.797039497643709,3.3868132829666138,0.14311344176530838,0.1693347468972206,0.021821998991072178,0.08171705901622772,0.681755006313324,0.176522858440876,0.6101298779249191,0.4225945621728897
358,2415.849137067795,0.3955708120406295,0.09141317655642828,0.13790524105230967,0.2898352603117625,0.06293848728140196,0.0,0.08651817093292873,0.011439358939727147,0.17651350994904835,0.5863953828811646,3.8035064972937107,3.3917768001556396,0.14413414150476456,0.1698313131928444,0.02179761976003647,0.08155330643057823,0.6836009621620178,0.17689255625009537,0.5757311552762985,0.42335378751158714
359,2422.583886861801,0.3948670591693372,0.09133010407288869,0.13761058151721955,0.28957250515619914,0.06240122715632121,0.0,0.08642906347910563,0.011437816778197885,0.1768605689207713,0.5314041256904602,3.809746541082859,3.395429015159607,0.14296026527881622,0.171418696641922,0.021782847121357918,0.0815301463007927,0.6862264573574066,0.17719510942697525,0.485086190700531,0.424643374979496
360,2429.263715028763,0.39492167117035326,0.09127493898073832,0.1376645137866338,0.28919352491696676,0.062340323875347776,0.0,0.08650482495625814,0.01143542753222088,0.17718489468097687,0.5062701205412546,3.7956987656652927,3.388334035873413,0.1436932161450386,0.16775906085968018,0.02179504558444023,0.08151458948850632,0.678839236497879,0.17745907604694366,0.5466052770614624,0.42093420773744583
361,2436.018769979477,0.395076464182542,0.09115209728479386,0.1375271459420522,0.28904818892478945,0.06291757375001908,0.0,0.08653935392697652,0.011456525869046648,0.17752994696299235,0.5588991105556488,3.8113563545048237,3.3979827165603638,0.14342252165079117,0.17083118855953217,0.021571957506239414,0.08134743943810463,0.6875799000263214,0.17779511958360672,0.5739546865224838,0.42513738945126534
362,2442.934779882431,0.3950614596658852,0.09112989654143651,0.13754618366559346,0.2893771767616272,0.06186586196223895,0.0,0.08678688059250514,0.011427074391394853,0.1778650720914205,0.48411452770233154,3.7953794710338116,3.382459282875061,0.1425977274775505,0.17081066220998764,0.021660649217665195,0.08121270686388016,0.6855025291442871,0.1781679019331932,0.49605020582675935,0.4239639714360237
363,2449.7034549713135,0.3945093342471713,0.0909011130531629,0.1370052069425583,0.28857166568438214,0.062455445528030396,0.0,0.0866532509525617,0.011428162859131893,0.17814724445343016,0.5369561612606049,3.797650344669819,3.383324980735779,0.14241810142993927,0.17155815660953522,0.02175569161772728,0.08119621127843857,0.6856092214584351,0.17851556837558746,0.5528485804796219,0.4240008220076561
364,2456.394590139389,0.39377774694197193,0.09091367324193318,0.13707768817742666,0.28915488918622334,0.06121820906798045,0.0,0.08654279559850693,0.011433640696729223,0.1785265306631724,0.4687153478463491,3.7892441898584366,3.375833749771118,0.14309218525886536,0.17093217372894287,0.02170857135206461,0.08140977472066879,0.6862245798110962,0.1788579449057579,0.47397134602069857,0.4245220646262169
365,2463.0608320236206,0.393130714733464,0.09048063258330027,0.1366651346286138,0.28891658981641133,0.06217273945609728,0.0,0.08631253043810526,0.011429515015333892,0.17879638572533926,0.5373188058535258,3.7909543439745903,3.380165934562683,0.14223943650722504,0.16983434557914734,0.021877381950616837,0.08133091032505035,0.6842288970947266,0.1791512593626976,0.5844274967908859,0.42344535887241364
366,2469.7588288784027,0.3945792742500392,0.09047553489605585,0.13652508556842805,0.2888658920923869,0.06375512679417929,0.0,0.08668146133422852,0.011427466804161669,0.17918728391329447,0.6310203452905019,3.7835307233035564,3.3692604303359985,0.14155804365873337,0.1717456355690956,0.02190171554684639,0.08146332204341888,0.6874856054782867,0.17949939519166946,0.6293480008840561,0.42520612478256226
367,2476.4156210422516,0.3935173610283528,0.09025333871444066,0.13609801828861237,0.28933876554171245,0.0629052517314752,0.0,0.08655741314093272,0.01142458029401799,0.17943826119105022,0.5352281530698141,3.783993899822235,3.3692389726638794,0.14199498295783997,0.17187871783971786,0.02173555549234152,0.08110969886183739,0.6892979145050049,0.17982863634824753,0.5873531699180603,0.42575865611433983
368,2483.1130549907684,0.39293209557266284,0.09022314449151357,0.1363676776488622,0.28829315106074016,0.06208223253488541,0.0,0.08646977295478185,0.01143425287057956,0.17973128259181975,0.5085251251856486,3.785105686634779,3.3701311349868774,0.14106585830450058,0.17222081124782562,0.021912498399615288,0.08143597468733788,0.6881267428398132,0.18021124601364136,0.5209400594234467,0.4254993461072445
369,2489.7693178653717,0.3934855456231162,0.09004479149977367,0.13594370086987814,0.2883077363173167,0.06304318408171336,0.0,0.08670152326424917,0.011423279531300068,0.18005403776963552,0.5876843273639679,3.791654821485281,3.371711850166321,0.14251210540533066,0.17434345930814743,0.021703314036130905,0.08099734783172607,0.6932634115219116,0.1804310828447342,0.6053750604391098,0.4276290535926819
370,2496.5391449928284,0.39314713462566336,0.08979944239060084,0.136042582988739,0.28865179816881814,0.06371013820171356,0.0,0.08644705315430959,0.011413632333278656,0.1803409844636917,0.6346993923187256,3.774947665631771,3.3598835468292236,0.1409672647714615,0.17229024320840836,0.021753421053290367,0.0808999054133892,0.6871396005153656,0.18076474219560623,0.5975873857736588,0.424469705671072
371,2503.2888600826263,0.3917871666102049,0.08958879262208938,0.13580346008141836,0.2882647116978963,0.061159700900316236,0.0,0.08658881932497024,0.011417893134057522,0.18069759309291838,0.46324695547421774,3.779438253492117,3.3607062101364136,0.14138924330472946,0.1740187108516693,0.021864650771021843,0.08115709200501442,0.6901586055755615,0.18103846907615662,0.45523964464664457,0.4262363947927952
372,2510.6358408927917,0.37302899453788996,0.08949817021687825,0.09725915590922038,0.28872042496999106,0.06174352516730627,0.0,0.08672309517860413,0.011408328109731277,0.18107118010520934,0.4413959890604019,3.753054501488805,3.3553757667541504,0.09940451756119728,0.1739882379770279,0.02178281731903553,0.08084151893854141,0.6935401856899261,0.18136747926473618,0.440251262485981,0.4276116117835045
373,2517.6516489982605,0.3924355625291355,0.08936204661925634,0.1356890300909678,0.2881672402222951,0.06321827843785285,0.0,0.08654578377803167,0.01141046059007446,0.18129823207855225,0.5596131026744843,3.766482934355736,3.3504836559295654,0.14112913608551025,0.1727173551917076,0.021674989722669125,0.08069328963756561,0.6881904900074005,0.18149559199810028,0.5529930263757705,0.42478853464126587
374,2524.5803821086884,0.39191828056549033,0.08923328916231792,0.1360076993703842,0.2886382480462392,0.062007560829321545,0.0,0.08655161013205846,0.011402108737577995,0.181610240538915,0.565749982992808,3.76915055885911,3.3516303300857544,0.14113254100084305,0.17347697913646698,0.021722663193941116,0.08070162683725357,0.6911923289299011,0.18216105550527573,0.5239386796951294,0.42629779130220413
375,2531.5296540260315,0.3920457211051447,0.08902117709318796,0.13520537912845612,0.28858730792999265,0.06358028873801232,0.0,0.08653123875459036,0.011403359395141402,0.18193994263807933,0.6347336033980052,3.7728456147015095,3.3529046773910522,0.1408253088593483,0.17476414144039154,0.02177861798554659,0.08070620521903038,0.6923285126686096,0.18232829123735428,0.6247616738080979,0.4268704615533352
376,2538.528829097748,0.392034418155284,0.08911860783894857,0.13537250657876332,0.2886984348297119,0.06300585145751635,0.0,0.08657220949729284,0.011415790937220057,0.18230148752530415,0.6231341381867727,3.762545544654131,3.3473604917526245,0.14057231694459915,0.17244944721460342,0.021618155762553215,0.08037810772657394,0.6874890625476837,0.18271077424287796,0.6009428441524506,0.4241226390004158
377,2545.579835176468,0.3911815597947376,0.08878201047579447,0.1350716104110082,0.28850990533828735,0.062379279732704164,0.0,0.08655668646097184,0.011398258277525504,0.18261767625808717,0.5728878776232401,3.7691367641091347,3.349691390991211,0.1406121402978897,0.17456965148448944,0.02174411341547966,0.0806986652314663,0.6942905783653259,0.18286016583442688,0.6364347457885742,0.42784395441412926
378,2552.5958921909332,0.3904420065926388,0.08867127547661463,0.13447543382644653,0.2881694495677948,0.06183318297068278,0.0,0.0865434284011523,0.0114174400921911,0.1828637699286143,0.5231703440348308,3.7572872303426266,3.3389475345611572,0.1400669738650322,0.17415310442447662,0.02190409041941166,0.08124080300331116,0.6934869587421417,0.1832522451877594,0.4984043061733246,0.427984282374382
379,2559.660505056381,0.38940203843521887,0.08854533384243647,0.1349627633889516,0.28750976324081423,0.0602100245654583,0.0,0.08640470008055369,0.011399570511033137,0.18321809868017833,0.470550670226415,3.761216312646866,3.3435651063919067,0.14068812131881714,0.17365357279777527,0.0217361431568861,0.08045074343681335,0.6924015581607819,0.1835232377052307,0.45174295008182525,0.4266515225172043
380,2566.6244361400604,0.39022417523665354,0.08844919800758362,0.13464812239011129,0.2883806069691976,0.06151107400655746,0.0,0.08657443871100744,0.011389583519970378,0.18346907695134482,0.5733401040236156,3.7620757184922695,3.3396438360214233,0.14011641591787338,0.17618683725595474,0.0217481330037117,0.08029906451702118,0.6972754597663879,0.18381144106388092,0.5770846515893936,0.42893679440021515
381,2573.5823678970337,0.38954648820217697,0.08834950228532155,0.13451802333196003,0.28709400494893395,0.062152267744143806,0.0,0.0862218901515007,0.011391046301772198,0.18385915458202362,0.638116846481959,3.745733480900526,3.328295111656189,0.14025526493787766,0.17365536838769913,0.02171546407043934,0.08028608188033104,0.6912487149238586,0.1840873807668686,0.6102329075336457,0.42591043934226036
382,2580.785385131836,0.3889561282354407,0.08818932125965755,0.13422961632410685,0.28752615849177043,0.06147628799080849,0.0,0.08622660686572393,0.011386809203152855,0.18409033219019572,0.5041985293229421,3.7583475783467293,3.3391703367233276,0.14014457166194916,0.17455247789621353,0.021707018837332726,0.08032245561480522,0.694402664899826,0.18448399752378464,0.5128743886947632,0.42752378806471825
383,2587.837972164154,0.39044025375430164,0.08825197120507558,0.13486497104167938,0.28764076431592306,0.06245618363221486,0.0,0.08652801712354025,0.011383965766678253,0.18438129325707753,0.5968245844046275,3.768242072314024,3.3452190160751343,0.14247193187475204,0.17589354515075684,0.02171759493649006,0.08028608933091164,0.6944155693054199,0.18480265140533447,0.6441181242465973,0.4274938739836216
384,2594.9801919460297,0.38916124327418705,0.08825341910123825,0.1350035766760508,0.2872961759567261,0.06162401934464772,0.0,0.0860786979397138,0.011380097378666203,0.18468901813030242,0.5701039055983226,3.749584123492241,3.329224467277527,0.14099934697151184,0.17492999136447906,0.02174518909305334,0.0801372118294239,0.6922599673271179,0.18500563502311707,0.6019443929195404,0.42626719549298286
385,2601.759213924408,0.38824076708988287,0.08775583604971568,0.1339462161064148,0.28749144077301025,0.06236601447065671,0.0,0.08593617876370747,0.011382092939068873,0.1849751522143682,0.5933250904083252,3.7527631297707558,3.3288540840148926,0.13941402733325958,0.1771010160446167,0.021772893145680428,0.08027670159935951,0.6965843439102173,0.18537353724241257,0.5851100981235504,0.42856887355446815
386,2608.5351011753082,0.38767213350123103,0.08770381460587183,0.13372059067090353,0.28710259199142457,0.06153121838967005,0.0,0.08596282402674357,0.011376733255262176,0.18531835873921712,0.5398488839467367,3.7459938265383244,3.328930974006653,0.14084408432245255,0.17332040518522263,0.021764250472187996,0.0801047571003437,0.6875760853290558,0.18559930473566055,0.5290375888347626,0.4238927997648716
387,2615.3809912204742,0.3884109266917221,0.08766282200813294,0.13393293420473734,0.28790878454844154,0.06227148522933324,0.0,0.0860741784175237,0.011377710445473591,0.18562136590480804,0.600846141576767,3.753696985542774,3.327873706817627,0.13997386395931244,0.17791817337274551,0.02166926395148039,0.07982132583856583,0.7004190683364868,0.18602579832077026,0.6252943575382233,0.43003086000680923
388,2622.376748085022,0.38842870846080285,0.08766760975122452,0.13345809876918793,0.2872009833653768,0.06281417508920034,0.0,0.08609933853149414,0.011374569466958443,0.18594102760155995,0.6359684626261394,3.7456173449754715,3.3255038261413574,0.13859125971794128,0.17540894448757172,0.02170033287256956,0.07982926443219185,0.6930811107158661,0.18629586696624756,0.61507368683815,0.4263698197901249
389,2629.4238770008087,0.38713619279054307,0.0872775822877884,0.1327395260334015,0.2868979374567668,0.061795307447512944,0.0,0.08609712570905685,0.01138096113378803,0.18627349038918814,0.581428184111913,3.741276565939188,3.3204678297042847,0.1391240432858467,0.17562335729599,0.021829736419022083,0.08008002862334251,0.6955210268497467,0.18670230358839035,0.5879980772733688,0.42784054204821587
390,2636.583733320236,0.38627019739360546,0.08717724482218424,0.13288117051124573,0.2870226204395294,0.061687684059143065,0.0,0.08570003012816112,0.01137467953376472,0.18653537432352701,0.5885849475860596,3.7359862849116325,3.3145464658737183,0.14009325206279755,0.17569659650325775,0.02184801734983921,0.08006555214524269,0.6945739090442657,0.1870032325387001,0.583931702375412,0.42735250666737556
391,2643.5308792591095,0.3873816054217362,0.08708647390206654,0.133211279908816,0.2870996038118998,0.06289481868346532,0.0,0.08591325928767522,0.011370705363030234,0.18684472839037577,0.6775104065736135,3.7359532713890076,3.3140668869018555,0.13923487067222595,0.17613447457551956,0.021684330888092518,0.07980339601635933,0.695934921503067,0.18742012977600098,0.7128837466239929,0.42777085676789284
392,2650.4404389858246,0.38676475434719276,0.08704640517632166,0.13299604753653207,0.2871831715106964,0.062188245356082916,0.0,0.08585156599680582,0.011365032211566964,0.1872094710667928,0.5863001783688863,3.7333442755043507,3.312671184539795,0.1396794095635414,0.17541669309139252,0.021692417562007904,0.0797775648534298,0.6938027143478394,0.18777652084827423,0.5465565860271454,0.42667892202734947
393,2657.426316022873,0.386480136460159,0.08698013871908188,0.13281242946783703,0.2866209348042806,0.061189620196819304,0.0,0.08606547365585963,0.011372862135370572,0.1874707559744517,0.5337564210096996,3.7343425042927265,3.3127206563949585,0.13861555606126785,0.17615703493356705,0.021644596941769123,0.07966920360922813,0.6956765055656433,0.18797753006219864,0.5812616527080536,0.4275074563920498
394,2664.538374185562,0.3865166019337873,0.08682349771261215,0.1329922705888748,0.28633694450060526,0.06119468982021014,0.0,0.08613017946481705,0.01137044702967008,0.18785042464733123,0.5449494063854218,3.7271571308374405,3.304367184638977,0.13891085982322693,0.176667258143425,0.021659569814801216,0.07953076809644699,0.696552038192749,0.18821335583925247,0.5439846068620682,0.4278067871928215
395,2671.5873062610626,0.3866161529576251,0.08666456490755081,0.1331383655468623,0.28685052196184796,0.062366766730944316,0.0,0.08590500305096309,0.011359727149829269,0.188090114792188,0.6493592023849487,3.7277510575950146,3.3063331842422485,0.13853438943624496,0.17607533931732178,0.02173343487083912,0.07952853292226791,0.6948525905609131,0.1885847970843315,0.6443617701530456,0.42695482820272446
396,2678.4686119556427,0.3847252311029782,0.08655496587355932,0.1323259472846985,0.28592957854270934,0.06086899663011233,0.0,0.08563773632049561,0.011362414217243592,0.18845263520876568,0.536321876446406,3.7333989702165127,3.3087799549102783,0.13906797021627426,0.17754251509904861,0.0217254301533103,0.0797046348452568,0.6983773112297058,0.1890248879790306,0.5329249918460846,0.4288932904601097
397,2685.3411009311676,0.38389169895090164,0.0864433710773786,0.13184293806552888,0.28577359318733214,0.06027884061137835,0.0,0.08555340021848679,0.0113551692571491,0.18874544302622479,0.4550193130970001,3.721672225743532,3.2983601093292236,0.1377359703183174,0.17722206562757492,0.02175990305840969,0.07962288334965706,0.6971395313739777,0.1891884133219719,0.4635717153549194,0.4281926490366459
398,2692.1902120113373,0.3843733054061886,0.08625918726126353,0.1319370279709498,0.28632934093475343,0.0608197237054507,0.0,0.08569977333148321,0.011355069559067487,0.18911708096663157,0.5429025272528331,3.7183413952589035,3.2975258827209473,0.13774999976158142,0.17597025632858276,0.021690737456083298,0.07950212433934212,0.6938931345939636,0.18944359570741653,0.5245795041322708,0.42644869163632393
399,2699.1039102077484,0.3838218028560126,0.08621118068695069,0.13215625584125518,0.28699710766474407,0.06037786826491356,0.0,0.08547043005625407,0.011353250856821736,0.18935091197490692,0.5611779848734538,3.723246242851019,3.298112988471985,0.1387075111269951,0.17788974940776825,0.021698664873838425,0.07951949164271355,0.699102520942688,0.18984711915254593,0.5174176871776581,0.42907075211405754
400,2705.9687230587006,0.38429086067869017,0.08611108362674713,0.1319840133190155,0.2859308322270711,0.060703175018231074,0.0,0.0857699230313301,0.01135501271734635,0.1897212455670039,0.5821096420288085,3.7163299582898617,3.292339563369751,0.13785620778799057,0.1775311455130577,0.021745631471276283,0.07946085184812546,0.6978956758975983,0.19006237387657166,0.5959036499261856,0.4284086897969246
401,2712.8475501537323,0.3833923118887469,0.08591651022434235,0.1316480795542399,0.2859891553719838,0.06034703701734543,0.0,0.08558829873800278,0.011351536912843584,0.1900010287761688,0.5431180695692698,3.7168906405568123,3.2913001775741577,0.13916979730129242,0.17800278216600418,0.021793088875710964,0.079609464854002,0.6987148523330688,0.19068638235330582,0.577406257390976,0.4289668910205364
402,2719.70264005661,0.38250503194285557,0.08574911604324977,0.1315221687157949,0.28575194875399273,0.059692806005477904,0.0,0.08543590803941091,0.011342780012637377,0.19035335381825766,0.4977878749370575,3.7036479115486145,3.2814595699310303,0.1371973752975464,0.17679482698440552,0.02173970453441143,0.07917935028672218,0.6946538090705872,0.19077125191688538,0.52261763215065,0.42650625482201576
403,2726.5792779922485,0.38227774476011595,0.08565744757652283,0.13129720787207286,0.285914820432663,0.060174411783615746,0.0,0.085295769572258,0.011343125936885674,0.19063058793544768,0.49019691348075867,3.710910428315401,3.2875665426254272,0.13816414028406143,0.17713090777397156,0.02165843266993761,0.07924982905387878,0.6968053579330444,0.19109787791967392,0.4748426407575607,0.427652508020401
404,2733.491546154022,0.3820705720941381,0.08554348746935526,0.1314591000477473,0.28530547618865965,0.05972614884376526,0.0,0.08535113881031672,0.011344239767640828,0.19092274208863577,0.5112673858801524,3.7129372656345367,3.287923216819763,0.13732284307479858,0.17817631363868713,0.021598071791231632,0.07910915091633797,0.6988250315189362,0.19132080674171448,0.48110119700431825,0.42852166667580605
405,2740.3025341033936,0.3822726033007105,0.08546931693951289,0.1309431900580724,0.2859596113363902,0.060447995613018675,0.0,0.08540559659401575,0.011336930096149445,0.19125038385391235,0.5254946251710256,3.7109244354069233,3.2830142974853516,0.13734737783670425,0.1796182245016098,0.021623967215418816,0.07890595868229866,0.7019732594490051,0.19151733815670013,0.5243176311254502,0.4298925884068012
406,2747.2574450969696,0.38214615256292744,0.08528105914592743,0.13118818700313567,0.2850599706172943,0.06038533722360929,0.0,0.0854357381661733,0.011339065944775939,0.1915293514728546,0.5380273838837941,3.705353133380413,3.2821863889694214,0.13707558810710907,0.17731447517871857,0.021687212400138378,0.07907456532120705,0.6967949271202087,0.19206112623214722,0.5860607922077179,0.4274720288813114
407,2754.2456860542297,0.3822044492738011,0.08512890289227168,0.13080118000507354,0.28449156085650124,0.06124954049785932,0.0,0.08544965982437133,0.011344737637167175,0.19187836349010468,0.6644012928009033,3.7019410133361816,3.275689482688904,0.13717353343963623,0.17883238196372986,0.0217058127745986,0.07898369431495667,0.7016120254993439,0.19238269329071045,0.6175521731376648,0.4297897070646286
408,2761.179349899292,0.3826840153643085,0.08503356277942657,0.13103519479433695,0.2857035915056864,0.061385729163885114,0.0,0.0855847770969073,0.011333850072696805,0.19217919905980427,0.6337912042935689,3.7040832825005054,3.2762019634246826,0.13772846013307571,0.1795085445046425,0.02164183184504509,0.0787736102938652,0.7041210532188416,0.19270595163106918,0.6778373450040818,0.430834136903286
409,2768.285835981369,0.3819614303181879,0.08496071100234985,0.1306519071261088,0.28493915796279906,0.061429171512524285,0.0,0.08538338392972947,0.011329963027189175,0.19251443048318226,0.6217739204565684,3.703028090298176,3.2730334997177124,0.13783623278141022,0.18053823709487915,0.021671445108950138,0.07885797694325447,0.7052129209041595,0.19301234185695648,0.5777722865343093,0.43146443739533424
410,2775.308449983597,0.381495751880963,0.08482256929079691,0.1305506686369578,0.28515197038650514,0.061232272038857144,0.0,0.08528271814187367,0.011340504791587592,0.19284190535545348,0.6140842497348785,3.699622306972742,3.2757235765457153,0.1366405263543129,0.17778923362493515,0.02177499793469906,0.07904261723160744,0.6985712349414825,0.1932779923081398,0.6300626397132874,0.4283282347023487
411,2782.1874051094055,0.38145643881871366,0.08469957758982977,0.13106745978196463,0.2845688104629517,0.06072565267483394,0.0,0.08535204976797103,0.011328836809843779,0.19314279655615488,0.5957518875598907,3.695718891918659,3.27250337600708,0.13725562393665314,0.17729385197162628,0.02165300864726305,0.07895193994045258,0.6965409517288208,0.19362816214561462,0.5901615679264068,0.427222415804863
412,2789.1033551692963,0.38133967556835463,0.08471571654081345,0.13059600293636323,0.2845732033252716,0.06153046016891797,0.0,0.08520199010769526,0.011329500625530878,0.19345030387242634,0.6602229654788971,3.6887598037719727,3.2657792568206787,0.13720181584358215,0.17718981951475143,0.021691606380045414,0.07869832962751389,0.6955307126045227,0.1939879208803177,0.6540760397911072,0.42646368592977524
413,2796.046480178833,0.38059475311699015,0.0845339059829712,0.13054394125938415,0.2847546458244324,0.06102577348550161,0.0,0.08505097776651382,0.011323814978823066,0.1937335600455602,0.6022264242172242,3.6986843831837177,3.2663159370422363,0.13675958663225174,0.18199432641267776,0.021668574772775173,0.07854260504245758,0.7090987861156464,0.19423531740903854,0.586663219332695,0.43309199810028076
414,2803.0090391635895,0.38081882380647586,0.08425097862879435,0.13001976360877354,0.28481417099634804,0.0616646001736323,0.0,0.08527237325906753,0.011329993621135752,0.19402159253756204,0.6233202000459035,3.6855551302433014,3.2589244842529297,0.1359729766845703,0.17932207882404327,0.021672013215720654,0.07859110087156296,0.7014702558517456,0.1945721134543419,0.6168503314256668,0.42932622879743576
415,2809.9762291908264,0.3808941031592743,0.08415330698092778,0.12980199754238128,0.28442548314730326,0.062159671386082964,0.0,0.08530939966440201,0.011324090634783108,0.19439073304335278,0.7145926117897033,3.68540533259511,3.257941961288452,0.13603077083826065,0.17972399294376373,0.02172171324491501,0.07872166484594345,0.7008935213088989,0.1948847845196724,0.701596075296402,0.4291684255003929
416,2816.9553570747375,0.38123698147246615,0.08424966086943944,0.13080818007389705,0.28476876219113667,0.061684866497914,0.0,0.08528246283531189,0.011326617933809758,0.19466037352879842,0.7051261484622955,3.6866175048053265,3.261452555656433,0.13706260174512863,0.17831682413816452,0.021564344875514507,0.07829081639647484,0.6998783946037292,0.19524390995502472,0.7174060493707657,0.42823001369833946
417,2823.989279270172,0.37993134872522205,0.08414703359206517,0.1301538050174713,0.28463725447654725,0.060076020658016205,0.0,0.08525359233220418,0.011323287105187773,0.19498936434586842,0.5268848041693369,3.684201270341873,3.256408452987671,0.13670337200164795,0.17972056567668915,0.021556629799306393,0.07840250059962273,0.7028084099292755,0.19547142088413239,0.4848601847887039,0.4298067055642605
418,2830.897296190262,0.37944654562549357,0.08384826531012853,0.12991030216217042,0.2847048123677572,0.06050171653429667,0.0,0.08511145164569218,0.011325917781020205,0.19530365566412608,0.5964147607485454,3.6823370568454266,3.2563514709472656,0.13562100380659103,0.1790875419974327,0.021713577210903168,0.07876507937908173,0.7008886635303497,0.19575922191143036,0.6268452286720276,0.4292094111442566
419,2837.8316190242767,0.3788293066706198,0.08378804524739583,0.1294404442111651,0.2839351077874502,0.06076530516147614,0.0,0.08492325693368911,0.011322427059834201,0.19556868374347686,0.6031422813733419,3.6791610531508923,3.249746561050415,0.13610952347517014,0.18067986518144608,0.021632886491715908,0.07829022780060768,0.7027331590652466,0.1962081417441368,0.6195971876382828,0.429656807333231
420,2844.8171648979187,0.3780382335263615,0.08359302133321762,0.12938449879487354,0.28395766417185464,0.059531676769256595,0.0,0.08494720011949539,0.011313040802876154,0.19593890905380248,0.5136819879213969,3.682068418711424,3.2508325576782227,0.13613533228635788,0.18158409744501114,0.02169804461300373,0.07834618538618088,0.7070212662220001,0.19641833752393723,0.4876324117183685,0.43185681849718094
421,2851.9165449142456,0.37825284637510775,0.08346225718657176,0.1296423186858495,0.2837377846240997,0.06023516431450844,0.0,0.08489052504301071,0.011313453565041225,0.1962542841831843,0.5747047483921051,3.6629815101623535,3.235828995704651,0.134889155626297,0.17985396832227707,0.02162911742925644,0.0782649964094162,0.7024026811122894,0.19674932211637497,0.5900124907493591,0.4294663369655609
422,2858.917248249054,0.37853284031540774,0.08333500276009241,0.12967855433622996,0.28431737621625264,0.06070699865619342,0.0,0.08493813375631969,0.011313692961509029,0.19652170141537983,0.5819394687811533,3.6710600331425667,3.2393797636032104,0.13546396791934967,0.1819741427898407,0.021744905970990658,0.07839866727590561,0.7056624591350555,0.19695818424224854,0.612001919746399,0.4312298968434334
423,2865.9460990428925,0.37840948400941365,0.08321972241004308,0.12892337342103322,0.28430846134821575,0.061441181848446526,0.0,0.08494000434875489,0.011310861616705855,0.19674940208594005,0.6439688026905059,3.6773958951234818,3.242208242416382,0.13469690084457397,0.18391960114240646,0.021614748053252697,0.0781327597796917,0.7080044150352478,0.19723697006702423,0.6582746237516404,0.4321349672973156
424,2873.0692682266235,0.3790483841090463,0.08298432777325312,0.12821841438611348,0.28464621504147847,0.06390967617432276,0.0,0.08492005715767542,0.011301853957896431,0.19704410831133526,0.7287478804588318,3.6693065837025642,3.2355295419692993,0.13411687314510345,0.1833593025803566,0.021640023216605186,0.07814862206578255,0.7059797048568726,0.19773704558610916,0.6930778622627258,0.4311384744942188
425,2880.0567710399628,0.3779030328364267,0.0831788698832194,0.12799294541279474,0.28425666093826296,0.06076728527744611,0.0,0.0851108118891716,0.011311732853452364,0.19734364052613576,0.5412980616092682,3.6718772053718567,3.23528516292572,0.13455328345298767,0.18465770035982132,0.02154619339853525,0.07821731269359589,0.7086794078350067,0.19784162193536758,0.5145010411739349,0.43255701661109924
426,2886.918658018112,0.3771647877913589,0.08271178056796392,0.12815836519002916,0.283832045396169,0.06095798835158348,0.0,0.08490767776966095,0.01130846921975414,0.1976591815551122,0.6088093022505442,3.6671978924423456,3.235147476196289,0.13434751704335213,0.18243832886219025,0.02173674013465643,0.07820374146103859,0.7068494260311127,0.1982845664024353,0.6070669740438461,0.4316284544765949
427,2893.8207771778107,0.3773811309035712,0.08282139947017034,0.12791873812675475,0.2833750049273173,0.060674223303794864,0.0,0.08511339277029037,0.011326450590665142,0.19798366924126942,0.5884965697924296,3.676828220486641,3.2392584085464478,0.1342739462852478,0.18521641939878464,0.021511771716177464,0.07818552106618881,0.7104290723800659,0.19838105887174606,0.6164459526538849,0.43340005725622177
428,2900.7789459228516,0.3778889828749622,0.08263698816299439,0.12855749328931174,0.28389371037483213,0.06128136217594147,0.0,0.08512360155582428,0.011306632217019797,0.19830376406510672,0.6880925218264262,3.656242560595274,3.221155881881714,0.1336432620882988,0.18413252383470535,0.02169416006654501,0.0780252069234848,0.7095545828342438,0.19897675514221191,0.7353465855121613,0.4328024983406067
429,2907.68145608902,0.37655421904831504,0.08227412054936091,0.12792579879363378,0.2840172608693441,0.061414645860592525,0.0,0.08475685467322668,0.011296285937229792,0.1986110031604767,0.6847082297007243,3.651631522923708,3.21846079826355,0.1355798915028572,0.18269038945436478,0.02169737219810486,0.07800542190670967,0.7053274214267731,0.1992291510105133,0.6413685083389282,0.4306691326200962
430,2914.63627409935,0.375413287562939,0.08211542665958405,0.12734799335400263,0.2840961317221324,0.06052957748373349,0.0,0.08462734868129095,0.011298456508666278,0.19887906908988953,0.5994070529937744,3.660943031311035,3.219569683074951,0.13349652290344238,0.1873125433921814,0.021711016073822975,0.0780121199786663,0.7160122990608215,0.19957147538661957,0.5798329710960388,0.43601826950907707
431,2921.564616203308,0.3760715337043318,0.08200805534919103,0.12700772583484649,0.2833606739838918,0.062562562028567,0.0,0.08462390949328741,0.011296332518880566,0.19919194877147675,0.7391683200995127,3.647035028785467,3.2173863649368286,0.13305818289518356,0.18155978620052338,0.02167714759707451,0.07807173952460289,0.7007905840873718,0.19972935318946838,0.7203933626413346,0.4284670315682888
432,2928.452558040619,0.37664394394766226,0.08227518051862717,0.12728257576624552,0.2836779038111369,0.06253460620840391,0.0,0.08469854295253754,0.011301961820572614,0.1994925151268641,0.6808305740356445,3.648442592471838,3.2140966653823853,0.13335853070020676,0.18383333086967468,0.021630247123539448,0.07785795256495476,0.7075659334659576,0.2001294493675232,0.7058235168457031,0.4316409192979336
433,2935.382551908493,0.3753058140942206,0.08180106480916341,0.12670408884684245,0.2834350526332855,0.06097842082381248,0.0,0.08481302410364151,0.011292924359440803,0.1998333344856898,0.6384604374567667,3.6489691343158484,3.209808349609375,0.13330308720469475,0.186254620552063,0.021675419062376022,0.07774695381522179,0.7132421731948853,0.2004123032093048,0.5929384052753448,0.4343680404126644
434,2942.4894502162933,0.37551735508410883,0.08160217454036077,0.1265290468931198,0.2837799429893494,0.06037638212243716,0.0,0.08519553442796071,0.011289342461774746,0.20014458298683166,0.5590335369110108,3.6365509256720543,3.206499218940735,0.13276617228984833,0.18183431029319763,0.021660911850631237,0.07767245918512344,0.7045529186725616,0.20077311247587204,0.5895542919635772,0.42994891852140427
435,2949.526123046875,0.3749768571966949,0.08146419376134872,0.12664725631475449,0.2832088569800059,0.059948002298672996,0.0,0.08509994943936666,0.011295024600500862,0.20045361518859864,0.5732865075270335,3.6336803697049618,3.2020652294158936,0.13259678333997726,0.1826583743095398,0.02174379490315914,0.07796331867575645,0.705560177564621,0.20116949081420898,0.5632568269968032,0.43074340745806694
436,2956.4235849380493,0.37524167697605054,0.08134944885969161,0.12684789995352427,0.28328968286514283,0.06153082326054573,0.0,0.08484063595533371,0.011284172193457682,0.20078841149806975,0.6361078381538391,3.636069405823946,3.204034924507141,0.13322947174310684,0.18270987272262573,0.021716613322496414,0.0777193047106266,0.7056748270988464,0.20148774981498718,0.6497125059366227,0.4305567182600498
437,2963.3081431388855,0.3737652735610027,0.08129039357105891,0.12620049019654592,0.28337414264678956,0.059481740246216455,0.0,0.08480204294125239,0.011281779160102208,0.20107731024424236,0.5065824727217356,3.6335720606148243,3.1974087953567505,0.1324804201722145,0.18496152758598328,0.021653312258422375,0.07752835750579834,0.7108621597290039,0.20168928056955338,0.49355022609233856,0.4329594373703003
438,2970.1732411384583,0.3752855056760988,0.08119383802016576,0.1272128606836001,0.2832600216070811,0.06257742767532666,0.0,0.08458919276793798,0.011280909910177191,0.2013197680314382,0.7984266956647237,3.631579762324691,3.1997424364089966,0.13218535110354424,0.18287232518196106,0.021671569906175137,0.0774342268705368,0.7076744735240936,0.20192336291074753,0.9337076663970947,0.4312714636325836
439,2977.0357971191406,0.3748736888170242,0.08111587762832642,0.12625580579042434,0.2838832120100657,0.06264433935284615,0.0,0.08461335996786754,0.011284629100312788,0.20167865653832753,0.794934767484665,3.6409225277602673,3.2046475410461426,0.13345488160848618,0.1847737729549408,0.021617460064589977,0.07764840498566628,0.7095460891723633,0.2021467536687851,0.7507795840501785,0.4324214495718479
440,2983.9378962516785,0.3743390124679233,0.0812338391939799,0.12612056881189346,0.28303578893343606,0.06127190714081129,0.0,0.08470652749141057,0.011282027326524257,0.20197819073994955,0.6306653022766113,3.6365082021802664,3.1977651119232178,0.13266004249453545,0.18620653450489044,0.021567190997302532,0.07735709846019745,0.7114068865776062,0.20255493372678757,0.6627345710992814,0.43306054174900055
441,2990.849659204483,0.3740343276760541,0.08112521121899287,0.12642424752314885,0.2826024055480957,0.06096063380440076,0.0,0.08463203211625417,0.0112824528478086,0.20224446654319764,0.6265964607397715,3.6389299370348454,3.204409122467041,0.1339941993355751,0.1837618574500084,0.021624053828418255,0.07760562747716904,0.7060208916664124,0.2029382362961769,0.6074278086423874,0.4306160733103752
442,2997.880499124527,0.37400384144857524,0.08103437672058741,0.12625791976849238,0.2831330676873525,0.06099967484672864,0.0,0.08466790268818537,0.011277039131770531,0.20259239574273427,0.6411363283793131,3.628470789641142,3.1911286115646362,0.13185109943151474,0.18570831418037415,0.021600358188152313,0.07723040878772736,0.7124579548835754,0.20324201881885529,0.666080778837204,0.4334593862295151
443,3004.8000621795654,0.37385066903273884,0.08092744102080664,0.12576950937509537,0.2835071841875712,0.061051597942908604,0.0,0.08473491867383322,0.011280778283253311,0.20285595953464508,0.6430920720100403,3.6276167314499617,3.191392421722412,0.13231393322348595,0.1850336715579033,0.021595163270831108,0.07734059169888496,0.7092731595039368,0.20357996970415115,0.6209977328777313,0.43197717145085335
444,3011.7134940624237,0.37305665732128546,0.08080357909202576,0.12585066358248392,0.2826886296272278,0.05991696268320083,0.0,0.0847045491139094,0.01127535868436098,0.20321316123008729,0.5360731383164724,3.621066177263856,3.186810851097107,0.13163040950894356,0.1842200607061386,0.021580487489700317,0.07739944756031036,0.7089928984642029,0.20382585376501083,0.512956702709198,0.4318958967924118
445,3018.642911195755,0.3733046440233011,0.08058840533097585,0.12536882758140563,0.28224178751309714,0.06036688561240832,0.0,0.08496654133001963,0.011274150603761275,0.20346055726210277,0.5753364562988281,3.6221776828169823,3.184346318244934,0.1315186768770218,0.18603601306676865,0.021562447771430016,0.07706695050001144,0.7102205157279968,0.2040228545665741,0.5282301306724548,0.43217720836400986
446,3025.7401592731476,0.37225745321290254,0.08048380315303802,0.1255269338687261,0.2823668340841929,0.05929126217961311,0.0,0.08471883485714594,0.011268012567112844,0.20383056700229646,0.5404259582360585,3.6073269583284855,3.177910566329956,0.1315952017903328,0.18180939555168152,0.021655099466443062,0.07712645083665848,0.7011095285415649,0.20457862317562103,0.5432598441839218,0.42768121510744095
447,3032.715056180954,0.37179574673452104,0.08015184452136358,0.12510819385449093,0.2820907711982727,0.05968397657076518,0.0,0.08467266658941905,0.011289358201126257,0.20414930482705435,0.5906650940577189,3.6147664599120617,3.178605318069458,0.1308552846312523,0.18536674976348877,0.021753229200839996,0.07797300815582275,0.708804190158844,0.20503871142864227,0.6507033109664917,0.43237510323524475
448,3039.5368440151215,0.37328251584937483,0.08006961047649383,0.12521223028500875,0.28190099795659385,0.061982907354831696,0.0,0.08486774116754532,0.011265017976984381,0.2044447700182597,0.747526599963506,3.610202804207802,3.1764155626296997,0.13205459713935852,0.18387997150421143,0.021619204431772232,0.07701645419001579,0.7066887021064758,0.20501435548067093,0.7989267110824585,0.4303608052432537
449,3046.392250061035,0.3743399765497694,0.080229651927948,0.12572048405806224,0.28313695391019184,0.06289729103446007,0.0,0.08489842514197031,0.011272619711235166,0.2047046959400177,0.8283549666404724,3.617771480232477,3.1825318336486816,0.13210699707269669,0.1845930740237236,0.021560603752732277,0.07775760069489479,0.7085156738758087,0.20529930293560028,0.7869770109653473,0.43201543763279915
450,3053.2858741283417,0.37357957938026326,0.07992777576049169,0.12531487842400868,0.2823754926522573,0.0631948359310627,0.0,0.08473499864339828,0.011262646767621239,0.20506852169831594,0.7827980836232503,3.614636469632387,3.1767148971557617,0.13171134144067764,0.1860329508781433,0.021611263044178486,0.07712676376104355,0.7123690843582153,0.20575247704982758,0.7391153573989868,0.4333113059401512
451,3060.2965631484985,0.3715142069074015,0.07966782202323278,0.12470807433128357,0.2830022613207499,0.0607552910844485,0.0,0.08456216206153234,0.011267673425997297,0.20535796682039897,0.6333910942077636,3.5917531587183475,3.1608378887176514,0.1305566504597664,0.1828184723854065,0.02171771600842476,0.07703246921300888,0.7052732110023499,0.2061815783381462,0.6113951325416564,0.4296690747141838
452,3067.403647184372,0.37110431148903444,0.07953276534875234,0.12520527392625808,0.2821408311525981,0.05929418802261353,0.0,0.08470913122097651,0.011263128680487474,0.20568125943342844,0.5788511355717977,3.6096687242388725,3.1694133281707764,0.1320827752351761,0.18710700422525406,0.021646209992468357,0.0771787241101265,0.7127759456634521,0.20642130821943283,0.5877267181873321,0.43356669694185257
453,3074.3706171512604,0.3717477524381441,0.07959288209676743,0.12514563848574956,0.28204687833786013,0.05924618393182755,0.0,0.08503226091464361,0.01126498207449913,0.2059494356314341,0.5435912589232127,3.607958637177944,3.171776056289673,0.1310856193304062,0.18531988561153412,0.02153008244931698,0.07676628604531288,0.7090185880661011,0.20657778531312943,0.5678842693567276,0.4312755800783634
454,3081.3363859653473,0.3712577619279424,0.07947330524524053,0.12451760570208231,0.2821267664432526,0.05972860852877299,0.0,0.08487976441780726,0.011260991279656688,0.20626236895720165,0.5648853560288747,3.6030059289187193,3.1655006408691406,0.13071921095252037,0.18607284128665924,0.021619651466608047,0.07681369408965111,0.710944265127182,0.20705334097146988,0.5453581988811493,0.4322858266532421
455,3088.2796709537506,0.37155101675889457,0.07936850835879644,0.12441492130359014,0.28130287925402325,0.06059638038277626,0.0,0.08492920895417531,0.011254341977958878,0.2065858284632365,0.6587918162345886,3.5947550870478153,3.160633087158203,0.1309095397591591,0.18433361500501633,0.021581053733825684,0.07655550539493561,0.7087233662605286,0.2072085440158844,0.6842696666717529,0.4309171885251999
456,3095.100063085556,0.3702533202090611,0.07915633569161097,0.12415441572666168,0.2821271280447642,0.059477961311737694,0.0,0.08468986749649048,0.011255652255689105,0.20689827303091685,0.6084449370702107,3.591166600584984,3.1567262411117554,0.1305733323097229,0.1845768466591835,0.021634208969771862,0.07675575092434883,0.7070519626140594,0.20758934319019318,0.591312462091446,0.43028173223137856
457,3101.999456882477,0.37076557844023533,0.07910815924406052,0.12410480976104736,0.2813435177008311,0.060589402168989184,0.0,0.08474338998397192,0.011261195658395689,0.20718115270137788,0.6659277280171713,3.5937677063047886,3.1545345783233643,0.13103748112916946,0.1868571937084198,0.021494531072676182,0.076517503708601,0.7133476138114929,0.20781180262565613,0.7017176210880279,0.43319131061434746
458,3108.9874238967896,0.37090033218070556,0.07903584539890289,0.12399477263291676,0.28157418171564735,0.0601682814459006,0.0,0.08496855398019156,0.011256212508305908,0.20747015873591104,0.6240610698858897,3.5902924221009016,3.1538195610046387,0.12991216406226158,0.18575838953256607,0.021615498699247837,0.07654133066534996,0.7114996612071991,0.20827212184667587,0.6090113937854766,0.4322911612689495
459,3115.974023103714,0.369465396751184,0.07876714716355006,0.12354267338911692,0.28050230940183,0.05895581195751826,0.0,0.084855588277181,0.011250660677130023,0.20779888232549032,0.5546301901340485,3.5892401672899723,3.148842453956604,0.12997115403413773,0.18770606815814972,0.02160599920898676,0.07696659117937088,0.714645504951477,0.2084111124277115,0.5703991860151291,0.4342893436551094
460,3122.886351108551,0.36987452207831667,0.07872114380200704,0.12336967835823695,0.2815135379632314,0.05980962614218394,0.0,0.08486249496539434,0.011249210607881347,0.20809499720732372,0.6115120987097422,3.5816017277538776,3.1468117237091064,0.13015631586313248,0.18485592305660248,0.021601553075015545,0.07648376002907753,0.7091677486896515,0.20871436595916748,0.6616654217243194,0.4310676343739033
461,3129.9578850269318,0.3703917079061891,0.07859055151542028,0.12384111732244492,0.2813317914803823,0.06126400704185168,0.0,0.08471378932396571,0.011252252416064342,0.20841889282067616,0.7222667952378591,3.590463949367404,3.152968406677246,0.12984603270888329,0.18628626316785812,0.021518929861485958,0.076332937926054,0.7124812602996826,0.2089974507689476,0.7391741901636124,0.4325735680758953
462,3136.91024518013,0.3696187576996939,0.07847432941198348,0.12403548508882523,0.28156130711237587,0.05904496858517329,0.0,0.08488066544135411,0.011244939841950933,0.20867306888103485,0.5865684847036997,3.5794264804571867,3.14241099357605,0.12957104668021202,0.18611498177051544,0.021592511795461178,0.07643350958824158,0.7113909423351288,0.20944184809923172,0.5481822967529297,0.43212898075580597
463,3143.964830160141,0.36912424049611825,0.07831141750017802,0.12352889080842336,0.2810666004816691,0.05953444888194402,0.0,0.08474357575178146,0.011248931335285307,0.20897905727227528,0.6308371961116791,3.5777679588645697,3.1379302740097046,0.1300063244998455,0.18741726130247116,0.021584168076515198,0.07636623829603195,0.7120949625968933,0.2096312865614891,0.672668245434761,0.4324137195944786
464,3150.9099040031433,0.37012244139332323,0.07822928726673126,0.12321535050868988,0.280823955933253,0.06132924531896909,0.0,0.08492550949255626,0.01124961293923358,0.20930088857809703,0.7638619561990102,3.5749686881899834,3.13840115070343,0.1289183348417282,0.18605418503284454,0.02163433376699686,0.07668404281139374,0.7120749354362488,0.20990624278783798,0.780560651421547,0.4327215105295181
465,3157.8604950904846,0.36922232892441875,0.07809054801861445,0.12253200312455495,0.2809187153975169,0.06061269417405128,0.0,0.08488913079102835,0.011262011450404922,0.2096631944179535,0.707510236899058,3.573311511427164,3.1342215538024902,0.1289178803563118,0.18731550872325897,0.021760513074696064,0.07744952291250229,0.7160855233669281,0.21038708090782166,0.7619881570339203,0.43549228459596634
466,3164.7386910915375,0.3698563406864802,0.07785352865854898,0.12300816973050435,0.2811848600705465,0.06205126692851384,0.0,0.08483438392480215,0.011238952136288087,0.2099750429391861,0.7532529592514038,3.5649025551974773,3.128103733062744,0.12940996140241623,0.18604692071676254,0.021635272540152073,0.07623834908008575,0.7128839492797852,0.21060111373662949,0.7772978484630585,0.43268032371997833
467,3171.6446990966797,0.37001951936787614,0.07780635704596837,0.12331002006928125,0.2810514430205027,0.06081922103961309,0.0,0.085178375740846,0.01124430331401527,0.21024251282215117,0.6851457774639129,3.5685096196830273,3.131115674972534,0.12928321212530136,0.1863761693239212,0.02151175681501627,0.07619104534387589,0.7100153565406799,0.21090221405029297,0.6509728878736496,0.43119872361421585
468,3178.7389891147614,0.36829936857296464,0.07754564434289932,0.12336374620596567,0.28086918195088706,0.05918891529242198,0.0,0.08485216796398162,0.011240935962026318,0.21050905883312226,0.5668345014254252,3.5675852559506893,3.127934455871582,0.128672294318676,0.18765732645988464,0.021568414755165577,0.07615508139133453,0.7136833369731903,0.21118716150522232,0.5739517599344254,0.4329967498779297
469,3185.8093280792236,0.3678380265366286,0.07762804875771205,0.12237758338451385,0.2807639320691427,0.05967120577891668,0.0,0.08471181790033976,0.011237034434452653,0.2108626852432887,0.6183349212010701,3.5631942711770535,3.1278727054595947,0.12885161489248276,0.18544787913560867,0.02159008104354143,0.07606790587306023,0.7088530361652374,0.21149908006191254,0.5991400420665741,0.43049442395567894
470,3192.7791562080383,0.3700324009541267,0.0776653915643692,0.12302320500214894,0.28106786410013834,0.06056347241004308,0.0,0.08539000501235326,0.01124582684909304,0.21117833058039348,0.6578927099704742,3.5693059023469687,3.1305421590805054,0.12940652295947075,0.18703024089336395,0.021478813141584396,0.0759970210492611,0.714201807975769,0.21184320002794266,0.6386725515127182,0.4330979250371456
471,3200.012230157852,0.3691887884788836,0.07753859559694926,0.12271016538143158,0.28099958697954813,0.060474350055058794,0.0,0.08513615826765696,0.011237719810257356,0.21141503850618998,0.6255035519599914,3.5587497260421515,3.1239882707595825,0.129182618111372,0.18508507311344147,0.021488534286618233,0.07634197548031807,0.7092373967170715,0.2120973989367485,0.6396088868379592,0.43096067383885384
472,3206.9758920669556,0.3692041313818966,0.0773963287472725,0.12248236835002899,0.28101709485054016,0.060389719903469086,0.0,0.08529212772846222,0.011238624822969239,0.21175092160701753,0.6605505486329396,3.5586459040641785,3.1179646253585815,0.12849953770637512,0.18821575492620468,0.021676977165043354,0.0763133317232132,0.7155654728412628,0.21253999322652817,0.6878934592008591,0.4340960681438446
473,3213.8643419742584,0.36893162158861137,0.07730810741583506,0.12236285756031672,0.2807915588219961,0.06154086043437322,0.0,0.0849530354142189,0.011242861269662778,0.2120540887117386,0.6848674138387044,3.5529053304344416,3.114295482635498,0.12947585061192513,0.18693596124649048,0.021596240811049938,0.07605409622192383,0.7134867310523987,0.21271740645170212,0.7203783988952637,0.43279746174812317
474,3220.8979630470276,0.3676866073937466,0.0770610029498736,0.12200833310683569,0.28056003848711647,0.06004572212696076,0.0,0.08492906590302786,0.01122959383452932,0.2123287210861842,0.6078030010064442,3.5459853895008564,3.106366276741028,0.12825635820627213,0.18774546682834625,0.021625004708766937,0.07603384181857109,0.7158984839916229,0.2129814773797989,0.5597073435783386,0.43398308381438255
475,3227.8564541339874,0.3673555218653443,0.07699047178030013,0.12158151666323344,0.28035713036855064,0.05908751140038172,0.0,0.08515529185533524,0.011228278481091062,0.21265223423639934,0.5471160610516866,3.553952159360051,3.1121402978897095,0.12786972895264626,0.18893849849700928,0.021602758206427097,0.07611310109496117,0.7176536619663239,0.2132597416639328,0.5653364866971969,0.4349399320781231
476,3234.8444430828094,0.36757590116855376,0.0768852561712265,0.1213322361310323,0.2805003722508748,0.059469396620988844,0.0,0.08527692755063375,0.01123956396865348,0.21289512912432354,0.587257061402003,3.553416360169649,3.1136752367019653,0.12769729644060135,0.18794623762369156,0.021698295138776302,0.07608507201075554,0.7138985097408295,0.21368512511253357,0.6440819144248963,0.4330343268811703
477,3241.72923207283,0.36709250330847376,0.07667936831712723,0.12142424881458283,0.28076808055241903,0.05993366291125615,0.0,0.0849855179588,0.011242238261426488,0.21317822337150574,0.6318133513132731,3.5455801598727703,3.1061640977859497,0.12907298654317856,0.18743978440761566,0.021517314948141575,0.07639031112194061,0.7137563526630402,0.21389101445674896,0.6450846999883652,0.4332684874534607
478,3248.6817619800568,0.36728283907674875,0.07668470988670985,0.12161970883607864,0.28093585968017576,0.059690117835998535,0.0,0.08508304804563523,0.011223596955339114,0.2135090599457423,0.6687233567237854,3.5426183976233006,3.103567600250244,0.12816647440195084,0.1874837800860405,0.021535594947636127,0.07594826817512512,0.7125259935855865,0.21430913358926773,0.6915227472782135,0.4322112649679184
479,3255.6332561969757,0.36685121930204334,0.0763941248257955,0.1211597258845965,0.280208021402359,0.06015181715289752,0.0,0.08504851013422013,0.011223320849239826,0.21382882992426555,0.6317689875761668,3.532847300171852,3.093928575515747,0.12757650017738342,0.18756523728370667,0.021588189527392387,0.07581675052642822,0.7135764956474304,0.2144380733370781,0.6063958644866944,0.43260499835014343
480,3262.5542409420013,0.3660241166304331,0.07635040332873662,0.12102680454651514,0.2809633076190948,0.05940762435396512,0.0,0.08483779976765314,0.011230448183293143,0.21410715083281198,0.5789174457391103,3.5343681555241346,3.0926390886306763,0.1269635520875454,0.18912364542484283,0.021700605750083923,0.07609553635120392,0.7182636857032776,0.2147950381040573,0.5872511446475983,0.4352273792028427
481,3269.52947306633,0.36643941844037425,0.07610852470000586,0.12124326527118683,0.2806582768758138,0.06001088445385297,0.0,0.08497700691223145,0.011226491024717688,0.21443869272867838,0.6250692327817281,3.5287637300789356,3.091960906982422,0.12740729004144669,0.1865495890378952,0.021690054796636105,0.0759350061416626,0.7118092775344849,0.21510736644268036,0.6116793096065521,0.43183964490890503
482,3276.4279460906982,0.36543054756863663,0.07611217349767685,0.12086208661397298,0.28053991198539735,0.0587057334681352,0.0,0.084898213048776,0.011226976678396264,0.2147316614786784,0.5529553413391113,3.537524787709117,3.0967934131622314,0.12752747163176537,0.1884838193655014,0.021680204197764397,0.07616462931036949,0.7157225012779236,0.21538987010717392,0.5176308155059814,0.4340258799493313
483,3283.36651802063,0.3662283199412438,0.0759679213166237,0.12081766227881113,0.2808137575785319,0.05960802013675372,0.0,0.0851416473587354,0.011219254306827983,0.21499120990435283,0.659475976228714,3.530906243249774,3.0929877758026123,0.1276022158563137,0.1870586797595024,0.021546127274632454,0.0756455585360527,0.7109159529209137,0.21561621874570847,0.6915548503398895,0.43110353499650955
484,3290.3359961509705,0.3669437760778237,0.07589350591103236,0.12107277512550355,0.2808001975218455,0.06102034797271093,0.0,0.0851188619931539,0.011239783000200987,0.2153027335802714,0.7514247218767802,3.527090759947896,3.0894263982772827,0.12682518735527992,0.18712588399648666,0.021391896530985832,0.07615222781896591,0.714983195066452,0.21591267734766006,0.7123225688934326,0.4336438253521919
485,3297.294468164444,0.36699724457381916,0.07585633844137192,0.12096600929896037,0.28009161353111267,0.06114328677455584,0.0,0.08519769608974456,0.011211359174922109,0.21562120219071707,0.7256798128286998,3.525161562487483,3.081706166267395,0.12720980867743492,0.18992524594068527,0.021532097831368446,0.07544480636715889,0.7180529534816742,0.2163122519850731,0.7455804765224456,0.434471283107996
486,3304.237401008606,0.3664092411325934,0.07564854969580968,0.12061697045962015,0.2798355241616567,0.06080474232633908,0.0,0.08519203513860703,0.011214732425287366,0.2158947467803955,0.7075024286905924,3.523439683020115,3.083650588989258,0.1269536167383194,0.1881561428308487,0.02156147174537182,0.07535836845636368,0.7147198021411896,0.21652152389287949,0.6886014997959137,0.43271826952695847
487,3311.386885166168,0.36532886113855056,0.07549780160188675,0.1199826921025912,0.27990387082099916,0.05959307551383972,0.0,0.08518535147110622,0.01121392366476357,0.2162626971801122,0.6069034655888875,3.5181060153990984,3.081079363822937,0.1268879510462284,0.1867913380265236,0.021594347432255745,0.075445007532835,0.7139482796192169,0.21680274605751038,0.609040442109108,0.43241914734244347
488,3318.3878180980682,0.36505338210069266,0.07533912758032481,0.11981456478436787,0.28034684658050535,0.059860885391632715,0.0,0.08507958054542542,0.01121788217375676,0.21654188533624014,0.6187452137470245,3.5107634626328945,3.071507453918457,0.12673421949148178,0.1879444494843483,0.02167768031358719,0.07565952837467194,0.7133283913135529,0.21720412373542786,0.6349237740039826,0.43232372403144836
489,3325.311282157898,0.3649390463484451,0.0751853624979655,0.12006466885407766,0.28048364917437235,0.06051483775178591,0.0,0.08486670205990474,0.011214404444520673,0.21682606240113575,0.663889221350352,3.5228947456926107,3.0816547870635986,0.1269005350768566,0.1888948455452919,0.021614087745547295,0.07561080157756805,0.71648770570755,0.21742890775203705,0.6423680424690247,0.4338546544313431
490,3332.342607021332,0.3646387886450005,0.07519118388493856,0.11982397139072418,0.2801562547683716,0.05948277165492376,0.0,0.08504805564880372,0.011216640938073397,0.21715060770511627,0.6196794052918752,3.515261474996805,3.0758068561553955,0.1264607086777687,0.18811213225126266,0.021489696577191353,0.07517167553305626,0.7149962484836578,0.2177777960896492,0.6055318862199783,0.4326697997748852
491,3339.2335619926453,0.36423713220089365,0.07507769266764323,0.11972617655992508,0.2794276694456736,0.06017959515253703,0.0,0.08479111393292744,0.011210398453598221,0.21738129357496896,0.7060353795687357,3.5122076589614153,3.0718767642974854,0.1266351379454136,0.18850666284561157,0.021552620455622673,0.07537553459405899,0.7158182561397552,0.21805716305971146,0.7282271564006806,0.4332846626639366
492,3346.164473056793,0.36501030505945287,0.07495010842879614,0.1200628916422526,0.28013229568799336,0.06032773926854133,0.0,0.085085429251194,0.011205293983221055,0.21774479150772094,0.7273329595724741,3.5093817189335823,3.0704108476638794,0.12632937729358673,0.18790309131145477,0.021566485054790974,0.07519586384296417,0.7128439247608185,0.21818812936544418,0.6537356525659561,0.4316178262233734
493,3353.083039999008,0.3633478190963312,0.0747945452729861,0.11941632330417633,0.2798119862874349,0.058098064611355464,0.0,0.08506616900364558,0.011216962290927768,0.2179899086554845,0.47009116808573403,3.504713611677289,3.0598251819610596,0.12610867992043495,0.19091704487800598,0.021646276116371155,0.0755457654595375,0.7207714021205902,0.21867327392101288,0.4624792128801346,0.4359314665198326
494,3360.0803990364075,0.3633403735332346,0.07466815759738286,0.11962811201810837,0.28029430508613584,0.05778608197967212,0.0,0.08512666076421738,0.01121576395817101,0.21831022103627523,0.48433104952176415,3.505415868014097,3.0661219358444214,0.1266224905848503,0.18799134343862534,0.021576905623078346,0.07523814216256142,0.7148493230342865,0.21896222978830338,0.47633654475212095,0.43266280367970467
495,3366.9978301525116,0.3633439169110109,0.07448938141266505,0.1193847581744194,0.27970781524976096,0.05882047141591708,0.0,0.0850499133268992,0.011208742950111627,0.2186625450849533,0.5724021156628927,3.4996505863964558,3.062481164932251,0.12647438794374466,0.18696611374616623,0.02163283247500658,0.07539089769124985,0.7116692066192627,0.21922747045755386,0.6064904689788818,0.4312255010008812
496,3373.9955451488495,0.36411968736792916,0.07435119201739629,0.1196356842915217,0.2803083737691244,0.05950677469372749,0.0,0.08524288783470789,0.011204352773105105,0.2189433068037033,0.6773280421892802,3.4963409807533026,3.059457778930664,0.12570853158831596,0.18701446801424026,0.021528281271457672,0.07503657042980194,0.713262140750885,0.21959996223449707,0.7226524263620376,0.43166764080524445
497,3380.9686131477356,0.3646112042479217,0.0743784377972285,0.11994662483533224,0.27936721841494244,0.060264368851979576,0.0,0.08525487929582595,0.011205260657394927,0.21923985282580058,0.7010750671227773,3.5036963429301977,3.06141996383667,0.1261572651565075,0.18959887325763702,0.021602176129817963,0.07520164176821709,0.7175581753253937,0.2198268324136734,0.6322436541318893,0.4339807294309139
498,3387.877814054489,0.36371214371562627,0.07421597937742869,0.11946314722299575,0.2802082419395447,0.059036689500013985,0.0,0.0852723995844523,0.011204154913624127,0.21955967942873636,0.6073559641838073,3.49091755412519,3.0542503595352173,0.1276812069118023,0.18641329556703568,0.02162349596619606,0.07535218074917793,0.7095648646354675,0.22024042159318924,0.5880267024040222,0.4301346130669117
499,3395.0817770957947,0.3638190301542636,0.07409561723470688,0.11968968957662582,0.2791132847468058,0.05955908596515656,0.0,0.08525366634130478,0.011202435738717516,0.21981336573759716,0.6175281186898549,3.486564166843891,3.0448628664016724,0.1256353110074997,0.18944182246923447,0.021533056162297726,0.07492533698678017,0.7177487909793854,0.2203766107559204,0.645980641245842,0.43379973247647285
500,3402.173933029175,0.3632529838689758,0.07395884344975154,0.11898867537577947,0.2794568359851837,0.05925203164418538,0.0,0.08527419070402781,0.011198151980837186,0.22014474868774414,0.6322794278462728,3.4870749823749065,3.051417827606201,0.126242034137249,0.18626806885004044,0.021566313691437244,0.07487514987587929,0.7097534537315369,0.2207309678196907,0.6519334554672241,0.4297518767416477
501,3409.1633751392365,0.3643764372662796,0.07401834726333618,0.11979631880919138,0.2790983458360036,0.06097833092013995,0.0,0.08519052813450495,0.011199166517083843,0.2204317500193914,0.7747397343317668,3.4816171042621136,3.0443227291107178,0.1279030665755272,0.1866714209318161,0.02148531936109066,0.07476688548922539,0.7131910026073456,0.22105806320905685,0.7995217561721801,0.4313623867928982
502,3416.0795781612396,0.3646363528309545,0.07397278398275375,0.11961907744407654,0.2793974002202352,0.061688415457805,0.0,0.08519517332315445,0.011198243343581755,0.2207450638214747,0.8199679573376973,3.484005656093359,3.0433660745620728,0.1266048178076744,0.18866858631372452,0.021570613607764244,0.07491886615753174,0.7164416909217834,0.2212870866060257,0.7752525508403778,0.43313971161842346
503,3423.099452018738,0.3637814485700801,0.0736283262570699,0.11894563833872478,0.280579795440038,0.06064464425047238,0.0,0.08531052221854528,0.011193032438556353,0.22101861039797466,0.6624328553676605,3.4828272610902786,3.0461002588272095,0.12512719631195068,0.1870817020535469,0.021568396128714085,0.07472148537635803,0.7133957147598267,0.22171811014413834,0.6531077980995178,0.43141934275627136
504,3429.9881892204285,0.3620777019338372,0.07359682420889536,0.11849927107493083,0.2796095987161001,0.05895213310917218,0.0,0.08505741208791733,0.011195956263691187,0.22132302622000377,0.6020093659559885,3.485207248479128,3.041061282157898,0.1264742985367775,0.1904544085264206,0.021613935939967632,0.07474756240844727,0.7189419865608215,0.22202038019895554,0.6159560233354568,0.43421855568885803
505,3436.971633195877,0.36227344429159225,0.07354663014411926,0.11879511425892512,0.28008843660354615,0.05889354745546977,0.0,0.08509725580612819,0.011194172796482842,0.2216789275407791,0.5645066777865092,3.471072068437934,3.035637855529785,0.12511206790804863,0.18643908947706223,0.021515216678380966,0.07478832826018333,0.7128185927867889,0.22204508632421494,0.5779909998178482,0.4311976246535778
506,3443.9678111076355,0.3623051619816882,0.0735519622762998,0.11837566097577414,0.2795878231525421,0.058537092556556064,0.0,0.08532954653104147,0.011193001084029675,0.2219465066989263,0.5317118247350057,3.475903518497944,3.0405030250549316,0.1255647987127304,0.18630904704332352,0.021562953479588032,0.07483820617198944,0.7125447392463684,0.2223779335618019,0.5530521422624588,0.43111057579517365
507,3450.98566699028,0.36276358415295057,0.07367917100588481,0.11844112277030945,0.27994200189908347,0.05966627870996793,0.0,0.08517860819896063,0.011195318152507147,0.22226519187291463,0.6675047119458516,3.4761885423213243,3.0369116067886353,0.12594229355454445,0.18815289437770844,0.021499505266547203,0.07452291250228882,0.7154793739318848,0.22278651595115662,0.6813953042030334,0.4322625994682312
508,3457.884835958481,0.3625753372015121,0.07340912421544393,0.11828776051600774,0.27952840526898703,0.05960555945833524,0.0,0.08529385477304459,0.011193353931109111,0.22259044150511423,0.6353075742721558,3.48185427300632,3.0416606664657593,0.12487521395087242,0.18887799978256226,0.021583442576229572,0.07460997998714447,0.7182383835315704,0.22308256477117538,0.6101358890533447,0.4337291717529297
509,3464.8895149230957,0.36133379956784967,0.07319265305995941,0.11775392492612204,0.2794879774252574,0.058573297162850695,0.0,0.08517445077498755,0.011198925537367661,0.22285904884338378,0.5540247976779937,3.471120920032263,3.0318809747695923,0.12463705986738205,0.18846070766448975,0.02157618012279272,0.07471500337123871,0.7156151235103607,0.22341732680797577,0.5295579254627227,0.43252256512641907
510,3471.863750219345,0.3617514326547583,0.0731172020236651,0.11810024678707123,0.2799652655919393,0.05833756948510806,0.0,0.08536981890598933,0.0111943905086567,0.22319520513216654,0.573147964477539,3.469682365655899,3.03100848197937,0.12555617094039917,0.18794789910316467,0.02145604882389307,0.07476221397519112,0.7144456207752228,0.22362606972455978,0.6012407809495925,0.4319850243628025
511,3478.8809871673584,0.3621233837814846,0.07296224335829417,0.11821141391992569,0.2795291264851888,0.060708179324865344,0.0,0.08503499180078507,0.011189617185542981,0.22345133523146313,0.7256188929080963,3.470233615487814,3.035215735435486,0.12497615069150925,0.18626490235328674,0.021488484926521778,0.07445020973682404,0.7128839194774628,0.2239498496055603,0.7483102530241013,0.4308921694755554
512,3485.9441311359406,0.3620703079349672,0.07290274004141489,0.11751843839883805,0.2797228515148163,0.059836427122354506,0.0,0.0854188268383344,0.011201320309191942,0.2237753371397654,0.6566685398419698,3.4658441338688135,3.0297441482543945,0.1253746636211872,0.1867063269019127,0.02139904536306858,0.07485026493668556,0.712340384721756,0.22415713220834732,0.7061222910881042,0.43102045729756355
513,3492.905492067337,0.36195500048343093,0.07273281315962474,0.11799150705337524,0.2793675661087036,0.060299943387508395,0.0,0.08523117303848267,0.011182377409810821,0.2240773638089498,0.6967359125614166,3.459847826510668,3.0211070775985718,0.12491539865732193,0.18814152479171753,0.02153278235346079,0.07437789812684059,0.7176684439182281,0.2244986966252327,0.6793007880449295,0.43321212008595467
514,3500.077090024948,0.3623431348785137,0.07268531322479248,0.11805869589249293,0.27981666127840676,0.06168170397480329,0.0,0.08506398797035217,0.011186522354061404,0.2243155926465988,0.7558415293693542,3.4646219052374363,3.024226427078247,0.12456924468278885,0.1890554279088974,0.02163510210812092,0.07471967115998268,0.7167884409427643,0.22487641870975494,0.7715388059616088,0.4331138916313648
515,3507.0838570594788,0.360749378456967,0.07242618054151535,0.11722457110881805,0.27985456188519797,0.05953016032775243,0.0,0.085140989224116,0.011189305689185858,0.2246565192937851,0.6099496126174927,3.4565921183675528,3.0209031105041504,0.12440384551882744,0.18674354255199432,0.021541069261729717,0.07456562295556068,0.7136758863925934,0.2250678390264511,0.6065146952867508,0.4314035661518574
516,3513.9570140838623,0.3604473783809226,0.07239998430013657,0.11717561980088552,0.27997991840044656,0.05945504729946454,0.0,0.08502829621235529,0.011183184773350755,0.2249632696310679,0.671345982948939,3.451927976682782,3.017129063606262,0.12385601177811623,0.18643545359373093,0.021575049497187138,0.07446872815489769,0.712062418460846,0.2252873331308365,0.6974758625030517,0.43049993738532066
517,3520.9062991142273,0.36002847262425347,0.0721805065870285,0.11715615093708039,0.27927335500717165,0.058897241950035095,0.0,0.08510813862085342,0.011184381134808064,0.22518777052561442,0.5507522006829579,3.4501918107271194,3.0163865089416504,0.12394660711288452,0.1859159991145134,0.02159655187278986,0.07442330941557884,0.7119641602039337,0.22573520988225937,0.5645588934421539,0.4304053895175457
518,3527.9144501686096,0.35979164882640663,0.07208963235219319,0.11717838545640309,0.2793649633725484,0.05853855659564336,0.0,0.08511471003293991,0.01118419827738156,0.22553960382938384,0.5565302650133769,3.4458178970962763,3.0084657669067383,0.12356667593121529,0.18778439611196518,0.021575799211859703,0.07488321512937546,0.7170529961585999,0.22593121975660324,0.5363895893096924,0.4334097132086754
519,3534.988279104233,0.3594675398354108,0.07199917634328207,0.11654020994901657,0.2791999657948812,0.05920990879336993,0.0,0.08499802649021149,0.011181702697649598,0.2257966031630834,0.5916002889474233,3.437293840572238,3.0049164295196533,0.12354284152388573,0.1853029951453209,0.02154578361660242,0.07416962087154388,0.7083134055137634,0.22628046572208405,0.6075600266456604,0.4283263236284256
520,3542.0098989009857,0.3597684712323826,0.07185298055410386,0.11712156683206558,0.27925789952278135,0.0584430659810702,0.0,0.08526462217171987,0.011187593514720599,0.2260923405488332,0.5963674624760945,3.4465600289404392,3.0088982582092285,0.12397275120019913,0.18783769756555557,0.021653315983712673,0.07448649033904076,0.7131654620170593,0.22649013251066208,0.6617134243249894,0.4310692213475704
521,3548.9601130485535,0.3598667611814259,0.07180289179086685,0.11700315773487091,0.279761670033137,0.059225440273682275,0.0,0.08514818598826726,0.01118022167744736,0.22638281186421713,0.6353728433450063,3.438263339921832,3.0036256313323975,0.12366082891821861,0.18640364706516266,0.02155148796737194,0.07422445714473724,0.7125356197357178,0.2267933338880539,0.6491680294275284,0.43049226701259613
522,3555.9726910591125,0.36022144281111346,0.07167653689781825,0.11697611262400945,0.27959112723668417,0.05993258307377498,0.0,0.085227599243323,0.011174984586735567,0.22667963405450184,0.7263723214467367,3.4436852615326643,3.002052664756775,0.12465515360236168,0.18965250998735428,0.021594058722257614,0.07429315522313118,0.7185135185718536,0.2270563617348671,0.7308808267116547,0.433549914509058
523,3562.9514780044556,0.36149859918126215,0.07178422808647156,0.11761421213547389,0.28009254733721417,0.060167207320531206,0.0,0.08556806941827139,0.011188433241720001,0.2269337554772695,0.6886228839556376,3.4439015313982964,3.009226083755493,0.12376601994037628,0.18639621883630753,0.02147496957331896,0.07458914071321487,0.7135375440120697,0.2274569272994995,0.6566599488258362,0.4313579127192497
524,3569.9834730625153,0.3593004214383351,0.07151468793551127,0.1162966882189115,0.27928181886672976,0.05955144067605336,0.0,0.08512770881255467,0.011187120977168282,0.22728520929813384,0.5867321630318959,3.4285702146589756,2.992225170135498,0.12357506901025772,0.18727875500917435,0.021624336950480938,0.07457145676016808,0.7116051912307739,0.22765230387449265,0.594203707575798,0.43037405237555504
525,3576.864664077759,0.3592949549939173,0.07141966223716736,0.1163673813144366,0.2794045746326447,0.05923972229162852,0.0,0.08522756894429524,0.011174294538795948,0.2275677631298701,0.5956423858801524,3.4368143677711487,2.9993573427200317,0.12322169542312622,0.18792308866977692,0.021506152115762234,0.07395699620246887,0.7155759632587433,0.22785347700119019,0.5566995590925217,0.4317449778318405
526,3583.935391187668,0.35901732213096693,0.07146345426638921,0.11635396033525466,0.27885754108428956,0.05830242931842804,0.0,0.0853296418984731,0.011204259935766459,0.22780550122261048,0.5205460707346599,3.434463879093528,2.9989885091781616,0.12342120334506035,0.186882384121418,0.021413546055555344,0.07534164562821388,0.7137778997421265,0.22809848934412003,0.4765294700860977,0.4322305954992771
527,3590.9218990802765,0.35858100521145386,0.07129407574733099,0.1157882789770762,0.2787500957647959,0.057777188469966254,0.0,0.08547533303499222,0.011190126991520326,0.228105362256368,0.5355843265851339,3.43063160777092,2.9923112392425537,0.12273415923118591,0.18847664445638657,0.021645354107022285,0.07421620935201645,0.7152625322341919,0.22847633063793182,0.5522460073232651,0.4318474754691124
528,3597.8439462184906,0.3585908507889447,0.07102165172497431,0.1160023550192515,0.28008907039960224,0.05916602810223897,0.0,0.08515003969271978,0.011173476713399093,0.22842062612374622,0.6569778879483541,3.4277991577982903,2.9939111471176147,0.12271817028522491,0.18626446276903152,0.021564021706581116,0.07410980388522148,0.7121942639350891,0.22869035601615906,0.6473246455192566,0.43020693585276604
529,3604.7601640224457,0.36019679201611626,0.07118394076824189,0.11574283838272095,0.27927918632825216,0.06025746936599414,0.0,0.08570442646741867,0.0111728564525644,0.2286628137032191,0.7010738730430603,3.4265079516917467,2.985469698905945,0.12338626757264137,0.1896725594997406,0.021654212847352028,0.07409335300326347,0.7190651595592499,0.22894641757011414,0.7230210840702057,0.4336259327828884
530,3611.757224082947,0.35959295944000286,0.07092426270246506,0.1162021870414416,0.2800905605157216,0.05995134711265564,0.0,0.08545314222574234,0.01117726208952566,0.2289964735507965,0.6736160357793172,3.422866329550743,2.9896488189697266,0.1231488585472107,0.1858215406537056,0.02151046134531498,0.0743260532617569,0.710109680891037,0.22920317202806473,0.6273573398590088,0.4293808937072754
531,3619.081881046295,0.3589419456043591,0.07089525808890661,0.11554231395324072,0.27950485746065773,0.05874259173870087,0.0,0.08563840289910635,0.011179626686498523,0.2292851020892461,0.624989632765452,3.4194041900336742,2.982996106147766,0.12292271107435226,0.187473364174366,0.021674697287380695,0.07414254546165466,0.7145340740680695,0.2296028658747673,0.6210595160722733,0.4314095824956894
532,3626.270154953003,0.3582722656584034,0.07070041795571645,0.11517061193784078,0.28004550337791445,0.0589546096821626,0.0,0.08541476080814997,0.011167752835899592,0.2295427531003952,0.646987897157669,3.4204615466296673,2.981805443763733,0.12358828634023666,0.18843097984790802,0.021568129770457745,0.07385239377617836,0.7176477313041687,0.22987084090709686,0.6642958074808121,0.4326762594282627
533,3633.4780809879303,0.3580385806970298,0.07060014406840007,0.11560192902882895,0.278557562828064,0.05843061755100886,0.0,0.08544490933418274,0.011177256548156341,0.22988395194212596,0.6270942509174346,3.4134082421660423,2.9816935062408447,0.1236579567193985,0.18494287878274918,0.02145363576710224,0.07401025667786598,0.7088040113449097,0.23018310219049454,0.6446235865354538,0.4284122623503208
534,3640.6186270713806,0.3589004111747878,0.07056479553381602,0.11575673073530197,0.2795062025388082,0.05978247423966725,0.0,0.08546943763891855,0.011176759578908483,0.23010687828063964,0.6659575899442037,3.4101811796426773,2.9730926752090454,0.12328141927719116,0.18772389739751816,0.021600311622023582,0.07415072247385979,0.7143140137195587,0.2304910123348236,0.6841277956962586,0.43130772933363914
535,3647.6746220588684,0.35803674621662746,0.07037177234888077,0.11512229641278585,0.27960336605707803,0.05860667079687119,0.0,0.08558250119288763,0.011167669016867877,0.23044905563195547,0.6233980715274811,3.411075074225664,2.9772844314575195,0.12218938022851944,0.18634797632694244,0.021588430739939213,0.07388021424412727,0.7129417955875397,0.23070009797811508,0.6224828034639358,0.4303511120378971
536,3654.73010802269,0.3583494827170701,0.07029391626516977,0.11523756682872772,0.27965244054794314,0.058535454670588176,0.0,0.08576480895280839,0.011161323714380464,0.2307263990243276,0.6724217454592387,3.4088952131569386,2.9743876457214355,0.12222007662057877,0.1866987645626068,0.02153603918850422,0.07369685545563698,0.7120905220508575,0.23105555772781372,0.6857330322265625,0.42974211648106575
537,3661.8419539928436,0.3578947240331521,0.07018386721611022,0.11486582557360331,0.27950807213783263,0.05912984783450762,0.0,0.0855435128013293,0.01116792590667804,0.2310040165980657,0.7040865937868754,3.3941441792994738,2.9610220193862915,0.12137565389275551,0.18621716648340225,0.02159458678215742,0.07417666167020798,0.7110433578491211,0.23124802112579346,0.7477754354476929,0.4296983405947685
538,3668.830299139023,0.357251394369329,0.07000368138154348,0.11459784706433614,0.28024849692980447,0.0582434060672919,0.0,0.08556405206521352,0.01116088698618114,0.23126931389172872,0.6076793630917867,3.4022223446518183,2.966698169708252,0.12168212607502937,0.18734155595302582,0.02157603669911623,0.07363269850611687,0.7142704427242279,0.2316506803035736,0.6276959776878357,0.4307679198682308
539,3675.780596256256,0.3574901474096502,0.06999832540750503,0.11502496649821599,0.27946987946828206,0.05834042852123578,0.0,0.0855933850010236,0.011169110455860694,0.23160340587298076,0.6256900389989217,3.3909822553396225,2.9591490030288696,0.12279251217842102,0.18521849811077118,0.021554606966674328,0.07434673607349396,0.7080517709255219,0.23185383528470993,0.5996946275234223,0.4283726215362549
540,3682.76429104805,0.3582786477752961,0.06984752118587494,0.1148706242442131,0.27964216272036235,0.060043729345003766,0.0,0.08566772739092508,0.01116186815003554,0.2318822721640269,0.7824279308319092,3.403523178771138,2.964417815208435,0.12217399850487709,0.1890091821551323,0.02153160236775875,0.0735347531735897,0.7172962427139282,0.23214954137802124,0.7935248076915741,0.4321828745305538
541,3689.7988719940186,0.35719705433002674,0.06975345412890116,0.11405722498893738,0.27900429169336954,0.05857336247960727,0.0,0.08577687640984853,0.01116082415295144,0.2321920543909073,0.6286063412825267,3.384780090302229,2.952039122581482,0.12142740935087204,0.1860136315226555,0.021520007401704788,0.07358043640851974,0.7103090584278107,0.23233386874198914,0.6172858536243438,0.4287349656224251
542,3696.9499292373657,0.35676679910587455,0.06961763749519984,0.11465983986854553,0.2799503028392792,0.05802851766347885,0.0,0.0855678915977478,0.011161141516640782,0.23249050577481586,0.5821758290131887,3.397385684773326,2.962071657180786,0.12246441468596458,0.18704091012477875,0.02147567644715309,0.0736536979675293,0.7137928903102875,0.232704259455204,0.5694526344537735,0.43055014312267303
543,3704.028874874115,0.35857369444177795,0.06983306060234705,0.11578335016965866,0.27900997002919514,0.05879671399792035,0.0,0.08593655079603195,0.011176681161547701,0.23281174103418986,0.6169842024644215,3.4037085827440023,2.9659618139266968,0.12362341210246086,0.18796753138303757,0.02138436958193779,0.07380826771259308,0.7181902825832367,0.23306361585855484,0.62625373005867,0.4329034090042114
544,3711.2223241329193,0.3573785659701874,0.06957100927829743,0.11477726300557455,0.2799541215101878,0.05938457945982615,0.0,0.08552849739789962,0.011161556731288632,0.23307888507843016,0.7056040207544962,3.38267644867301,2.9500062465667725,0.12201165407896042,0.1858321875333786,0.02159094251692295,0.07407111674547195,0.7097848653793335,0.23327532410621643,0.7271073281764984,0.4289635494351387
545,3718.2413012981415,0.3574298557980607,0.06925692508618037,0.1143333449959755,0.2792545179526011,0.0592430646220843,0.0,0.08589313377936682,0.011153377871960402,0.23333626290162404,0.6797333558400472,3.3974890131503344,2.9592766761779785,0.12174395099282265,0.18867018073797226,0.0215765917673707,0.07361705973744392,0.7154443860054016,0.23359781503677368,0.6794162869453431,0.43133925274014473
546,3725.201695203781,0.3563875662492743,0.06928679247697195,0.11448197215795516,0.27969417373339334,0.05787759919961293,0.0,0.0856390376885732,0.011156636119509736,0.23359412948290506,0.5930735468864441,3.3836412131786346,2.950305700302124,0.12198242545127869,0.18617215007543564,0.021545911207795143,0.07327806577086449,0.7106925845146179,0.23370994627475739,0.6028342425823212,0.42862435802817345
547,3732.202085018158,0.35551836564942885,0.06909581770499547,0.11366871446371078,0.2796625057856242,0.05768046031395594,0.0,0.08555424511432648,0.011154788841182987,0.23393348554770152,0.5912081797917684,3.3743846099823713,2.9441494941711426,0.12140777334570885,0.18476561456918716,0.02159868460148573,0.07344754040241241,0.7083453834056854,0.23402325809001923,0.6034351170063019,0.4276202321052551
548,3739.1260380744934,0.35642227861098946,0.06914539039134979,0.11380987664063771,0.2793606162071228,0.058620673169692356,0.0,0.08572618514299393,0.011154534015804528,0.23412586748600006,0.672908624013265,3.375978384166956,2.943560838699341,0.12132782489061356,0.18587681651115417,0.021556000225245953,0.07347121089696884,0.710785448551178,0.23432018607854843,0.6467461168766022,0.42886393517255783
549,3746.156350135803,0.3572517139914756,0.06894044528404872,0.11447802285353342,0.2796369393666585,0.0590068519115448,0.0,0.08596531848112741,0.011163355689495802,0.23453401625156403,0.6219192922115326,3.377414057031274,2.945536494255066,0.12207572534680367,0.18541985005140305,0.021495040506124496,0.07366658002138138,0.7108514606952667,0.2347729504108429,0.6444284021854401,0.42909231036901474
550,3753.118494272232,0.357003351735572,0.06897415816783906,0.11386519273122152,0.28015676339467366,0.058341230948766074,0.0,0.08611873189608256,0.01115225829804937,0.234784072637558,0.6147865235805512,3.3786013908684254,2.9399811029434204,0.12153858691453934,0.18892549723386765,0.021576792001724243,0.07348919287323952,0.7212448716163635,0.23515427112579346,0.6397714257240296,0.4341116286814213
551,3760.222211122513,0.3570024690319163,0.06886157592137655,0.11382430841525396,0.2790011167526245,0.05923197294274966,0.0,0.08601950705051423,0.011157493122542899,0.2350469321012497,0.6959179937839508,3.370935320854187,2.9397494792938232,0.12213346362113953,0.185059554874897,0.02147383615374565,0.07311603426933289,0.7115749716758728,0.23547136038541794,0.7142087042331695,0.4289035201072693
552,3767.3931801319122,0.3570222461091665,0.06872214873631795,0.11354504823684693,0.27984391450881957,0.05894352247317632,0.0,0.08619928508996963,0.011152349102000395,0.23538140058517457,0.6495647470156352,3.375282648950815,2.9416345357894897,0.12135810405015945,0.18648453056812286,0.02151958178728819,0.07369609922170639,0.7126491963863373,0.23567062616348267,0.6368610322475433,0.43002069741487503
553,3774.363626241684,0.35768074239216124,0.06862091571092606,0.11409715265035629,0.279818203051885,0.061274584382772446,0.0,0.08585981925328573,0.011149998443822065,0.2356750229994456,0.8712518493334452,3.3671705294400454,2.938812732696533,0.12129965797066689,0.18385398387908936,0.02155993040651083,0.07325266674160957,0.7079282701015472,0.23596400767564774,0.8507783710956573,0.4272168017923832
554,3781.3239850997925,0.35723494306051484,0.06861439943313599,0.1144342044989268,0.2796418527762095,0.05909596805771192,0.0,0.08610830754041672,0.011164374323561788,0.23598486383756,0.7313901940981548,3.3667914234101772,2.934237480163574,0.12112041562795639,0.1859968677163124,0.02140132524073124,0.07324943318963051,0.7124725878238678,0.23609892278909683,0.7223908960819244,0.4294857271015644
555,3788.2453789711,0.3565309058564405,0.06850107312202454,0.11418742189804713,0.27920881112416585,0.05887605100870132,0.0,0.08595248460769653,0.01114828079007566,0.23619455297787983,0.6917711098988851,3.356598898768425,2.929916501045227,0.12144073843955994,0.18298101425170898,0.02148648165166378,0.07297845184803009,0.7065304517745972,0.23647821694612503,0.7344749808311463,0.4262436777353287
556,3795.5055961608887,0.3561325878389956,0.06830051988363266,0.11308246701955796,0.28061601718266804,0.059104901552200315,0.0,0.0859997088710467,0.011182427390788991,0.236472820242246,0.7017222921053569,3.3693763241171837,2.9310004711151123,0.12182290852069855,0.18873219937086105,0.021756334230303764,0.07483221963047981,0.7155540585517883,0.23680274933576584,0.71688312292099,0.432609248906374
557,3802.470423936844,0.35660610990598796,0.06816305915514628,0.11359962324301402,0.2791972041130066,0.059531070291996,0.0,0.08614283204078674,0.01114879638577501,0.2368045260508855,0.7873428702354431,3.361198704689741,2.9309364557266235,0.12073274701833725,0.1849479377269745,0.02159712929278612,0.07308340072631836,0.710908830165863,0.23703985661268234,0.7746274411678314,0.4285378158092499
558,3809.4988598823547,0.3570848143911765,0.06814893285433452,0.11344980498154958,0.27961071729660036,0.06025535513957341,0.0,0.08622326503197351,0.01117133175333341,0.23709467351436614,0.7523805379867554,3.3515295293182135,2.922656297683716,0.1211366169154644,0.18415246158838272,0.021453112363815308,0.07505374774336815,0.7067907452583313,0.23728027939796448,0.7558356463909149,0.4284491203725338
559,3816.6366713047028,0.3569200037784564,0.06809960355361303,0.11293829530477524,0.2793823858102163,0.0609356867770354,0.0,0.08613552153110504,0.011160836058358352,0.2373575299978256,0.8167431672414144,3.3543683663010597,2.9222278594970703,0.11993168294429779,0.18608733266592026,0.021680316887795925,0.07332483679056168,0.7119547128677368,0.23765084147453308,0.7205966949462891,0.4293021932244301
560,3823.710265159607,0.35467976847818744,0.06790000945329666,0.11301117589076361,0.2797319730122884,0.05764005730549494,0.0,0.08590474128723144,0.011143075861036777,0.2376401901245117,0.5952906012535095,3.3448056429624557,2.9157854318618774,0.12020257115364075,0.18445946276187897,0.0216600950807333,0.07313922047615051,0.7091315388679504,0.23794398456811905,0.6151950031518936,0.42770498991012573
561,3830.736213207245,0.3555528279219288,0.06780580381552379,0.11274884939193726,0.2795861899852753,0.05862558161218961,0.0,0.08621439139048258,0.011149376910179854,0.23795914848645527,0.6731343030929565,3.348373930901289,2.9153183698654175,0.12094827741384506,0.1862907111644745,0.02153179608285427,0.07350532338023186,0.7145268321037292,0.23820823431015015,0.7045965313911438,0.4307687394320965
562,3837.739312171936,0.3557383913915449,0.06769104599952698,0.11326622664928436,0.28093796968460083,0.05836326579252879,0.0,0.08623339136441549,0.011146809393540024,0.23819487889607746,0.6586610158284505,3.341087879613042,2.9122321605682373,0.12017891183495522,0.18438313156366348,0.021621189080178738,0.07293504849076271,0.7109183371067047,0.23839157819747925,0.6343804240226746,0.42839421704411507
563,3844.7401242256165,0.3543017346741787,0.06755506793657938,0.1126503641406695,0.2788681228955587,0.05755427603920301,0.0,0.08604317257801691,0.011141259285310904,0.23850130339463552,0.5981800754865011,3.3388796877115965,2.913153052330017,0.12007930502295494,0.18284349143505096,0.021617270074784756,0.07290194928646088,0.704839676618576,0.2386685013771057,0.589510589838028,0.4253217875957489
564,3851.7152218818665,0.3551676327343254,0.06754283060630163,0.11317349076271058,0.2800176203250885,0.05742803638180097,0.0,0.08632554958264033,0.011141156870871782,0.23877202570438386,0.6069125016530355,3.340199861675501,2.910866618156433,0.12052334100008011,0.18453578650951385,0.021533193066716194,0.07281072437763214,0.7100796699523926,0.2389897257089615,0.6310034453868866,0.42785055935382843
565,3858.754650115967,0.3548034345614724,0.06757190922896067,0.1126912221312523,0.27979992230733236,0.058503569165865583,0.0,0.08599008619785309,0.011159781009579699,0.239006241162618,0.6954705397288005,3.339836534112692,2.9143446683883667,0.12023641914129257,0.18268682807683945,0.021466358564794064,0.07354627549648285,0.7081725299358368,0.23936494439840317,0.748156213760376,0.42763254046440125
566,3865.7286541461945,0.3562633650843054,0.06752241601546606,0.1130169669787089,0.2797067741552989,0.06005345731973648,0.0,0.08628213008244832,0.011138688648740451,0.23928016424179077,0.8108435948689778,3.3375280629843473,2.9112988710403442,0.12069215998053551,0.18294155597686768,0.02146117202937603,0.07279617711901665,0.7062957286834717,0.23955857753753662,0.823675948381424,0.4259440414607525
567,3872.7932550907135,0.35476114044819645,0.06728568573792776,0.11258211632569631,0.27980193694432576,0.05845346202452977,0.0,0.08615312228600185,0.011141517665237188,0.23959733049074808,0.6685706456502278,3.329281147569418,2.9012359380722046,0.11969789117574692,0.18409813195466995,0.021549510769546032,0.07301686704158783,0.7106640934944153,0.2398195117712021,0.7150022208690643,0.42834891378879547
568,3879.76957821846,0.354772659468775,0.0671853095293045,0.11234955092271169,0.28007399837176006,0.05876506119966507,0.0,0.08617575814326604,0.011140858319898446,0.23989252547423046,0.6707510590553284,3.329518413171172,2.8999983072280884,0.11973468586802483,0.18482638150453568,0.02149952668696642,0.07286112383008003,0.7120095193386078,0.2400417923927307,0.6233898043632508,0.4288658834993839
569,3886.8246791362762,0.3546357608109247,0.06700213303168615,0.11231769373019536,0.28008466760317485,0.0588514876862367,0.0,0.0861843412121137,0.01114592004256944,0.24016596178213756,0.7374487221240997,3.3328452724963427,2.9035743474960327,0.12038466706871986,0.184539295732975,0.021625143475830555,0.07306616753339767,0.7112404704093933,0.24037150293588638,0.7378240793943405,0.42868640273809433
570,3893.982826948166,0.35530129991626985,0.0670058990518252,0.11249969800313314,0.28019017974535626,0.0599762886762619,0.0,0.08618290921052298,0.011150473915040492,0.2404150386651357,0.7703009247779846,3.3278615586459637,2.900609850883484,0.1197187528014183,0.18369616568088531,0.021440595388412476,0.07278121262788773,0.7093444764614105,0.240654356777668,0.7388538539409637,0.427453450858593
571,3901.0138590335846,0.3538933991338126,0.066949496169885,0.11199535479148229,0.27991354862848916,0.057586827377478285,0.0,0.086245130499204,0.011141312339653571,0.24068939785162607,0.5953214704990387,3.3297815453261137,2.9006502628326416,0.11999663338065147,0.18456648290157318,0.021431131288409233,0.07299244403839111,0.7094667553901672,0.24093401432037354,0.5968624204397202,0.42772582173347473
572,3907.9845979213715,0.35441626908723267,0.0667396605014801,0.11225500305493673,0.2799562633037567,0.05793244491020839,0.0,0.0864585056900978,0.011134981891761224,0.2409685879945755,0.6379319330056509,3.324939977377653,2.8958113193511963,0.11988117545843124,0.1845940351486206,0.02154552098363638,0.07263730466365814,0.7104489505290985,0.24116216599941254,0.5932096749544143,0.4278617799282074
573,3914.945514202118,0.3539022662308222,0.06677563240130742,0.11213032553593318,0.27982048988342284,0.0576330507795016,0.0,0.08629600604375204,0.011139245502029856,0.24127029081185658,0.6272426585356394,3.3185865618288517,2.8918009996414185,0.11986271291971207,0.1834271028637886,0.021552560850977898,0.07307794690132141,0.7072469890117645,0.24134951829910278,0.5986370772123337,0.4267014414072037
574,3921.977334022522,0.35373888473841364,0.0666741540034612,0.11179831475019456,0.2800989409287771,0.057312891880671187,0.0,0.08641463120778402,0.011133131540069978,0.2415317912896474,0.5658160150051117,3.3153162486851215,2.8873733282089233,0.11896810680627823,0.18422943353652954,0.02156256791204214,0.07292191311717033,0.7104769647121429,0.2416926547884941,0.5910202950239182,0.4281603954732418
575,3929.04577088356,0.35405154872763284,0.06654986888170242,0.11217649430036544,0.2804303109645844,0.05835476592183113,0.0,0.08626149048407873,0.011133567662909627,0.24182286262512206,0.6786615868409475,3.3189205694943666,2.8898574113845825,0.119637880474329,0.18462210893630981,0.021565073169767857,0.07264072820544243,0.7105852961540222,0.24191034585237503,0.7309374928474426,0.42793337628245354
576,3936.1172881126404,0.355178431495248,0.06651606957117716,0.11240156690279643,0.27982784708340963,0.060324349502722426,0.0,0.08632309486468633,0.011136199192454418,0.24208577473958334,0.876767083009084,3.315048895776272,2.8882741928100586,0.1188812404870987,0.18366704136133194,0.021538988687098026,0.07280531898140907,0.7098377048969269,0.24237333983182907,0.8695945739746094,0.4277241714298725
577,3943.1770911216736,0.354647522198502,0.06645242224136988,0.11151170333226522,0.28002081910769144,0.06020291596651077,0.0,0.08633309453725815,0.011130133954187235,0.2423824340105057,0.8639932950337728,3.309908103197813,2.883458971977234,0.11914088577032089,0.18343934416770935,0.0215586107224226,0.07245740666985512,0.7068599462509155,0.24239949882030487,0.8271244108676911,0.4258873797953129
578,3950.1821501255035,0.3529276356450282,0.06619418859481811,0.11128436277310054,0.27999653816223147,0.057583054155111314,0.0,0.0863145872950554,0.011139415809884668,0.24264502028624216,0.5955699543158214,3.3125379756093025,2.882833480834961,0.11826486885547638,0.1852860301733017,0.021673085168004036,0.07287324219942093,0.7135031521320343,0.24290992319583893,0.5600660234689713,0.4296248182654381
579,3957.15003991127,0.3530956094890522,0.06615290691455206,0.11114843487739563,0.27957523663838707,0.05790549119313558,0.0,0.08639436215162277,0.0111299652295808,0.24291541874408723,0.6415132562319438,3.3039887379854918,2.8779724836349487,0.11875494942069054,0.18331938982009888,0.021633661352097988,0.07286227867007256,0.7086900472640991,0.2430359423160553,0.6824226051568985,0.4272073023021221
580,3964.1499831676483,0.3539191108934271,0.06611691365639369,0.11122845758994421,0.28009568055470785,0.0594931294520696,0.0,0.08638109962145488,0.011130890079463522,0.2432087113459905,0.7757099151611329,3.303920317441225,2.8778878450393677,0.11840049177408218,0.18341611325740814,0.021551452577114105,0.07240837812423706,0.7088664174079895,0.243239626288414,0.8237149626016617,0.4268415868282318
581,3971.080841064453,0.3532911332712198,0.06591761608918507,0.1111357718706131,0.2802674094835917,0.058586583286523816,0.0,0.08640770415465036,0.01113459252131482,0.2434258331855138,0.6657683789730072,3.2935576252639294,2.870173692703247,0.11852382868528366,0.18206100910902023,0.021586811169981956,0.07284054905176163,0.7047868072986603,0.2436181679368019,0.5726453512907028,0.42523395270109177
582,3978.147973060608,0.3533251541938322,0.06592767039934794,0.1111226220925649,0.280470198392868,0.05794446940223376,0.0,0.08657400210698446,0.011126105953007937,0.24373513460159302,0.6514395952224732,3.3001579884439707,2.8715869188308716,0.11850016191601753,0.18466049432754517,0.021505357697606087,0.07263874262571335,0.7108261585235596,0.24394874274730682,0.6851815462112427,0.42805182188749313
583,3985.179264307022,0.35320471447582047,0.0659466803073883,0.11138568768898646,0.28018818497657777,0.05773063798745473,0.0,0.08650564054648081,0.0111318107539167,0.2439702679713567,0.5958933015664418,3.3002560641616583,2.8764418363571167,0.11904142424464226,0.18214675784111023,0.02142434474080801,0.07238790765404701,0.7056210339069366,0.24422595649957657,0.6077718555927276,0.42519842460751534
584,3992.421429872513,0.3540245650239134,0.06589171985785167,0.11138564298550288,0.280642424027125,0.058019190281629565,0.0,0.08684849888086318,0.011127940363561113,0.2442675232887268,0.7041890064875285,3.3032939173281193,2.876996636390686,0.11919409781694412,0.1833501160144806,0.0214494401589036,0.07218804582953453,0.7078823447227478,0.24442563205957413,0.731831407546997,0.42612921819090843
585,3999.4575650691986,0.3540898240035555,0.06588380932807922,0.11202547649542491,0.27950867811838787,0.05754442239801089,0.0,0.08690046966075897,0.011128403013572097,0.2445640742778778,0.5977012475331624,3.3050120063126087,2.874790072441101,0.11982456594705582,0.18515482544898987,0.0213934239000082,0.07211221009492874,0.7131324112415314,0.24479462951421738,0.6429562389850616,0.4286784157156944
586,4006.4629878997803,0.35379117472912186,0.06571079840262731,0.1114027147491773,0.28004430333773295,0.05844412396351496,0.0,0.08674144198497137,0.01113094468601048,0.24481076399485271,0.6553724726041158,3.296048464253545,2.8699116706848145,0.11912989988923073,0.1832859218120575,0.021474666893482208,0.07214059308171272,0.707150012254715,0.24492012709379196,0.5997499942779541,0.4257155992090702
587,4013.540297269821,0.3524023634342787,0.06553368965784709,0.11071136395136515,0.2797985851764679,0.057706361760695775,0.0,0.08650458802779516,0.011138506326824426,0.24509461621443432,0.6796849230925243,3.287336142733693,2.8602374792099,0.11858660355210304,0.18390268087387085,0.02161272894591093,0.07267279177904129,0.7093874216079712,0.24519775062799454,0.7293082773685455,0.4273665025830269
588,4020.5691380500793,0.35304632036131806,0.06545710762341818,0.11093620906273524,0.28045817812283835,0.05744452799359957,0.0,0.08684188425540924,0.011128382027770082,0.2453551987806956,0.6339008748531342,3.2920445315539837,2.8631922006607056,0.11862208694219589,0.1847706437110901,0.021530557423830032,0.07217760011553764,0.7119024097919464,0.24552542716264725,0.6232481986284256,0.42812880501151085
589,4027.5894429683685,0.3530076455383096,0.0654024451971054,0.11045508831739426,0.28054000735282897,0.058265104641517004,0.0,0.08676119297742843,0.011124776909127831,0.2455938031276067,0.7205097079277039,3.2857293989509344,2.858777642250061,0.11744875833392143,0.18411368876695633,0.021578391082584858,0.0724819079041481,0.7113341093063354,0.24583681672811508,0.697400051355362,0.4281489625573158
590,4034.6140851974487,0.3545183925423771,0.065290121982495,0.11059979399045308,0.2806499620278676,0.061521279315153755,0.0,0.08671690275271733,0.01112621893795828,0.24587852656841278,0.946181611220042,3.2900793328881264,2.8641602993011475,0.11791427433490753,0.18348094820976257,0.0216192826628685,0.0722990371286869,0.7075347304344177,0.24609560519456863,0.9823555648326874,0.42606640234589577
591,4041.603865146637,0.35512612080007483,0.06517375409603118,0.11074340790510177,0.28104994098345437,0.06186633333563805,0.0,0.0869369034965833,0.011124657808492582,0.2461526135603587,0.9138085822264354,3.2796242609620094,2.855870246887207,0.11860676109790802,0.1822253167629242,0.02146563120186329,0.07204171270132065,0.7050655484199524,0.24637334793806076,0.8068924635648728,0.42457448691129684
592,4048.5566601753235,0.35442480706066515,0.06523017932971319,0.11123899966478348,0.28094961047172545,0.05939653143286705,0.0,0.08705610434214274,0.011131283702949683,0.24641194542249042,0.7820393363634746,3.28664124943316,2.859399437904358,0.11993442848324776,0.18363729864358902,0.021405375562608242,0.07243915647268295,0.7096550762653351,0.2465887814760208,0.7910388469696045,0.4272666946053505
593,4055.520843029022,0.35367366232288383,0.06512483060359955,0.11123035103082657,0.27974098126093544,0.058869764457146326,0.0,0.08692805220683415,0.011123806455483038,0.24668440520763396,0.7098215897878011,3.285037914291024,2.8574663400650024,0.11863832548260689,0.18412620574235916,0.021423915401101112,0.07216372340917587,0.7095761895179749,0.2467801868915558,0.677676123380661,0.4269518181681633
594,4062.5266289711,0.3528470344919091,0.06503346761067709,0.1106044019261996,0.2801890969276428,0.05774064262708028,0.0,0.0869767392675082,0.011124370417868098,0.24695149858792623,0.6093069215615591,3.2822405323386192,2.8514472246170044,0.11878092586994171,0.185701422393322,0.02149758953601122,0.07234954461455345,0.7110613584518433,0.24711361527442932,0.5979519069194794,0.4278802238404751
595,4069.5275840759277,0.353249968427311,0.06483178784449896,0.11060775468746821,0.2808074355125427,0.05818737248579661,0.0,0.08713585436344147,0.01112109599635005,0.24721657931804658,0.7307808776696523,3.2820032499730587,2.85071337223053,0.11823945492506027,0.1860850751399994,0.02152434177696705,0.07199718058109283,0.7128010392189026,0.24748767912387848,0.7870075285434723,0.42839770019054413
596,4076.5275659561157,0.3537474448579208,0.06486018945773443,0.11059913088877996,0.2802436610062917,0.05803436388572057,0.0,0.0874379962682724,0.011134329484775662,0.24751139481862386,0.6795299569765727,3.275285081937909,2.8484286069869995,0.11817312613129616,0.18388495594263077,0.021480421535670757,0.07225330173969269,0.7111574709415436,0.2477598935365677,0.6885701179504394,0.4278320372104645
597,4083.6092331409454,0.3525377645331901,0.06479146132866541,0.1104633073012034,0.2802707354227702,0.056761754552523296,0.0,0.08721952835718791,0.011117626323054235,0.24773589273293814,0.6600879251956939,3.280226368457079,2.8503726720809937,0.11823762208223343,0.18536744266748428,0.021494788117706776,0.07219623774290085,0.7113429009914398,0.24791625887155533,0.6548382788896561,0.42786768823862076
598,4090.68416929245,0.3521848474900859,0.06460005392630895,0.11003123919169108,0.28034243583679197,0.0580017884572347,0.0,0.08693238645792008,0.011128415275985995,0.24804296990235647,0.7256501475969951,3.2663925420492887,2.838945508003235,0.117804404348135,0.1842724159359932,0.02160223387181759,0.07211683690547943,0.7105177044868469,0.24819858372211456,0.7855232179164886,0.4273756891489029
599,4097.820249080658,0.3526164663625726,0.06444167817632357,0.10988740970691045,0.2802885095278422,0.05857527256011963,0.0,0.08712291866540908,0.011125042724112669,0.24832991460959117,0.7729446490605673,3.266483247280121,2.8411738872528076,0.11777031421661377,0.18321210145950317,0.02150908298790455,0.07187282294034958,0.707096666097641,0.24837658554315567,0.7933960556983948,0.4254211559891701
600,4104.812860012054,0.3539749330608174,0.06450423722465833,0.11055234571297963,0.2800417204697927,0.0596552496155103,0.0,0.08734623640775681,0.01113500576466322,0.24857367773850758,0.7882472753524781,3.273649573326111,2.847630739212036,0.11946594715118408,0.18314293026924133,0.021419348195195198,0.07185894250869751,0.7054127752780914,0.24864496290683746,0.7969348013401032,0.4245653301477432
601,4111.742213010788,0.3546510456246324,0.0644942323366801,0.11153566837310791,0.2803784251213074,0.05982586095730464,0.0,0.08738460391759872,0.011126648914068938,0.24880051016807556,0.8634120265642802,3.2723358180373907,2.845801830291748,0.11917565390467644,0.18347308039665222,0.021479682065546513,0.07253202423453331,0.7079389095306396,0.24901314824819565,0.875929182767868,0.42650147899985313
602,4118.789957046509,0.35262374813707237,0.06428086012601852,0.1104237124323845,0.2808397690455119,0.05791527604063352,0.0,0.08721114844083785,0.011114135663956404,0.24912016987800598,0.6871473828951518,3.26822773180902,2.840242624282837,0.12007860466837883,0.18397290259599686,0.02152466308325529,0.07196245715022087,0.7090485692024231,0.24921991676092148,0.6932459533214569,0.4264867417514324
603,4125.742057085037,0.3521322093962226,0.06420264442761739,0.10990769813458125,0.2802517016728719,0.0565944937368234,0.0,0.08749274561802546,0.011118704577287038,0.24937483469645183,0.5737250367800395,3.2559891529381275,2.8311753273010254,0.11778739839792252,0.18296006321907043,0.02158333547413349,0.0723159946501255,0.7060708701610565,0.24957851320505142,0.5429270982742309,0.42535142973065376
604,4132.702248096466,0.3512930938314336,0.06404920220375061,0.10947317729393641,0.2804272552331289,0.05677160819371541,0.0,0.0872056394815445,0.011116642567018668,0.24961555997530618,0.5635508358478546,3.2677961345762014,2.83688223361969,0.11770139262080193,0.18603160232305527,0.021555584855377674,0.07181031629443169,0.7118166089057922,0.24981776624917984,0.5638271331787109,0.4277186207473278
605,4139.701237916946,0.3516027041148239,0.06392329608400663,0.10992954423030217,0.2812071641286214,0.05677616645892461,0.0,0.08726862122615178,0.011123953247442841,0.2499078760544459,0.6394391417503357,3.2574111204594374,2.8331955671310425,0.11792486533522606,0.18262656033039093,0.021664325147867203,0.07219747453927994,0.7053603827953339,0.25013625621795654,0.6699867427349091,0.42487766593694687
606,4146.776955127716,0.35311565012671053,0.06394904106855392,0.10997302730878195,0.2804459114869436,0.05946530004342397,0.0,0.08736741791168849,0.01112012768474718,0.2501681298017502,0.8646673838297526,3.249543335288763,2.8229061365127563,0.1177641972899437,0.18387755006551743,0.021556378342211246,0.07275830954313278,0.7068644165992737,0.2502399608492851,0.9275353133678437,0.4261905178427696
607,4153.728763103485,0.3530009817215614,0.06387595385313034,0.10996256868044535,0.28011541167895,0.05885930980245272,0.0,0.0875177080432574,0.011114200173566739,0.2504073897997538,0.7661585052808125,3.251461474224925,2.825024127960205,0.11782362684607506,0.18376276642084122,0.021518919616937637,0.07167353481054306,0.7107264995574951,0.2505718767642975,0.7862678349018097,0.4270367845892906
608,4160.759883880615,0.3523610630480107,0.06378431047002474,0.10966917723417283,0.2806214491526286,0.058967161426941556,0.0,0.08726430584987005,0.011118841264396906,0.25066764454046886,0.7596192200978596,3.257827138528228,2.831678867340088,0.11897872015833855,0.18332945555448532,0.021525325253605843,0.07240573316812515,0.7067009210586548,0.25089385360479355,0.7840353429317475,0.42575619369745255
609,4167.7796630859375,0.3527182279135256,0.06373019441962242,0.11017363717158636,0.2809433937072754,0.058390828967094424,0.0,0.0874721606572469,0.01111426460556686,0.25092030068238574,0.7453213989734649,3.2482411079108715,2.822144865989685,0.11959081143140793,0.18315041810274124,0.021559889428317547,0.07174442335963249,0.7070116400718689,0.2511202543973923,0.6944344490766525,0.42525024339556694
610,4174.710920095444,0.3518167134917652,0.06365309283137321,0.10971714854240418,0.28070862690607706,0.05725605835517247,0.0,0.08746966371933619,0.011112203868106008,0.25115668574968975,0.6128632485866546,3.253255806863308,2.827443838119507,0.1185591071844101,0.18326620757579803,0.021486852318048477,0.07154513522982597,0.7072953283786774,0.25132910907268524,0.6327363312244415,0.42519279941916466
611,4181.693552017212,0.35290152674424463,0.063557884345452,0.11009216656287511,0.28147181471188865,0.05934155285358429,0.0,0.08740648279587428,0.011110897843415539,0.2514491637547811,0.8209824522336324,3.248867018148303,2.8255221843719482,0.11829059943556786,0.18209976702928543,0.021499041467905045,0.07159196212887764,0.7057791948318481,0.25167591869831085,0.8479913592338562,0.4244815595448017
612,4188.9109790325165,0.3521469355599644,0.06342939833799997,0.1098415623108546,0.28105435172716775,0.05841095894575119,0.0,0.08740922808647156,0.011115902243182063,0.251715279618899,0.7919361670811971,3.244417879730463,2.8194698095321655,0.11726859956979752,0.18315688520669937,0.02158766519278288,0.07234317436814308,0.7061959505081177,0.2519153952598572,0.8314084529876709,0.4254411496222019
613,4196.015767097473,0.35143318224193837,0.06328396449486415,0.10891473144292832,0.280778964360555,0.05789053613940875,0.0,0.08750112404425939,0.011109619727358222,0.2519269198179245,0.6449715495109558,3.2420184779912233,2.816391348838806,0.11615455523133278,0.1837749257683754,0.02148493379354477,0.07142921164631844,0.7068232297897339,0.25213418900966644,0.6078293830156326,0.4248408265411854
614,4203.032771110535,0.35165395663740734,0.06327705830335617,0.10884663114945094,0.2806542754173279,0.05765845949451129,0.0,0.0876951426267624,0.011124247995515665,0.2521482229232788,0.6815012335777283,3.2338593006134033,2.8147894144058228,0.11654561758041382,0.18039853870868683,0.021366456523537636,0.07164284214377403,0.7042834162712097,0.2521834820508957,0.7367075949907302,0.4237845502793789
615,4210.017379999161,0.35145432135711113,0.06327986468871434,0.10883659273386001,0.28050415714581806,0.05732943788170815,0.0,0.0876871590813001,0.011111396846051018,0.2523987114429474,0.6831014653046926,3.2410898990929127,2.811524987220764,0.11625588685274124,0.18571848422288895,0.021381755359470844,0.07183642312884331,0.7127509415149689,0.25245705246925354,0.6701392084360123,0.42821189388632774
616,4216.971045017242,0.35104707104037514,0.0630484364926815,0.10858476907014847,0.2807726224263509,0.05719473784168561,0.0,0.0876826544602712,0.011108724089960257,0.2526646077632904,0.6798840840657552,3.240459220483899,2.8167883157730103,0.11668071523308754,0.18266527354717255,0.021434896625578403,0.0714087262749672,0.7054365277290344,0.2528064548969269,0.6761858522891998,0.4241269901394844
617,4223.973939180374,0.35072043193892266,0.06309968853990237,0.10812914023796717,0.28056902885437013,0.05699936226010323,0.0,0.08766550421714783,0.011123872206856808,0.2529970705509186,0.6310728172461192,3.23628868162632,2.808602213859558,0.11638146638870239,0.1847478672862053,0.02165879588574171,0.0722869485616684,0.7098755836486816,0.2531369775533676,0.614424604177475,0.4272247403860092
618,4230.934030056,0.3512894644634798,0.06299851263562838,0.10816118369499843,0.28066388368606565,0.057050744692484535,0.0,0.08797556658585866,0.011116454113895695,0.25326817731062573,0.6252889275550843,3.229622010141611,2.804712653160095,0.11621329933404922,0.18340135365724564,0.02172311209142208,0.07246532663702965,0.7058406472206116,0.2534555196762085,0.6171463012695313,0.42538565024733543
619,4237.8947722911835,0.35062248304408666,0.06288281331459682,0.10784671405951182,0.2806857665379842,0.05774508366982142,0.0,0.08760383178790411,0.011116881342604756,0.2534753680229187,0.7047349015871683,3.2324311025440693,2.8072729110717773,0.11534357815980911,0.1837432011961937,0.021506445482373238,0.07153069227933884,0.7077232599258423,0.2535715401172638,0.7583280861377716,0.42539232224226
620,4244.918778181076,0.35037389753269965,0.06274343977371852,0.10765899966160457,0.2811320801575979,0.057603611548741655,0.0,0.08760758936405182,0.011138435817944508,0.25374691088994344,0.6610155224800109,3.2264668084681034,2.7995142936706543,0.11645052582025528,0.18436362594366074,0.02171981241554022,0.07203145697712898,0.708730548620224,0.25410598516464233,0.658698457479477,0.426396731287241
621,4251.898389101028,0.3508642315166071,0.0626163862645626,0.10816003084182739,0.2807668884595235,0.057960526645183565,0.0,0.08772227118412654,0.011108914110809564,0.2540389021237691,0.6860405246416728,3.230326959863305,2.80110502243042,0.1160123236477375,0.1856078878045082,0.021591578610241413,0.07137133553624153,0.7098733186721802,0.2541178911924362,0.6713301479816437,0.4263079948723316
622,4258.886822223663,0.34982714145832383,0.062651610126098,0.10787571767965952,0.280769944190979,0.0566079244017601,0.0,0.08759505798419316,0.011110662141193946,0.25423415899276736,0.590724668900172,3.2317210007458925,2.80381178855896,0.11608460918068886,0.18493345379829407,0.021556067280471325,0.07143635675311089,0.7093073725700378,0.25440266728401184,0.609357425570488,0.4260900430381298
623,4265.962552070618,0.3505392633921777,0.06249587933222453,0.10781211256980897,0.2807981610298157,0.056925334284702936,0.0,0.08796424915393193,0.011108962974200646,0.2544773777325948,0.5738860189914703,3.2213415820151567,2.797302722930908,0.11541065946221352,0.1831667646765709,0.021476577036082745,0.07177625596523285,0.7054572701454163,0.25473034381866455,0.6053976565599442,0.424504891037941
624,4272.931447982788,0.34966932439322895,0.062427919606367746,0.10793018738428752,0.28132513761520384,0.0557377095023791,0.0,0.08780464231967926,0.011104384887342651,0.25470274488131206,0.5267606019973755,3.2139584328979254,2.7914140224456787,0.11532701179385185,0.18244045227766037,0.02146000973880291,0.07111581787467003,0.7038803398609161,0.25481678545475006,0.5394427567720413,0.4230559878051281
625,4279.887711286545,0.3495369719574228,0.06229851668079694,0.10756292243798574,0.28116472363471984,0.05643846864501635,0.0,0.08772777318954468,0.011104925830538074,0.2549772679805756,0.6322811762491862,3.2170011065900326,2.7901275157928467,0.11508991569280624,0.1846643164753914,0.021530063822865486,0.07154199481010437,0.7088101506233215,0.2551407963037491,0.640806919336319,0.42594707012176514
626,4286.851916074753,0.35009081470780073,0.06224895939230919,0.10746244937181473,0.28087055683135986,0.05728529567519824,0.0,0.08785714010397593,0.011110968111703793,0.25523367325464885,0.7034264882405599,3.220303626731038,2.7941715717315674,0.11540842428803444,0.18421392142772675,0.021419480443000793,0.07112452760338783,0.7072585225105286,0.25538666546344757,0.7365731775760651,0.4247537888586521
627,4294.060262203217,0.3499175053128662,0.06216573119163513,0.10709337691466013,0.2812622328599294,0.05756487523516019,0.0,0.08781503488620122,0.011109034670516849,0.2554873049259186,0.6794514258702596,3.2089089192450047,2.786775588989258,0.11461351066827774,0.18241328746080399,0.021507694385945797,0.07132457196712494,0.7043195068836212,0.2557166665792465,0.6777405738830566,0.42348432540893555
628,4301.168229103088,0.3500067521662762,0.06213280086716016,0.1071481282512347,0.2813697079817454,0.05716421554485957,0.0,0.08795642405748368,0.011119755714510878,0.25576366980870563,0.64403262535731,3.2044189050793648,2.77897310256958,0.1151345819234848,0.18393925577402115,0.02166918385773897,0.0716140940785408,0.7062506377696991,0.25609782338142395,0.6497852742671967,0.42473941296339035
629,4308.165369987488,0.35096671563806014,0.06196373924612999,0.10748654355605443,0.2822026471296946,0.05941862463951111,0.0,0.08783204803864161,0.011106866924092174,0.2560260951519012,0.8449365536371867,3.215150263160467,2.7940611839294434,0.11534243077039719,0.1817089319229126,0.021517762914299965,0.07126549631357193,0.7035481333732605,0.2561578154563904,0.9098674595355988,0.4230395630002022
630,4315.317242145538,0.34998966482429145,0.061956494301557544,0.10696306377649308,0.28222020069758097,0.05814784665902455,0.0,0.08779468288024267,0.011108843532080451,0.256194931268692,0.7184183319409688,3.197781629860401,2.774793267250061,0.11355699598789215,0.18310493230819702,0.021591100841760635,0.07161720842123032,0.7050155699253082,0.2567027062177658,0.7065855622291565,0.42412499338388443
631,4322.30845618248,0.349663892458193,0.06176970551411311,0.10645403365294138,0.2814278761545817,0.05745282843708992,0.0,0.08806618750095367,0.01110395472496748,0.25648860732714335,0.6477060556411743,3.199269689619541,2.7735085487365723,0.11475197970867157,0.18419257551431656,0.021564018912613392,0.07164613902568817,0.7088090181350708,0.25666260719299316,0.6679998159408569,0.42605064809322357
632,4329.452349185944,0.35037845897022635,0.06183236092329025,0.10710342079401017,0.28130390246709186,0.05846511373917262,0.0,0.08798245638608933,0.011110168043524027,0.2567414820194244,0.795950464407603,3.195388186722994,2.77375328540802,0.11470816284418106,0.18214040994644165,0.021447651088237762,0.0715751126408577,0.7022682130336761,0.25678688287734985,0.7933079779148102,0.42270921915769577
633,4336.539050102234,0.3496759210616195,0.06168505301078161,0.1069373274842898,0.28137913942337034,0.05712339729070663,0.0,0.08807822366555532,0.011107646006469926,0.25701242287953696,0.6664992729822795,3.1936182640492916,2.7693597078323364,0.11455630511045456,0.18349020183086395,0.021355336531996727,0.07107358053326607,0.7078391313552856,0.25710536539554596,0.6562848627567291,0.4249931462109089
634,4343.658706188202,0.3507720681062589,0.061828841517368956,0.10717541774113973,0.28224429686864216,0.05759315937757492,0.0,0.08833401948213578,0.01110979012058427,0.257166181008021,0.6876380483309428,3.1967840529978275,2.7718390226364136,0.11468092352151871,0.1838022843003273,0.02134901937097311,0.07105620205402374,0.704389214515686,0.25735367834568024,0.7042649924755097,0.42325080931186676
635,4350.627955198288,0.3485763359349221,0.061625233044226964,0.10621182123819987,0.28097407817840575,0.05693483054637909,0.0,0.08780726989110312,0.011105502722784877,0.2574552377065023,0.6360962907473247,3.196380292996764,2.775715470314026,0.1131221167743206,0.182051882147789,0.021606928668916225,0.07204898074269295,0.7030281126499176,0.25783830881118774,0.6578336834907532,0.42356303706765175
636,4357.602784872055,0.34899539609905333,0.06140238692363103,0.10584583133459091,0.2816842257976532,0.0582199864089489,0.0,0.0878632590174675,0.011101057395959894,0.2577490786711375,0.760177489121755,3.1920807100832462,2.769830346107483,0.11290029436349869,0.182900108397007,0.02154961507767439,0.07102259248495102,0.7037890255451202,0.25804542005062103,0.7963800311088562,0.42291710525751114
637,4364.665498018265,0.34960294303794703,0.061292931685845056,0.10593510319789251,0.28193103075027465,0.05838178023695946,0.0,0.08814678142468134,0.01109934061144789,0.2579958240191142,0.7537508885065715,3.1839340273290873,2.7611427307128906,0.11293591931462288,0.1831616684794426,0.021573477424681187,0.07144703716039658,0.704444944858551,0.2582637518644333,0.7286570549011231,0.4236695095896721
638,4371.594465970993,0.3496072359305496,0.06127732843160629,0.10580236117045085,0.2817153116067251,0.05881098633011182,0.0,0.08809318939844767,0.011102157629405458,0.2582248787085215,0.740656195084254,3.1879632230848074,2.762659430503845,0.11293194815516472,0.1844189092516899,0.021493631415069103,0.0710151344537735,0.7046098113059998,0.2585131824016571,0.7580728352069854,0.4233200401067734
639,4378.628131151199,0.3487328054053554,0.06128793333967527,0.10596655557552974,0.28187681833902994,0.05653164138396581,0.0,0.08817170808712642,0.011097829199085633,0.2584515472253164,0.5922769943873087,3.191291382536292,2.762429356575012,0.11368457600474358,0.18600986897945404,0.021484926342964172,0.07103392854332924,0.7093637883663177,0.2585393339395523,0.5643591761589051,0.4257158227264881
640,4385.710235118866,0.34822165660831766,0.06110033815105756,0.10592951128880183,0.28159151673316957,0.055874381711085636,0.0,0.08819775432348251,0.01109807927471896,0.2586759448051453,0.5183566172917684,3.183820452541113,2.756260395050049,0.11300455778837204,0.18552888929843903,0.02153658214956522,0.07114066556096077,0.7081706523895264,0.25887811183929443,0.5342318773269653,0.42522599175572395
641,4392.71449804306,0.3481726520578377,0.06106351440151533,0.10544639229774475,0.2816485623518626,0.056398104131221774,0.0,0.08817835251490275,0.011102208045000832,0.2588918169339498,0.5939312676588694,3.188096636906266,2.763722062110901,0.11278693750500679,0.18399055302143097,0.021493205800652504,0.07130493596196175,0.705735832452774,0.259114533662796,0.5784891694784164,0.42417285218834877
642,4399.804316043854,0.3486048661521636,0.06092123339573542,0.10527573575576146,0.28125688831011453,0.057608304917812346,0.0,0.0882255216439565,0.011099207494407893,0.25915690263112384,0.6848078151543935,3.1835126914083958,2.754354476928711,0.11287719756364822,0.18635980784893036,0.021544053219258785,0.07089612260460854,0.7094261050224304,0.25945429503917694,0.6443652480840683,0.42560917511582375
643,4406.698075056076,0.3490962722862605,0.06088760072986285,0.10531130582094192,0.28172550598780316,0.05809110204378764,0.0,0.08833534816900888,0.011094800972690185,0.2593713661034902,0.721916006008784,3.178918980062008,2.7510770559310913,0.11258827149868011,0.18577389419078827,0.021524861454963684,0.07105850800871849,0.7097587883472443,0.2596312314271927,0.7601976215839386,0.4259379021823406
644,4413.631825208664,0.3485787536172817,0.06074849764506022,0.10518669535716375,0.2815642476081848,0.058224811653296155,0.0,0.08815190196037292,0.011095162744944294,0.2596606433391571,0.7491181651751201,3.1688260659575462,2.7453885078430176,0.11350949108600616,0.1833414062857628,0.0215237932279706,0.07087794318795204,0.7050313055515289,0.2598622888326645,0.782133823633194,0.4233935959637165
645,4420.539990901947,0.3486935842743454,0.06072579175233841,0.10550299733877182,0.2813669919967651,0.057534986486037575,0.0,0.08832272489865621,0.011110999869803588,0.2599235018094381,0.6836241106192271,3.1789858397096395,2.756593346595764,0.11371977254748344,0.18276630342006683,0.021397708915174007,0.07124881073832512,0.7035064399242401,0.26005731523036957,0.6756469279527664,0.4230020307004452
646,4427.378548145294,0.348802969197277,0.060611971219380695,0.1059744710723559,0.28219815095265705,0.05731111392378807,0.0,0.08833058079083761,0.011114857376863558,0.26008854309717816,0.6755763351917267,3.1776245068758726,2.7515875101089478,0.11296632513403893,0.1847769170999527,0.02167441137135029,0.07150733843445778,0.7081197202205658,0.2605125159025192,0.6794234842061997,0.4255671985447407
647,4434.355775117874,0.3477420620891886,0.06048534090320269,0.104921156167984,0.28167550365130106,0.0572657011449337,0.0,0.08816552857557933,0.011097902959833542,0.26039209167162575,0.6855431954065959,3.1622550059109926,2.743551254272461,0.1127730943262577,0.18115860223770142,0.021662904880940914,0.07114589586853981,0.6998595297336578,0.260738804936409,0.651109927892685,0.42107566073536873
648,4441.366026878357,0.3483919290883932,0.06045947422583898,0.10484467993179956,0.28224618633588155,0.057557338227828346,0.0,0.08842130154371261,0.011094826847935717,0.2605713983376821,0.6935187836488088,3.1705656852573156,2.7447584867477417,0.11304972693324089,0.18464116752147675,0.021517490968108177,0.0708748959004879,0.7066185772418976,0.26074521243572235,0.6830215901136398,0.4241841845214367
649,4448.215296983719,0.34886772874742744,0.06039319882790248,0.1049933542807897,0.2819088657697042,0.05823999370137851,0.0,0.08850121051073075,0.01109700311596195,0.2608968635400136,0.7677516937255859,3.168264226987958,2.750192165374756,0.11332354322075844,0.18070514500141144,0.02148026879876852,0.07095108926296234,0.6964879035949707,0.2610315531492233,0.7927237391471863,0.4191950410604477
650,4455.259406089783,0.3488602836189481,0.06039685706297557,0.10493417779604594,0.28172643184661866,0.05829756806294124,0.0,0.08850539177656173,0.01109418507354955,0.26115310986836754,0.7841370006402334,3.1666148956865072,2.7441071271896362,0.11376507207751274,0.1828126162290573,0.02150590345263481,0.07083385065197945,0.7022858262062073,0.26118965446949005,0.7980755031108856,0.4219767637550831
651,4462.301399946213,0.3500608204068461,0.060201104482014975,0.10557961165904999,0.28223002950350445,0.06081313366691272,0.0,0.08838791102170944,0.011096787219867111,0.2613406558831533,0.9457872986793519,3.1762982606887817,2.7505518198013306,0.11284133791923523,0.18466288596391678,0.02142427023500204,0.07062766700983047,0.707790732383728,0.2613774240016937,1.0059142231941223,0.4245230332016945
652,4469.2196481227875,0.3489103676091569,0.06021215791503588,0.10479045261939367,0.2817560215791067,0.059643469750881195,0.0,0.08832100182771682,0.011090947935978571,0.2615896284580231,0.9167896707852682,3.1647479739040136,2.7414664030075073,0.11247329041361809,0.18352246284484863,0.021454378962516785,0.07081864401698112,0.7047899663448334,0.2618698179721832,0.796291297674179,0.4232136271893978
653,4476.229612112045,0.3481459096772596,0.060084576904773715,0.10477368881305059,0.28185264269510907,0.05839088459809621,0.0,0.08831498672564825,0.01109205672206978,0.26185356775919594,0.8034068822860718,3.161864161491394,2.737162470817566,0.11218950152397156,0.18430346995592117,0.02148172352463007,0.07058874145150185,0.7060465514659882,0.2619723081588745,0.8419573307037354,0.4236120171844959
654,4483.089196920395,0.3483595508732833,0.05995773797233899,0.10459296256303788,0.28200634717941286,0.05800021067261696,0.0,0.0886204128464063,0.011091787026574214,0.26211572289466856,0.7880554437637329,3.155704392120242,2.7360082864761353,0.11194717511534691,0.1818612590432167,0.021491090767085552,0.07066665217280388,0.7025119066238403,0.26235857605934143,0.7405857980251312,0.42192260548472404
655,4490.239393949509,0.34781884274367864,0.05985240836938222,0.10414533962806066,0.2820120652516683,0.05796925996740659,0.0,0.08852138221263886,0.011101101152598858,0.26232346296310427,0.7321526606877645,3.1515056490898132,2.730567216873169,0.11204001307487488,0.18245921283960342,0.021593470126390457,0.07107041031122208,0.7026389241218567,0.262468546628952,0.686061555147171,0.4223898723721504
656,4497.300144195557,0.34656071972567587,0.05977612609664599,0.10432029863198598,0.28205700318018595,0.05613693172732989,0.0,0.08834315041700999,0.011093173176050186,0.26259098450342816,0.6138261457284292,3.1602531522512436,2.7360682487487793,0.11248093843460083,0.18397221714258194,0.021576890721917152,0.07083674147725105,0.706123560667038,0.2626368850469589,0.5671019166707992,0.42389852181077003
657,4504.306100130081,0.3470560427735715,0.05981689741214116,0.10421921163797379,0.282279368241628,0.05674675777554512,0.0,0.08843222012122472,0.011091871761406462,0.26279221177101136,0.693637752532959,3.155110349878669,2.7305692434310913,0.11205492541193962,0.18425682187080383,0.02154461480677128,0.07063630595803261,0.7081630229949951,0.2629827558994293,0.6565080881118774,0.42471781745553017
658,4511.260390043259,0.34741088167065753,0.05972314203778903,0.10450628995895386,0.282187952597936,0.05639389206965764,0.0,0.08867746243874232,0.011092848765353361,0.2630681951840719,0.6501457432905833,3.1523846089839935,2.732040286064148,0.11175364255905151,0.1822337508201599,0.021485231816768646,0.07114037126302719,0.7020769715309143,0.26325736939907074,0.6910666435956955,0.42217885702848434
659,4518.251657247543,0.3463496039776752,0.05959963922699293,0.10405427366495132,0.2821920394897461,0.05625906636317571,0.0,0.08835389018058777,0.01110872277058661,0.2633082667986552,0.6504510303338369,3.1543285213410854,2.7280473709106445,0.11177285760641098,0.1851973608136177,0.021604579873383045,0.07100202143192291,0.7106032073497772,0.26346173882484436,0.6255793511867523,0.4263036251068115
660,4525.274837255478,0.3461736772946703,0.0594855231543382,0.10402942597866058,0.28194045623143515,0.056297136346499126,0.0,0.08833330869674683,0.011094738325724999,0.26353450417518615,0.5825053513050079,3.1381770838052034,2.718132257461548,0.11194801703095436,0.1820354089140892,0.02148271258920431,0.07050059735774994,0.7014774084091187,0.2636505961418152,0.5891134977340698,0.42123930156230927
661,4532.1904401779175,0.34602244303872187,0.05942403127749761,0.10408478329579035,0.28219677209854127,0.056036143501599626,0.0,0.08832736710707347,0.011090265276531378,0.26375189423561096,0.5991224944591522,3.1504675950855017,2.729539394378662,0.1120733730494976,0.18244575709104538,0.02141421288251877,0.07039966061711311,0.7045878469944,0.26376162469387054,0.6026713997125626,0.4226935841143131
662,4539.089337110519,0.34848215329499604,0.059538840254147844,0.10389595876137415,0.28249667088190716,0.05948606729507446,0.0,0.08866975158452987,0.011087519691015284,0.26402316292126976,0.8775209665298462,3.1303200721740723,2.713984966278076,0.11209753155708313,0.18014317005872726,0.021474204026162624,0.0705694854259491,0.6988219022750854,0.2641698569059372,0.8492048680782318,0.4199804365634918
663,4546.01248717308,0.34794078329384015,0.05937775323788325,0.10428481499354045,0.28211064338684083,0.058084421108166376,0.0,0.08875157286723455,0.011094679473899305,0.26428168416023257,0.7832898139953614,3.138255598023534,2.7185267210006714,0.11195671930909157,0.18187525868415833,0.02156498283147812,0.07094399258494377,0.7020073533058167,0.26435959339141846,0.7532767415046692,0.4219476692378521
664,4552.943402290344,0.3469402449748789,0.05930018002788226,0.10393274823824565,0.2824493865172068,0.0575285812218984,0.0,0.08849949638048808,0.01110312460611264,0.2645118792851766,0.7092451711495718,3.129428058862686,2.712567925453186,0.11210787296295166,0.18040309846401215,0.021362658590078354,0.07039562612771988,0.6996230483055115,0.26458844542503357,0.6911617249250412,0.4202071502804756
665,4559.82204413414,0.34597547494534714,0.05922659859061241,0.10400215188662211,0.2820858935515086,0.05570718521873156,0.0,0.08851062059402466,0.011095844069495797,0.2647242824236552,0.5556024710337321,3.1361688673496246,2.7172502279281616,0.11189821362495422,0.18148476630449295,0.021487724967300892,0.07092326134443283,0.7040989100933075,0.26484061777591705,0.5235083073377609,0.4229727163910866
666,4566.976128101349,0.34668649655456346,0.05915627554059029,0.1038949762781461,0.282254687945048,0.05696566825111707,0.0,0.08860440949598948,0.011104101237530509,0.26494243343671164,0.6849901914596558,3.1353895105421543,2.7148776054382324,0.11140120774507523,0.18240565061569214,0.021399027667939663,0.07072680816054344,0.704230546951294,0.26512329280376434,0.7161473453044891,0.4228420816361904
667,4573.916330099106,0.3457922389032319,0.05910637030998866,0.10357371966044109,0.28209898869196576,0.05611012453834216,0.0,0.08848515550295512,0.011091582647835215,0.26522064407666524,0.5551951507727305,3.1330377366393805,2.713887572288513,0.11110950633883476,0.18179770559072495,0.021570952609181404,0.07093562558293343,0.70205157995224,0.26556001603603363,0.5331177026033401,0.4219614155590534
668,4580.81036901474,0.3458870988804847,0.05894815251231193,0.1031194120645523,0.28251684705416363,0.05700784375270208,0.0,0.08847864667574565,0.011108948880185683,0.26544590989748634,0.727059131860733,3.1208281219005585,2.701183795928955,0.11117628216743469,0.18202809244394302,0.02163894008845091,0.07137658074498177,0.7052651047706604,0.2658979743719101,0.780294680595398,0.42400913313031197
669,4587.723477125168,0.3471579090614493,0.05885690152645111,0.10329279651244481,0.28259315292040504,0.05883986974755923,0.0,0.08865592231353124,0.011090103226403395,0.26570204297701516,0.8489303112030029,3.1324782967567444,2.7102311849594116,0.11228644847869873,0.1830519437789917,0.021534882485866547,0.07074956595897675,0.7046643495559692,0.2658386826515198,0.8399082481861114,0.42308174073696136
670,4594.597357034683,0.3466839167153618,0.058820667366186775,0.10358134458462397,0.2827596684296926,0.05750528996189435,0.0,0.08868955125411351,0.011099074874073267,0.2658812940120697,0.7219082991282145,3.1324159000068903,2.7144391536712646,0.11141969636082649,0.1811334490776062,0.02139696292579174,0.07049454748630524,0.7025938332080841,0.2660899758338928,0.6497113227844238,0.4217914640903473
671,4601.506387233734,0.34633919988021566,0.05877412334084511,0.10337167928616206,0.2828239341576894,0.056669656684001285,0.0,0.08879909912745158,0.011092132112632195,0.2661270598570506,0.6869251767794291,3.115876656025648,2.6983284950256348,0.11092936247587204,0.18104173988103867,0.021551936864852905,0.07075298205018044,0.7025746405124664,0.2665282040834427,0.6835776120424271,0.42204030230641365
672,4608.425173997879,0.34617570891277866,0.05866024469335874,0.1034489095211029,0.2819101889928182,0.05701123625040054,0.0,0.08871539980173111,0.011090493590260545,0.2663938283920288,0.6771537065505981,3.1259459871798754,2.703055739402771,0.1131162978708744,0.1831660494208336,0.021502449177205563,0.07063130661845207,0.7074133455753326,0.26648570597171783,0.6923051714897156,0.4243379794061184
673,4615.382736206055,0.34633454292391735,0.058570356418689094,0.10332555919885636,0.28174836238225304,0.05705378378431002,0.0,0.08886830012003581,0.011087205912917852,0.26660568118095396,0.6952387074629466,3.124147057533264,2.7071510553359985,0.11229389905929565,0.1804245263338089,0.021457991562783718,0.07028105482459068,0.7009518444538116,0.2667282223701477,0.6587482482194901,0.4207569770514965
674,4622.326748132706,0.3466646782083747,0.058614227920770645,0.10365595867236456,0.28223989804585775,0.05701326703031858,0.0,0.08891425828138987,0.011088868556544184,0.26683973471323646,0.6943547507127126,3.1196344792842865,2.6990002393722534,0.11249169707298279,0.18219419568777084,0.02141537982970476,0.07035157084465027,0.7024800479412079,0.2668736129999161,0.6663629442453385,0.4215915948152542
675,4629.324747085571,0.34606559385623165,0.058539688338836035,0.10345875769853592,0.28199709256490074,0.05758893688519796,0.0,0.08856965104738872,0.011086974122251073,0.2670442680517832,0.7232346177101135,3.1195248067379,2.7009414434432983,0.11125540733337402,0.18147782981395721,0.02155725099146366,0.07067157700657845,0.7023096978664398,0.26748837530612946,0.7304322719573975,0.42182642593979836
676,4636.207791090012,0.3458436461126742,0.05832635561625163,0.103065658112367,0.2830220937728882,0.057668999085823694,0.0,0.08859213491280873,0.011089901921028893,0.2673223714033763,0.7821557780106863,3.108881577849388,2.693478584289551,0.10999706387519836,0.18020223081111908,0.021534819155931473,0.07047031819820404,0.699245810508728,0.2676546275615692,0.7122117131948471,0.42009322345256805
677,4643.1666469573975,0.34622956812769795,0.05835163245598475,0.10324908196926116,0.2832922657330831,0.0565957764784495,0.0,0.08898088087638219,0.011096795151631037,0.2675393342971802,0.668078209956487,3.1173846665769815,2.6987560987472534,0.11196788027882576,0.18132231384515762,0.021419749595224857,0.07044905796647072,0.7009890377521515,0.26782405376434326,0.6475501716136932,0.42094357684254646
678,4650.1292152404785,0.3456664063870752,0.05829937011003494,0.103336301445961,0.28240861495335895,0.056219776968161266,0.0,0.08884265075127283,0.01108556818217039,0.2677481551965078,0.6508334060509999,3.113387729972601,2.693587899208069,0.11104219406843185,0.18213936686515808,0.02152372896671295,0.0702466145157814,0.7032075226306915,0.2679328918457031,0.6645956039428711,0.42185037583112717
679,4656.996230125427,0.3455333532668495,0.05823603644967079,0.10327180673678717,0.2819150884946187,0.055989003429810204,0.0,0.08890549192825953,0.011096100726475319,0.2679726560910543,0.6300977647304535,3.118496300652623,2.6941646337509155,0.11154678836464882,0.18427913635969162,0.02151654940098524,0.07139039412140846,0.7092286348342896,0.26804234087467194,0.6100841492414475,0.42600471153855324
680,4663.913110971451,0.3462380176953351,0.05810612638791402,0.10354931106170019,0.2832691709200541,0.0563601016998291,0.0,0.08909351776043574,0.011088222575684389,0.26823046803474426,0.6566939175128936,3.109208330512047,2.6921956539154053,0.11193248629570007,0.18052321672439575,0.0214358102530241,0.07058583572506905,0.6997458636760712,0.26822131872177124,0.6831196427345276,0.42045876756310463
681,4671.025419950485,0.3461510837563158,0.058134316156307854,0.10326904952526092,0.28259815176328024,0.05725637500484784,0.0,0.08891542057196299,0.011089331579084198,0.2684406499067942,0.7691935102144877,3.1111190281808376,2.6892200708389282,0.11014740914106369,0.18341262638568878,0.021613046526908875,0.07051483914256096,0.7067554891109467,0.26881806552410126,0.7663332343101501,0.4238925836980343
682,4677.9937262535095,0.3461643421498593,0.05808479885260264,0.10313697258631388,0.2829634229342143,0.056521601726611456,0.0,0.08914582182963689,0.011081790334234636,0.26870312293370563,0.7077809512615204,3.1105428524315357,2.688153862953186,0.1117284968495369,0.18326237052679062,0.021586772985756397,0.07058096304535866,0.704899400472641,0.2690814584493637,0.6538625329732894,0.42303066328167915
683,4684.927975177765,0.3455350593993595,0.05795765096942584,0.10371060172716777,0.28278220097223916,0.056242932875951133,0.0,0.08883001257975896,0.01108263973146677,0.26892827947934467,0.6968397359053294,3.106221843510866,2.683383584022522,0.11115909367799759,0.1836293563246727,0.02154105994850397,0.07026133686304092,0.7065125703811646,0.2691906690597534,0.6698060363531113,0.4235176220536232
684,4691.756403207779,0.3462255246025355,0.0579436590274175,0.1034917950630188,0.28318769137064614,0.0574971320728461,0.0,0.08890248239040374,0.011091123629982273,0.2691136042277018,0.7789752006530761,3.1019864920526743,2.682938814163208,0.11165790632367134,0.1816093623638153,0.021462641656398773,0.07121670991182327,0.7036098539829254,0.26924118399620056,0.7388382196426392,0.423021636903286
685,4698.791125297546,0.34689156055489245,0.05773656815290451,0.10382312536239624,0.28267315626144407,0.05907430698474248,0.0,0.08888811866442363,0.011084823838124673,0.26935769120852154,0.9347691973050435,3.0983890034258366,2.6750229597091675,0.11162091046571732,0.1837777942419052,0.021577036939561367,0.07048140466213226,0.7083703875541687,0.26975835859775543,0.9436910212039947,0.4246665984392166
686,4705.919336080551,0.3459058950577552,0.057703216870625816,0.1036764865120252,0.28299917578697203,0.05716968253254891,0.0,0.08890878111124038,0.011080787874137361,0.2696150163809458,0.7526251037915548,3.095171933993697,2.678024411201477,0.11254872009158134,0.18043658137321472,0.021554882638156414,0.070430938154459,0.7007031440734863,0.26991839706897736,0.7616526305675506,0.42078251019120216
687,4713.046147108078,0.3455850488836101,0.0576128251850605,0.10349516620238622,0.2825307548046112,0.05697233850757281,0.0,0.08891142706076303,0.01108362019682924,0.26979096134503683,0.7597536404927572,3.095022266730666,2.677614212036133,0.11115403100848198,0.18091551959514618,0.02149804960936308,0.07057368755340576,0.7003133296966553,0.26989972591400146,0.7438398718833923,0.4207303524017334
688,4719.966482162476,0.34553744475900505,0.05765830278396607,0.10297428270181021,0.282466197013855,0.056968829284111656,0.0,0.0889956181248029,0.011131516735379895,0.269970703125,0.7285741905371348,3.0941773019731045,2.6763927936553955,0.11163660138845444,0.18098310381174088,0.021281120367348194,0.07187153771519661,0.7002425491809845,0.2699917405843735,0.7821013569831848,0.42199281230568886
689,4726.911696195602,0.34538652662886304,0.05753511612613996,0.1026859978834788,0.2823763887087504,0.05704734598596891,0.0,0.08904193937778473,0.011088149932523569,0.2702612857023875,0.7404702226320903,3.098293097689748,2.67721164226532,0.11248490586876869,0.18241950124502182,0.021565514616668224,0.07036517560482025,0.7040572166442871,0.2707030177116394,0.7376481056213379,0.4223937839269638
690,4733.854530096054,0.34702422997215765,0.05762756218512853,0.10320919305086136,0.28389707406361897,0.0589132234454155,0.0,0.08914152383804322,0.011084700577581923,0.27050124406814574,0.9395062804222107,3.0945502426475286,2.674007773399353,0.11065418645739555,0.18260768800973892,0.021557743661105633,0.07035930827260017,0.7049460411071777,0.2709781229496002,1.0276381373405457,0.42283232882618904
691,4740.837663888931,0.3457093915902078,0.05747869312763214,0.1023379921913147,0.28276756405830383,0.05806148077050845,0.0,0.08904573023319244,0.011084934665511052,0.2707284092903137,0.7982403397560119,3.0897450242191553,2.6718201637268066,0.10980509594082832,0.18151115626096725,0.02163895219564438,0.07042863592505455,0.7036640048027039,0.27120837569236755,0.7183865249156952,0.4222606383264065
692,4747.837380170822,0.34561964715054877,0.05736629863580068,0.10256991684436798,0.2834465781847636,0.05744183212518692,0.0,0.08912022014458974,0.011082492675632239,0.27088411450386046,0.7554258227348327,3.088276134803891,2.670398712158203,0.10942066088318825,0.18158354610204697,0.021596748381853104,0.07030754908919334,0.7029738128185272,0.2714104950428009,0.8047292411327363,0.42179445549845695
693,4754.985897064209,0.34603044810549666,0.057428918530543646,0.10270313918590546,0.2838733931382497,0.05755022093653679,0.0,0.08921085248390834,0.01110535953193903,0.27110329469045,0.7940773884455363,3.0908258371055126,2.670415759086609,0.11001607030630112,0.1827010214328766,0.02141294628381729,0.0712842121720314,0.7050357162952423,0.2714950740337372,0.8403066158294678,0.42380207031965256
694,4762.124825954437,0.3454554315229567,0.05725808689991633,0.10202649682760238,0.2830319881439209,0.05788962319493294,0.0,0.08913634171088537,0.011089348436022798,0.27137912313143414,0.8189415494600932,3.0723868180066347,2.6563867330551147,0.10875806584954262,0.18081052601337433,0.021629314869642258,0.07045213133096695,0.6999185979366302,0.2718666344881058,0.7718755900859833,0.4204114302992821
695,4769.028247117996,0.34501858201110736,0.057139602551857634,0.10179275621970495,0.28275959491729735,0.05723784963289897,0.0,0.0892129272222519,0.011079068823407093,0.27160970171292625,0.7092098196347555,3.074556738138199,2.657060980796814,0.1111038327217102,0.1809719204902649,0.021604271605610847,0.07025745138525963,0.6996766328811646,0.2719200551509857,0.7286742866039276,0.4200957678258419
696,4775.948940992355,0.34578221158202116,0.05711163928111394,0.10211138079563777,0.2831060846646627,0.058641683558622995,0.0,0.08916028589010239,0.01108574263441066,0.271794867515564,0.819149931271871,3.084180001169443,2.667001724243164,0.10939047485589981,0.18124151974916458,0.021505873650312424,0.070400170981884,0.7014545798301697,0.2722039520740509,0.8347800314426422,0.42112746089696884
697,4782.895149946213,0.34490137070727844,0.05700530062119166,0.10216994136571884,0.28312272429466245,0.05751246735453606,0.0,0.08904031167427699,0.011079805592695871,0.2720042328039805,0.7571200331052145,3.080319743603468,2.66092050075531,0.11019625514745712,0.18215055763721466,0.02153910882771015,0.07009842991828918,0.7041937708854675,0.27235253155231476,0.775401771068573,0.42219531536102295
698,4789.835196018219,0.3450549079978373,0.05689129208525022,0.10188367664813995,0.2834938804308573,0.05770664736628532,0.0,0.08917858799298604,0.011079267288247744,0.272263507048289,0.7875723361968994,3.0765197221189737,2.659303307533264,0.10953088477253914,0.18122548609972,0.021534277126193047,0.07029277086257935,0.7017048001289368,0.2725309878587723,0.7654228985309601,0.42114517092704773
699,4796.856950044632,0.34497622406343,0.056877557188272476,0.101988485455513,0.28266453941663106,0.05781378547350566,0.0,0.08913411796092988,0.011085619467000167,0.27243310610453286,0.7519731203715007,3.0692518334835768,2.652475953102112,0.10923465713858604,0.18107927590608597,0.021571293473243713,0.07044781744480133,0.7013331949710846,0.27300427854061127,0.798809540271759,0.42111441493034363
700,4803.799031972885,0.34537014229378354,0.05685251777370771,0.10179378340641658,0.28335514267285666,0.05772619297107061,0.0,0.0893799270192782,0.011081778754790625,0.27266297936439515,0.7581847230593364,3.0656043346971273,2.6494210958480835,0.10928146168589592,0.18077125400304794,0.021455436944961548,0.07035838440060616,0.7004106342792511,0.2730991989374161,0.7401575386524201,0.4205637015402317
701,4810.737280130386,0.3452433432452381,0.05677119294802348,0.10190431922674179,0.28353047569592793,0.05779792045553525,0.0,0.08930294265349706,0.011080652133872111,0.27286572456359864,0.8054683327674865,3.078291868790984,2.658785104751587,0.10974602028727531,0.1823168769478798,0.021457278169691563,0.0698644295334816,0.7054446637630463,0.2733457088470459,0.8441092073917389,0.42258676141500473
702,4817.69694519043,0.34473656918465473,0.056718547642230985,0.10151229649782181,0.28341246644655865,0.05823353504141172,0.0,0.08907121121883392,0.011076251696795224,0.27308545311292015,0.8417926669120789,3.0714856293052435,2.6540849208831787,0.10944868251681328,0.18133818358182907,0.02143174037337303,0.06989128887653351,0.7014785408973694,0.27346092462539673,0.8050595760345459,0.4206305593252182
703,4824.627764225006,0.34484381933580155,0.056662700821956,0.1019558365146319,0.28288847009340923,0.05802300994594892,0.0,0.08912039299805959,0.011080420901998877,0.27329161564509075,0.7819027145703633,3.074774671345949,2.6546952724456787,0.11089027673006058,0.1823171302676201,0.02150075789541006,0.06998986750841141,0.7055206000804901,0.27366310358047485,0.7897194623947144,0.42275016754865646
704,4831.570090293884,0.34439022931231494,0.05669195502996445,0.10243894706169764,0.2836359719435374,0.056383213649193444,0.0,0.08913075228532155,0.011080628245448072,0.273575355609258,0.697324401140213,3.068475605919957,2.6502386331558228,0.1091860868036747,0.18182196468114853,0.021473689004778862,0.07006677240133286,0.7007428109645844,0.2739725708961487,0.6708983451128006,0.42043817788362503
705,4838.520846128464,0.34499005062001137,0.05663507903615634,0.10177960147460302,0.28320404291152956,0.05738230322798093,0.0,0.08939578384160995,0.011080309841781854,0.2737439235051473,0.7110244512557984,3.05999344214797,2.6437445878982544,0.10976897925138474,0.18068218231201172,0.021432453766465187,0.07020410150289536,0.6983488202095032,0.27409568428993225,0.6987177670001984,0.41937851160764694
706,4845.448344945908,0.34548030224783965,0.05653526335954666,0.10207436035076776,0.282972385485967,0.05913462241490682,0.0,0.08919087797403336,0.011077014713858564,0.2739658772945404,0.822725655635198,3.0651440266519785,2.6469788551330566,0.10947458818554878,0.18171393871307373,0.02147236093878746,0.06985797733068466,0.7020914256572723,0.274460569024086,0.833900910615921,0.42090369015932083
707,4852.554073095322,0.34471072029167166,0.05643905649582545,0.10182028561830521,0.28296616276105246,0.057189026226600014,0.0,0.0894043152530988,0.011078408376003305,0.2742330253124237,0.6518616855144501,3.061579167842865,2.6407413482666016,0.11011877655982971,0.18288921564817429,0.02151536103338003,0.07005275040864944,0.702607125043869,0.2745625227689743,0.6394836574792861,0.42135631293058395
708,4859.617033243179,0.34455934904593355,0.05641030495365461,0.10159791211287181,0.28316568533579506,0.05671636238694191,0.0,0.08950592130422592,0.011089976380268733,0.27440071702003477,0.6477537910143535,3.0668544862419367,2.6449220180511475,0.1094130165874958,0.18361297994852066,0.021445633843541145,0.0700426734983921,0.7042807340621948,0.27486148476600647,0.6770576119422913,0.4221830405294895
709,4866.557403087616,0.34394836519883637,0.056191164255142215,0.10140954355398814,0.2833072622617086,0.05680056735873222,0.0,0.08933000465234121,0.011076078626016776,0.2746660113334656,0.6372105439503988,3.0497937053442,2.6344135999679565,0.10807666182518005,0.18067088723182678,0.02156809251755476,0.07051427289843559,0.6996927559375763,0.2751683294773102,0.6237169146537781,0.42036065086722374
710,4873.526151180267,0.34323345752588164,0.05616217628121376,0.10118934661149978,0.2831922392050425,0.05640132452050845,0.0,0.08914557347695033,0.011103843804448843,0.27487396796544394,0.6979075074195862,3.0522861052304506,2.6343557834625244,0.10793212428689003,0.1819821298122406,0.02175211440771818,0.07159186154603958,0.7023133337497711,0.27548688650131226,0.7275653600692749,0.42274852842092514
711,4880.5110828876495,0.34288856297692594,0.05604101742307345,0.10084559470415115,0.28317988514900205,0.056061430275440215,0.0,0.08920738697052003,0.011075139325112105,0.27512537837028506,0.626600714524587,3.056375864893198,2.634671688079834,0.10938245803117752,0.18350647389888763,0.021584869362413883,0.07013970986008644,0.7062688767910004,0.27565808594226837,0.6382134646177292,0.4232741482555866
712,4887.4757261276245,0.3447865492082201,0.05627388333280881,0.10178673317035039,0.283259387811025,0.05735524122913679,0.0,0.08947699616352717,0.011078328158085545,0.2753091891606649,0.719654921690623,3.0622722283005714,2.640752911567688,0.10852499306201935,0.1836284101009369,0.021499059163033962,0.07019871845841408,0.7052887082099915,0.27578769624233246,0.6776319205760956,0.4228430725634098
713,4894.363415002823,0.34488184895405233,0.05624292269349098,0.10150034725666046,0.28314871788024903,0.058245192468166354,0.0,0.08939483811457952,0.011077386730660995,0.27552468578020733,0.8280168294906616,3.057184034958482,2.6366578340530396,0.10838164761662483,0.1831676885485649,0.021494808606803417,0.06985456496477127,0.7041161358356476,0.27593564987182617,0.840034294128418,0.42191263288259506
714,4901.423052072525,0.34427249521637954,0.056102787454922996,0.1013476570447286,0.28368910948435466,0.05630839864412943,0.0,0.089655701816082,0.01107575388935705,0.27574603954950966,0.6643352091312409,3.0544859766960144,2.633633852005005,0.10852736234664917,0.18329422175884247,0.02149766031652689,0.06982053816318512,0.7039430439472198,0.2762986570596695,0.6560029059648513,0.42179206013679504
715,4908.362689971924,0.3444856088375673,0.056069281945625944,0.10161546468734742,0.283502326409022,0.05712639068563779,0.0,0.08951691885789236,0.011075523278365532,0.2759769380092621,0.7870631535847982,3.053437080234289,2.637559413909912,0.1087394580245018,0.18075396865606308,0.021428725682199,0.06964120641350746,0.6989156901836395,0.2765039652585983,0.7684967815876007,0.4190990515053272
716,4915.367838144302,0.34402217450163636,0.055992140372594194,0.10146940102179845,0.28435011704762775,0.0568531999985377,0.0,0.08938613583644231,0.011076342842231194,0.27613932490348814,0.7395576318105062,3.0491559617221355,2.6276068687438965,0.10843997448682785,0.18366455286741257,0.021487807855010033,0.06989839673042297,0.7075153589248657,0.2766687572002411,0.7280949950218201,0.42365607619285583
717,4922.343056201935,0.3439651857246645,0.0559269905090332,0.10123392591873805,0.28378073970476786,0.05634087274471919,0.0,0.0896050751209259,0.011083821246090034,0.2763768990834554,0.7023162802060445,3.0430333241820335,2.626258969306946,0.10858257114887238,0.18124153465032578,0.021631726063787937,0.07006450369954109,0.6999504864215851,0.2770020067691803,0.7322122156620026,0.42003974691033363
718,4929.512680053711,0.3437557523100016,0.05572144811352094,0.10110057145357132,0.2837808628877004,0.05722904702027639,0.0,0.08941427866617839,0.011085658473894,0.27660828828811646,0.7579480926195781,3.046906067058444,2.628994107246399,0.10851016268134117,0.18182843923568726,0.021568313241004944,0.07046904042363167,0.7007909119129181,0.27710600197315216,0.6996572196483613,0.4208644963800907
719,4936.5540380477905,0.3437799787381664,0.05573692743976911,0.10097925265630087,0.28352241913477577,0.057570434113343553,0.0,0.08937743653853734,0.011073950429757435,0.27679682374000547,0.7922512849171957,3.045908873900771,2.627540707588196,0.10856298729777336,0.18204333633184433,0.021447360515594482,0.07012272998690605,0.7012994885444641,0.27730393409729004,0.7907651126384735,0.4207724742591381
720,4943.488466024399,0.34372323568483504,0.055733009179433184,0.10096280525128047,0.2834406157334646,0.05683966502547264,0.0,0.08954118490219116,0.011083735929181179,0.2770080268383026,0.7508498768011729,3.0428213719278574,2.6244832277297974,0.10852645710110664,0.18203745782375336,0.0213706037029624,0.06989526003599167,0.7018469274044037,0.2773464769124985,0.7423007756471633,0.4208187237381935
721,4950.431373119354,0.34418068185526257,0.055712817857662834,0.10102329800526301,0.28315758307774863,0.05801209757725398,0.0,0.0894867459932963,0.01107277140642206,0.27719552914301554,0.8267931739489237,3.0412087496370077,2.6226558685302734,0.10886607691645622,0.18205992132425308,0.02141357772052288,0.06970712170004845,0.7019874155521393,0.2776305675506592,0.8222763299942016,0.4207008294761181
722,4957.351626157761,0.343377475545276,0.055469161520401634,0.10094389965136846,0.28380465308825176,0.056803748259941736,0.0,0.08949481795231501,0.011095918109640479,0.27742025057474773,0.7046972990036011,3.039422383531928,2.620625615119934,0.10849938914179802,0.18227353692054749,0.021671508438885212,0.07053274661302567,0.7041110694408417,0.2780059576034546,0.7253058820962905,0.4225882813334465
723,4964.326009988785,0.34272691084770485,0.05548943256338437,0.10074932227532069,0.28341691493988036,0.055590259532133736,0.0,0.08953090161085128,0.011094601079821586,0.27763097087542216,0.5671942134698232,3.0298133362084627,2.612197518348694,0.10777068510651588,0.18186523765325546,0.02153141051530838,0.07088876888155937,0.7010460495948792,0.2781907916069031,0.5768835723400116,0.42141179367899895
724,4971.285005092621,0.34389426886336877,0.05539490530888239,0.10054049541552862,0.28391075134277344,0.05804641718665759,0.0,0.08957675198713938,0.011075514648109675,0.2778349618117015,0.8061641037464142,3.036713955923915,2.620054841041565,0.10744201764464378,0.18146905303001404,0.021605477668344975,0.07038191705942154,0.7021910548210144,0.27843064069747925,0.8708929479122162,0.42147744446992874
725,4978.239325046539,0.3437911750671143,0.05537418723106384,0.10029564499855041,0.283565624554952,0.05771015758315722,0.0,0.08969830473264058,0.011072755620504419,0.2780791580677032,0.7540204207102458,3.0369203500449657,2.617890477180481,0.10833349078893661,0.18243156373500824,0.021540774032473564,0.06978289783000946,0.7037636339664459,0.2785266786813736,0.7513514459133148,0.4216647148132324
726,4985.309407234192,0.34450047937377043,0.055280955880880354,0.10065381129582723,0.28374676704406737,0.059211019923289615,0.0,0.08962380985418955,0.011098743866508205,0.2782428920269012,0.9032886664072672,3.0329217072576284,2.614192008972168,0.1082819513976574,0.1822943612933159,0.021349855698645115,0.069896150380373,0.7036242187023163,0.2787030339241028,0.9180154621601104,0.42170825973153114
727,4992.328279972076,0.34332567423116417,0.055188091347614925,0.10075894047816594,0.28414509296417234,0.057536302506923674,0.0,0.08945726901292801,0.011072745841617385,0.2784772137800852,0.8066582759221395,3.0374034009873867,2.617841958999634,0.10778933018445969,0.18283338844776154,0.02142417151480913,0.06970776617527008,0.7053215503692627,0.2788451015949249,0.7788901269435883,0.42236854135990143
728,4999.299832105637,0.34331676735309885,0.05515992194414139,0.10033837209145229,0.28357332746187847,0.05731193994482358,0.0,0.0896554966767629,0.011089097615331412,0.27866910497347513,0.7749245166778564,3.024100324138999,2.605666995048523,0.10798675939440727,0.1822199746966362,0.021534263156354427,0.07057984545826912,0.7024728357791901,0.27915777266025543,0.7108062624931335,0.42181626334786415
729,5006.302854061127,0.34370324508248207,0.055102736999591194,0.10071110973755519,0.283207768201828,0.05777618835369746,0.0,0.08968760619560877,0.011072456107164423,0.27888997793197634,0.7924574295679728,3.021659655496478,2.605087399482727,0.10766836628317833,0.18136903643608093,0.02151487674564123,0.06978178024291992,0.6996520459651947,0.2793332636356354,0.731004387140274,0.4196078032255173
730,5013.295341014862,0.34398510015259187,0.05502918337782224,0.10059331903855005,0.2838297188282013,0.05834979961315791,0.0,0.08972018907467524,0.011073393793776632,0.2790870745976766,0.7875349760055542,3.0270624700933695,2.6113927364349365,0.10704212263226509,0.1810743361711502,0.021526281721889973,0.06988857686519623,0.7012496590614319,0.2796328067779541,0.7839208900928497,0.42051340639591217
731,5020.296294212341,0.3431244269091015,0.05506934374570847,0.10059478133916855,0.28396671017011005,0.05724528605739276,0.0,0.08953882604837418,0.011071499406049649,0.2792434354623159,0.7491834998130799,3.019084772095084,2.600958824157715,0.11025835201144218,0.18149838596582413,0.021498451940715313,0.07003075629472733,0.7008602917194366,0.2796874940395355,0.7639951765537262,0.42046090215444565
732,5027.29359292984,0.3438726178758467,0.054865483194589615,0.10076185117165247,0.2844349225362142,0.057386843115091325,0.0,0.08991405914227167,0.011074517434462906,0.27948551774024966,0.7940159320831299,3.025117188692093,2.604857563972473,0.1083013117313385,0.18305448442697525,0.02142003085464239,0.06992547959089279,0.7049793899059296,0.2799232751131058,0.8285514771938324,0.4224151745438576
733,5034.300719976425,0.34291703699467085,0.054949698100487394,0.10005357911189397,0.284134308497111,0.057499331732590996,0.0,0.08955808977286021,0.011075158432746927,0.279693200190862,0.791994822025299,3.0171426460146904,2.601346015930176,0.10632230341434479,0.1813177391886711,0.021564433351159096,0.06977397575974464,0.7010456919670105,0.2803817242383957,0.7178397476673126,0.4202968217432499
734,5041.390810012817,0.34352402183188435,0.05488237415750821,0.10010203967491786,0.28450747529665626,0.05750244955221812,0.0,0.08986372401316961,0.011074720742180943,0.2799369057019552,0.7375291268030802,3.0148998852819204,2.5988049507141113,0.10703371092677116,0.18128903955221176,0.02149148564785719,0.06981954723596573,0.7024678587913513,0.2804507166147232,0.7304612398147583,0.4210534766316414
735,5048.434072971344,0.34323706027353185,0.054863623529672625,0.0998159150282542,0.2835218131542206,0.0574858047068119,0.0,0.08985482752323151,0.011071601820488771,0.2800830046335856,0.7716867585976919,3.021994998678565,2.60164475440979,0.10657168552279472,0.1835322007536888,0.021471908316016197,0.0701497234404087,0.7054640650749207,0.2807222008705139,0.7467351168394089,0.42288175597786903
736,5055.354688882828,0.34289794259238987,0.05467308635512988,0.09958253850539525,0.28351115981737773,0.05669002706805865,0.0,0.09003830154736837,0.011072356548781196,0.28028738101323447,0.7282171308994293,3.0185066014528275,2.6031086444854736,0.10643875598907471,0.18108928948640823,0.021456005051732063,0.06988164037466049,0.7018996477127075,0.28087298572063446,0.6995622128248214,0.42083146423101425
737,5062.330467939377,0.3427559971460141,0.054802559316158295,0.09924357086420059,0.28371700445810955,0.0570815588037173,0.0,0.08987940649191538,0.011069065316890676,0.28046424786249796,0.7709537227948506,3.0104758217930794,2.5972830057144165,0.10609455406665802,0.18007276952266693,0.021559384651482105,0.07052886113524437,0.6982313990592957,0.2811124622821808,0.7600049376487732,0.4196445606648922
738,5069.3457062244415,0.3414984300577392,0.05450651024778684,0.09918299367030461,0.2845083971818288,0.056259547670682274,0.0,0.0895793820420901,0.01107364504908522,0.2806660711765289,0.6397577921549479,3.0036017782986164,2.590816855430603,0.10612890869379044,0.17986023426055908,0.021638707257807255,0.06982222571969032,0.6995589137077332,0.28139515221118927,0.6196911454200744,0.4196016825735569
739,5076.355554103851,0.3430678110142859,0.05481192047397296,0.09953597833712896,0.28376395304997765,0.057586006820201874,0.0,0.08982862681150436,0.01107498003790776,0.2808584531148275,0.7942866762479146,3.0152003783732653,2.595296263694763,0.10632941499352455,0.1833697035908699,0.021578003652393818,0.07112693414092064,0.703628808259964,0.2815764546394348,0.8239301919937134,0.42294133827090263
740,5083.313639163971,0.34406055736665925,0.05462715749939283,0.09963025798400243,0.2838691671689351,0.05926765079299609,0.0,0.08996871163447698,0.0110673852575322,0.2810343444347382,0.9405046065648397,3.006922073662281,2.5898287296295166,0.10609723627567291,0.182022362947464,0.021503116935491562,0.06971315294504166,0.7019190788269043,0.28173136711120605,1.0099346816539765,0.4206726923584938
741,5090.273546934128,0.3434512231634775,0.05454825460910797,0.09956467052300771,0.2839937428633372,0.05874051923553149,0.0,0.0898453156153361,0.011069088149815798,0.2812625885009766,0.876673420270284,3.015907395631075,2.5980052947998047,0.10640013962984085,0.1823510155081749,0.02149374783039093,0.06988191232085228,0.701094001531601,0.2819409817457199,0.8210721731185913,0.42042891308665276
742,5097.310127019882,0.3423406354035251,0.05452415868639946,0.0992076983054479,0.2839436292648315,0.056467700749635696,0.0,0.08996140907208125,0.011077291999633114,0.2814999997615814,0.6601366202036539,3.00589919090271,2.58904767036438,0.10581037402153015,0.1819731667637825,0.021598136983811855,0.06980426609516144,0.700247198343277,0.2821946442127228,0.611834716796875,0.4199278652667999
743,5104.3887231349945,0.34193648111540825,0.054467135667800905,0.09900318483511607,0.28361474474271137,0.05567411854863167,0.0,0.09005452742179235,0.011067748504380385,0.281678169965744,0.5755500257015228,3.0005503948777914,2.583103060722351,0.10541341826319695,0.18237031251192093,0.02150206547230482,0.06974306330084801,0.701823502779007,0.2823966443538666,0.6022571712732315,0.4206548146903515
744,5111.369361162186,0.3425433604124313,0.05444077650705973,0.0992971787850062,0.28382708032925924,0.056309542556603746,0.0,0.09012676278750102,0.011086588135610025,0.28183409372965496,0.638238803545634,3.0098454132676125,2.592443346977234,0.10621373355388641,0.18214759975671768,0.021392101421952248,0.06989088281989098,0.7022687196731567,0.2824647128582001,0.6848407000303268,0.42102524265646935
745,5118.42055606842,0.3425001722139617,0.054399582495292025,0.09944399992624918,0.2844657599925995,0.05673305218418439,0.0,0.08995279669761658,0.011065960520257552,0.2820103625456492,0.7937248627344767,3.0002799462527037,2.5828250646591187,0.10568850859999657,0.18230531364679337,0.021419813856482506,0.06970986723899841,0.7041021883487701,0.2825712561607361,0.839361697435379,0.4217609614133835
746,5125.582014083862,0.3416372798732482,0.054237973193327585,0.09901994268099466,0.2840211808681488,0.056073743104934695,0.0,0.08989479541778564,0.011071703396737576,0.2822555323441823,0.6689911405245463,3.0016942713409662,2.583776831626892,0.10567565634846687,0.18253980576992035,0.021549930796027184,0.0695796087384224,0.7025967836380005,0.2828788757324219,0.7168096363544464,0.42087800055742264
747,5132.58987402916,0.3419331772602163,0.05420893331368764,0.09899388800064722,0.28410478432973224,0.05658231476942698,0.0,0.0899316355586052,0.011082624519864718,0.2824398318926493,0.719993124405543,2.9887617994099855,2.575015902519226,0.10582882538437843,0.18041574209928513,0.02166862227022648,0.07009514048695564,0.6968173086643219,0.28319382667541504,0.7538854122161865,0.4185037948191166
748,5139.616697072983,0.3424264713481534,0.0541109340886275,0.09887358546257019,0.2845901628335317,0.057949117322762804,0.0,0.08989253640174866,0.01106731992525359,0.2826758901278178,0.8401857892672221,2.991177225485444,2.5777000188827515,0.10535447672009468,0.18039998412132263,0.021588514558970928,0.07014008611440659,0.6982225775718689,0.28341588377952576,0.846497917175293,0.41925137490034103
749,5146.5982801914215,0.34290538101146617,0.0541379543642203,0.09910328934590022,0.284160315990448,0.05754206577936808,0.0,0.09018408606449763,0.01107028864013652,0.28283463716506957,0.779808928569158,2.9945566318929195,2.5762089490890503,0.10543113201856613,0.1828160583972931,0.02142446208745241,0.06949557736515999,0.7026681900024414,0.28341418504714966,0.7384542644023895,0.4208296723663807
750,5153.45666718483,0.342439309170004,0.05399190386136373,0.09916907946268717,0.28420639832814537,0.05677095055580139,0.0,0.0901985044280688,0.01106492920468251,0.28300352493921915,0.6918100535869598,2.990675514563918,2.5732401609420776,0.10541991516947746,0.18236269801855087,0.021486196666955948,0.06987529620528221,0.7035002112388611,0.28373344242572784,0.6824002414941788,0.42162540182471275
751,5160.475484132767,0.3420062466543944,0.05385891944169998,0.09863007913033167,0.28447938164075215,0.05691936785976092,0.0,0.09013211329778036,0.01106959159175555,0.28322715560595196,0.6891532878081004,2.9956706147640944,2.5787134170532227,0.10515603050589561,0.18218959122896194,0.02139719296246767,0.06932558119297028,0.702269583940506,0.2838588207960129,0.6845655739307404,0.42046037316322327
752,5167.432979106903,0.34233357981429435,0.0539981131752332,0.0986776943008105,0.28379720052083335,0.0570362389087677,0.0,0.0902181958158811,0.011082567631577452,0.2834069569905599,0.6907461086908976,2.98843807913363,2.570298910140991,0.1053110845386982,0.18274181336164474,0.02144464198499918,0.06996513530611992,0.7028273642063141,0.2839926928281784,0.6971529066562653,0.42137881740927696
753,5174.454612255096,0.34217358179739676,0.05383830840388934,0.09869634956121445,0.2844235897064209,0.056832595417896904,0.0,0.0902341902256012,0.011067061871290206,0.2836274405320485,0.7761309981346131,2.982812814414501,2.5679746866226196,0.10542719066143036,0.1810622662305832,0.02151426114141941,0.0694166049361229,0.7002252638339996,0.2843821495771408,0.764726597070694,0.4195292368531227
754,5181.472170114517,0.3413713233390202,0.05369922046860059,0.09855307241280874,0.28409239451090496,0.05589424471060435,0.0,0.09018963078657787,0.011066301632672549,0.28379345734914146,0.6250008046627045,2.989900441840291,2.57555615901947,0.10496107116341591,0.18093187361955643,0.021565571427345276,0.06971217691898346,0.6993046700954437,0.28459013998508453,0.6113296240568161,0.4193645119667053
755,5188.454957008362,0.3410174947445436,0.053722904870907466,0.09839996496836344,0.2844554841518402,0.05517017642656962,0.0,0.09020198285579681,0.011066708837946256,0.2840331494808197,0.5990975797176361,2.9886243231594563,2.5716512203216553,0.1051631048321724,0.1821957752108574,0.021505563519895077,0.06971702724695206,0.702433168888092,0.28475579619407654,0.6468726545572281,0.4209336116909981
756,5195.4684772491455,0.3414681660127826,0.05369688173135122,0.09852214654286702,0.2842065413792928,0.05673660933971405,0.0,0.09003021468718847,0.011072176260252793,0.2842211922009786,0.7757154742876688,2.977050170302391,2.562748670578003,0.10550546646118164,0.18077438324689865,0.021578621119260788,0.07011684775352478,0.7009333670139313,0.2849341928958893,0.8582095861434936,0.4205835312604904
757,5202.523197174072,0.341747594428792,0.05353266671299935,0.09848009993632635,0.2844348311424255,0.05719835137327512,0.0,0.0901348978281021,0.011082824723174175,0.2843942622343699,0.8246003270149231,2.9778643380850554,2.56243896484375,0.10548758134245872,0.181340791285038,0.021637868136167526,0.07028535008430481,0.7007478773593903,0.2850809097290039,0.8213593780994415,0.42065928876399994
758,5209.600063085556,0.3413745200494304,0.05361532494425773,0.09844391147295634,0.2844713489214579,0.056443132211764654,0.0,0.09010399182637532,0.011070360879724224,0.28460112611452737,0.7532518068949382,2.9841883834451437,2.564215302467346,0.10581571981310844,0.18353261053562164,0.021504614502191544,0.06952666491270065,0.7055680751800537,0.2852261811494827,0.7731366693973541,0.4223107025027275
759,5216.545141220093,0.34243434741316986,0.05357911686102549,0.09860162685314815,0.28432947397232056,0.059076564759016036,0.0,0.08996161023775737,0.011066454509273172,0.28479182918866475,0.9341226319471995,2.974618837237358,2.560637950897217,0.10476744174957275,0.18079858273267746,0.021552450954914093,0.06951048970222473,0.6986161470413208,0.28548043966293335,0.9018447726964951,0.41881856322288513
760,5223.623330116272,0.34129925245651976,0.05350337649385135,0.09835233489672343,0.28435640335083007,0.056545556584994,0.0,0.09012577086687087,0.01106499081167082,0.2849779725074768,0.7430143217245738,2.975246388465166,2.562057614326477,0.10496068745851517,0.18035421520471573,0.021500385366380215,0.06939120590686798,0.69839146733284,0.2856236696243286,0.7654460459947586,0.41858693957328796
761,5230.9257690906525,0.3417133248488729,0.05347967967391014,0.09826272577047349,0.2842864473660787,0.0573296919465065,0.0,0.09017462730407715,0.011063586315140128,0.2851787626743317,0.7494511524836223,2.9732880014926195,2.5604363679885864,0.10486328974366188,0.18020999431610107,0.021511144004762173,0.06964111328125,0.6976265609264374,0.28573648631572723,0.7142268896102906,0.4184543937444687
762,5237.91474199295,0.3409645748945574,0.053474224110444384,0.09850978404283524,0.28464399178822836,0.056139579663674034,0.0,0.0900207261244456,0.01106543825007975,0.28537793159484864,0.6994402428468068,2.9754879157990217,2.5619490146636963,0.10522132739424706,0.18046411871910095,0.02143753133714199,0.06927850097417831,0.7003001570701599,0.28600382804870605,0.6926064640283585,0.41942857950925827
763,5244.949301958084,0.341258713521529,0.05343965838352839,0.09835971643527348,0.2841094473997752,0.05668809140721957,0.0,0.09011228531599044,0.01106426352635026,0.28554362257321675,0.7104342937469482,2.9775792602449656,2.561092972755432,0.1051371581852436,0.1819588541984558,0.021436579525470734,0.0692221112549305,0.7022926211357117,0.28617769479751587,0.6944599121809005,0.42036842182278633
764,5251.935889005661,0.34224896748006967,0.05347394868731499,0.09813076555728913,0.2844765802224477,0.05766999969879786,0.0,0.0903833399216334,0.01106864963658154,0.28573291103045145,0.7905333677927653,2.9777143765240908,2.5614877939224243,0.10506207123398781,0.18184777349233627,0.021352668292820454,0.06932159885764122,0.7020693719387054,0.2863346338272095,0.8076924324035645,0.42035628482699394
765,5258.913802146912,0.3413877563551068,0.053266825278600057,0.09786777247985204,0.28457777500152587,0.056718154499928154,0.0,0.09035533517599106,0.011063447408378124,0.2859019100666046,0.7123472174008687,2.9715563878417015,2.5604969263076782,0.10486961901187897,0.1793123260140419,0.021497344598174095,0.06941637024283409,0.6950176358222961,0.28663457930088043,0.7034949660301208,0.41692518815398216
766,5265.942115068436,0.34142448856146074,0.053273441890875496,0.09803068240483602,0.2848653972148895,0.0572510967652003,0.0,0.090181569258372,0.011069857142865657,0.2861503899097443,0.7693536023298899,2.9679754711687565,2.5508506298065186,0.10440877825021744,0.1824602261185646,0.021589155308902264,0.06946919858455658,0.7026769518852234,0.2869047075510025,0.7873566329479218,0.4208076745271683
767,5272.917752981186,0.34284931869478896,0.05316888764500618,0.09843810747067133,0.28456831773122154,0.05905634562174479,0.0,0.09040775398413341,0.011072439809019367,0.28627501328786215,0.914944589138031,2.9792438820004463,2.5600606203079224,0.10469473898410797,0.18341794610023499,0.021427215076982975,0.07015823945403099,0.7037045359611511,0.2869078367948532,0.9144002079963685,0.42201050743460655
768,5279.942101955414,0.34193338969295534,0.053073108196258545,0.09852388004461925,0.2846387465794881,0.05826009536782901,0.0,0.09017146676778794,0.011076563643291593,0.2865148663520813,0.912354310353597,2.96327930316329,2.5496851205825806,0.10538115352392197,0.18045180290937424,0.021608044393360615,0.06964423134922981,0.6964111924171448,0.28730347752571106,0.889277172088623,0.4178498275578022
769,5286.896665096283,0.34323051903629676,0.053069498389959335,0.0980835348367691,0.28468893965085346,0.05989409039417903,0.0,0.09052169869343439,0.01106611400221785,0.28673030535380045,0.9757648388544718,2.968358002603054,2.552357792854309,0.10432757437229156,0.1819182112812996,0.021506321616470814,0.06926106289029121,0.6998448073863983,0.28736013174057007,0.991840660572052,0.41918346658349037
770,5293.884466171265,0.34249617032667934,0.052933078010876974,0.09816866964101792,0.28490704894065855,0.05978738591074943,0.0,0.09021683732668559,0.011071229462201397,0.2868859628836314,0.9676149646441142,2.9555601868778467,2.542676568031311,0.10456963256001472,0.18029940128326416,0.021581055596470833,0.0698077529668808,0.6961023807525635,0.28756457567214966,0.9532286822795868,0.41785894334316254
771,5300.873962163925,0.3433366034994833,0.052948086460431414,0.09800496995449066,0.2845807015895844,0.06076447765032451,0.0,0.09044270565112432,0.011068750700602929,0.28706928292910255,0.965507980187734,2.970737712457776,2.553155303001404,0.10450482740998268,0.18266499787569046,0.02144892606884241,0.06990772485733032,0.7030813992023468,0.28772467374801636,0.9872784674167633,0.4214484244585037
772,5307.946686267853,0.34085561816464177,0.05281854768594106,0.09757656455039979,0.2847472767035166,0.056550933669010796,0.0,0.09041890452305476,0.011071879401182134,0.2872645954291026,0.6961399594942729,2.9529569521546364,2.5412105321884155,0.10363604128360748,0.17996419966220856,0.02155310194939375,0.0695856474339962,0.6983539164066315,0.28800345957279205,0.5923296630382537,0.41876260563731194
773,5315.053300142288,0.3406481571088079,0.05276703188816707,0.09747948994239171,0.2853361090024312,0.05567419057091077,0.0,0.09055567234754562,0.011062209215015172,0.28743684689203897,0.6457699656486511,2.9599482472985983,2.5453574657440186,0.10409204289317131,0.18127238005399704,0.02144477888941765,0.06928036361932755,0.6989801526069641,0.2880786210298538,0.662307721376419,0.4187704399228096
774,5322.178370952606,0.341910306145049,0.052768637984991075,0.09755813429752985,0.28490025997161866,0.05788324152429899,0.0,0.0906329462925593,0.011100427775333325,0.28767409920692444,0.8566188136736552,2.9551563821733,2.5395431518554688,0.10360028594732285,0.1819065436720848,0.021688961423933506,0.07064778357744217,0.7027697861194611,0.28843383491039276,0.8619260489940643,0.4220326766371727
775,5329.176778316498,0.34093556919251566,0.05264747863014539,0.09727339694897334,0.28487679759661355,0.05759393845995267,0.0,0.0903533712029457,0.011066682590171694,0.28783924380938214,0.8004171967506408,2.9534090105444193,2.5406004190444946,0.10479636862874031,0.18020520359277725,0.021450014784932137,0.06965519487857819,0.6977806389331818,0.2884642332792282,0.7960892975330353,0.41854551434516907
776,5336.124271154404,0.3421711227526733,0.05267737135291099,0.09782250672578811,0.284368105729421,0.05998306423425674,0.0,0.0902471512556076,0.01106566896972557,0.2879924019177755,1.0431947787602742,2.96006284840405,2.5468817949295044,0.10445931926369667,0.18047569692134857,0.021519319154322147,0.0692657083272934,0.7004034519195557,0.2886802405118942,1.0063190817832948,0.41946743428707123
777,5343.162937164307,0.3411958757865553,0.05257622202237447,0.0975336934129397,0.2850303928057353,0.05875566601753235,0.0,0.09015533675750097,0.011075061575199167,0.2882129967212677,0.8847867131233216,2.944389658048749,2.5335925817489624,0.10424507036805153,0.1793372705578804,0.02159096859395504,0.07001591846346855,0.6960762739181519,0.28890107572078705,0.8413436651229859,0.4180540554225445
778,5350.253949165344,0.34241901292310406,0.052601665755112964,0.09784158517916998,0.28535584211349485,0.05916040341059367,0.0,0.09055937429269155,0.011080155366410811,0.288388725121816,0.8839488903681437,2.9554360024631023,2.537118673324585,0.10551371425390244,0.18278023600578308,0.021345891058444977,0.06958711892366409,0.705245316028595,0.2889697253704071,0.8729396045207978,0.4222097769379616
779,5357.176166057587,0.34204143021488564,0.052543117602666216,0.09825161645809809,0.2853062907854716,0.05768973901867867,0.0,0.0906678060690562,0.01107597528025508,0.288534939289093,0.7319714188575744,2.954709056764841,2.540838837623596,0.10408637672662735,0.1809135153889656,0.021501517854630947,0.06995665282011032,0.6995290517807007,0.28920118510723114,0.7116083979606629,0.41972117871046066
780,5364.155399084091,0.3407582540802347,0.05248134334882101,0.09778290838003159,0.28492159048716226,0.056525671978791554,0.0,0.09048530211051305,0.011065714076782267,0.28873996138572694,0.6947128057479859,2.9471460301429033,2.5351696014404297,0.10423672571778297,0.17992903292179108,0.021527903154492378,0.06932620704174042,0.6981054246425629,0.28942185640335083,0.7115283250808716,0.41837891936302185
781,5370.9938180446625,0.34138811780527856,0.05238991280396779,0.09740095237890879,0.2847032109896342,0.05740361486872037,0.0,0.09073243091503778,0.011071585615475972,0.288905922571818,0.7603599349657695,2.950701668858528,2.5343449115753174,0.10403013229370117,0.18217084556818008,0.021382044069468975,0.06931294873356819,0.7023369371891022,0.2895882725715637,0.7089845836162567,0.4204814173281193
782,5377.942240953445,0.3413644254246416,0.052429427454868956,0.09705772896607717,0.2846406638622284,0.05797539303700129,0.0,0.09064556807279586,0.011088231795777876,0.2891133348147074,0.8361698865890503,2.9428519420325756,2.5327261686325073,0.10309713333845139,0.1792886033654213,0.021656055003404617,0.06999041140079498,0.6966213285923004,0.2898414134979248,0.8062588095664978,0.4183010756969452
783,5384.9166440963745,0.3411256258589371,0.05228825708230336,0.09677443653345108,0.2848800818125407,0.05817526330550512,0.0,0.09060722043116888,0.011067141592502595,0.2892977933088938,0.8308261156082153,2.9499014895409346,2.534650683403015,0.10344856604933739,0.18176326155662537,0.021499086171388626,0.07024666666984558,0.7016778588294983,0.289946049451828,0.8018715083599091,0.4210855960845947
784,5391.876016139984,0.3402295757259708,0.05216597070296605,0.0968101367354393,0.28537273009618125,0.056918769826491675,0.0,0.09050096571445465,0.011066303153832753,0.28947791854540506,0.7037002444267273,2.945039551705122,2.5319161415100098,0.1036677286028862,0.18064477294683456,0.021577563136816025,0.06942170485854149,0.7006236910820007,0.29013364017009735,0.6619892477989197,0.41973355039954185
785,5398.909476995468,0.3395715595824489,0.052113110323747,0.09664413730303446,0.28483169873555503,0.05560108746091525,0.0,0.0905964806675911,0.011064715341975291,0.2896590153376261,0.6124253431955974,2.945933183655143,2.5304553508758545,0.10341287776827812,0.18188569694757462,0.02152178715914488,0.06916118413209915,0.7009401917457581,0.2903688848018646,0.6179551124572754,0.4196312800049782
786,5405.931450128555,0.34062168483894006,0.05212792605161667,0.09713273843129476,0.28467676440874734,0.05701688826084137,0.0,0.09064562420050302,0.011066799455632766,0.28986653685569763,0.6727351784706116,2.9410834442824125,2.528025269508362,0.10418718680739403,0.18048229068517685,0.02138904668390751,0.06906440109014511,0.6993054449558258,0.2905404269695282,0.6582919180393219,0.418717123568058
787,5412.89829492569,0.34072336337994785,0.05202650626500448,0.09748024841149648,0.2846653421719869,0.057557443032662074,0.0,0.09052376796801885,0.011092932770649593,0.2900271813074748,0.8388000965118408,2.9388848394155502,2.5247740745544434,0.10300558805465698,0.1813039854168892,0.02163731027394533,0.07056489586830139,0.7002067267894745,0.29078228771686554,0.8950885713100434,0.42066825926303864
788,5419.876874923706,0.34097608583203204,0.05197352940837542,0.09672575990358988,0.28464242617289226,0.05827854350209236,0.0,0.09068848590056101,0.011061247810721398,0.29022292494773866,0.9251783927281697,2.935695856809616,2.525547981262207,0.10351821780204773,0.1791943833231926,0.021597741171717644,0.0707898959517479,0.697017252445221,0.29092948138713837,0.8901661157608032,0.41929852217435837
789,5426.929855108261,0.34166342569709135,0.05197052583098412,0.09682565480470658,0.2846579988797506,0.05884193902214368,0.0,0.09086641718943914,0.011069771150747936,0.2903968612353007,0.8978230079015096,2.933031525462866,2.522500991821289,0.10282706469297409,0.17955850064754486,0.02149273455142975,0.0692916214466095,0.696617603302002,0.29104579985141754,0.8233431816101074,0.4176004230976105
790,5433.934792041779,0.34101566809307166,0.05194414754708608,0.09696290691693624,0.2847550868988037,0.05804245894153913,0.0,0.0907172605395317,0.011058736545965075,0.2905849595864614,0.7747552355130514,2.9469978753477335,2.531026244163513,0.10345648601651192,0.18212169408798218,0.02147042565047741,0.06931820884346962,0.7036031186580658,0.2911825031042099,0.7420467436313629,0.4211197681725025
791,5440.87512421608,0.3402686530898791,0.05194554751118024,0.09730925709009171,0.2849722425142924,0.05693853422999382,0.0,0.09052141904830932,0.011060968895132342,0.29075878659884136,0.7503373026847839,2.9406984075903893,2.5291682481765747,0.1046590656042099,0.1796003133058548,0.021481015719473362,0.06937306374311447,0.6993530094623566,0.2912967950105667,0.7596623301506042,0.41904956847429276
792,5447.854406118393,0.3422529985390914,0.052113531778256096,0.09735362827777863,0.2850867251555125,0.05852419038613637,0.0,0.09101646393537521,0.011059714046617349,0.2909093956152598,0.815773586432139,2.934149142354727,2.522940993309021,0.1048518642783165,0.17939110845327377,0.021442951634526253,0.06923625245690346,0.6965068578720093,0.291431188583374,0.8823719263076782,0.4174896813929081
793,5454.83908700943,0.3421892641189819,0.05203443119923274,0.0977009912331899,0.2847731292247772,0.05899468685189883,0.0,0.09083486249049505,0.011066362339382371,0.2910853942235311,0.8516139507293701,2.9368142262101173,2.526385188102722,0.10394565761089325,0.17922810465097427,0.021472829394042492,0.06934333965182304,0.696789562702179,0.29167206585407257,0.859738701581955,0.4177381210029125
794,5461.827866077423,0.3405579680208272,0.05179991448918978,0.09706580589214961,0.28541356325149536,0.0564618282020092,0.0,0.09089712699254354,0.011057511453206341,0.2913280685742696,0.656089981396993,2.9331896416842937,2.5220917463302612,0.10361205786466599,0.17964593321084976,0.02150480728596449,0.06934082880616188,0.6991486847400665,0.2918992340564728,0.6268052697181702,0.41891517117619514
795,5468.885274171829,0.34044143845094366,0.05181154484550158,0.09693386902411778,0.28477157950401305,0.05616913661360741,0.0,0.09097083707650502,0.011063746735453605,0.2914854605992635,0.5755059679349264,2.925329938530922,2.517151713371277,0.10270923376083374,0.1784118041396141,0.02154150791466236,0.06962817907333374,0.6962753534317017,0.29209135472774506,0.5886279851198196,0.41776585578918457
796,5475.867342948914,0.3397932746719258,0.051757783194382984,0.09651447584231694,0.2846818268299103,0.055945381273825964,0.0,0.09083925187587738,0.011059157100195687,0.2916518529256185,0.5876586139202118,2.9347102995961905,2.520739436149597,0.10276390239596367,0.18129445612430573,0.021542965434491634,0.06933130323886871,0.7011984884738922,0.29223474860191345,0.619262519478798,0.4199305474758148
797,5482.807199954987,0.3402179895628554,0.051693711429834366,0.09649847646554312,0.2850682298342387,0.05617649331688881,0.0,0.09101049453020096,0.011059879014889399,0.29187288681666057,0.644052243232727,2.925297662615776,2.517536759376526,0.1032659113407135,0.17806397378444672,0.021450450643897057,0.0690404400229454,0.6955084800720215,0.2924436032772064,0.6314071536064148,0.41679468005895615
798,5489.751442193985,0.3404882161063142,0.051632955422004065,0.09676811297734579,0.28415350516637167,0.05737667183081309,0.0,0.09085441877444585,0.011057871875042717,0.2920142710208893,0.733386242389679,2.931012399494648,2.5201035737991333,0.10271789133548737,0.1797749400138855,0.021451270207762718,0.06928564608097076,0.69770148396492,0.292614683508873,0.7573992013931274,0.4181363880634308
799,5496.736974954605,0.3419035206432454,0.05161128143469493,0.09703480303287507,0.2848553677399953,0.05906691700220108,0.0,0.09104844977458318,0.011059595240900914,0.2921866854031881,0.8465911944707235,2.928984746336937,2.5152667760849,0.10393387079238892,0.1808755174279213,0.021404411643743515,0.06901988759636879,0.702849417924881,0.29267822206020355,0.8648709833621979,0.4204445965588093
800,5504.009262084961,0.3422383232992919,0.05160036906599998,0.09762622117996216,0.2856130480766296,0.059417571127414706,0.0,0.09094745218753815,0.011065670661628247,0.2923487981160482,0.9229416449864706,2.9313756600022316,2.5172393321990967,0.1042180210351944,0.18101365864276886,0.021363556385040283,0.06921602785587311,0.7019424736499786,0.2929285913705826,0.9235891819000244,0.4201872646808624
801,5511.010940074921,0.34066240895384303,0.051508780320485434,0.09737692922353744,0.28471258481343586,0.057248615225156146,0.0,0.09085534115632375,0.0110594366521885,0.2925290803114573,0.7814273993174236,2.9203646071255207,2.5111016035079956,0.10289347916841507,0.17890813201665878,0.021520347334444523,0.06930790096521378,0.6987518966197968,0.29325270652770996,0.7746823072433472,0.41868384927511215
802,5517.935797214508,0.34150442976970224,0.05143310849865278,0.09691406240065893,0.28547612627347313,0.059033149977525075,0.0,0.09094549616177877,0.0110607142560184,0.292736546198527,0.9211263597011566,2.9222721606492996,2.5112239122390747,0.10279512405395508,0.1798253431916237,0.02160688117146492,0.06917732581496239,0.6973671019077301,0.29344412684440613,0.9067666321992874,0.41786087676882744
803,5524.845300197601,0.3399894402071368,0.05141323481996854,0.09668685247500737,0.2847771962483724,0.05653915156920751,0.0,0.09091250101725261,0.011069883949433763,0.29291520118713377,0.6593152105808258,2.9190225303173065,2.5093369483947754,0.10269990563392639,0.17916781455278397,0.021411492489278316,0.06922200322151184,0.6981091201305389,0.2934790104627609,0.6478829354047775,0.4182765632867813
804,5531.828490972519,0.3398511106594621,0.05136850774288178,0.097300985455513,0.28476518789927163,0.055682269483804704,0.0,0.09092777868111929,0.01105932667851448,0.2930668393770854,0.6341712812582652,2.924230730161071,2.51121985912323,0.10361073538661003,0.1806027516722679,0.0215214928612113,0.06915446743369102,0.7010675370693207,0.29366715252399445,0.6749148577451706,0.41968823596835136
805,5538.753525972366,0.33991233415436,0.05130798468987147,0.09715737650791804,0.2849551935990651,0.05637733365098636,0.0,0.09084109713633855,0.011061893636360764,0.293250701824824,0.7081301788489024,2.9210371915251017,2.511101245880127,0.10265256837010384,0.1793048307299614,0.02144021075218916,0.06902213394641876,0.6980831921100616,0.293839231133461,0.6963671535253525,0.4180637300014496
806,5545.698700904846,0.34061842669228404,0.051383639127016066,0.09650385280450186,0.2856923778851827,0.05728903909524282,0.0,0.09105392744143805,0.011074980224172274,0.29341899951299033,0.7764033039410909,2.9159506391733885,2.505853295326233,0.10199835523962975,0.17954908311367035,0.021584851667284966,0.06979383155703545,0.6996666491031647,0.2941789776086807,0.8361542820930481,0.4196271561086178
807,5552.612128019333,0.33992524579322586,0.05112816542387009,0.09646897415320078,0.28465286691983543,0.05740536575516065,0.0,0.09086769322554271,0.011061577452346682,0.29363910953203837,0.767367176214854,2.9215849731117487,2.5100085735321045,0.10300566628575325,0.1800367832183838,0.021469752304255962,0.06900328397750854,0.6999891400337219,0.29422467947006226,0.795771187543869,0.4189978539943695
808,5559.607126951218,0.3393849771198196,0.051229679087797804,0.09655484706163406,0.2849610050519307,0.05651490439971288,0.0,0.09073241005341212,0.011063357380529245,0.2937893370787303,0.7317909638086955,2.9177238047122955,2.5074881315231323,0.10378077626228333,0.17917264252901077,0.021599599160254,0.06930932402610779,0.6988285481929779,0.2944347560405731,0.7253614842891694,0.41872359812259674
809,5566.578117132187,0.3402893463751146,0.0512039452791214,0.0968482181429863,0.2852569619814555,0.05708262224992116,0.0,0.0909677599867185,0.011058422767867645,0.2939743896325429,0.7260953287283579,2.9246891494840384,2.511334180831909,0.10286847874522209,0.18096036463975906,0.021604184061288834,0.06918284669518471,0.7042414844036102,0.2945118844509125,0.7196678847074509,0.4213035888969898
810,5573.472877025604,0.339875183205974,0.051112309594949085,0.09628521551688513,0.28517619967460633,0.05650426298379898,0.0,0.09109596411387126,0.011057242091434697,0.29416232705116274,0.6337090651194255,2.9120854642242193,2.4996535778045654,0.10208768770098686,0.18069402128458023,0.021493244916200638,0.06915587186813354,0.7009807229042053,0.29487374424934387,0.6578387975692749,0.4196462333202362
811,5580.427525997162,0.33916501991528397,0.05103050445516904,0.09583554416894913,0.28573002219200133,0.05719111114740372,0.0,0.09069462666908899,0.01105955479045709,0.2943696856498718,0.6779280145963033,2.913109755143523,2.5017659664154053,0.10121194645762444,0.18036890774965286,0.021481466479599476,0.06909553706645966,0.7000401616096497,0.2951706647872925,0.6733301222324372,0.4191156178712845
812,5587.503351926804,0.33979053935036063,0.05104940061767896,0.09613332450389862,0.28554845253626504,0.057044329742590584,0.0,0.09096936384836833,0.01105826001924773,0.294544651110967,0.7391693512598674,2.9147336687892675,2.504153609275818,0.10215670987963676,0.17975085228681564,0.02152134384959936,0.06903261318802834,0.6988398432731628,0.29523803293704987,0.8091980874538421,0.41845253482460976
813,5594.524159193039,0.33970726989985756,0.05101085727413495,0.09592990030845007,0.28570278684298195,0.05675050492088,0.0,0.09106295009454092,0.011066877640162905,0.29464420676231384,0.7158989131450653,2.904620360583067,2.4894455671310425,0.10243367403745651,0.1819789782166481,0.02136418130248785,0.06919318065047264,0.7033955752849579,0.29536324739456177,0.7785831391811371,0.4208909682929516
814,5601.455981016159,0.3393583929302016,0.05102470889687538,0.09585922559102376,0.28548107743263246,0.05723573664824168,0.0,0.09078888992468516,0.011068758011485139,0.2948121170202891,0.7532209555308024,2.90145580843091,2.4925572872161865,0.10108325630426407,0.17917844653129578,0.0215145880356431,0.06982043385505676,0.6980549097061157,0.2956072837114334,0.7505394160747528,0.4188478887081146
815,5608.513591051102,0.3399038485852846,0.05095180496573448,0.09561862448851267,0.28522396087646484,0.058093061298131944,0.0,0.09095732520023982,0.011061020304138462,0.2949625094731649,0.8106085181236267,2.9021467491984367,2.4904717206954956,0.10206364095211029,0.180321604013443,0.021443529054522514,0.06925703585147858,0.6989865601062775,0.29563674330711365,0.8690463900566101,0.4187503159046173
816,5615.520448923111,0.3399421316028262,0.050818287581205365,0.0955256054798762,0.28575718800226846,0.05845587948958079,0.0,0.09094933718442917,0.011058039683848619,0.295290203889211,0.853623362382253,2.9017977360635996,2.496001124382019,0.1016906090080738,0.17747565358877182,0.02150028385221958,0.06939374655485153,0.6943163871765137,0.29597726464271545,0.9108947515487671,0.41655194014310837
817,5622.605710983276,0.34284649496742836,0.050892101228237153,0.09544004748264949,0.28601105014483136,0.06279669006665548,0.0,0.09128776043653489,0.011062641876439254,0.2954322338104248,1.2109497308731079,2.8902025502175093,2.4807716608047485,0.10110786184668541,0.17943847924470901,0.02137824986129999,0.06884722784161568,0.6980563104152679,0.29616792500019073,1.1763709425926208,0.41787538304924965
818,5629.693384170532,0.3415902737081827,0.050657570858796436,0.09523485451936722,0.2857685585816701,0.06081128666798274,0.0,0.09133624682823817,0.011068551211307447,0.29560758272806803,0.9637589295705159,2.894249117001891,2.4854894876480103,0.10115621611475945,0.17909076064825058,0.021324477158486843,0.06905233487486839,0.6974917650222778,0.2962390184402466,0.9430163323879241,0.4177982173860073
819,5636.677999019623,0.3391624572997292,0.05068965181708336,0.0949030210574468,0.2860033671061198,0.057156044493118924,0.0,0.09109192689259847,0.011060550762340426,0.2957585712273916,0.709773063659668,2.8951601777225733,2.485303282737732,0.10076825693249702,0.17973638325929642,0.021566694602370262,0.06909368187189102,0.6976189017295837,0.29664021730422974,0.6815419495105743,0.4179031327366829
820,5643.585223197937,0.33921539166670606,0.05050872216622035,0.09471396754185359,0.28648947676022846,0.05764332463343938,0.0,0.09110988279183706,0.011062070494517684,0.296025824546814,0.7358110348383585,2.889759339392185,2.4841448068618774,0.10078306496143341,0.17761150002479553,0.021560256369411945,0.06903937086462975,0.6946979463100433,0.2967143952846527,0.7474339485168457,0.4163883440196514
821,5650.675250053406,0.33986812688914747,0.050525147716204324,0.09544817358255386,0.2861988067626953,0.05848915427923203,0.0,0.091047569612662,0.011061976446459692,0.2961338996887207,0.8192914287249248,2.896209839731455,2.486889600753784,0.1010727658867836,0.17939192801713943,0.021455880254507065,0.06889542937278748,0.6981512904167175,0.29680362343788147,0.8547963201999664,0.41797107458114624
822,5657.71440410614,0.33893185696797445,0.05063600738843282,0.09497227172056834,0.28569934169451394,0.05734591260552406,0.0,0.09095348517100016,0.011065670801326633,0.2963247080643972,0.8386813759803772,2.8914968594908714,2.48226797580719,0.10127304494380951,0.17929618060588837,0.02159579750150442,0.06938822567462921,0.6972444355487823,0.29711054265499115,0.7657416999340058,0.4180104434490204
823,5664.719146966934,0.34039112770115026,0.05045348008473714,0.09496694803237915,0.2856184681256612,0.059825789431730905,0.0,0.09116049706935883,0.011056240151325862,0.29654367367426554,0.9160139997800191,2.8955154959112406,2.4867037534713745,0.10146330669522285,0.17904004454612732,0.021557433530688286,0.06911370903253555,0.6963386833667755,0.2972249388694763,0.99177685379982,0.4172830507159233
824,5671.671814203262,0.3400942704291083,0.05047646835446358,0.09500674108664195,0.2861559331417084,0.05892189095417658,0.0,0.09118895828723908,0.011066496729229887,0.29668159087498985,0.9204430898030599,2.884215023368597,2.477034091949463,0.10111071914434433,0.178312785923481,0.02144771348685026,0.0691288448870182,0.6967907547950745,0.29736141860485077,0.9531891584396363,0.41752422228455544
825,5678.584650993347,0.33883613141952085,0.05032213901480039,0.09474376887083054,0.28656712373097737,0.057485028107961016,0.0,0.09104204128185908,0.011058660643175244,0.29686127305030824,0.7951692640781403,2.8829053603112698,2.4752453565597534,0.10098882764577866,0.1785827949643135,0.021491440013051033,0.06891007721424103,0.6969860196113586,0.29750825464725494,0.7749375909566879,0.41740308701992035
826,5685.602067232132,0.33877633246981226,0.050275241335233055,0.09470585137605667,0.2857049266497294,0.05784820343057315,0.0,0.09099765866994858,0.011055020987987519,0.2970258812109629,0.8257915854454041,2.8905359264463186,2.47917103767395,0.10051168128848076,0.18055452406406403,0.021551061421632767,0.06908800452947617,0.7003989517688751,0.2977324575185776,0.8162097156047821,0.4192874804139137
827,5692.596181154251,0.3388152616816418,0.050225969900687534,0.09436451146999995,0.2857510725657145,0.058485855162143704,0.0,0.09096545726060867,0.011053897844006618,0.29723030924797056,0.8987536827723185,2.883320653811097,2.4731630086898804,0.10049765184521675,0.1799544095993042,0.021572234109044075,0.06914801895618439,0.7001955807209015,0.2978218048810959,0.9518046677112579,0.41924580931663513
828,5699.780860185623,0.3382428819371853,0.05023327246308327,0.0942896381020546,0.28653244574864706,0.056403219451506934,0.0,0.09117586960395177,0.011054644190395872,0.29739062388737997,0.7083749830722809,2.8808469008654356,2.4727349281311035,0.10068449005484581,0.1788848638534546,0.021522976458072662,0.06919863820075989,0.697291225194931,0.29805344343185425,0.6803895086050034,0.4178442507982254
829,5706.784930944443,0.3377150399358167,0.05008173684279124,0.09445351958274842,0.286200088262558,0.056372470160325365,0.0,0.090970741212368,0.01105878894838194,0.2975162208080292,0.6962967097759247,2.8835675437003374,2.475417733192444,0.10110664740204811,0.17879824340343475,0.021432059817016125,0.06898381561040878,0.6977344453334808,0.29813238978385925,0.6813274055719376,0.4178510382771492
830,5713.788837194443,0.3385347298210642,0.05011047720909119,0.09478390067815781,0.28571692705154417,0.05662991801897685,0.0,0.09124374488989512,0.011054416994253795,0.29769644935925804,0.7666214982668559,2.881664926186204,2.473191738128662,0.10031600669026375,0.179157592356205,0.02149119134992361,0.06886890903115273,0.6962433159351349,0.29839983582496643,0.7923376202583313,0.41699056699872017
831,5720.722989082336,0.3386875847626167,0.05013412783543269,0.0946287711461385,0.2861363132794698,0.057167407621939975,0.0,0.09119113832712174,0.011063065178071459,0.2978780925273895,0.8520924170811971,2.88152245990932,2.4746150970458984,0.10044720396399498,0.17834188044071198,0.021398212760686874,0.0687086172401905,0.6975369155406952,0.2984899431467056,0.8702494382858277,0.4174770750105381
832,5727.737024307251,0.33830949433225516,0.05007376124461492,0.09460824181636175,0.2857564906279246,0.056572999060153964,0.0,0.09120464821656545,0.011067791795358061,0.29800190130869547,0.7622418125470479,2.8825896196067333,2.474647283554077,0.10101815313100815,0.17871662974357605,0.02143311034888029,0.06939247995615005,0.6965279579162598,0.29879388213157654,0.7417307257652282,0.41765645891427994
833,5734.688341140747,0.33812069073707485,0.05001036350925763,0.09453914264837901,0.28637704650561013,0.057258969793717064,0.0,0.09095768332481384,0.011054666123042504,0.29826345046361286,0.7920580188433329,2.8834686782211065,2.4751886129379272,0.10124121233820915,0.17882972955703735,0.02148454077541828,0.0692049153149128,0.6971506178379059,0.2989444434642792,0.7162834048271179,0.41778022423386574
834,5741.720727920532,0.33740074498346073,0.0499734620253245,0.09441841592391333,0.2858254889647166,0.0560644360880057,0.0,0.09097230235735575,0.011058009757349888,0.2984714647134145,0.6028419931729635,2.874239318072796,2.4704067707061768,0.10060502588748932,0.17676501721143723,0.021585200913250446,0.06904652714729309,0.6942300498485565,0.29919102787971497,0.626695591211319,0.41616155207157135
835,5748.705024957657,0.3381992936231351,0.04994227588176727,0.0943931018312772,0.2865920742352804,0.05641106317440669,0.0,0.091268556813399,0.011057429512341817,0.2986417651176453,0.6561044851938883,2.880512623116374,2.471405267715454,0.10081740841269493,0.17934932559728622,0.021505063399672508,0.06928062438964844,0.6985516548156738,0.2992940843105316,0.668985265493393,0.41855645179748535
836,5755.688642024994,0.33785316795692777,0.05000926256179809,0.09465081691741943,0.28613200585047405,0.056429611643155415,0.0,0.0910159279902776,0.011057551903650164,0.29881922602653505,0.7320738673210144,2.869752548635006,2.4664386510849,0.10064788162708282,0.17649497836828232,0.02152787148952484,0.0690094456076622,0.69231116771698,0.299392431974411,0.7322487354278564,0.4151650294661522
837,5762.646110057831,0.3375564348437668,0.049827580650647484,0.0942907859881719,0.28679051200548805,0.0559779092669487,0.0,0.09112857182820638,0.011055410684396824,0.2989351153373718,0.6682607213656108,2.872515032067895,2.4673948287963867,0.10052313283085823,0.17742931842803955,0.02156313695013523,0.06884684413671494,0.6943910717964172,0.299663782119751,0.6776203811168671,0.41604238003492355
838,5769.607498168945,0.33747655315867936,0.04988340338071187,0.09462463855743408,0.28637770414352415,0.05576699102918307,0.0,0.0910481184720993,0.01108885183930397,0.29907508492469786,0.6764779210090637,2.8679814878851175,2.46096408367157,0.10039551928639412,0.17840982228517532,0.021326459012925625,0.07043146714568138,0.6966961622238159,0.2996424436569214,0.6884797930717468,0.41877954825758934
839,5776.545144081116,0.33705437774187885,0.049692876636981964,0.09432535966237386,0.2867177406946818,0.055760882794857025,0.0,0.09099420259396235,0.011054673930630088,0.2993148942788442,0.700124462445577,2.862257242202759,2.4582239389419556,0.09973645210266113,0.17708253860473633,0.021524681709706783,0.0689375028014183,0.6942930221557617,0.29996995627880096,0.6907396465539932,0.41608401387929916
840,5783.491086006165,0.33863705380354076,0.049851543456316,0.094842000802358,0.28599130908648174,0.05801696876684825,0.0,0.09104847560326258,0.011066276192044219,0.2995434065659841,0.8365140597025553,2.860487164929509,2.4578840732574463,0.10068351402878761,0.17613066732883453,0.021605385467410088,0.07035323232412338,0.6937716603279114,0.300321564078331,0.8641295194625854,0.41723906248807907
841,5790.408575296402,0.3397785528330132,0.04988005186120669,0.09540745814641317,0.2866283337275187,0.058764782796303434,0.0,0.09124544064203897,0.011057756468653679,0.2997775594393412,0.8794528126716614,2.8716635312885046,2.4629703760147095,0.10194454714655876,0.17886044085025787,0.021642529405653477,0.07048320770263672,0.6968542635440826,0.3002215325832367,0.8633202075958252,0.41891033947467804
842,5797.575362920761,0.3385603500083865,0.049857229987780256,0.09576731324195861,0.28645031253496805,0.05705041289329529,0.0,0.09099547763665518,0.011055139654005567,0.2999047299226125,0.6912568767865499,2.8740365337580442,2.4677040576934814,0.10194557532668114,0.17767984420061111,0.02157173492014408,0.06900513917207718,0.6938163340091705,0.300457239151001,0.681606775522232,0.41591330617666245
843,5804.605663299561,0.3384767413760225,0.04975049396355947,0.09541163742542266,0.28638574481010437,0.05703935871521632,0.0,0.09110189427932104,0.011055900016799569,0.2999897480010986,0.7570957978566487,2.862700382247567,2.45609450340271,0.10053392127156258,0.17816945910453796,0.021442417055368423,0.06860994920134544,0.6965323686599731,0.3006592392921448,0.7071336448192597,0.416876133531332
844,5811.603204965591,0.33783719249574157,0.04947747066617012,0.09408271759748459,0.28621805310249326,0.058222880214452745,0.0,0.09096332341432571,0.01105646970681846,0.300111053387324,0.8628571192423503,2.867937156930566,2.46118426322937,0.10035483911633492,0.17828773707151413,0.021348937414586544,0.06865417212247849,0.6947792768478394,0.30073486268520355,0.9542370796203613,0.41604381054639816
845,5818.579337120056,0.33727106131458034,0.049424402167399725,0.0942052960395813,0.28593587478001914,0.05680940896272659,0.0,0.09104376484950384,0.011054586588094632,0.3002803802490234,0.7817649046579996,2.8575074654072523,2.4503473043441772,0.10129060968756676,0.17825742810964584,0.021459870040416718,0.06909152492880821,0.6961104571819305,0.3009772002696991,0.7783871948719024,0.4171467535197735
846,5825.574374198914,0.33820349113278403,0.04950610076387723,0.09497200002272924,0.2867019494374593,0.05823697596788406,0.0,0.09088197102149327,0.011058431731847425,0.30046788056691487,0.8067429820696513,2.8561355508863926,2.453211784362793,0.10087395459413528,0.176243394613266,0.021394134499132633,0.06884347274899483,0.6938077807426453,0.30096930265426636,0.809827184677124,0.41574736312031746
847,5832.469661235809,0.33886437107964107,0.04965474878748258,0.09534074862798055,0.286921497186025,0.057852615416049954,0.0,0.09113093217213948,0.011059514960894983,0.3006786564985911,0.7999813596407572,2.865304807201028,2.4593862295150757,0.10133977606892586,0.17762434482574463,0.021489192731678486,0.06920893490314484,0.6977157294750214,0.30132724344730377,0.7673830986022949,0.4180667996406555
848,5839.400692224503,0.3381241248707132,0.049576530357201894,0.09515916556119919,0.28668973048528035,0.056586830566326775,0.0,0.09117394636074702,0.011051552820329864,0.3008862872918447,0.6243836184342703,2.8608435168862343,2.456962823867798,0.10131670534610748,0.17661117017269135,0.021497782319784164,0.06889292597770691,0.6952580809593201,0.3012479096651077,0.6241371303796768,0.41652196645736694
849,5846.344159126282,0.3372375181352254,0.04958803355693817,0.09477931708097458,0.28619686563809715,0.05622832824786504,0.0,0.09093338201443354,0.011061423636662463,0.3010301113128662,0.7137941598892212,2.8605881817638874,2.4564608335494995,0.10047919303178787,0.17694387584924698,0.02160005271434784,0.06896680220961571,0.6951774954795837,0.30174019932746887,0.6874220669269562,0.4165555499494076
850,5853.231453180313,0.3383240020019002,0.04947761024037997,0.09490778744220733,0.2868530809879303,0.057011281202236815,0.0,0.09127028435468673,0.011073188949376344,0.30116536815961203,0.7314545094966889,2.8660862129181623,2.4586355686187744,0.10204514488577843,0.17821403592824936,0.021462826058268547,0.070778988301754,0.697885125875473,0.30164696276187897,0.724343454837799,0.4197215512394905
851,5860.214859008789,0.3384102998378997,0.049452138940493266,0.0951404849688212,0.28689730366071065,0.05827342222134272,0.0,0.09095099667708079,0.011063236308594545,0.301391871770223,0.907580562432607,2.8638315349817276,2.457067847251892,0.10051310062408447,0.17825356870889664,0.02157765068113804,0.06949615478515625,0.6991094648838043,0.3019556254148483,0.95402792096138,0.4190508872270584
852,5867.140047073364,0.3374207053993208,0.049373840789000194,0.0946971873442332,0.2865730384985606,0.057151617606480916,0.0,0.09090293149153392,0.011061942235877116,0.30149636467297874,0.763787700732549,2.8560147304087877,2.450652599334717,0.10020509734749794,0.17762979120016098,0.021557850763201714,0.07082128524780273,0.6989079117774963,0.30224446952342987,0.7746768325567246,0.4202752411365509
853,5874.087897062302,0.33913897663587705,0.04939661001165708,0.09482777118682861,0.2864231805006663,0.058769866327444714,0.0,0.0913214494784673,0.01105552134104073,0.3017209192117055,0.9205660820007324,2.8488872200250626,2.446184515953064,0.10028594732284546,0.17627986520528793,0.021472826600074768,0.06931876763701439,0.6916751265525818,0.3022128492593765,0.9462117075920105,0.4151563309133053
854,5881.052411079407,0.33803766344014247,0.04926559949914614,0.09476301819086075,0.28667179743448895,0.05690153191486994,0.0,0.09130639334519704,0.011065480889131625,0.30189051826794944,0.7525143543879191,2.8554040025919676,2.4497393369674683,0.10070556029677391,0.17765594273805618,0.021394405514001846,0.07004032656550407,0.6986112296581268,0.302351251244545,0.7173291802406311,0.4193459413945675
855,5888.198481082916,0.3387585679146772,0.04927120779951413,0.09500425159931183,0.28661492466926575,0.057838185628255205,0.0,0.091373344262441,0.011053051458050807,0.3020527859528859,0.8197335044542948,2.848119407892227,2.4446096420288086,0.10009273886680603,0.17673169821500778,0.0214689327403903,0.06866434961557388,0.6940723061561584,0.30261777341365814,0.8360707640647889,0.4157005026936531
856,5895.174777030945,0.3376188849118383,0.04916796584924062,0.09436820149421692,0.28642273346583047,0.057596403360366824,0.0,0.091083658238252,0.011060174321755767,0.3022322575251261,0.7988235513369243,2.8404529448598623,2.436694622039795,0.10018016025424004,0.1768341213464737,0.021591885946691036,0.06974012777209282,0.6956688463687897,0.30278216302394867,0.838236540555954,0.41757455095648766
857,5902.279239177704,0.3377624344837386,0.049115212510029475,0.09479011098543803,0.28679777185122174,0.05773371408383052,0.0,0.09102375358343125,0.011053483607247472,0.30233675241470337,0.8093544443448385,2.840188218280673,2.4371325969696045,0.10085039958357811,0.17631521075963974,0.021508153527975082,0.0691944882273674,0.6931850612163544,0.30307483673095703,0.8118355989456176,0.4157870188355446
858,5909.292582035065,0.33779667603278846,0.049121856192747754,0.09507260123888651,0.2866779863834381,0.05686997175216675,0.0,0.09118834982315699,0.011060256495450933,0.3025403141975403,0.7953928510348002,2.8460928294807673,2.442552089691162,0.10053696110844612,0.17663612961769104,0.02139895409345627,0.0689605362713337,0.6961072683334351,0.3030238002538681,0.8340291261672974,0.4170141704380512
859,5916.280851125717,0.33828638391957305,0.04903888553380966,0.09560222625732422,0.28664855162302655,0.05723938072721164,0.0,0.09125122924645741,0.011062542007615169,0.3026526153087616,0.7906870643297831,2.8470996096730232,2.4413700103759766,0.1017644852399826,0.17742367833852768,0.021568408235907555,0.07025457173585892,0.6965691447257996,0.3033812344074249,0.7708465754985809,0.4185391440987587
860,5923.325696229935,0.3382239513991711,0.049002397308746976,0.09512159874041876,0.28709232608477275,0.05724604974190394,0.0,0.09133430471022924,0.011065915351112683,0.30280837416648865,0.8049516558647156,2.8446170929819345,2.4427260160446167,0.10000338032841682,0.17594469338655472,0.02140179555863142,0.0686543807387352,0.6941798329353333,0.30336757004261017,0.818040919303894,0.4157442972064018
861,5930.341002941132,0.3374891519488301,0.04896171316504479,0.09469621231158575,0.28658062815666197,0.05701330776015918,0.0,0.09117870926856994,0.011047978699207307,0.303012748559316,0.7812042772769928,2.8447266407310963,2.439909815788269,0.10055065900087357,0.17727074772119522,0.021475642919540405,0.0687907226383686,0.6987812221050262,0.30366484820842743,0.6961201876401901,0.41818133369088173
862,5937.403521060944,0.33707875717276087,0.04886308610439301,0.09462819894154867,0.28655255238215127,0.055967604368925096,0.0,0.09130171090364456,0.011060622272392113,0.30320892930030824,0.6726527293523152,2.8424663972109556,2.440237522125244,0.10005431994795799,0.17610085755586624,0.021586732007563114,0.0690179206430912,0.692661702632904,0.3039208948612213,0.668102365732193,0.41534877195954323
863,5944.397614002228,0.3372479396581184,0.048814052095015846,0.09428994903961817,0.28696849147478737,0.05687383313973745,0.0,0.09124839355548223,0.011055712463955085,0.3032962779204051,0.7438001036643982,2.8443922717124224,2.439956784248352,0.10036969557404518,0.17712531983852386,0.02147504221647978,0.06860379502177238,0.6980890333652496,0.30392153561115265,0.7915012001991272,0.4176483117043972
864,5951.471380233765,0.3377788280059273,0.048894437650839485,0.0945162981748581,0.286578885714213,0.058253623296817145,0.0,0.09109161794185638,0.011055352942397198,0.3034484585126241,0.8928646087646485,2.837234342470765,2.4352489709854126,0.10016723349690437,0.17595087736845016,0.021581705659627914,0.06908032670617104,0.6928510367870331,0.30414876341819763,0.9246497809886932,0.4155058450996876
865,5958.450849056244,0.33796027121910205,0.048892803490161896,0.09469837198654811,0.286268417040507,0.057242315262556076,0.0,0.09140603840351105,0.0110547151726981,0.3036584734916687,0.7631366729736329,2.832293927669525,2.429297089576721,0.10031202435493469,0.1764204129576683,0.021526928059756756,0.06928108632564545,0.6971035599708557,0.304307222366333,0.7320963442325592,0.4178328663110733
866,5965.538017988205,0.33754582494148055,0.04871909295519193,0.09423294613758723,0.28710829416910805,0.05667673150698344,0.0,0.09150119572877884,0.011057819348449509,0.3038000206152598,0.7066066960493723,2.8334329426288605,2.431692600250244,0.09991803765296936,0.17589066177606583,0.021548262797296047,0.06902318075299263,0.6950592994689941,0.304441437125206,0.6873325198888779,0.4165528304874897
867,5972.556781053543,0.3373800782933055,0.048652832458416624,0.0944431299964587,0.2865860084692637,0.05676686863104503,0.0,0.0914031778772672,0.01104858039567868,0.3039989193280538,0.7424618422985076,2.8485672306269407,2.4427459239959717,0.10093876346945763,0.17767596244812012,0.02153785154223442,0.06925011798739433,0.7005192935466766,0.3046116381883621,0.7879544109106064,0.41950976476073265
868,5979.628159284592,0.3385548500344157,0.04869821394483249,0.09456885208686193,0.2874949355920156,0.0589897890885671,0.0,0.09133457789818446,0.011057778991137942,0.3041547298431396,0.9589723308881124,2.835027012974024,2.433902144432068,0.10098815709352493,0.17531539499759674,0.02141763363033533,0.06905288249254227,0.6923700571060181,0.30474480986595154,0.9952075898647308,0.4152379110455513
869,5986.542271137238,0.337773485648601,0.04857335314154625,0.09487996647755305,0.2866883516311646,0.05813589145739873,0.0,0.09118264764547349,0.011053831006089846,0.3043423970540365,0.8592862049738567,2.832162607461214,2.4295252561569214,0.10123265534639359,0.17601051181554794,0.021504764445126057,0.06918588280677795,0.6923873722553253,0.30439458787441254,0.8517804265022277,0.4153795689344406
870,5993.538094043732,0.33870371837401764,0.04867126271128654,0.09482917686303456,0.2868933280309041,0.05943269580602646,0.0,0.09127618322769801,0.01106544688033561,0.3044210652510325,0.86251726547877,2.839517956599593,2.4336659908294678,0.10041485354304314,0.1778222694993019,0.021381930448114872,0.06935282051563263,0.6990938186645508,0.3045491576194763,0.882000470161438,0.418899729847908
871,6000.680282115936,0.33830393917160106,0.048549534380435945,0.09447167118390401,0.28714956442515055,0.058899987240632376,0.0,0.0913478856285413,0.011052320897579192,0.3046596109867096,0.8962164719899496,2.8328451812267303,2.4335262775421143,0.09991472959518433,0.17468076944351196,0.021391580812633038,0.0684848502278328,0.6914805471897125,0.3049197196960449,0.8502492010593414,0.41422512382268906
872,6007.660404205322,0.33715355291302934,0.04849956581989924,0.09426556030909221,0.2866712888081869,0.05718146115541458,0.0,0.09130324572324752,0.011045720024655262,0.30479655067125955,0.7474490245183308,2.828935157507658,2.428336262702942,0.10045631974935532,0.17518536746501923,0.021458922885358334,0.06866980716586113,0.694469153881073,0.305295467376709,0.788325023651123,0.41590438410639763
873,6014.609448194504,0.33685620105825365,0.04841513435045878,0.09420331219832102,0.2863601187864939,0.05664147784312566,0.0,0.09136212766170501,0.011056043844049176,0.3049586077531179,0.6139592667420705,2.832080692052841,2.431667447090149,0.10107415914535522,0.17493808269500732,0.021459507755935192,0.0690414346754551,0.6934795677661896,0.30534952878952026,0.5558601170778275,0.4157812185585499
874,6021.635663032532,0.3365153945283964,0.04842797095576922,0.09442719519138336,0.28746098081270854,0.055868120739857356,0.0,0.09126789917548497,0.01105247352582713,0.30510704120000204,0.6500920434792836,2.8274969216436148,2.4271222352981567,0.10073034092783928,0.1750047579407692,0.02142973244190216,0.06877114996314049,0.6942469477653503,0.3054887503385544,0.698840320110321,0.41589462384581566
875,6028.578658103943,0.33657395775274684,0.048366014907757444,0.09437800248463948,0.2867296516895294,0.056418043871720634,0.0,0.09123950799306234,0.011052914895117283,0.30528537233670555,0.7173608223597209,2.824675304815173,2.424955725669861,0.09931352362036705,0.1750314086675644,0.021536849439144135,0.06915277242660522,0.694267749786377,0.3058905303478241,0.7751419603824615,0.4162866473197937
876,6035.556693315506,0.3364599631808233,0.04830123335123062,0.09426358987887701,0.287168155113856,0.05617677023013433,0.0,0.09128193805615108,0.01105240051013728,0.3053886711597443,0.6651711722215017,2.83106192946434,2.4287084341049194,0.09988468885421753,0.176205575466156,0.02148027252405882,0.06854294240474701,0.6946236193180084,0.30584409832954407,0.6899156272411346,0.4158547520637512
877,6042.518165111542,0.337025627924595,0.04826916183034579,0.09426990300416946,0.2866586168607076,0.05707862029472987,0.0,0.09137950440247854,0.011048888818671306,0.3056570092837016,0.7359321514765421,2.82945092394948,2.4287831783294678,0.09996525198221207,0.17534255981445312,0.021544497460126877,0.06861912831664085,0.6933487057685852,0.3062802255153656,0.7128740310668945,0.41529348120093346
878,6049.496171951294,0.33736048121160517,0.048180525501569114,0.09443602214256923,0.2870561202367147,0.05783564771215121,0.0,0.0913406436642011,0.011048149441679318,0.30576454401016234,0.8076207021872203,2.8350792452692986,2.4304813146591187,0.10162965953350067,0.17689155042171478,0.021519914269447327,0.06882951036095619,0.696328341960907,0.30632150173187256,0.8759043514728546,0.4169936813414097
879,6056.465487003326,0.33917300803392814,0.04830134188135465,0.09486997375885646,0.2865747630596161,0.060326703389485675,0.0,0.09147912810246149,0.011050634800146024,0.3059354384740194,1.006983256340027,2.816393494606018,2.4151164293289185,0.10080274939537048,0.17543784528970718,0.021489680744707584,0.06866339966654778,0.6928392350673676,0.3060882240533829,1.0082897782325744,0.41508301720023155
880,6063.508464097977,0.33744096079220376,0.048003810147444405,0.09429226169983546,0.28684028585751853,0.05845480759938558,0.0,0.09136109203100204,0.01104937745258212,0.3061105648676554,0.8290301203727722,2.823469078168273,2.4205942153930664,0.10065917298197746,0.17627263814210892,0.021568113937973976,0.06880895793437958,0.6938857436180115,0.3066684156656265,0.7908184885978699,0.4157518297433853
881,6070.637490034103,0.3363354236469604,0.04793500378727913,0.09402139981587727,0.2879740873972575,0.0563657321035862,0.0,0.09137608110904694,0.011048568552359939,0.3063259541988373,0.6965818762779236,2.8172480184584856,2.4146934747695923,0.1002841629087925,0.17620623111724854,0.02149788197129965,0.06853051483631134,0.6940409243106842,0.3067547380924225,0.6808857083320617,0.41555097699165344
882,6077.622395038605,0.3369606496397561,0.04797809248169263,0.09412078708410263,0.28696247935295105,0.057644179960091906,0.0,0.0913723275065422,0.01106113229567806,0.3064090152581533,0.7674843668937683,2.8266271203756332,2.4219762086868286,0.10050958395004272,0.17719805985689163,0.0213859835639596,0.0689612627029419,0.6984879970550537,0.30662673711776733,0.7335634529590607,0.41820526123046875
883,6084.644154071808,0.33782408672074477,0.0479671244819959,0.09403937210639318,0.2870966831843058,0.059095712999502815,0.0,0.09146117915709813,0.011049299252529938,0.3065770407517751,0.9202015618483226,2.823468340560794,2.4209485054016113,0.10047083720564842,0.17614220827817917,0.021543435752391815,0.06890083476901054,0.6935531795024872,0.3069814294576645,0.9216857224702835,0.41567742452025414
884,6091.615117073059,0.3364177217707038,0.04777933657169342,0.09407951136430105,0.28762375911076865,0.057047495742638905,0.0,0.09132773379484813,0.011046919506043196,0.3067700207233429,0.7618389765421549,2.812562767416239,2.4108057022094727,0.10011837631464005,0.17584893852472305,0.021584097295999527,0.06880597025156021,0.6952968239784241,0.30731014907360077,0.6823896408081055,0.41645438224077225
885,6098.630577087402,0.33642110736691394,0.047774643947680794,0.09375519752502441,0.2873934904734294,0.05674223601818085,0.0,0.09149918655554454,0.011066821202014883,0.3068664828936259,0.6999585390090942,2.8185374848544598,2.4157533645629883,0.10014458745718002,0.17635591328144073,0.02139196451753378,0.068975780159235,0.6951923370361328,0.307026669383049,0.7738434255123139,0.4165719486773014
886,6105.818784952164,0.3371746676566545,0.047816990812619524,0.09421676993370057,0.2873637735843658,0.05798986305793127,0.0,0.09143004417419434,0.011052606316904226,0.3070626616477966,0.861909290154775,2.8108245879411697,2.4102842807769775,0.10010796785354614,0.17524316161870956,0.021414104849100113,0.06887096539139748,0.692189633846283,0.30724504590034485,0.8647015929222107,0.41496578231453896
887,6112.916672945023,0.33650602380124234,0.04770653521021207,0.09382632176081339,0.28697687983512876,0.057359101126591365,0.0,0.09142520676056544,0.011057838564738631,0.30719780921936035,0.8034723798433939,2.817304562777281,2.416213035583496,0.10046850889921188,0.17542863637208939,0.021588671952486038,0.06949113681912422,0.6948323249816895,0.30767427384853363,0.8332047700881958,0.41690729930996895
888,6120.076923131943,0.3381602184517154,0.04769468829035759,0.09395526597897212,0.2869790256023407,0.06089232390125592,0.0,0.09134326030810674,0.011048731564854582,0.307319446404775,1.0929580291112264,2.805247412994504,2.403583288192749,0.10003391280770302,0.17582358419895172,0.02152586728334427,0.06867977976799011,0.6942830979824066,0.30786412954330444,1.1257993519306182,0.4158213287591934
889,6127.08629488945,0.3382400302488046,0.04763693163792292,0.09376955876747767,0.28767661849657694,0.05989387258887291,0.0,0.0916729395588239,0.01105228920156757,0.30756277044614155,1.0163424571355184,2.817236766219139,2.416662335395813,0.10002720355987549,0.17528041452169418,0.021601706743240356,0.06925605982542038,0.6945324540138245,0.307981938123703,0.9668710172176361,0.4165222868323326
890,6134.131093978882,0.3377550214975296,0.04751439442237218,0.09448526153961817,0.2877666195233663,0.05851922233899434,0.0,0.09165222942829132,0.01104840951350828,0.30773454109827675,0.8710923671722413,2.8041976261883974,2.4058284759521484,0.10043856874108315,0.1740749329328537,0.02155137713998556,0.06858440116047859,0.6913560032844543,0.3082994967699051,0.8554388344287872,0.41426240280270576
891,6141.164008140564,0.3372665727355828,0.04747288922468821,0.09422719627618789,0.28692725698153176,0.05755991463859876,0.0,0.0917749618490537,0.011049862361202638,0.30785433053970335,0.7575303375720978,2.8050190526992083,2.4055263996124268,0.10023394599556923,0.17468784004449844,0.02148299664258957,0.06852781772613525,0.6909193694591522,0.30828310549259186,0.7412636786699295,0.41398750245571136
892,6148.205999135971,0.3370490165912391,0.047527007510264715,0.09409922361373901,0.2875872155030568,0.0572116124133269,0.0,0.09172344704469045,0.011073166582112512,0.3079013148943583,0.7265851279099782,2.805104097351432,2.4059319496154785,0.09993494674563408,0.17460233718156815,0.021324212662875652,0.06947986409068108,0.6914730966091156,0.3083804100751877,0.7109675675630569,0.4152164123952389
893,6155.315034151077,0.3362750672483041,0.04751640136043231,0.09389971743027369,0.28643380602200824,0.056554022183020906,0.0,0.09161568333705267,0.011046974174678325,0.30808311502138774,0.754488488038381,2.803698344156146,2.4057936668395996,0.10029181465506554,0.17387938499450684,0.021465719677507877,0.06854477152228355,0.69200000166893,0.3085908889770508,0.7719518363475799,0.4145447723567486
894,6162.331385135651,0.3361027895647567,0.047359325488408405,0.09439907570679983,0.28786200483640034,0.05621969078977903,0.0,0.09149504651625952,0.011051918830101688,0.30828792254130044,0.7148711959520976,2.795986708253622,2.3985286951065063,0.1009858176112175,0.17348255217075348,0.021505082026124,0.06862272694706917,0.6905407905578613,0.3088075518608093,0.7327706575393677,0.41389312222599983
895,6169.26766705513,0.3358308212016709,0.04733874450127284,0.09400710612535476,0.2875091592470805,0.056108309576908745,0.0,0.09151317675908406,0.01104732722354432,0.3084521492322286,0.7094926973183949,2.8003433663398027,2.3992775678634644,0.09910843148827553,0.1757557913661003,0.021560342982411385,0.06854058802127838,0.6930020749568939,0.3091689199209213,0.7370327025651932,0.41504162549972534
896,6176.213702201843,0.336794765413894,0.04727897519866626,0.093576014538606,0.2879178027311961,0.05789696425199509,0.0,0.09166477372248967,0.011053148579473296,0.30865315596262616,0.8363619804382324,2.796366451308131,2.3967396020889282,0.09901779517531395,0.175058975815773,0.021485178731381893,0.06854960322380066,0.6937857568264008,0.3090820908546448,0.8383825063705445,0.41544248163700104
897,6183.18132019043,0.3359933180734515,0.04720914835731189,0.0935676634311676,0.28705790837605794,0.05727547133962314,0.0,0.09149943689505259,0.011052927902589242,0.3087839643160502,0.7726974407831828,2.7955323606729507,2.397781014442444,0.09945055842399597,0.17401303350925446,0.02151087298989296,0.06903761625289917,0.6908925473690033,0.30924375355243683,0.7063637733459472,0.4144838899374008
898,6190.230389118195,0.3357370415663657,0.047213974346717195,0.09311951945225398,0.28751805424690247,0.05634658584992091,0.0,0.09169023384650549,0.011051614171204467,0.30893695950508115,0.7344285567601522,2.7960089165717363,2.3944172859191895,0.09947285428643227,0.17592760175466537,0.021482717245817184,0.06919186562299728,0.6961395442485809,0.30929048359394073,0.7266161143779755,0.41726163774728775
899,6197.3102860450745,0.3360569357716789,0.047227937479813895,0.09339148451884588,0.2869124710559845,0.05743909726540248,0.0,0.0915324941277504,0.011049819737672805,0.3090205649534861,0.7961130619049073,2.78941959887743,2.393821597099304,0.09885205328464508,0.1730859875679016,0.021452829241752625,0.06918102502822876,0.6910193264484406,0.30962564051151276,0.7966509401798249,0.41469068825244904
900,6204.296350240707,0.33566558773163707,0.04721514681975047,0.09369308352470399,0.2882306615511576,0.05537602777282397,0.0,0.09171707878510157,0.011057741753757,0.30925960540771485,0.6530479669570923,2.784182880073786,2.389253854751587,0.0981336310505867,0.17293110489845276,0.02161952294409275,0.06866252049803734,0.6888156235218048,0.31005120277404785,0.6152448356151581,0.41307033225893974
901,6211.31707406044,0.3360016561617764,0.04715311701099078,0.0929567908247312,0.28734573125839236,0.05646940395236015,0.0,0.09187183330456415,0.011048010053733985,0.30949517091115314,0.726269253094991,2.7914228681474924,2.3920061588287354,0.09948538616299629,0.17483700811862946,0.021512309089303017,0.0686429925262928,0.6924727559089661,0.30998849868774414,0.7965122044086457,0.41487937048077583
902,6218.257177114487,0.33758824480464683,0.047093385954697926,0.09336344947417577,0.28789304892222084,0.058923550446828205,0.0,0.09195259660482406,0.011045754281803965,0.3096043864885966,0.9312294960021973,2.788349460810423,2.391901731491089,0.09923677891492844,0.1734146699309349,0.0214701471850276,0.06829485297203064,0.6922267079353333,0.3103202283382416,0.9256254434585571,0.41440820693969727
903,6225.1110961437225,0.33642404412967153,0.04702106465895971,0.09371438125769298,0.287628710269928,0.057660640527804695,0.0,0.09164739350477855,0.011052054089183609,0.3096504429976145,0.8245088497797648,2.7871739994734526,2.3911609649658203,0.09885653480887413,0.1732923835515976,0.021421395242214203,0.06852526590228081,0.6899504661560059,0.30984164774417877,0.7562368333339691,0.41350049898028374
904,6232.065272092819,0.33615227178670465,0.04704742232958476,0.09340410480896631,0.28756317496299744,0.057326920330524445,0.0,0.09166269252697627,0.011050894965107243,0.3097996413707733,0.8484893480936686,2.779144646599889,2.385255217552185,0.09873617067933083,0.17226067185401917,0.02141385432332754,0.06846512854099274,0.6874488592147827,0.31003017723560333,0.8230922222137451,0.4121895581483841
905,6239.020149946213,0.33538180935429407,0.04691581676403681,0.09282105813423792,0.28732217152913414,0.05659398337205251,0.0,0.09168443034092585,0.01104928650893271,0.30998974442481997,0.720484874645869,2.780702106654644,2.383784294128418,0.09854526817798615,0.17382258921861649,0.021502691321074963,0.06851551309227943,0.6919567883014679,0.31067126989364624,0.6576799243688584,0.4144939072430134
906,6245.89390206337,0.335283583975009,0.04686199277639389,0.0931136205792427,0.28789862593015036,0.05592432419459025,0.0,0.09172810167074204,0.011043690952161948,0.3101158877213796,0.6758720556894938,2.78635286167264,2.3905943632125854,0.09878373891115189,0.17318331450223923,0.021499719470739365,0.06874584034085274,0.6910906136035919,0.3106561005115509,0.7221411764621735,0.4142911471426487
907,6252.818917989731,0.33502561879965165,0.046852332850297294,0.09290920495986939,0.2872082094351451,0.05598490337530772,0.0,0.09167350977659225,0.011055948026478291,0.3103407144546509,0.7372138063112895,2.7754307966679335,2.377648949623108,0.09953650459647179,0.17400679737329483,0.021592621691524982,0.06927831470966339,0.6906272768974304,0.3109777867794037,0.7551856219768525,0.4145919531583786
908,6259.801082134247,0.3356582673460556,0.04679904977480571,0.09263831675052643,0.2877746820449829,0.05656164760390917,0.0,0.09191083560387293,0.01106730525692304,0.31042730013529457,0.758138503630956,2.7799713872373104,2.383237600326538,0.09913303703069687,0.17358363419771194,0.021356556564569473,0.069040697067976,0.6912609040737152,0.3108692020177841,0.7975641161203384,0.4146711491048336
909,6266.716009140015,0.33691110352713927,0.04675536875923474,0.09269516964753469,0.28812281489372255,0.05917119011282921,0.0,0.09187653412421544,0.011048047663643956,0.3105285902818044,0.9316866238911946,2.775147095322609,2.381528377532959,0.09849309921264648,0.17218608409166336,0.021403313614428043,0.06841901689767838,0.6886837482452393,0.31115536391735077,0.9676194012165069,0.412760891020298
910,6273.605241060257,0.3380924741465909,0.04672356719772021,0.09246686945358912,0.2878846327463786,0.06218829428156217,0.0,0.09179785201946894,0.01104772047450145,0.31075287659962975,1.199160877863566,2.768105272203684,2.3741281032562256,0.09842512756586075,0.17238230258226395,0.021543522365391254,0.06845050305128098,0.6883105933666229,0.31144699454307556,1.0980883836746216,0.41260579973459244
911,6280.527485132217,0.3364576577441767,0.046638979017734526,0.09259954442580541,0.28773321708043414,0.0583259920279185,0.0,0.09196222126483918,0.011054309566194813,0.3109012027581533,0.8442495505015055,2.7756328396499157,2.3769216537475586,0.09781181067228317,0.17490264028310776,0.021626580506563187,0.0686967559158802,0.6931680738925934,0.31175605952739716,0.7687119781970978,0.4152807928621769
912,6287.408450126648,0.3354372575491046,0.046612738321224846,0.09253221352895101,0.2878312110900879,0.05654617970188459,0.0,0.0919217124581337,0.01105852530648311,0.31106716990470884,0.720637305577596,2.7755933962762356,2.378765106201172,0.09846767038106918,0.17379722744226456,0.021480217576026917,0.0689820647239685,0.6924718022346497,0.3117477595806122,0.6624377489089965,0.41521796584129333
913,6294.290136098862,0.3350072428700514,0.04656855786840121,0.09271505127350489,0.2875168859958649,0.05611311569809914,0.0,0.0918069064617157,0.011060657942046722,0.31116969982783,0.6824692904949188,2.7745915316045284,2.3778806924819946,0.09817620366811752,0.17381136864423752,0.021401208825409412,0.0692446194589138,0.6913188695907593,0.3118954598903656,0.6924011617898941,0.41490405425429344
914,6301.233690023422,0.3358025394127859,0.046551148593425754,0.09273380488157272,0.287651002407074,0.05776778683066368,0.0,0.09178925653298696,0.011046536561722557,0.3113308946291606,0.9103400190671285,2.7858897671103477,2.3856232166290283,0.09866376221179962,0.1754673346877098,0.021474485285580158,0.07041316106915474,0.6949980854988098,0.31191883981227875,0.9982451140880585,0.41791220381855965
915,6308.254790067673,0.3361996441225832,0.04659773384531339,0.0927083154519399,0.28788363536198935,0.05771616175770759,0.0,0.09197144210338593,0.011056137286747496,0.31147531469662987,0.8530524055163066,2.7734186556190252,2.3748581409454346,0.09837482497096062,0.17468655109405518,0.021458178758621216,0.06962088495492935,0.6910194754600525,0.31201963126659393,0.8471178889274598,0.4151306226849556
916,6315.312155008316,0.33550187361155015,0.046530224134524664,0.09246453096469244,0.2878763695557912,0.05681846762696902,0.0,0.091941699385643,0.011060754582285882,0.31165093183517456,0.8020943363507589,2.7700241040438414,2.3704752922058105,0.09770914539694786,0.17534711956977844,0.02162387128919363,0.06918074190616608,0.6935884356498718,0.3123542070388794,0.8463662147521973,0.415974959731102
917,6322.295222997665,0.33636513839786253,0.046469262490669884,0.09252055833737055,0.28761561115582784,0.0589082382619381,0.0,0.09188049882650376,0.01105947516237696,0.31183154582977296,0.9682517846425375,2.767734907567501,2.365519642829895,0.09761576354503632,0.17670369148254395,0.021701231598854065,0.06950021907687187,0.6963731050491333,0.3126337081193924,0.9356485307216644,0.4176867716014385
918,6329.228521108627,0.3360090344232352,0.04634480526049932,0.092345197002093,0.2879466116428375,0.0581682488322258,0.0,0.0919778436422348,0.011047693388536572,0.31194780667622884,0.915846602121989,2.7745126616209745,2.370527148246765,0.09807678684592247,0.17747355997562408,0.021550956182181835,0.0687146969139576,0.6978394389152527,0.31262120604515076,0.9506864249706268,0.41763441637158394
919,6336.2156682014465,0.3353214104776271,0.04623015373945236,0.09234921534856161,0.28777968883514404,0.056751821438471475,0.0,0.0920526201526324,0.011050203784058492,0.3120815932750702,0.7758328239123027,2.763213751837611,2.3681541681289673,0.09899553284049034,0.17278090864419937,0.021474385634064674,0.06918970867991447,0.6883159577846527,0.31261491775512695,0.7366951465606689,0.41334768757224083
920,6343.19172501564,0.33503006361424925,0.04632394512494405,0.09223726789156596,0.288098132610321,0.05676164651910464,0.0,0.09186948438485464,0.01105253933928907,0.3122258007526398,0.7857025504112244,2.772794120013714,2.372805118560791,0.09851948916912079,0.1753646284341812,0.02154805324971676,0.06908221170306206,0.6935267150402069,0.3129206746816635,0.8348462760448456,0.4158455692231655
921,6350.143254995346,0.3354348552413285,0.046234122663736346,0.09232835719982783,0.28781684637069704,0.057616166522105536,0.0,0.09189361085494359,0.011063762179886302,0.3123690823713938,0.8331626216570537,2.7704612221568823,2.372276544570923,0.09783397242426872,0.17463384568691254,0.021421250887215137,0.06935816258192062,0.692245602607727,0.31306192278862,0.7778782606124878,0.41548096388578415
922,6357.093555212021,0.33536491795675827,0.046181872487068176,0.09228248844544093,0.2882288098335266,0.05748972867925962,0.0,0.09190870374441147,0.011044329994668563,0.31252484718958534,0.8658594131469727,2.7679691463708878,2.3721810579299927,0.09825077652931213,0.1733313500881195,0.021473264321684837,0.06857479363679886,0.689000129699707,0.3131102919578552,0.8797838509082794,0.4130748584866524
923,6364.153433084488,0.33576790330698714,0.04617531672120094,0.09218404640754065,0.28778398831685387,0.057886752486228946,0.0,0.09206033994754155,0.011054047693808874,0.312678603331248,0.9529681126276652,2.7635607980191708,2.362584352493286,0.09825392812490463,0.17592474073171616,0.021560633555054665,0.0685708187520504,0.6948284208774567,0.3134283721446991,0.9882897138595581,0.41598502919077873
924,6371.239638090134,0.3350214098095118,0.046086444954077405,0.09228509565194448,0.28818193276723225,0.05687048956751824,0.0,0.09194109092156093,0.011045325873419642,0.3128298083941142,0.810990858078003,2.763185102492571,2.365695834159851,0.09791452437639236,0.1742660030722618,0.021547628566622734,0.06875168532133102,0.6918898522853851,0.31341274082660675,0.778605055809021,0.4146966114640236
925,6378.159273147583,0.3344280747580342,0.04602658823132515,0.09197719097137451,0.28865553736686705,0.05584779555598895,0.0,0.09198322047789892,0.011046652899434168,0.3129606664180756,0.7067975223064422,2.7660515680909157,2.3651119470596313,0.09827588498592377,0.17590083926916122,0.02159984689205885,0.06841794401407242,0.6954645812511444,0.3137482553720474,0.7491692960262298,0.4161502346396446
926,6385.085360050201,0.3347922304024299,0.04606360097726186,0.0917647381623586,0.28792755007743837,0.05635152906179428,0.0,0.09211075007915497,0.011041580373421312,0.31309814453125,0.8170291940371196,2.767566440626979,2.3698660135269165,0.0984232984483242,0.17424438893795013,0.02152750175446272,0.06831824034452438,0.6934178471565247,0.3137870281934738,0.7920325219631195,0.4150271639227867
927,6392.211256027222,0.33386926109863757,0.0459477665523688,0.0916022186477979,0.2887427707513173,0.05514540846149127,0.0,0.09200822561979294,0.011046353137741487,0.31325471798578897,0.6710847218831381,2.761005798354745,2.361521363258362,0.09777067974209785,0.17529954761266708,0.021525156684219837,0.06896670535206795,0.6915089786052704,0.3139992654323578,0.6678520858287811,0.41472119465470314
928,6399.294378995895,0.33450779288153476,0.045982915659745535,0.0920908788839976,0.28756428162256875,0.05576254203915596,0.0,0.09209154297908147,0.011057685734704137,0.3133774975935618,0.7420515537261962,2.757999714463949,2.3635321855545044,0.09822072833776474,0.17267858237028122,0.021345187909901142,0.06833171844482422,0.6881480813026428,0.3139588087797165,0.7361171007156372,0.41240575909614563
929,6406.251056194305,0.33403286670994325,0.045980930080016455,0.09212340861558914,0.28789729277292886,0.05488127668698629,0.0,0.09205174694458644,0.011042477625111739,0.31356369256973265,0.6314336518446605,2.758110960945487,2.3613256216049194,0.09814001247286797,0.1738576665520668,0.021403411403298378,0.0685414969921112,0.6903297007083893,0.31408707797527313,0.6443613678216934,0.41370634734630585
930,6413.25089097023,0.3344482692113767,0.04591283599535624,0.09202336966991424,0.2877936045328776,0.05596110696593921,0.0,0.09205337762832641,0.011047185398638248,0.31371604005495707,0.7326342185338338,2.7521444521844387,2.354524612426758,0.09821274131536484,0.17425673454999924,0.02154647558927536,0.06858355179429054,0.6912971138954163,0.3144001215696335,0.7629838526248932,0.4142321087419987
931,6420.215583086014,0.3337924777219693,0.04578990762432416,0.09160755674044291,0.2877442240715027,0.05601984014113744,0.0,0.09187736014525096,0.011064839347576102,0.3138218343257904,0.6919488489627839,2.760204629972577,2.3616130352020264,0.09740320220589638,0.17494499683380127,0.021384915336966515,0.06897062435746193,0.6923357844352722,0.3144606351852417,0.6683408468961716,0.41513851657509804
932,6427.212277889252,0.33397087308500584,0.04589123750726382,0.09150224377711615,0.28825220465660095,0.05554503897825877,0.0,0.092037100593249,0.011043842881917953,0.31397330164909365,0.73288827141126,2.7571329176425934,2.3591153621673584,0.0980079174041748,0.1745067983865738,0.02149524074047804,0.06840633600950241,0.6910350322723389,0.3146490156650543,0.7307688117027282,0.41392385214567184
933,6434.239511966705,0.33411041003419084,0.04581230233112971,0.09192078709602355,0.28763009508450826,0.05547924190759659,0.0,0.09208931624889374,0.011043011847262581,0.31411566932996116,0.7122533122698466,2.762152921408415,2.362266182899475,0.09840767830610275,0.17534144967794418,0.021524248644709587,0.06848841905593872,0.6945595145225525,0.3147660344839096,0.7532848238945007,0.41576817631721497
934,6441.21183514595,0.33504569403788387,0.04581417143344879,0.09198953211307526,0.2881183624267578,0.05766766046484311,0.0,0.09196717689434687,0.011044917224595944,0.3142469644546509,0.8831299304962158,2.7467185370624065,2.347881317138672,0.09770192950963974,0.1749931275844574,0.02154210116714239,0.06936127319931984,0.6939280331134796,0.31482642889022827,0.8748236656188965,0.41632528975605965
935,6448.33093214035,0.3345873873331584,0.04564172824223836,0.09135285764932632,0.2880642175674438,0.05717451969782512,0.0,0.09210848162571589,0.01105723149764041,0.31440836588541665,0.8254145661989848,2.7494360376149416,2.3530060052871704,0.09732851758599281,0.1738828867673874,0.021608681418001652,0.0687178373336792,0.6901791393756866,0.3151141107082367,0.8376742720603942,0.4138074070215225
936,6455.328615188599,0.33425927442925363,0.04559598838289579,0.0915146216750145,0.28770514726638796,0.05691206827759743,0.0,0.09201016922791799,0.011060587254663308,0.31453434030214944,0.7932458281517029,2.7527075819671154,2.356152296066284,0.09773503988981247,0.1738438829779625,0.02139748353511095,0.069207563996315,0.6891403496265411,0.31499436497688293,0.8049038052558899,0.41377773880958557
937,6462.301087141037,0.3346151472146933,0.04574127073089282,0.09206435581048329,0.2872952977816264,0.05675380900502205,0.0,0.0920394058028857,0.011043012499188383,0.31467730005582173,0.8440494378407796,2.745247721672058,2.344984531402588,0.09781274199485779,0.17567840963602066,0.02153120841830969,0.06890278682112694,0.6939668655395508,0.3152957558631897,0.8722095906734466,0.41588621959090233
938,6469.279167175293,0.33440991449557866,0.04557942549387614,0.09213265130917231,0.2887966970602671,0.057092264542977014,0.0,0.0918408806125323,0.011043999002625544,0.31484565138816833,0.8690386613210043,2.743710294365883,2.3464741706848145,0.09796115756034851,0.17412777245044708,0.021487192250788212,0.06889299675822258,0.6896720826625824,0.3154543936252594,0.9381639420986175,0.4137290380895138
939,6476.2402012348175,0.33502213144286846,0.045536876966555916,0.09147728135188421,0.2882583359877268,0.05896123871207237,0.0,0.09189154952764511,0.011047083713735143,0.3149913748105367,0.9978378216425577,2.7473450116813183,2.3500242233276367,0.0978359505534172,0.17420140653848648,0.021467681042850018,0.06890559569001198,0.6911571323871613,0.31566841900348663,1.00693741440773,0.4144841618835926
940,6483.198335170746,0.3342303071306863,0.0455533874531587,0.0916825458407402,0.28823683857917787,0.05684767986337344,0.0,0.09196587453285852,0.011042484392722448,0.3151183287302653,0.8162382006645202,2.7451951671391726,2.345182180404663,0.09806079044938087,0.17549129575490952,0.02149922586977482,0.06853719800710678,0.69593745470047,0.31573113799095154,0.8201452732086182,0.41650592535734177
941,6490.164032936096,0.33452032900531775,0.04546443621317545,0.0919552817940712,0.28805953860282896,0.05706271106998126,0.0,0.09204148550828298,0.011053130977476637,0.3152474502722422,0.8219388604164124,2.755024302750826,2.354557991027832,0.09784425050020218,0.17577209323644638,0.021386909298598766,0.0686933733522892,0.6947161853313446,0.3158772736787796,0.8254297256469727,0.4160514660179615
942,6497.260710000992,0.3343232955395555,0.045487992962201435,0.09145249525705973,0.28769490321477253,0.05713507557908694,0.0,0.0920577511191368,0.011043499022101362,0.3153623064359029,0.8108487208684285,2.7407150827348232,2.348022222518921,0.09707754105329514,0.17207704484462738,0.021423567086458206,0.06822248920798302,0.6874221861362457,0.31603869795799255,0.7919772803783417,0.4119335822761059
943,6504.3400349617,0.3337451231336066,0.04541564906636874,0.09129824688037237,0.28880310654640196,0.05575032333532969,0.0,0.09213423331578573,0.011042754491791129,0.31556700468063353,0.7057283063729604,2.742225654423237,2.3444724082946777,0.09765265882015228,0.17446345835924149,0.021550609730184078,0.06914923340082169,0.6911290884017944,0.3162412792444229,0.6689236730337143,0.4147137776017189
944,6511.33297085762,0.3347869205385602,0.04542224879066149,0.0913351168235143,0.28868459463119506,0.057529692103465396,0.0,0.09220367322365443,0.011043096349264184,0.3156841913859049,0.889383594195048,2.7399627175182104,2.3433839082717896,0.0974229983985424,0.17393365502357483,0.021557429805397987,0.06855421140789986,0.6907986700534821,0.3164242058992386,0.8662554264068604,0.4139535464346409
945,6518.431307077408,0.33426520409411753,0.045307592550913496,0.09167403777440389,0.289009020725886,0.056297464420398076,0.0,0.09220708161592484,0.011045281868427992,0.3158397853374481,0.8035895744959514,2.7469414956867695,2.3483283519744873,0.09755293279886246,0.17491833865642548,0.021481317467987537,0.06873969361186028,0.6921600699424744,0.3165723830461502,0.8230140507221222,0.41481972858309746
946,6525.407102108002,0.33331603076076133,0.04521712486942609,0.09150092502435049,0.2888222912947337,0.0554446982840697,0.0,0.09204368392626444,0.011043314232180516,0.3160131315390269,0.7314565380414327,2.739336960017681,2.344493269920349,0.09771542251110077,0.1729929894208908,0.02149758953601122,0.06905417889356613,0.6881095468997955,0.3166700452566147,0.696708369255066,0.4131089523434639
947,6532.385324001312,0.33362974440290905,0.045250972360372545,0.09155688981215158,0.28811559279759724,0.05629845013221105,0.0,0.09199147721131642,0.011043920104081431,0.31609841585159304,0.7519328892230988,2.747528538107872,2.350069046020508,0.09746703505516052,0.17436298727989197,0.021535126492381096,0.06913044676184654,0.6920764744281769,0.31687040627002716,0.8075197160243988,0.415168683975935
948,6539.3163051605225,0.33480379863564547,0.04532133812705676,0.09116791089375814,0.2878829638163249,0.05853764563798904,0.0,0.0920914759238561,0.01105622296842436,0.3162241737047831,0.9554568330446879,2.7398820761591196,2.343235969543457,0.09728987887501717,0.174000583589077,0.02144189551472664,0.06870950758457184,0.6916455924510956,0.31706473231315613,0.9359676539897919,0.41453230381011963
949,6546.328977108002,0.3342149993501759,0.04523377989729246,0.09119925200939179,0.2885052700837453,0.05699343979358673,0.0,0.0921890805164973,0.011041230677316586,0.3163847128550212,0.8608346064885457,2.740080341696739,2.3420779705047607,0.09731662273406982,0.17467202991247177,0.02148759551346302,0.068434689193964,0.6924663484096527,0.3169390559196472,0.8761882662773133,0.41466786339879036
950,6553.363158941269,0.33320543727410645,0.045121729870637256,0.0912356252471606,0.2882553199927012,0.05536730910340945,0.0,0.09215020438035329,0.011041975867313644,0.316539333264033,0.697337406873703,2.7358454391360283,2.337594509124756,0.09741772711277008,0.1747710332274437,0.021521471440792084,0.06834440678358078,0.6924428343772888,0.31728747487068176,0.5966761499643326,0.4145658239722252
951,6560.358303308487,0.33265394719395164,0.04508070647716522,0.09099859992663066,0.2886281132698059,0.05475123102466265,0.0,0.09208981394767761,0.011039246836056312,0.3166272779305776,0.582690167427063,2.73754077963531,2.3402786254882812,0.09692489728331566,0.17439985275268555,0.02150722499936819,0.06813782826066017,0.6907391846179962,0.31728270649909973,0.5525400400161743,0.4135074205696583
952,6567.310615062714,0.3326049026780917,0.04519800593455633,0.09113896836837133,0.2880267600218455,0.054029249648253126,0.0,0.09218201140562693,0.011040605635692676,0.31673377950986226,0.5834741135438283,2.7442513834685087,2.3439269065856934,0.09738298878073692,0.17581649124622345,0.021527430973947048,0.0688646249473095,0.6960635185241699,0.31742268800735474,0.5993585675954819,0.41689638420939445
953,6574.2543931007385,0.33346120504429566,0.045142535616954166,0.09137842108805974,0.28805968960126244,0.055911869804064436,0.0,0.09210477769374847,0.01105333569770058,0.3168890535831451,0.7726717432339986,2.7464542407542467,2.3471150398254395,0.09730047360062599,0.17534448206424713,0.02146522793918848,0.06852978467941284,0.6939024925231934,0.31752511858940125,0.7686393857002258,0.4154810309410095
954,6581.2725439071655,0.33383450395000785,0.045139932880798976,0.09080329686403274,0.2882676283518473,0.057060973097880684,0.0,0.09213939209779104,0.011045944706226388,0.31703819235165914,0.9136175553003947,2.72620952129364,2.3320260047912598,0.09676706790924072,0.17289999127388,0.021466677077114582,0.06891017779707909,0.687658041715622,0.3176678866147995,0.9383869290351867,0.41273919865489006
955,6588.266779184341,0.3343794255439813,0.04501841341455778,0.09136097331841787,0.28838902711868286,0.05746564045548439,0.0,0.09222628225882848,0.01104157385416329,0.31720719337463377,0.8406562527020772,2.7307194992899895,2.3329755067825317,0.09683947265148163,0.17466212809085846,0.021517407149076462,0.0681292712688446,0.692526638507843,0.3179534077644348,0.855331438779831,0.4143925905227661
956,6595.3985641002655,0.3341609252927204,0.04503946080803871,0.0911982774734497,0.2883291761080424,0.05704329510529836,0.0,0.09225532412528992,0.01104741794988513,0.3173183063666026,0.8487558444341023,2.729080820456147,2.3358336687088013,0.09662042930722237,0.17246846854686737,0.021416720002889633,0.06810068339109421,0.6870379149913788,0.3178994059562683,0.8554921329021454,0.4116196408867836
957,6602.373025894165,0.3332876966179659,0.04498722329735756,0.09074183950821559,0.28830767671267193,0.05546521668632825,0.0,0.09235520462195078,0.01103843911550939,0.3174093425273895,0.601365884145101,2.7260709535330534,2.330643892288208,0.09650414809584618,0.17358749359846115,0.021466141566634178,0.06803400814533234,0.6899070143699646,0.31805187463760376,0.5987048089504242,0.41298751533031464
958,6609.280848026276,0.33277214349169904,0.04490851288040479,0.09086874177058538,0.28790885011355083,0.05461557333668073,0.0,0.09233566870292027,0.011061673316483696,0.3175719380378723,0.5985184490680695,2.727365093305707,2.33524489402771,0.09731421247124672,0.17173154652118683,0.02138056978583336,0.06930285319685936,0.6857832074165344,0.3178917318582535,0.6110465794801712,0.41219445690512657
959,6616.19735121727,0.3332982590092191,0.04484127586086591,0.09098230948050817,0.28865643541018166,0.05555371219913165,0.0,0.09233199606339136,0.01106223122527202,0.317735892534256,0.7361737887064616,2.7290693540126085,2.3323992490768433,0.09672937169671059,0.174152709543705,0.02164621092379093,0.06964078545570374,0.6894920170307159,0.3184906244277954,0.7474834263324738,0.4143867939710617
960,6623.2186760902405,0.3350089182921996,0.04487269421418508,0.09109978874524434,0.28845601081848143,0.05787521476546923,0.0,0.09257284750541052,0.011049502296373248,0.3178868850072225,0.9140527526537577,2.7286358941346407,2.3330570459365845,0.09733668342232704,0.17345525324344635,0.021523120813071728,0.06842268258333206,0.6883711814880371,0.3185642808675766,0.8645669341087341,0.4126082733273506
961,6630.321456193924,0.3336964118197405,0.044792771339416504,0.09084383298953375,0.288435169061025,0.056013255318005876,0.0,0.09248651713132858,0.011056984138364593,0.3180652678012848,0.7739757021268209,2.7129659187048674,2.3186734914779663,0.09600627049803734,0.1731446459889412,0.021650861017405987,0.0687633566558361,0.6887668669223785,0.3189397305250168,0.7946804523468017,0.4131467901170254
962,6637.251658916473,0.33351871609144534,0.04480230162541072,0.0908651183048884,0.28853061397870383,0.05544971649845441,0.0,0.09252485533555349,0.011041497765108942,0.3181711713473002,0.7272575775782267,2.7246220279484987,2.3264154195785522,0.09653213992714882,0.17497026920318604,0.021617413498461246,0.06887008249759674,0.6920100152492523,0.3189510107040405,0.7416793167591095,0.4148750901222229
963,6644.18265414238,0.3339416458872923,0.044697392731904984,0.09066216051578521,0.28817967772483827,0.057047570248444875,0.0,0.09245771418015163,0.011039941726873318,0.318293567498525,0.809960146745046,2.720163691788912,2.3268911838531494,0.09668988734483719,0.1724637821316719,0.021486022509634495,0.0681307464838028,0.6869881451129913,0.31890828907489777,0.8219421088695527,0.41162481904029846
964,6651.1002950668335,0.33321694389063244,0.04470931639273961,0.09079288691282272,0.2889349162578583,0.05568802282214165,0.0,0.09235879828532537,0.011040565061072509,0.3184306104977926,0.7421629627545675,2.726257771253586,2.333008050918579,0.09704151749610901,0.1723644807934761,0.021473768167197704,0.06841025874018669,0.6864354908466339,0.3187137246131897,0.6742043614387512,0.41162800416350365
965,6657.995658159256,0.33334370726176227,0.04466657737890879,0.09074909289677938,0.28826163212458294,0.056236789127190906,0.0,0.09235083560148875,0.01104237421726187,0.31853651205698646,0.7629777451356252,2.7223182544112206,2.326505661010742,0.09651271998882294,0.17377811670303345,0.021515612490475178,0.06831786409020424,0.6880560517311096,0.3192257285118103,0.7790584892034531,0.41234588995575905
966,6664.9735651016235,0.3329284086396607,0.04465925271312396,0.0906229908267657,0.28846710721651714,0.05519587670763334,0.0,0.09242829531431199,0.011042802780866622,0.3186743140220642,0.7128054181734721,2.7134712766855955,2.3196184635162354,0.0958297811448574,0.17296896129846573,0.021557402797043324,0.06857145950198174,0.6887404322624207,0.31941448152065277,0.6996015667915344,0.41294167563319206
967,6672.003413200378,0.33316589843598193,0.044566532721122105,0.09054427395264307,0.28916317224502563,0.05552091201146444,0.0,0.09249703536430995,0.011042564765860637,0.3188748915990194,0.7502960125605266,2.716321112588048,2.325873613357544,0.09631383791565895,0.17114529013633728,0.02143030520528555,0.06826071813702583,0.6842789947986603,0.3192283362150192,0.7443264186382293,0.410400215536356
968,6678.967216014862,0.33340619908800967,0.044583288083473845,0.09053672701120377,0.28837965726852416,0.055785068621238075,0.0,0.09258351922035217,0.011046734157328804,0.31898030440012615,0.7782465775807699,2.7222385983914137,2.329108476638794,0.09688672050833702,0.17234338074922562,0.021403636783361435,0.06855569034814835,0.6869152188301086,0.31930750608444214,0.7362716972827912,0.41201329976320267
969,6685.907536029816,0.333352139062481,0.04455484499533971,0.09084482938051223,0.28867220083872475,0.05599852949380875,0.0,0.09242607851823172,0.01104159103706479,0.3190880537033081,0.8228809793790182,2.7256279811263084,2.3311959505081177,0.09728719294071198,0.1728942170739174,0.021442036144435406,0.06846373900771141,0.688719630241394,0.31944242119789124,0.8730064809322358,0.41282355412840843
970,6692.871109008789,0.33472851317880364,0.044536639501651126,0.0917568176984787,0.2891575336456299,0.0576702818274498,0.0,0.09245296070973079,0.011044329792882005,0.319268395503362,0.9733445366223653,2.7177090905606747,2.3234970569610596,0.09668972343206406,0.17293358594179153,0.02148423809558153,0.0681370235979557,0.6884148716926575,0.3198709040880203,1.0108638882637024,0.41234445944428444
971,6700.089364290237,0.33575665501412005,0.044510431090990704,0.09170111666123072,0.2890196700890859,0.05944710373878479,0.0,0.09255584180355073,0.01105642596570154,0.319331814845403,1.1016146103541056,2.7262350860983133,2.331263542175293,0.09768645837903023,0.17306415736675262,0.02135144080966711,0.06846299767494202,0.6888259947299957,0.31974998116493225,1.0646622776985168,0.4128759950399399
