epoch,elapsed_time,total_loss,l_pred,l_multi,l_var,l_vel,l_sparse,l_probe,l_coord,spike_rate,grad_norm,val_total_loss,val_l_pred,val_l_multi,val_l_probe,val_l_coord,val_pos_err,val_vel_err,val_spike_rate,grad_norm_recent,combined_score
1,7.769527912139893,2.054371824860573,0.25254571437835693,0.0,0.46132216056187947,1.9704956690470377,0.014400008817513783,0.3653626581033071,0.2168048878510793,0.1144000103076299,0.44033845464388527,1.177692599594593,0.2652144432067871,0.47260333597660065,0.3380882441997528,0.20648597180843353,0.656436949968338,0.8222217261791229,0.11494966223835945,0.36440789699554443,1.0675478130578995
2,14.461013078689575,1.8793126969287792,0.28296549518903097,0.0,0.3034823695818583,1.7951366345087687,0.019513073563575744,0.3166175921758016,0.16959289610385894,0.11951307505369187,0.2714319666226705,1.106914073228836,0.29430949687957764,0.29430949687957764,0.3327249139547348,0.1561560407280922,0.6013831496238708,0.8358422219753265,0.12061959132552147,0.2533442169427872,1.0193042606115341
3,21.116347074508667,1.738813619563977,0.2958235502243042,0.0,0.26512818336486815,1.6684412082036337,0.02441509167353312,0.2757457852363586,0.12371680289506912,0.12441509316364924,0.2285542438427607,1.034207545220852,0.2904377728700638,0.2904377728700638,0.2992754429578781,0.11804060637950897,0.5420079827308655,0.8120490610599518,0.1247662641108036,0.2214911922812462,0.9480325132608414
4,27.705241918563843,1.6527500974014402,0.2830039083957672,0.0,0.2468100865681966,1.643510603904724,0.02812385807434718,0.24769305189450583,0.0924123004078865,0.1281238595644633,0.23055674036343893,0.9837184697389603,0.28797706961631775,0.28797706961631775,0.2758764326572418,0.09199526906013489,0.4798853099346161,0.8006573021411896,0.12740182131528854,0.22967272102832795,0.8802139610052109
5,34.47683501243591,1.577819509866337,0.28505090276400247,0.0,0.23147206803162892,1.592585603396098,0.030310166378815968,0.22387899259726207,0.06943677018086115,0.1303101678689321,0.21642784078915914,0.9592618346214294,0.290605753660202,0.290605753660202,0.2616766020655632,0.07122229784727097,0.4119664132595062,0.8081730306148529,0.12831194698810577,0.22014659345149995,0.8160529285669327
6,41.664973974227905,1.506398905441165,0.29198580185572304,0.0,0.2137461225191752,1.5433215777079263,0.030518119037151337,0.1991093506415685,0.05266612693667412,0.13051812052726747,0.2552838663260142,0.9129041358828545,0.2938709408044815,0.2938709408044815,0.2360488623380661,0.05873126536607742,0.33778366446495056,0.7958087623119354,0.1282898485660553,0.2756903082132339,0.7356880456209183
7,48.702954053878784,1.4455824146668117,0.2861098647117615,0.0,0.2057505081097285,1.5258756001790366,0.03014708012342453,0.17712107996145884,0.04429339542984963,0.13014708161354066,0.28628706336021426,0.8583607077598572,0.28771454095840454,0.28771454095840454,0.21339444816112518,0.052698519080877304,0.2698437571525574,0.7783502340316772,0.12778017669916153,0.3055415004491806,0.659018874168396
8,55.47786211967468,1.3949389594917496,0.29096355438232424,0.0,0.20030933519204458,1.4778959989547729,0.02947238435347875,0.16215440134207407,0.039676610256234805,0.12947238584359486,0.23254078924655913,0.8427254185080528,0.2873077839612961,0.2873077839612961,0.20588187128305435,0.048371780663728714,0.2246934175491333,0.7786290645599365,0.12778349220752716,0.23578103482723237,0.6140079498291016
9,62.15902400016785,1.361904484561334,0.2918487290541331,0.0,0.19511407415072124,1.4496755520502727,0.028757919371128083,0.15306969086329142,0.034588166822989784,0.1287579208612442,0.22853171328703561,0.8271275013685226,0.2948635518550873,0.2948635518550873,0.19241608679294586,0.04173913225531578,0.2063392847776413,0.7533230483531952,0.12637852132320404,0.2188646137714386,0.5830008089542389
10,68.7212929725647,1.3477674666636934,0.2959177712599436,0.0,0.18776556650797527,1.4269122838974,0.027612357834974923,0.15082973837852479,0.027675722166895865,0.12761235932509105,0.280245386560758,0.8272824212908745,0.2994607239961624,0.2994607239961624,0.18904566764831543,0.03604254126548767,0.19785696268081665,0.7486365139484406,0.12571562081575394,0.29346404522657393,0.5721752196550369
11,75.49293494224548,1.3286885928207388,0.3054326792558034,0.0,0.1794160097837448,1.3876369635264079,0.02693690111239751,0.14723480095465977,0.02371859544267257,0.12693690260251364,0.27951499819755554,0.8282737880945206,0.3023642599582672,0.3023642599582672,0.18736369907855988,0.033463070169091225,0.176144041121006,0.7509757876396179,0.12529000639915466,0.2911579623818398,0.551631934940815
12,82.01312017440796,1.3055089133791626,0.30877436796824137,0.0,0.17450231115023296,1.356168007850647,0.026704860230286915,0.14229092846314112,0.021773448648552098,0.12670486172040304,0.27294795314470927,0.8383997976779938,0.31799519062042236,0.31799519062042236,0.18070350587368011,0.0318544153124094,0.1642196848988533,0.7369777858257294,0.12493012845516205,0.27856438755989077,0.532708577811718
13,88.99568009376526,1.2856016258631522,0.310170567035675,0.0,0.17245923777421315,1.3323775291442872,0.02627321978410085,0.1378907412290573,0.020521984808146952,0.12627322127421697,0.319288299481074,0.8050937429070473,0.30602018535137177,0.30602018535137177,0.1730317324399948,0.03064718097448349,0.1561526358127594,0.7204297482967377,0.12481886893510818,0.30004252344369886,0.5163675099611282
14,95.55615901947021,1.2662179672392084,0.314363569021225,0.0,0.17126295467217764,1.3003012498219808,0.026038408279418945,0.13431104570627211,0.019574491369227568,0.12603840976953506,0.3094179878632228,0.8122956827282906,0.3128260225057602,0.3128260225057602,0.17152832448482513,0.03000615816563368,0.15041782706975937,0.7178050577640533,0.12472330406308174,0.303049373626709,0.509320355951786
15,101.98255610466003,1.2512202107968429,0.3155091881752014,0.0,0.16825016836325327,1.2803474505742392,0.0255563681324323,0.1315525437394778,0.01886004420618216,0.12555636962254843,0.30591215988000237,0.8016200736165047,0.31648363173007965,0.31648363173007965,0.1634473130106926,0.02951177768409252,0.1454320028424263,0.6945395171642303,0.12407418712973595,0.2973667770624161,0.4927017614245415
16,108.79824113845825,1.2360810054078077,0.31674699385960897,0.0,0.1677046924829483,1.2593180338541667,0.025206054747104644,0.12878181288639703,0.01825246661901474,0.12520605623722075,0.3370618095000585,0.81037338078022,0.31933119893074036,0.31933119893074036,0.16568829119205475,0.02869959268718958,0.14060774445533752,0.7023096978664398,0.12381545081734657,0.32332961857318876,0.49176259338855743
17,115.28194808959961,1.2250024864915758,0.31852473815282184,0.0,0.16686332126458486,1.2417000214258829,0.024975151320298514,0.1268935903906822,0.017777508497238158,0.12497515281041463,0.377920267979304,0.7960771545767784,0.31958533823490143,0.31958533823490143,0.15834957361221313,0.028139333240687847,0.13652663677930832,0.6860640347003937,0.12376069650053978,0.3700600564479828,0.47955865412950516
18,122.26159191131592,1.2179599483187,0.31643030842145287,0.0,0.16687203745047252,1.236041784286499,0.024656574428081512,0.1259470373392105,0.017327956606944403,0.12465657591819763,0.34400651256243386,0.7956314831972122,0.32066234946250916,0.32066234946250916,0.15731897950172424,0.027936402708292007,0.13341134041547775,0.6812416911125183,0.12338489294052124,0.3394236147403717,0.4740321859717369
19,128.96907997131348,1.2020255409025897,0.3219922840595245,0.0,0.16366041898727418,1.207244582970937,0.024265298247337343,0.12268184224764506,0.016990609529117743,0.12426529973745346,0.34100614388783773,0.7673820108175278,0.30836254358291626,0.30836254358291626,0.1524190977215767,0.027728614397346973,0.13077840209007263,0.6684604585170746,0.12286220118403435,0.34540124237537384,0.4650086313486099
20,135.45931100845337,1.1956134594744072,0.3188424746195475,0.0,0.16471365789572398,1.202922248840332,0.023930988212426504,0.12218439429998398,0.016694854634503525,0.12393098970254263,0.3068477859099706,0.7794140726327896,0.31711986660957336,0.31711986660957336,0.15186713635921478,0.027393894270062447,0.12813007831573486,0.6716494858264923,0.1226152665913105,0.3165406048297882,0.463954821228981
21,142.15146613121033,1.183394067385234,0.31730175216992695,0.0,0.16393574674924213,1.1899943192799887,0.02366476704676946,0.12020200391610464,0.01643460855508844,0.12366476853688559,0.3711931089560191,0.7784595191478729,0.31819862127304077,0.31819862127304077,0.15058079361915588,0.02709772251546383,0.1261288747191429,0.6638062000274658,0.12249947711825371,0.35875223875045775,0.4580319747328758
22,148.9211301803589,1.1762372177482272,0.31882616877555847,0.0,0.1635293851296107,1.177686059474945,0.02341916213432948,0.11903701176246008,0.016209821434070668,0.12341916362444559,0.4081896851460139,0.7776235267519951,0.3223510831594467,0.3223510831594467,0.1470484510064125,0.026729869656264782,0.12428286299109459,0.6531830430030823,0.12197893485426903,0.4279868394136429,0.4508743844926357
23,155.43314909934998,1.169883218073907,0.31534782648086546,0.0,0.16342326005299887,1.176460325717926,0.02299034148454666,0.1180314838886261,0.01603170605376363,0.12299034297466278,0.3475805272658666,0.7638953328132629,0.30982211232185364,0.30982211232185364,0.14958108216524124,0.026463566347956657,0.12286446616053581,0.6611914932727814,0.12184733152389526,0.37183859199285507,0.4534602127969265
24,161.86356902122498,1.1643196429048355,0.31689414580663045,0.0,0.16343347132205963,1.1641579389572143,0.022754231095314027,0.11762427339951197,0.015850116312503815,0.12275423258543014,0.39242133498191833,0.7503864467144012,0.30234840512275696,0.30234840512275696,0.1484319195151329,0.026341993361711502,0.12201397120952606,0.6584360599517822,0.12130609527230263,0.4103816419839859,0.4512320011854172
25,168.24222612380981,1.157896599903082,0.31484729051589966,0.0,0.16327960193157195,1.161536169052124,0.022425182660420737,0.11619293292363485,0.015698682175328334,0.12242518415053685,0.43929632703463234,0.7441871389746666,0.30448146164417267,0.30448146164417267,0.1437324732542038,0.026055913418531418,0.12093951553106308,0.6416959464550018,0.12139572948217392,0.4528587371110916,0.441787488758564
26,174.8462679386139,1.1553132456184054,0.31143290003140767,0.0,0.16524138947327932,1.1668442805608115,0.022116914888223014,0.11526835610469183,0.015592780895531178,0.12211691637833913,0.5356397946675618,0.7638840600848198,0.3138209134340286,0.3138209134340286,0.14657634496688843,0.025819309055805206,0.12022030726075172,0.6509900093078613,0.1208522841334343,0.5643332600593567,0.4457153119146824
27,181.36008501052856,1.1434940072940663,0.311562591791153,0.0,0.16444177826245626,1.1487588286399841,0.021878851453463237,0.11392544905344645,0.01544998235379656,0.12187885294357935,0.4502950370311737,0.7500999942421913,0.30492250621318817,0.30492250621318817,0.14635811746120453,0.025910992175340652,0.12012504786252975,0.6503671407699585,0.12098411843180656,0.43312570452690125,0.445308618247509
28,187.76636290550232,1.1349280997257059,0.3128621180852254,0.0,0.16422489086786907,1.1331196268399557,0.021665904422601065,0.11297436207532882,0.015346681543936333,0.12166590591271718,0.4387298285961151,0.7499403655529022,0.30698707699775696,0.30698707699775696,0.1447298750281334,0.025722356513142586,0.11961110681295395,0.6460677683353424,0.12035749107599258,0.4341607004404068,0.44264499098062515
29,194.1167230606079,1.1328250046819448,0.30927754839261373,0.0,0.1653313418229421,1.1355899651845296,0.021411619583765664,0.11311319023370743,0.015247639765342077,0.12141162107388179,0.4401364405949911,0.7679535672068596,0.32017628848552704,0.32017628848552704,0.14384456723928452,0.025663779117166996,0.11937172338366508,0.6432926058769226,0.12067969888448715,0.42837569415569304,0.4410180263221264
30,200.8654820919037,1.1217471834349757,0.3109326978524526,0.0,0.16503627002239227,1.1151186068852743,0.021204967300097147,0.1119370386004448,0.015166696750869353,0.12120496879021327,0.45467235843340553,0.7618081420660019,0.3118475377559662,0.3118475377559662,0.1470184177160263,0.025607413612306118,0.11920855566859245,0.6501367390155792,0.1201942078769207,0.4631995499134064,0.44427692517638206
31,207.38585090637207,1.12171340281299,0.3084138790766398,0.0,0.16467146178086597,1.1206773082415262,0.021000214914480845,0.11186490257581075,0.015092206404854853,0.12100021640459696,0.5162273585796356,0.7317091226577759,0.2977310121059418,0.2977310121059418,0.1425563022494316,0.0252353111281991,0.11854656413197517,0.6391504108905792,0.120185486972332,0.5380691051483154,0.4381217695772648
32,213.78725409507751,1.114800135201464,0.3082689384619395,0.0,0.16540013055006664,1.1095879356066385,0.020810220142205557,0.11127044210831324,0.015008176739017168,0.12081022163232168,0.4903518040974935,0.7414932250976562,0.3021242618560791,0.3021242618560791,0.1441534161567688,0.025076836347579956,0.11823614314198494,0.6435958743095398,0.12001917883753777,0.5066209226846695,0.44003408029675484
33,220.1759262084961,1.1056610126203548,0.30847795406977335,0.0,0.1670811007420222,1.0957029620806376,0.0206003134449323,0.11004164318243663,0.01493347892537713,0.12060031493504843,0.4579465389251709,0.7426545768976212,0.3039957880973816,0.3039957880973816,0.14333044737577438,0.02542457263916731,0.11887725815176964,0.6404744982719421,0.12010074034333229,0.49233307540416715,0.4391145072877407
34,226.84917306900024,1.1042782909159239,0.304528405268987,0.0,0.16729354361693063,1.1044426004091898,0.02050401419401169,0.10915845135847728,0.014868832690020402,0.1205040156841278,0.5620926558971405,0.7320791929960251,0.29859572649002075,0.29859572649002075,0.14209280163049698,0.025345107540488243,0.11864128708839417,0.6357851922512054,0.11946690455079079,0.5869357317686081,0.4365338832139969
35,233.45010018348694,1.1028513899810302,0.3027608017126719,0.0,0.1674284984668096,1.102388032277425,0.02032063603401184,0.10988732079664866,0.014791813647995393,0.12032063752412796,0.5131080706914266,0.7555084228515625,0.31189990043640137,0.31189990043640137,0.14382928609848022,0.024920458905398846,0.11786618828773499,0.6429263949394226,0.119110107421875,0.5304661452770233,0.4393293857574463
36,239.88334918022156,1.094277591141872,0.3056297282377879,0.0,0.1672647515932719,1.082566793759664,0.020305609206358592,0.10913717548052469,0.014738788393636544,0.1203056106964747,0.4965970416863759,0.7412473633885384,0.3016459196805954,0.3016459196805954,0.14438924193382263,0.024969708174467087,0.11794696748256683,0.6419906616210938,0.11932111158967018,0.47123750746250154,0.4389422982931137
37,246.296245098114,1.089481458448184,0.30129277308781943,0.0,0.1684518406788508,1.0824134627978006,0.02015283058087031,0.10892805308103562,0.014695063326507806,0.12015283207098643,0.4633157710234324,0.73432257771492,0.2995140254497528,0.2995140254497528,0.14252576977014542,0.025065867230296135,0.1181081049144268,0.6338205337524414,0.11946556344628334,0.4350394934415817,0.4350183717906475
38,252.99480295181274,1.0857599127688444,0.30179028312365214,0.0,0.16913523872693378,1.0747206926345825,0.02002549817164739,0.10874295135339102,0.014647462281088035,0.12002549966176351,0.5357054471969604,0.7359500601887703,0.30049867928028107,0.30049867928028107,0.14260102063417435,0.024692120030522346,0.11743189021945,0.6373756527900696,0.1187293641269207,0.5717750579118729,0.4361197166144848
39,259.58669900894165,1.086095321298732,0.3020309607187907,0.0,0.17104731102784473,1.0758807142575582,0.0200498029589653,0.10839996188879013,0.014629622548818588,0.12004980444908142,0.6071819027264913,0.7201599255204201,0.28992389142513275,0.28992389142513275,0.14263704419136047,0.02514956146478653,0.11820490285754204,0.6333924531936646,0.11943725496530533,0.5453133583068848,0.4349011294543743
40,265.9858160018921,1.0717072066230078,0.30020467241605125,0.0,0.17193493445714314,1.0575103402137755,0.01994102497895559,0.10670288304487864,0.014517251340051492,0.1199410264690717,0.5186988890171051,0.7256573289632797,0.29336655139923096,0.29336655139923096,0.14280375093221664,0.024874016642570496,0.11760719865560532,0.6367603540420532,0.11888770759105682,0.48744959831237794,0.4359873756766319
41,272.3633680343628,1.0723150518063145,0.299339759349823,0.0,0.1716420243183772,1.057894519964854,0.01987228641907374,0.10737713327010473,0.014489462381849687,0.11987228790918986,0.47781542340914407,0.7324755117297173,0.30081789195537567,0.30081789195537567,0.14062433689832687,0.024620109237730503,0.11709639430046082,0.6307910680770874,0.11912045627832413,0.4635880410671234,0.4324919283390045
42,279.05156803131104,1.0714064997582076,0.2988347828388214,0.0,0.17282060881455738,1.0567791938781739,0.019586206475893656,0.10747122168540954,0.014430073400338491,0.11958620796600977,0.5543673714001973,0.7294653356075287,0.2967420518398285,0.2967420518398285,0.14217612892389297,0.02442951872944832,0.11672486737370491,0.6351150572299957,0.11860659718513489,0.5508868664503097,0.4342823959887028
43,285.5583829879761,1.0627059627246733,0.30005468328793844,0.0,0.17216585179169971,1.0411836822827658,0.019663192331790924,0.10642777880032857,0.01437134730319182,0.11966319382190704,0.507108066479365,0.7258123829960823,0.2943872660398483,0.2943872660398483,0.1421157419681549,0.024537481367588043,0.11684416234493256,0.6323639750480652,0.11871954053640366,0.49905124604701995,0.43302614986896515
44,291.9412591457367,1.060092658479698,0.2967511236667633,0.0,0.17402779857317607,1.0420700788497925,0.019598848621050515,0.10647703111171722,0.01433481511970361,0.11959885011116664,0.5721779922644298,0.7065722197294235,0.2841527462005615,0.2841527462005615,0.14017155021429062,0.024660426191985607,0.11700500175356865,0.6279668807983398,0.11853550374507904,0.5599715769290924,0.43098844215273857
45,298.31599402427673,1.0521635388722643,0.2981254279613495,0.0,0.17489762703577677,1.0270904223124186,0.01970713883638382,0.10550240923961003,0.014298282905171315,0.11970714032649994,0.5131948471069336,0.7122362554073334,0.28666946291923523,0.28666946291923523,0.14111603051424026,0.024680246599018574,0.11685493215918541,0.6287868022918701,0.1185101605951786,0.5285989612340927,0.43124833330512047
46,304.9144060611725,1.050553105410654,0.29635464350382484,0.0,0.17585269510746002,1.0289068619410198,0.019623478750387828,0.1051057000954946,0.014244146179407835,0.11962348024050394,0.5840132355690002,0.7145676016807556,0.2905126214027405,0.2905126214027405,0.13939933478832245,0.024524100124835968,0.11654239520430565,0.62765172123909,0.1188252754509449,0.579572880268097,0.43036825582385063
47,311.44497299194336,1.043678895783766,0.2936582028865814,0.0,0.17713693976402284,1.0204230507214864,0.019557560980319976,0.10509278972943624,0.01420746948570013,0.1195575624704361,0.5157605071862539,0.7277724221348763,0.29820476472377777,0.29820476472377777,0.1402326375246048,0.02439048606902361,0.11612667515873909,0.6283771693706512,0.11842494457960129,0.5294085055589676,0.4303152598440647
48,317.81845211982727,1.0455893097367759,0.2960835099220276,0.0,0.17725974122683208,1.0191195050875346,0.01943549116452535,0.1051885242263476,0.014168545448531708,0.11943549265464147,0.6370526929696401,0.7273462116718292,0.2974274158477783,0.2974274158477783,0.14060254395008087,0.024160953238606453,0.11566997691988945,0.6286849677562714,0.11869076639413834,0.6399396419525146,0.43001246079802513
49,324.4955201148987,1.0377087121092095,0.2962665537993113,0.0,0.17750857571760814,1.0043308734893799,0.01945328563451767,0.10484042763710022,0.014122435760994752,0.1194532871246338,0.5539395888646443,0.7229479551315308,0.2945113480091095,0.2945113480091095,0.14059046655893326,0.02422588225454092,0.11568833515048027,0.6303636133670807,0.11876098811626434,0.5674501866102218,0.4308701418340206
50,331.1152009963989,1.0350195167974259,0.2937614699204763,0.0,0.17892662882804872,1.0029695749282836,0.019390135010083517,0.10503380248943965,0.01411949765558044,0.11939013650019964,0.537138843536377,0.7164952754974365,0.29126623272895813,0.29126623272895813,0.13979796320199966,0.024035688489675522,0.115268774330616,0.626418262720108,0.11848039925098419,0.5537111729383468,0.42847790569067
51,337.558336019516,1.0282858446318035,0.2947263936201731,0.0,0.1786798804998398,0.9925986409187317,0.019393986960252126,0.10379416644573211,0.014045301048705975,0.11939398845036825,0.5065259198347728,0.7070380300283432,0.2855904996395111,0.2855904996395111,0.13932614028453827,0.02428699191659689,0.11559416726231575,0.6252198219299316,0.1189386285841465,0.5369290471076965,0.42820407822728157
52,343.9690170288086,1.0247219885427816,0.2945689062277476,0.0,0.18044568598270416,0.9882788340250651,0.01959450840950012,0.10303345868984858,0.014032850166161855,0.11959450989961624,0.6196425378322601,0.7025324553251266,0.2812754213809967,0.2812754213809967,0.1403096616268158,0.024145408533513546,0.11518470570445061,0.6269537508487701,0.11854032799601555,0.59634550511837,0.4286615811288357
53,350.59731006622314,1.0192483639189354,0.2937425474325816,0.0,0.18109574417273203,0.9779786189397176,0.01968646744887034,0.1032326340675354,0.013989564465979735,0.11968646893898646,0.5870708048343658,0.6916344314813614,0.2709449827671051,0.2709449827671051,0.14260847866535187,0.024311387911438942,0.11532600596547127,0.6319617331027985,0.11849929019808769,0.6167513489723205,0.4313068725168705
54,357.1439220905304,1.019487710200095,0.2899550120035807,0.0,0.1830327848593394,0.9874648571014404,0.019502765933672585,0.10282573153575261,0.013960906645903985,0.11950276742378871,0.7498236656188965,0.7038683444261551,0.2866343557834625,0.2866343557834625,0.13695840537548065,0.024097680114209652,0.11476945877075195,0.6190384328365326,0.11867600306868553,0.7025784492492676,0.42428867518901825
55,363.54757499694824,1.0142534704335655,0.2880108177661896,0.0,0.1840556740760803,0.9819148421287537,0.019667316476504007,0.10247841278711954,0.013927917182445525,0.11966731796662013,0.6873348295688629,0.7098900377750397,0.28498518466949463,0.28498518466949463,0.14120613038539886,0.024060530588030815,0.11459789052605629,0.6286170184612274,0.11817173287272453,0.6753334820270538,0.42890639975667
56,369.9561939239502,1.007087549334392,0.29108973145484923,0.0,0.18487601975599924,0.9625157992045085,0.01972222129503886,0.10215355704228084,0.013893959826479356,0.11972222278515497,0.6004620889822642,0.7119066417217255,0.28971847891807556,0.28971847891807556,0.13866446167230606,0.024193188175559044,0.11469244956970215,0.623774528503418,0.11909650638699532,0.5983079880475998,0.42657971382141113
57,376.5971291065216,1.003279638593085,0.2906339744726817,0.0,0.18458128968874613,0.9571354389190674,0.019623588025569915,0.10186444719632466,0.013860915849606196,0.11962358951568604,0.653317411740621,0.7112695872783661,0.286774218082428,0.286774218082428,0.14055413007736206,0.023936325684189796,0.11402520164847374,0.6273041367530823,0.11866524815559387,0.6840733468532563,0.4276772700250149
58,383.1572279930115,0.9985760003949206,0.2890573084354401,0.0,0.18563951154549915,0.9538593967755635,0.019717284043629966,0.10104391674200694,0.01385710621252656,0.11971728553374608,0.7444529990355174,0.6897390261292458,0.27547867596149445,0.27547867596149445,0.13826050609350204,0.02409948129206896,0.11423186585307121,0.6207621395587921,0.11900605633854866,0.793115884065628,0.42461293563246727
59,389.5724709033966,0.9927347256646802,0.29032891591389975,0.0,0.18531101047992707,0.9411103169123332,0.01964360773563385,0.10071160743633906,0.013830186954389015,0.11964360922574997,0.6554327428340911,0.6906565055251122,0.2732122093439102,0.2732122093439102,0.1404190957546234,0.02399782557040453,0.11387481540441513,0.6256828010082245,0.11854637414216995,0.6449382394552231,0.4267162159085274
60,395.96023297309875,0.9942652895658587,0.28778207302093506,0.0,0.18646390438079835,0.947787074247996,0.01960009684165319,0.1010385051369667,0.013774900914480288,0.11960009833176931,0.7372344334920248,0.6897170841693878,0.272722065448761,0.272722065448761,0.14031699299812317,0.023976564407348633,0.11366987973451614,0.6279206275939941,0.1186612956225872,0.7623685240745545,0.4276301935315132
61,402.7911639213562,1.1237983462090293,0.2632809986670812,0.2632809986670812,0.197612797220548,0.9936572631200155,0.019755152861277263,0.10017347087462743,0.013749391616632542,0.11975515435139338,0.7789356470108032,0.6531773060560226,0.2481621503829956,0.2481621503829956,0.14046704024076462,0.023779992014169693,0.113181933760643,0.6277538239955902,0.11862612515687943,0.7882343351840972,0.4270588457584381
62,409.5910270214081,1.5936776844901033,0.24953617950280507,1.1707911749680837,0.21725755433241525,1.0484772721926372,0.019712020456790925,0.10043320755163829,0.013727259418616692,0.11971202194690704,8.125443188349406,0.737784706056118,0.24636434018611908,0.4194246977567673,0.14085400849580765,0.02410131599754095,0.11363215371966362,0.6261168718338013,0.11907156556844711,1.4888575077056885,0.42669058963656425
63,416.06124806404114,1.1885634823624665,0.25855178833007814,0.3751717031002045,0.22440235018730165,1.0191711068153382,0.01983881046374639,0.09921326984961827,0.013694083131849766,0.1198388119538625,0.9583207885424296,0.7131721749901772,0.26641832292079926,0.33981750905513763,0.13842254877090454,0.023927937261760235,0.11311602964997292,0.6206429898738861,0.11901454254984856,0.935300987958908,0.42343752458691597
64,422.6593220233917,1.1568120447181476,0.26959452231725056,0.32840433716773987,0.21851219435532887,0.9802744150161743,0.01980978548526764,0.0995351587732633,0.013678164407610893,0.11980978697538376,0.8499902923901875,0.7165653482079506,0.2756551206111908,0.3157179206609726,0.14152563363313675,0.023595348931849003,0.11236823350191116,0.6272384226322174,0.1185506172478199,0.8209815502166748,0.42598744481801987
65,429.4665470123291,1.1375296225887723,0.2782740553220113,0.3095561146736145,0.21501547892888387,0.9449759443600972,0.019843584795792898,0.09926097393035889,0.013628317353626093,0.11984358628590902,0.8093652923901876,0.6985761746764183,0.26807206869125366,0.2994687408208847,0.14038486778736115,0.02382932510226965,0.11265994608402252,0.6237499415874481,0.1189679242670536,0.7922933638095856,0.4245349168777466
66,436.1249430179596,1.1302733359237511,0.27591183384259543,0.300350413719813,0.21428626775741577,0.9470572193463643,0.019967229664325715,0.0986011266708374,0.013621367638309796,0.11996723115444183,0.8532749652862549,0.7003935128450394,0.27037064731121063,0.29663607478141785,0.1408524140715599,0.02375902235507965,0.11235107481479645,0.624919980764389,0.11908569559454918,0.8884562253952026,0.42481106519699097
67,442.6213779449463,1.1240359688410535,0.27617529034614563,0.2956412434577942,0.21449696322282155,0.9401613672574362,0.019855141143004098,0.09827249596516291,0.013580794942875703,0.11985514263312022,0.8957411527633667,0.6922377645969391,0.26072851568460464,0.29018671810626984,0.14320794492959976,0.02382094692438841,0.11230472847819328,0.6305198967456818,0.11898059397935867,0.9522107243537903,0.42756467685103416
68,449.16023993492126,1.1147116616135464,0.2742480297883352,0.28798832098642985,0.21559505263964335,0.9322543859481811,0.02004117767016093,0.09836395333210628,0.01356180760388573,0.12004117916027705,0.8209552764892578,0.7110527753829956,0.2803250551223755,0.2885347008705139,0.14323018491268158,0.023769626393914223,0.11202763393521309,0.6338063180446625,0.11892101541161537,0.8087600708007813,0.4289307929575443
69,455.95166182518005,1.114615386208364,0.27562625805536906,0.28590434392293296,0.21495355268319447,0.9290979663530986,0.019814289112885793,0.09902695367733637,0.013543701140830915,0.11981429060300192,0.9114486416180928,0.7061412781476974,0.27525001764297485,0.2849648892879486,0.14420440793037415,0.023683576844632626,0.11173103377223015,0.6330348551273346,0.11933192610740662,0.9139640510082245,0.42824846133589745
70,462.6692109107971,1.1079815931618213,0.27415306369463605,0.28221066991488136,0.21540543635686238,0.925939412911733,0.01996196707089742,0.09810032000144323,0.01354217305779457,0.11996196856101354,0.8556821783383687,0.7009579762816429,0.2729170322418213,0.28252755105495453,0.14338858425617218,0.02357994019985199,0.11143318563699722,0.6326034665107727,0.11890479549765587,0.7581317365169525,0.4277349188923836
71,469.2224609851837,1.1015257923242947,0.2766932209332784,0.2788158277670542,0.214970134695371,0.9102714856465658,0.02003190020720164,0.0983760083715121,0.013492900598794221,0.12003190169731776,0.8751170953114827,0.6950562447309494,0.26866090297698975,0.28028997778892517,0.14312517642974854,0.023808295838534832,0.11172040179371834,0.6297459006309509,0.11910998821258545,0.8584104239940643,0.4265933521091938
72,475.7923710346222,1.0939638321326735,0.27499391237894694,0.27658437689145404,0.2157679518063863,0.9036786675453186,0.020070203145345054,0.09760240266720453,0.01347801008572181,0.12007020463546117,0.8049182613690694,0.684225544333458,0.2618023753166199,0.2780170440673828,0.14170732349157333,0.02352089434862137,0.11102844774723053,0.6280193626880646,0.11947253718972206,0.8300211489200592,0.4250381290912628
73,482.7892339229584,1.0930401730894421,0.27549224098523456,0.2756200611591339,0.21457532743612925,0.9045824607213339,0.020071125030517577,0.09696794847647348,0.013451223634183407,0.1200711265206337,0.9277409871419271,0.6978379338979721,0.2687082886695862,0.2778085768222809,0.14511267840862274,0.023787902668118477,0.11131398007273674,0.6347185671329498,0.11928978189826012,0.969586443901062,0.42867326363921165
74,489.45414304733276,1.087274469846549,0.27293084263801576,0.27145123680432637,0.21717306474844614,0.9004422307014466,0.02013036956389745,0.09729883323113124,0.013444826534638802,0.12013037105401357,0.9337178905804951,0.7065576761960983,0.28022368252277374,0.27790239453315735,0.14369139820337296,0.02355656959116459,0.11085726320743561,0.6300950646400452,0.1192643791437149,0.9876490235328674,0.4259047955274582
75,496.0589349269867,1.079871175356675,0.2764611025651296,0.2699912846088409,0.2161596715450287,0.8838937679926554,0.020173229773839316,0.09637793203194936,0.013393982065220673,0.12017323126395543,0.9609087665875753,0.702755831182003,0.27662767469882965,0.27216051518917084,0.14502394944429398,0.023677277378737926,0.11080772802233696,0.6355118155479431,0.11959990113973618,0.9460070788860321,0.4285636357963085
76,502.86776208877563,1.075818164666028,0.27311640977859497,0.26822483142217,0.2169291416803996,0.8835337320963542,0.020131725569566092,0.0965286319454511,0.013376251887530088,0.12013172705968221,0.912209153175354,0.6881952881813049,0.26909227669239044,0.27071014046669006,0.14187397062778473,0.0236037103459239,0.11046517267823219,0.6268830597400665,0.1197294108569622,0.8581041753292084,0.42390670254826546
77,509.5229070186615,1.0725785758967201,0.2732866207758586,0.2668101022640864,0.21685045659542085,0.8781391104062398,0.020262476801872254,0.09649770210186641,0.013371093943715096,0.12026247829198837,0.8251450141270955,0.6942130327224731,0.2743787318468094,0.27024680376052856,0.14235544949769974,0.023795918561518192,0.11067976802587509,0.6276542544364929,0.11962681263685226,0.8590108513832092,0.42450689524412155
78,516.1070380210876,1.0698551125475206,0.2750280419985453,0.2655470450719198,0.21775429447491965,0.8697384794553121,0.02019568979740143,0.0966551865140597,0.013337834893415371,0.12019569128751754,0.8967103481292724,0.6851109862327576,0.26202982664108276,0.2697930335998535,0.14409232139587402,0.023717871867120266,0.1103716716170311,0.6313949227333069,0.11953932791948318,0.9046540081501007,0.42606913298368454
79,522.6864449977875,1.072118201176636,0.27164998253186545,0.2645999550819397,0.21729732950528463,0.8821989496548971,0.020259871582190194,0.09660209516684214,0.013366012182086707,0.12025987307230632,0.9264022469520569,0.6831616908311844,0.26098258048295975,0.26707012951374054,0.14432202279567719,0.023312787525355816,0.10949834808707237,0.6316790878772736,0.11945823952555656,0.9519731283187867,0.42533789202570915
80,529.5282468795776,1.0685777402909784,0.27285379767417905,0.26417255600293477,0.21789838870366415,0.8753230651219686,0.020236705740292866,0.09603546410799027,0.013313469601174195,0.12023670723040898,1.075803526242574,0.6956691145896912,0.27067187428474426,0.26850929856300354,0.14537129551172256,0.023696333169937134,0.1100257933139801,0.6336633265018463,0.11977951973676682,1.1418391346931458,0.42685745656490326
81,536.2091460227966,1.059189778814713,0.2728604276974996,0.260990317662557,0.21853534877300262,0.8610389033953348,0.020404783884684245,0.09563330113887787,0.013281399508317311,0.12040478537480036,1.1097364703814188,0.6936155259609222,0.26311611384153366,0.271370992064476,0.1474069580435753,0.023638400249183178,0.10972189158201218,0.6386629939079285,0.1196000762283802,1.1529803633689881,0.4290533885359764
82,542.9093878269196,1.0571092255917998,0.2725522041320801,0.2624799112478892,0.21749895910422007,0.8553514798482259,0.020428221424420676,0.09584471335013707,0.013252667151391506,0.1204282229145368,0.9304426709810892,0.6802727840840816,0.26028531044721603,0.2664215937256813,0.14338833838701248,0.023424223996698856,0.10921923071146011,0.6274558901786804,0.11972545459866524,0.8880860030651092,0.4229471758008003
83,549.5203530788422,1.0566431279604633,0.27230555613835655,0.26051571369171145,0.21740075747172039,0.8556525627772014,0.020395452280839284,0.09616431643565496,0.013246579188853502,0.12039545377095541,0.9740400075912475,0.6879949979484081,0.2692445069551468,0.2617354318499565,0.14394138753414154,0.023326747119426727,0.10892373695969582,0.6304082572460175,0.11977614462375641,1.0160576343536376,0.42412786558270454
84,556.4267921447754,1.048487132745019,0.2730941891670227,0.2580589751402537,0.21758035918076832,0.8442687312761943,0.020484915872414907,0.09512332578500111,0.013212865560005109,0.12048491736253103,0.8148107846577962,0.6889903247356415,0.2620513513684273,0.26503683626651764,0.1472102776169777,0.023385731503367424,0.10886044427752495,0.6388874053955078,0.11981648579239845,0.8407363414764404,0.42830414697527885
85,563.116128206253,1.049528131816381,0.27099278767903645,0.25774014989535016,0.21803048650423687,0.8480496048927307,0.020600638290246328,0.09577954014142355,0.013186758446196715,0.12060063978036245,0.9483131130536397,0.6847304701805115,0.2577320635318756,0.26247328519821167,0.14788088202476501,0.02340567111968994,0.10871467366814613,0.6383979916572571,0.1196829080581665,1.0015064477920532,0.4279136694967747
86,569.8264360427856,1.0461021153993595,0.27189827561378477,0.2565133492151896,0.2184351106484731,0.8433892091115316,0.020573132236798606,0.09507280786832174,0.013179095648229121,0.12057313372691472,0.9844495097796122,0.6989056952297688,0.2697583734989166,0.26190970093011856,0.14909623563289642,0.02336782217025757,0.10847651585936546,0.6429262459278107,0.12004312872886658,1.0222727060317993,0.4299396388232708
87,576.5309889316559,1.0408239276342404,0.27081053853034975,0.25518786410490674,0.21802867551644642,0.8366525332132976,0.020661511520544688,0.09499291976292928,0.013158156008770069,0.1206615130106608,0.9562040964762369,0.6873897723853588,0.2621123194694519,0.2649575397372246,0.1463993415236473,0.023395773023366928,0.10836365073919296,0.6337779462337494,0.11998442187905312,0.9653694748878479,0.42525262385606766
88,583.3920259475708,1.0399806050234475,0.2726718525091807,0.2561796655257543,0.21829508046309154,0.8271278540293375,0.020632323125998178,0.09576801210641861,0.013155325936774412,0.1206323246161143,0.9295705437660218,0.6846122890710831,0.25854670256376266,0.26092569530010223,0.14780136942863464,0.02321865502744913,0.10789011791348457,0.6383767127990723,0.11979556083679199,0.9437648236751557,0.4270784743130207
89,590.0408430099487,1.0408924175736805,0.2719165861606598,0.2558965673049291,0.21884545981884002,0.833790119489034,0.020660318434238434,0.09497569650411605,0.013109354488551616,0.12066031992435455,1.1939449588457742,0.6877338103950024,0.26393966376781464,0.2630404755473137,0.14613695442676544,0.023269866593182087,0.10784393921494484,0.6337631940841675,0.12023117765784264,1.2223190188407898,0.4247255362570286
90,596.6165609359741,1.0396166953995514,0.27036189834276836,0.25639553864796955,0.21889760792255403,0.8336814006169637,0.020732582608858744,0.09499716460704803,0.01310635448123018,0.12073258409897486,1.2336618741353353,0.6849911399185658,0.2594728469848633,0.262953020632267,0.14702089130878448,0.023136856965720654,0.10748622566461563,0.637725830078125,0.12003691121935844,1.2153707087039947,0.42634914070367813
91,603.2532360553741,1.0353723229064296,0.2713625888029734,0.2546783079703649,0.2187035898367564,0.8266943454742431,0.020800996820131937,0.09454438984394073,0.013091908674687147,0.12080099831024806,1.2053683042526244,0.684169378131628,0.26013166457414627,0.26054856926202774,0.14688171446323395,0.023404882289469242,0.10780106857419014,0.6343676447868347,0.12004255130887032,1.2265301764011383,0.4249848909676075
92,610.1091020107269,1.0313856583011025,0.27047985593477886,0.25237046579519906,0.21916368901729583,0.8220516482988993,0.02086496204137802,0.0946935663620631,0.013058503748228152,0.12086496353149415,1.0632421294848124,0.6851086467504501,0.2644791305065155,0.2589101195335388,0.1455872282385826,0.023291660472750664,0.10738867148756981,0.6314809918403625,0.1202145516872406,1.0821242868900298,0.4231291674077511
93,616.7725610733032,1.031460511587405,0.27034504612286886,0.25252078572909037,0.21895368695259093,0.8220536788304647,0.020911457141240437,0.094759797056516,0.01305032984043161,0.12091145863135656,1.097710673014323,0.6851314194500446,0.2658911496400833,0.2590029314160347,0.14486940205097198,0.02323673479259014,0.10714362561702728,0.6310964524745941,0.12030930072069168,1.0845859348773956,0.42269185185432434
94,623.3540029525757,1.0277362329225677,0.26933188140392306,0.2517813136180242,0.220112606883049,0.8194232662518819,0.020946612457434337,0.09418214261531829,0.013021311194946369,0.12094661394755045,1.1312870542208353,0.6871423497796059,0.26426148414611816,0.25791360437870026,0.1469620317220688,0.023323671892285347,0.10709577053785324,0.6337268948554993,0.12054780498147011,1.139458167552948,0.4239592179656029
95,629.9954180717468,1.0236496894697968,0.2693657875061035,0.2505215287208557,0.22002653380235035,0.8111139893531799,0.02095610797405243,0.09451667865117391,0.01301371284450094,0.12095610946416854,1.0197364767392476,0.6928655952215195,0.261871874332428,0.260177880525589,0.1504523903131485,0.02312115579843521,0.10661538317799568,0.6449606120586395,0.12028203904628754,1.0587952852249145,0.42909568920731544
96,637.0042579174042,1.0203149183730906,0.26998844544092815,0.24993681907653809,0.22055200338363648,0.8050780733426411,0.020987248917420705,0.09416125466426213,0.012984549657752116,0.12098725040753683,1.0215040922164917,0.6870355270802975,0.26703260838985443,0.25455405563116074,0.14636294543743134,0.02319780644029379,0.10655825957655907,0.6333360373973846,0.12052304297685623,0.9473380744457245,0.4232262782752514
97,643.675185918808,1.0209514659751828,0.26947714388370514,0.24968765477339427,0.2202406644821167,0.8072339177131653,0.021090763807296752,0.09424633433421453,0.013009515932450692,0.12109076529741288,1.202609614531199,0.684575829654932,0.2609609514474869,0.2587089017033577,0.14713021367788315,0.023415084928274155,0.10680944100022316,0.6369063258171082,0.12063528969883919,1.3755387902259826,0.42526260390877724
98,650.3563528060913,1.017771750622584,0.2686391840378443,0.24975725710392,0.22057991226514181,0.8041173060735066,0.021160806218783062,0.09380630205074945,0.012961936369538306,0.12116080770889918,1.0914663314819335,0.6926423273980618,0.2674090415239334,0.25866907089948654,0.14794937521219254,0.02307405322790146,0.10600810125470161,0.6381981670856476,0.12063296511769295,1.0869040489196777,0.4251071847975254
99,656.9706799983978,1.018191697044919,0.2705766995747884,0.24916386206944782,0.22023413678010303,0.8004579941431681,0.021173663437366486,0.094125264386336,0.012955313051740329,0.1211736649274826,1.0435152928034463,0.6899995543062687,0.2641134634613991,0.25612469762563705,0.14891187101602554,0.022974404506385326,0.1057262048125267,0.6426794528961182,0.12082665041089058,1.0558068752288818,0.4270659312605858
100,663.9087040424347,1.0158043737717284,0.26954806248346963,0.24852655033270518,0.2200848956902822,0.7988145669301351,0.02125916729370753,0.09400392174720765,0.012932270579040051,0.12125916878382365,1.016072897116343,0.6900399625301361,0.2639307677745819,0.2608715295791626,0.14783671498298645,0.023137872107326984,0.10579168796539307,0.6378090679645538,0.12057826668024063,1.0215898334980011,0.42469622194767
101,670.6088240146637,1.0136371325895501,0.2681593338648478,0.24901655515034993,0.22077607611815134,0.7954715132713318,0.0212851549188296,0.09428611795107524,0.012942360900342464,0.12128515640894572,1.0405548850695292,0.6994872130453587,0.27495594322681427,0.2558196559548378,0.14831072092056274,0.022898648865520954,0.10533274710178375,0.6362009346485138,0.12087832391262054,1.0953074097633362,0.42343321442604065
102,677.1697828769684,1.008901722690401,0.2713258405526479,0.24766791760921478,0.2198403169711431,0.7827025731404622,0.02133739988009135,0.09390179763237635,0.01289544099320968,0.12133740137020747,1.0940440535545348,0.6922970712184906,0.2664912939071655,0.2552337944507599,0.14909444004297256,0.02326829358935356,0.10573146864771843,0.6406129598617554,0.12080636247992516,1.1386388421058655,0.4260379485785961
103,683.9718701839447,1.007804185563388,0.269406803448995,0.2473317543665568,0.22110383411248524,0.7854526400566101,0.02139301151037216,0.09363130529721578,0.01290458015476664,0.12139301300048828,1.1202208121617636,0.6885320991277695,0.2610728144645691,0.2563471794128418,0.14964284747838974,0.02316311188042164,0.10546767711639404,0.6395463347434998,0.12091308832168579,1.1571738600730896,0.4252408444881439
104,690.7257528305054,1.003906155649262,0.2686742583910624,0.24732583463191987,0.22086276809374492,0.7787346522013346,0.021512477099895476,0.09371523459752401,0.01285773478448391,0.1215124785900116,0.9751252770423889,0.6827878095209599,0.2590378671884537,0.2550799921154976,0.1481049731373787,0.023155766539275646,0.1052074171602726,0.6376549899578094,0.12121523916721344,0.9885231137275696,0.4240349121391773
105,697.2735698223114,1.0050780425119834,0.2695053199927012,0.24662138223648072,0.22079085310300192,0.7795633594195048,0.021612846354643504,0.09383347630500793,0.012852674536406993,0.12161284784475962,1.1092949827512106,0.6887774877250195,0.2660915106534958,0.2551732584834099,0.14754967391490936,0.02323149051517248,0.10520891100168228,0.6375566720962524,0.1210920624434948,1.0771456122398377,0.4239872470498085
106,703.8376140594482,1.0034135480799402,0.27004483143488567,0.2467093636592229,0.21968442897001902,0.7758245865503947,0.021540796260039012,0.09371262341737747,0.012917749956250191,0.12154079775015512,1.0298483490943908,0.6902875788509846,0.2620636224746704,0.2525787726044655,0.1509672850370407,0.022823575884103775,0.1044701598584652,0.6461615264415741,0.12105212733149529,1.0321590900421143,0.42755092307925224
107,710.8143429756165,1.00119087874967,0.2676918625831604,0.24560696681340535,0.22112142344315847,0.7757035414377849,0.0216269517938296,0.09399874558051427,0.0128043409747382,0.12162695328394572,0.9790722290674846,0.6957793347537518,0.26581357419490814,0.2582520768046379,0.15041986107826233,0.02316652052104473,0.10477781668305397,0.644731193780899,0.12101852893829346,0.9647192776203155,0.4271434135735035
108,717.4363589286804,1.0007033891510217,0.2688494126001994,0.24628990789254507,0.2199930876493454,0.7725363373756409,0.02171386530001958,0.0938318207859993,0.012806545632580916,0.1217138667901357,1.0968223253885905,0.690292589366436,0.2609405815601349,0.2537991553544998,0.1512262150645256,0.02305662538856268,0.10445928946137428,0.6460185945034027,0.12112310528755188,1.0673794627189637,0.42746858671307564
109,724.1097090244293,1.0049429475717868,0.2680475483338038,0.24791432023048401,0.2210211267073949,0.7793402433395386,0.021723414460817974,0.09419367214043935,0.01277965884655714,0.1217234159509341,1.272201704978943,0.6927421018481255,0.2626805305480957,0.25335095822811127,0.15169304609298706,0.023093477822840214,0.1042933352291584,0.6461122930049896,0.12103922665119171,1.3471877336502076,0.4273494817316532
110,730.8185088634491,1.0024714296955304,0.2662612895170848,0.24651940464973449,0.22090548276901245,0.7805443485577901,0.021798284351825715,0.09388678322235743,0.012766662581513325,0.12179828584194183,1.3635814189910889,0.7109396643936634,0.27332745492458344,0.25686634331941605,0.15458951890468597,0.023078721947968006,0.1041712649166584,0.6527421176433563,0.12138340622186661,1.4364089131355287,0.43054232373833656
111,737.6660199165344,0.9988291573516714,0.27037957111994426,0.2458973507086436,0.21955718696117402,0.7678288539250692,0.021900064249833425,0.09338372896114985,0.012755076959729194,0.12190006573994955,1.2636930267016093,0.6856201812624931,0.2587646096944809,0.2522846609354019,0.15035662055015564,0.022951282560825348,0.1037009246647358,0.6426312327384949,0.12138991802930832,1.3675826072692872,0.42501654103398323
112,744.3067758083344,0.994318105909042,0.26618973910808563,0.24390147924423217,0.22129178742567698,0.7689965645472209,0.022006726264953612,0.09331805855035782,0.01273785059650739,0.12200672775506974,1.2009127100308736,0.6898190341889858,0.2649964392185211,0.2510962709784508,0.14963722974061966,0.022990147583186626,0.10365763679146767,0.6413582563400269,0.12145205587148666,1.1727596044540405,0.4243367649614811
113,750.8415379524231,0.9961507087301773,0.2675415277481079,0.24446358184019726,0.2210744132598241,0.7684539596239726,0.021999237934748332,0.0935674195488294,0.012723495345562696,0.12199923942486444,1.1272555192311604,0.6909505724906921,0.2610620707273483,0.2503584921360016,0.1523546278476715,0.022993757389485836,0.10349798575043678,0.6485639810562134,0.1215527318418026,1.1113382160663605,0.4277799762785435
114,757.4452791213989,0.9955327549406017,0.26594969630241394,0.24445414543151855,0.22093810240427653,0.769405202070872,0.022134168446063994,0.09379301319519678,0.012709874504556259,0.12213416993618012,1.2698946158091227,0.6926823928952217,0.2625671550631523,0.24986174702644348,0.15259218215942383,0.022923379205167294,0.10324326530098915,0.6500374376773834,0.12160412222146988,1.262301230430603,0.42826198413968086
115,764.2412009239197,0.991880212778536,0.2650265167156855,0.24407352209091188,0.22114241123199463,0.7668171644210815,0.02214539796113968,0.09315893848737081,0.012690242705866694,0.1221453994512558,0.9900951663653056,0.6853904351592064,0.2562461793422699,0.24978776276111603,0.15212518721818924,0.022650020197033882,0.10255542024970055,0.6477356851100922,0.12162121012806892,0.9967928469181061,0.42642326280474663
116,770.9650840759277,0.9915017765558635,0.2685918599367142,0.24394408762454986,0.22095805108547212,0.7559361020723979,0.022241317729155222,0.09392371426026026,0.012706300243735313,0.12224131921927134,1.1209899346033732,0.6872954331338406,0.2567368969321251,0.24811161309480667,0.15325136482715607,0.022882601246237755,0.10283118113875389,0.6475272178649902,0.12184029445052147,1.1085268616676331,0.426594790071249
117,777.5526599884033,0.9885406367247924,0.2668362279733022,0.2432756890853246,0.22041746377944946,0.7571468432744344,0.022373479108015695,0.09318191309769948,0.012672326030830542,0.12237348059813181,1.0199268579483032,0.6824892051517963,0.25682438910007477,0.24945557862520218,0.15046851336956024,0.022866317071020603,0.10264376550912857,0.6440420150756836,0.12175711616873741,1.0436791837215424,0.42466477304697037
118,784.1707611083984,0.9875931679969654,0.2661409000555674,0.24257122874259948,0.22086999118328093,0.7559182683626811,0.022349879642327628,0.09352393448352814,0.012651416286826134,0.12234988113244374,0.9889557639757792,0.7005338706076145,0.2641139626502991,0.2511294558644295,0.15542759001255035,0.022893130779266357,0.10257493332028389,0.6542366147041321,0.12191563099622726,1.0530999600887299,0.42969324067234993
119,791.0340151786804,0.9842581462076244,0.2673210710287094,0.2424975097179413,0.22172135313351948,0.7478375911712647,0.022420028348763783,0.09324595381816228,0.012636463002612194,0.12242002983887991,0.9346681197484334,0.6985902041196823,0.26696257293224335,0.25069117546081543,0.15314102172851562,0.022832815535366535,0.10221990197896957,0.650393545627594,0.1220441572368145,0.8786055326461792,0.42741667479276657
120,797.7879528999329,0.9877204622918119,0.2642497917016347,0.2438591589530309,0.22191854317982992,0.7593553185462951,0.022517305115858713,0.09325880855321884,0.012635386921465397,0.12251730660597483,1.2860482811927796,0.6824669986963272,0.25309957563877106,0.25224190950393677,0.15162323415279388,0.022690998390316963,0.10203507915139198,0.6442515254020691,0.12219709157943726,1.3327671229839324,0.42416084185242653
121,804.4787769317627,0.9868382958928124,0.2639927178621292,0.24289451241493226,0.222539551059405,0.7587937474250793,0.022657007972399393,0.09326263368129731,0.012624772203465303,0.12265700946251551,1.237022590637207,0.6841297671198845,0.2551521137356758,0.24935975670814514,0.15214888751506805,0.022843848913908005,0.10196356102824211,0.6487873792648315,0.12229887396097183,1.2090647101402283,0.4263572506606579
122,811.0375461578369,0.9851766602989908,0.2658149202664693,0.24190859893957775,0.22190157075723013,0.7545216242472331,0.02273621807495753,0.09284897098938624,0.012602730623135964,0.12273621956507365,1.3528190771738688,0.6997854672372341,0.2661368250846863,0.25122567266225815,0.15401790291070938,0.022801670245826244,0.10174567997455597,0.6513883769512177,0.12228004261851311,1.4031126379966736,0.4274398684501648
123,818.0128211975098,0.9845328373485245,0.26615340212980904,0.24187391300996144,0.22076023519039153,0.7514357606569926,0.022850692768891654,0.09316732635100683,0.012590548566853007,0.12285069425900777,1.3356156706809998,0.6868461929261684,0.25560370087623596,0.24795224517583847,0.15363318473100662,0.022739802487194538,0.1014738604426384,0.6513863205909729,0.12229939550161362,1.3110832870006561,0.42716702073812485
124,824.6928248405457,0.9804676921844172,0.26495477358500164,0.24123933017253876,0.22253127892812094,0.7469902356465657,0.02280718137820562,0.09292765359083811,0.012574017513543367,0.12280718286832173,1.1880975723266602,0.6935823410749435,0.25839003920555115,0.24883010983467102,0.15538862347602844,0.02275603637099266,0.10136004909873009,0.655560702085495,0.12228899449110031,1.2659733295440674,0.4291404001414776
125,831.2596571445465,0.9839090038867047,0.2638842244942983,0.24391092956066132,0.221541961034139,0.7520817200342814,0.022896591325600943,0.0932680313785871,0.012599281935642163,0.12289659281571706,1.281457813580831,0.6896157152950764,0.25814085453748703,0.2498220130801201,0.15328192710876465,0.02240568771958351,0.10070144757628441,0.650258868932724,0.12245070934295654,1.223308002948761,0.4258308820426464
126,837.885213136673,0.977486986744528,0.2655565857887268,0.2424226035674413,0.2207513878742854,0.7369701345761617,0.023074921468893686,0.09336733669042588,0.012578313673535983,0.1230749229590098,1.0680059313774108,0.6967892609536648,0.2613399028778076,0.2487412914633751,0.1555393561720848,0.023086823523044586,0.10164623335003853,0.6548109948635101,0.12271536886692047,1.1192033648490907,0.4290517307817936
127,844.7600421905518,0.9793282718979753,0.26471861203511554,0.244038055340449,0.22209044694900512,0.7423483570416768,0.023109862705071767,0.09288184096415837,0.012591998372226954,0.12310986419518789,1.3818222363789876,0.6897413060069084,0.2587684243917465,0.24953283369541168,0.15310323238372803,0.02276933193206787,0.10125608742237091,0.6498985588550568,0.12237188220024109,1.5103768587112427,0.4262053668498993
128,851.4380750656128,0.9792215209997569,0.2637569387753805,0.24193830291430155,0.22185732424259186,0.7441630681355794,0.02322927216688792,0.09336519340674082,0.012554328205684822,0.12322927365700403,1.196242336432139,0.702847883105278,0.26623154431581497,0.2520039528608322,0.15530718117952347,0.023125062696635723,0.10136721655726433,0.6554976403713226,0.12284889072179794,1.1789022266864777,0.42911603674292564
129,858.0359880924225,0.9772091146674938,0.266631339987119,0.2425300270318985,0.22048227091630299,0.735026745001475,0.02328602224588394,0.09311499347289404,0.012521138306086262,0.12328602373600006,1.1762643853823345,0.6920322217047215,0.252456396818161,0.252982534468174,0.15654227882623672,0.022978179156780243,0.10098851099610329,0.6578878462314606,0.12279854714870453,1.1839639782905578,0.4299324341118336
130,864.9334659576416,0.974804863865332,0.26441979010899863,0.2415285994609197,0.22154822448889414,0.7368332783381144,0.02341373562812805,0.09273223380247751,0.012519780018677314,0.12341373711824417,1.2105462630589803,0.6913795061409473,0.25570690631866455,0.24703095108270645,0.15607856214046478,0.022632652893662453,0.1002117432653904,0.656993567943573,0.12304123491048813,1.194689404964447,0.4287085272371769
131,871.6829011440277,0.973228425210497,0.26509054203828175,0.24137078026930492,0.2208275059858958,0.7306999484697978,0.02351442873477936,0.09319369345903397,0.012501102934281031,0.12351443022489547,1.0805928111076355,0.693541631102562,0.2559349909424782,0.24902181327342987,0.15654786676168442,0.022630133666098118,0.10019450634717941,0.6568390727043152,0.12283255532383919,1.0975549519062042,0.428614042699337
132,878.2284188270569,0.9741585641168058,0.2637960523366928,0.24105372726917268,0.2212963948647181,0.7353061437606812,0.023552894592285156,0.09320180267095565,0.012485887265453736,0.12355289608240128,1.13238445520401,0.6990374885499477,0.2587548941373825,0.2504969462752342,0.15751706063747406,0.02258287463337183,0.0999528206884861,0.6608804762363434,0.12295474112033844,1.174885445833206,0.4303930588066578
133,885.1101729869843,1.1434834446408786,0.2725665946801504,0.5719327131907145,0.22116945187250772,0.7247078458468119,0.02367078810930252,0.09338102986415227,0.012547807504112522,0.12367078959941864,9.661753018697103,0.8447692394256592,0.25527124106884,0.5461417138576508,0.1582135707139969,0.023154770955443382,0.10074920579791069,0.6619448959827423,0.12340977042913437,8.880217123031617,0.43172165378928185
134,892.0010969638824,0.9755569373412679,0.2626608282327652,0.24867383042971294,0.2229190170764923,0.7338342746098836,0.023876897990703583,0.09276978125174841,0.012480870882670084,0.1238768994808197,1.07657417456309,0.7014486007392406,0.2627335712313652,0.2540246918797493,0.1558513417840004,0.022789676673710346,0.09992392361164093,0.656204879283905,0.12324445694684982,1.1269668936729431,0.42802636325359344
135,898.9325342178345,1.1472963835151555,0.2739028612772624,0.5835574467976888,0.2202461431423823,0.7211385647455851,0.02384483317534129,0.09261511713266372,0.012455036025494337,0.12384483466545741,8.136523373921712,0.8430850431323051,0.2563551440834999,0.5552875697612762,0.15454305708408356,0.02279616054147482,0.09986400976777077,0.6543146371841431,0.1236279308795929,6.481430149078369,0.4270213283598423
136,905.7397480010986,1.124988693666334,0.2632032444079717,0.5491743763287862,0.2243372033039729,0.7302094260851543,0.02403965840737025,0.09288616180419922,0.012451162561774254,0.12403965989748637,4.3129453976949055,0.8488357961177826,0.2642746865749359,0.5419303476810455,0.15679796785116196,0.022807319648563862,0.09972812235355377,0.6607653796672821,0.1234506368637085,4.65350878238678,0.4301108121871948
137,912.5527839660645,1.1209381256485358,0.26412756542364757,0.5439832250277201,0.22303418119748433,0.7249683618545533,0.0241379643479983,0.09304687331120173,0.012457319969932238,0.12413796583811441,4.612003564834595,0.8403602093458176,0.26242031157016754,0.5341326594352722,0.15543678402900696,0.022660186514258385,0.099317517131567,0.6571057140827179,0.12379882857203484,4.902118992805481,0.42787037417292595
138,919.5824210643768,1.1247150158276782,0.2652520289023717,0.5511099139849345,0.2230117489894231,0.7230796694755555,0.024105792740980785,0.09307405998309454,0.012440075259655714,0.1241057942310969,5.6954398949941,0.8490698486566544,0.25832533836364746,0.5544135868549347,0.15676885843276978,0.022492853924632072,0.0991528369486332,0.6612724959850311,0.12373831495642662,5.453208613395691,0.42978908494114876
139,926.4194741249084,1.1119119412653768,0.26497316658496856,0.5299617747465769,0.22311755617459614,0.7200411001841227,0.024225367108980815,0.09282579819361368,0.01240868450452884,0.12422536859909693,3.394586944580078,0.8372126594185829,0.2577700689435005,0.5333617627620697,0.15638085454702377,0.022594650276005268,0.09903442114591599,0.6594427525997162,0.12367460876703262,3.3997782945632933,0.4287557974457741
140,933.3171548843384,1.1117927575871969,0.2663708100716273,0.5300260980923971,0.22288072605927786,0.7159841219584148,0.024353458980719247,0.09304482887188593,0.012415776153405507,0.12435346047083537,3.9081635157267254,0.8397260680794716,0.25730813294649124,0.533157616853714,0.15791956335306168,0.022698624059557915,0.09902634471654892,0.6616518199443817,0.12413614988327026,4.083772373199463,0.4298522546887398
141,940.2060098648071,1.1174701339914463,0.2671776682138443,0.5358796954154968,0.22270359694957734,0.7202999393145243,0.024560709297657014,0.092891164124012,0.012463977544878919,0.12456071078777313,4.182051722208659,0.8448440358042717,0.25875096768140793,0.5413165092468262,0.15771740674972534,0.022387618198990822,0.09855597093701363,0.6632849872112274,0.12404395639896393,4.507987070083618,0.43019846454262733
142,947.3208160400391,1.1143585699726828,0.2660133143266042,0.5306758562723796,0.22307263414065043,0.7209779977798462,0.02465266784032186,0.0930122897028923,0.012401108754177888,0.12465266933043798,4.036308654149374,0.8457989618182182,0.25589819997549057,0.551682323217392,0.15702980011701584,0.022956786677241325,0.0991881750524044,0.661840945482254,0.12433250620961189,4.28912136554718,0.4301086477935314
143,954.2395858764648,1.1172483957450217,0.26328120529651644,0.5396277983983357,0.22353309790293377,0.7239892284075419,0.024819931387901305,0.09276873668034871,0.01238613398745656,0.12481993287801743,3.969433641433716,0.8439321145415306,0.2602626606822014,0.5326615869998932,0.15866933017969131,0.022815028205513954,0.09879719838500023,0.6612110137939453,0.12439627572894096,3.4547499418258667,0.4294027052819729
144,961.1669101715088,1.11109250842516,0.2666058957576752,0.5257039368152618,0.22220121026039125,0.7201133608818054,0.024869355062643688,0.09253242661555608,0.012388756001989047,0.12486935655275981,3.659724712371826,0.8404830992221832,0.25906968116760254,0.5359492599964142,0.1567193940281868,0.022723808884620667,0.0986667349934578,0.6586079597473145,0.12452717870473862,3.971722936630249,0.427970714867115
145,968.0221889019012,1.111262530806319,0.26696638663609823,0.5274182438850403,0.22270557582378386,0.7180403272310892,0.024983504911263783,0.09247565021117528,0.012355007231235504,0.12498350640137991,3.66103188196818,0.8295330032706261,0.2546818181872368,0.5195275843143463,0.15754369646310806,0.02275931555777788,0.09845562279224396,0.6622745394706726,0.12466726824641228,3.8084933519363404,0.42959289252758026
146,975.1017770767212,1.1068939309722434,0.26605693300565086,0.5178270677725474,0.2217558334271113,0.7216569145520528,0.02518049975236257,0.09223846147457758,0.012348274700343609,0.12518050124247868,3.489006201426188,0.8366878405213356,0.2613278403878212,0.527462899684906,0.1558142751455307,0.022787929512560368,0.09826331958174706,0.6554585099220276,0.1246597170829773,3.5711405277252197,0.42599257454276085
147,982.0408720970154,1.1069538359724296,0.266483203570048,0.5151371479034423,0.22092867990334827,0.7207666357358297,0.02520876576503118,0.09298538962999979,0.012338031688705087,0.1252087672551473,2.9700891017913817,0.8496305719017982,0.2572251036763191,0.5557622313499451,0.1572621762752533,0.022512651048600674,0.09778755158185959,0.6602186262607574,0.12499691545963287,2.8174904346466065,0.4278968647122383
148,988.8546190261841,1.1112311616190709,0.26409155229727427,0.515381799141566,0.22227564454078674,0.7328123807907104,0.02535215864578883,0.09314501186211904,0.012325706627840797,0.12535216013590494,3.0391180594762166,0.8376874402165413,0.2566613629460335,0.5362862646579742,0.15644147247076035,0.022432588040828705,0.09751354530453682,0.6602469980716705,0.12488142028450966,3.2144641399383547,0.4276370443403721
149,995.6807351112366,1.1093547130275208,0.26775633692741396,0.522793177763621,0.22126306196053822,0.7168101946512858,0.02543880045413971,0.09255117823680242,0.012324130504081647,0.12543880194425583,4.22314224243164,0.8400724828243256,0.25962507724761963,0.5307656526565552,0.15753228962421417,0.022639447823166847,0.09771590307354927,0.6601011455059052,0.1252484992146492,4.6050678253173825,0.42776647582650185
150,1002.7718081474304,1.1051394079850676,0.2651770075162252,0.5170268674691518,0.22167220413684846,0.7210820396741231,0.025659177700678507,0.09203085402647654,0.012329468596726656,0.12565917919079464,2.823614486058553,0.836848109960556,0.25827379524707794,0.5240884721279144,0.15826503932476044,0.02277299202978611,0.0978529155254364,0.6634492576122284,0.12529947608709335,2.661130666732788,0.4295775443315506
151,1009.6832840442657,1.107102556262786,0.26638230979442595,0.5165492475032807,0.22126589417457582,0.7222171664237976,0.025848794480164847,0.09221853017807007,0.012326552998274565,0.12584879597028095,2.881972090403239,0.8314387202262878,0.2593258023262024,0.5159225761890411,0.15707581490278244,0.022459079511463642,0.09723341464996338,0.6606340110301971,0.12545520812273026,2.8266897678375242,0.42755042016506195
152,1016.4477331638336,1.104606743475112,0.26747886339823407,0.5091832458972931,0.2206462303797404,0.721176000436147,0.025927949945131937,0.09253779004017512,0.012293926455701392,0.12592795143524807,3.4358530680338544,0.8385292887687683,0.25733454525470734,0.5401351749897003,0.1555635780096054,0.02247950341552496,0.09713976457715034,0.6564240455627441,0.12569115310907364,3.532438313961029,0.4253517873585224
153,1023.2555859088898,1.1047648683461981,0.2651229033867518,0.515330950419108,0.22115771273771923,0.7221545219421387,0.02601215143998464,0.09196706463893255,0.012288334950183829,0.12601215293010076,3.5080743710199993,0.8400327935814857,0.2607853040099144,0.5291380882263184,0.15733922272920609,0.022638458758592606,0.09714395180344582,0.6619118452072144,0.125615693628788,3.6762563824653625,0.428099874407053
154,1030.2501158714294,1.107368470452881,0.26604361136754356,0.5168195346991221,0.2207591603199641,0.7222614606221517,0.026164602239926657,0.09239056408405304,0.01230016768289109,0.12616460373004276,3.4858269373575848,0.8351282030344009,0.2597418278455734,0.5233860015869141,0.15684668719768524,0.022364876233041286,0.09676269441843033,0.6585817635059357,0.12571404874324799,3.4116819381713865,0.42605357617139816
155,1037.275171995163,1.1035029518922481,0.26470957001050316,0.5185625751813253,0.22111010253429414,0.7157781918843588,0.026341036458810172,0.09224792569875717,0.012304158695042134,0.1263410379489263,3.255672478675842,0.84593316167593,0.2564961388707161,0.5433305203914642,0.1588858813047409,0.02286809403449297,0.09734486043453217,0.6660037338733673,0.12587837874889374,3.567739963531494,0.4303467273712158
156,1044.1501750946045,1.1076499612497477,0.26539050340652465,0.520029346148173,0.22031628092130026,0.7201437592506409,0.0265023872256279,0.09252483149369557,0.0122694774530828,0.126502388715744,3.2484846035639445,0.8469961062073708,0.2588021084666252,0.5462692975997925,0.15752967447042465,0.022603876888751984,0.09666642546653748,0.6621339023113251,0.12618571519851685,2.923806917667389,0.4277333766222
157,1051.2283160686493,1.1110863904856767,0.2665490488211314,0.5273089488347371,0.22087323466936748,0.7195526361465454,0.026619411508242288,0.09193624506394069,0.012246880121529103,0.1266194129983584,3.6612479368845623,0.8369036242365837,0.25884269922971725,0.5281349718570709,0.1569967195391655,0.0225894870236516,0.09655311331152916,0.6607074439525604,0.12639706581830978,3.8621493101119997,0.42690683528780937
158,1058.1544411182404,1.1030250256842313,0.2639161964257558,0.5148705263932546,0.22117472887039186,0.7202673117319743,0.02675764908393224,0.09210434556007385,0.012232849933207035,0.12675765057404836,3.245814641316732,0.8371265605092049,0.2584398314356804,0.5332101881504059,0.15604081749916077,0.022502499632537365,0.09631342813372612,0.657692015171051,0.12631254643201828,3.3162898302078245,0.42515943571925163
159,1064.9778199195862,1.105386489177666,0.26562493443489077,0.5183066387971242,0.22043317258358003,0.7172753691673279,0.026935166617234548,0.0923109620809555,0.012251400078336397,0.12693516810735067,3.0057417233784993,0.8350147157907486,0.25560182332992554,0.525801420211792,0.15825609117746353,0.022286005318164825,0.09591959416866302,0.6646064817905426,0.12649082392454147,3.1382719755172728,0.4282228350639343
160,1071.8331139087677,1.1053700967614228,0.2644379208485285,0.5170465211073557,0.2212482661008835,0.7201083540916443,0.027000105877717336,0.09244820425907771,0.012223040716101726,0.12700010736783346,2.842156457901001,0.8392925560474396,0.26333005726337433,0.5230975151062012,0.15720687061548233,0.022600227035582066,0.09616933390498161,0.6600244641304016,0.1268543004989624,2.9698712110519407,0.4261815659701824
161,1078.8803679943085,1.1065010741857502,0.2654318869113922,0.5163812339305878,0.22179423967997233,0.7226500471433004,0.027210069199403126,0.09196790953477224,0.012221770143757265,0.12721007068951926,2.8479679584503175,0.8645939752459526,0.25948915630578995,0.5749345123767853,0.158818781375885,0.022700555622577667,0.09639376774430275,0.6656294167041779,0.12696462869644165,2.971640467643738,0.4292084760963917
162,1085.8265669345856,1.1122046881665786,0.26619778474171957,0.5310100714365641,0.22093484203020733,0.7180476387341818,0.027314722537994385,0.09194690535465876,0.01222257014984886,0.1273147240281105,3.2156634012858074,0.8199372440576553,0.25108441710472107,0.5094583332538605,0.15706183016300201,0.02230546995997429,0.09550892561674118,0.659103125333786,0.12704066932201385,3.134752798080444,0.4250604882836342
163,1092.8445839881897,1.1024936121888458,0.2638921131690343,0.5139432231585185,0.22103737493356068,0.7195081075032552,0.027437715729077657,0.09211102177699407,0.012207979305336873,0.12743771721919378,2.8531535545984905,0.8303139358758926,0.2571757882833481,0.5206343829631805,0.15641047805547714,0.02225784119218588,0.09543334320187569,0.659883439540863,0.12730085104703903,2.9987820029258727,0.4253750629723072
164,1099.750028848648,1.0961569547924834,0.2656111945708593,0.5076232373714447,0.22044903337955474,0.7128582636515299,0.02761946568886439,0.09131086071332296,0.012191056894759337,0.1276194671789805,2.9747005144755048,0.8354476615786552,0.25969474762678146,0.5286915600299835,0.155703566968441,0.02257341891527176,0.09567859023809433,0.6568829417228699,0.12741710245609283,2.723456120491028,0.42412006109952927
165,1106.7746069431305,1.104020644390645,0.2669839928547541,0.5213737428188324,0.22047771314779918,0.7088791728019714,0.02781390796105067,0.09206307381391525,0.01219548173248768,0.1278139094511668,2.7722508112589517,0.8399255350232124,0.2642178609967232,0.5280078053474426,0.15585188567638397,0.022422208450734615,0.0953633189201355,0.659439742565155,0.12745100259780884,2.837043023109436,0.425083190202713
166,1113.6476740837097,1.1030893519326734,0.2639842619498571,0.517573869228363,0.2214696913957596,0.7193491379419963,0.02796500374873479,0.09134427458047867,0.012170397024601699,0.1279650052388509,3.1290358861287433,0.8402365148067474,0.2612929791212082,0.5302402377128601,0.1569117084145546,0.02250966615974903,0.0953589603304863,0.6594797968864441,0.12762945145368576,3.1887598276138305,0.42509885877370834
167,1120.4679419994354,1.1010486431439253,0.2636730998754501,0.5120964745680491,0.22109690606594085,0.7192432443300883,0.028143660724163057,0.0918497438232104,0.012164511205628514,0.12814366221427917,2.629890727996826,0.8406291753053665,0.2659304440021515,0.535705178976059,0.15342307090759277,0.02248383965343237,0.09520668908953667,0.6520931124687195,0.12762752920389175,2.8008828282356264,0.4212532453238964
168,1127.3148341178894,1.0998057729564608,0.2651295850674311,0.5111512919267018,0.2210169404745102,0.7166896184285482,0.028286510209242503,0.09134287039438883,0.01216698084026575,0.12828651169935862,2.6305875460306805,0.8389204144477844,0.2671228349208832,0.526887059211731,0.15417702496051788,0.022442598827183247,0.0950692631304264,0.654159665107727,0.12777122855186462,2.70020534992218,0.42214909568428993
169,1134.3787319660187,1.1000692621727164,0.2644170969724655,0.5128082970778147,0.22065433959166209,0.7165640950202942,0.02847243696451187,0.09141999930143356,0.012162158917635679,0.128472438454628,2.8943779548009236,0.8366919010877609,0.2593032419681549,0.5303454995155334,0.15610795468091965,0.02226695790886879,0.09471350535750389,0.6600054502487183,0.12803571671247482,2.7382538676261903,0.424716230481863
170,1141.265063047409,1.0942778690058428,0.26515347162882485,0.5087906916936239,0.22038690745830536,0.7082938075065612,0.028553328414758047,0.09122235675652822,0.012147136839727561,0.12855332990487417,3.069192560513814,0.8353371992707253,0.2572425380349159,0.5409694314002991,0.1538049727678299,0.02256087400019169,0.09498680010437965,0.6534153521060944,0.12818685173988342,3.109317934513092,0.42169447615742683
171,1148.0887389183044,1.0915368470014073,0.2641522794961929,0.5044416169325511,0.22137151658535004,0.7083609501520792,0.028829966485500336,0.09130469411611557,0.012145003691936532,0.12882996797561647,2.5965497414271037,0.824634961783886,0.25368622690439224,0.5204265415668488,0.15536773204803467,0.022572654299438,0.09494439885020256,0.6579484641551971,0.12824881821870804,2.64678875207901,0.42391863092780113
172,1154.9479041099548,1.0939185649583427,0.2664493997891744,0.5075366993745168,0.2208218216896057,0.7056801478068034,0.028860458234945933,0.09126302649577459,0.012148578728859624,0.12886045972506205,3.195948775609334,0.8423823416233063,0.2646281272172928,0.5390911996364594,0.1541043072938919,0.022331406362354755,0.09437459707260132,0.6543615758419037,0.12833763659000397,3.1492122173309327,0.42155538499355316
173,1162.0863599777222,1.091697952093091,0.2648194889227549,0.506309441725413,0.22015125254789988,0.704768701394399,0.02905815988779068,0.09148772110541661,0.012131623985866705,0.1290581613779068,2.7170923471450807,0.833172582089901,0.24954111129045486,0.5376038253307343,0.1574147790670395,0.022312541492283344,0.09435021132230759,0.6604578495025635,0.12853462994098663,2.817312812805176,0.4245791360735893
174,1168.9878821372986,1.1010380769439507,0.2628043939669927,0.5116113742192586,0.22197944323221844,0.7208687384923299,0.029255422453085583,0.09167400201161703,0.012133163896699746,0.1292554239432017,3.1568723201751707,0.8360905051231384,0.2608194798231125,0.5388858616352081,0.15291404724121094,0.02221924066543579,0.09425249695777893,0.6523145437240601,0.12884608656167984,3.112637233734131,0.42040976881980896
175,1176.0546991825104,1.09567810340086,0.26398541033267975,0.5114498774210612,0.22079059978326163,0.7109638690948487,0.029397458334763846,0.09094515095154444,0.01211822930102547,0.12939745982487996,3.1067394495010374,0.8442770019173622,0.2595786079764366,0.5407885015010834,0.15715207159519196,0.02257439959794283,0.09444506838917732,0.6610616743564606,0.12921613454818726,3.38501113653183,0.4249759055674076
176,1182.8803448677063,1.092423103117229,0.265619953473409,0.51433993379275,0.21980109016100566,0.6986494739850362,0.029630586008230844,0.09084797153870265,0.012114053126424551,0.12963058749834697,2.797990314165751,0.8406869173049927,0.2564448267221451,0.5365443229675293,0.15798496454954147,0.022398420609533787,0.09416617825627327,0.6645388305187225,0.12944475561380386,2.7945674300193786,0.42643559351563454
177,1189.996726989746,1.098337184509728,0.2635900656382243,0.5192829807599385,0.22124218940734863,0.7064935048421224,0.02976828267176946,0.091516741613547,0.01211361118281881,0.12976828416188557,3.07875345547994,0.8447315096855164,0.2589366286993027,0.5421169400215149,0.15736820548772812,0.022386422380805016,0.09388115629553795,0.6624975800514221,0.12932518124580383,3.382190227508545,0.425129946321249
178,1196.9232790470123,1.0885910198984978,0.2636880944172541,0.5101231594880422,0.22058299382527669,0.6984128435452779,0.029979002972443897,0.09088631769021352,0.012096660149594148,0.12997900446256003,2.6441627899805704,0.8378001675009727,0.25466466695070267,0.5277935862541199,0.15961935371160507,0.02236589416861534,0.09383859857916832,0.6677605509757996,0.12969645112752914,2.5814128518104553,0.4277188740670681
179,1203.8326239585876,1.0949210816373427,0.2634819487730662,0.5149113277594248,0.22146769265333813,0.7063987970352172,0.030033851166566213,0.09090186357498169,0.012111010278264682,0.13003385265668232,3.1743759791056316,0.8414275571703911,0.2563631907105446,0.5458619892597198,0.1560666859149933,0.022260726429522038,0.09362643212080002,0.6585083305835724,0.12955177575349808,3.092609739303589,0.4228805974125862
180,1210.927733182907,1.0945672815393968,0.2627527266740799,0.512212997674942,0.21991566320260367,0.7085421880086263,0.030279944837093353,0.09124703705310822,0.012075692260016998,0.13027994632720946,3.159736235936483,0.8361024260520935,0.256235271692276,0.5301667749881744,0.15739188343286514,0.022438094951212406,0.09378495067358017,0.6630872189998627,0.12983055412769318,3.2330487728118897,0.4253285601735115
181,1217.875487089157,1.0894350449515817,0.26456391910711924,0.5040507872899374,0.22050504386425018,0.7031018018722535,0.0305020605524381,0.09109099457661311,0.012075350992381573,0.1305020620425542,2.6670994758605957,0.8470688387751579,0.26332632452249527,0.5389945805072784,0.15712261199951172,0.022536308504641056,0.09383443370461464,0.6615312695503235,0.13029564172029495,2.700230598449707,0.4246000684797764
182,1224.6827759742737,1.0885740519501268,0.26267757018407184,0.5049794912338257,0.22124254008134206,0.7049434741338094,0.0307077889641126,0.09082327832778295,0.01206867586200436,0.13070779045422873,2.7519566694895428,0.8448814079165459,0.25990550965070724,0.534130185842514,0.1589554026722908,0.022401084192097187,0.093433678150177,0.6661398708820343,0.13031627982854843,2.870696687698364,0.42650361359119415
183,1231.7174208164215,1.0905805384585012,0.2631538291772207,0.5074216663837433,0.2209584931532542,0.7049843947092692,0.030838865538438162,0.09094970971345902,0.0120599036415418,0.13083886702855427,2.7227131605148314,0.8575882837176323,0.2647312507033348,0.5579948425292969,0.15692980587482452,0.02231222577393055,0.09324238821864128,0.6635767221450806,0.13051687926054,2.838732600212097,0.42503074929118156
184,1238.5746037960052,1.0896261875362445,0.2631683876117071,0.5093241771062215,0.22149697840213775,0.7016162157058716,0.03099804570277532,0.09076521098613739,0.01205630029241244,0.13099804719289143,3.1268413225809732,0.8436288386583328,0.2613387554883957,0.5361917316913605,0.15709710866212845,0.02231711335480213,0.09316814690828323,0.6617876589298248,0.13085390627384186,3.216720128059387,0.42406197637319565
185,1245.4385089874268,1.0884933764153781,0.2639172653357188,0.5067197422186533,0.22148208717505138,0.6988567034403483,0.031157009303569794,0.09112659643093744,0.012053319873909155,0.1311570107936859,3.194718066851298,0.8375035896897316,0.25758860260248184,0.5332001745700836,0.15665744990110397,0.022309446707367897,0.09303697571158409,0.6612038612365723,0.13077683001756668,3.4622632265090942,0.4236389063298702
186,1252.281566143036,1.0881814236131808,0.2649999260902405,0.5058089713255565,0.2197247306505839,0.6968286792437236,0.03139111250638962,0.09119346191485724,0.012051386339589954,0.13139111399650574,2.8624459822972614,0.8410822600126266,0.2577642798423767,0.534864068031311,0.1579429730772972,0.022341225296258926,0.09317213296890259,0.6639153063297272,0.1309107020497322,2.9199646949768066,0.4251297861337662
187,1259.4004681110382,1.0884423909476026,0.26364828944206237,0.510388574997584,0.22115379869937896,0.6970485210418701,0.031628418465455374,0.09066836486260096,0.012061521100501219,0.13162841995557148,4.158693075180054,0.8490390554070473,0.26382606476545334,0.534969687461853,0.1588640734553337,0.022588538005948067,0.09324163943529129,0.6662117838859558,0.13128911703824997,4.816442513465882,0.4263475313782692
188,1266.3277971744537,1.0839307475253008,0.2639233628908793,0.5050145049889883,0.21999848484992982,0.6928972125053405,0.031837618847688036,0.09066403657197952,0.012031937638918558,0.13183762033780416,2.8653342962265014,0.8496628999710083,0.2579467445611954,0.5522376000881195,0.1577986776828766,0.02236161008477211,0.09288949519395828,0.6643067300319672,0.13124819099903107,2.86274231672287,0.42504286020994186
189,1273.1178109645844,1.0825945291862202,0.263265253106753,0.5032679716746012,0.22058896521727245,0.6913810769716898,0.03194699337085088,0.09108426024516424,0.01202563668290774,0.131946994860967,2.7512089252471923,0.8513553068041801,0.26027723401784897,0.5452980399131775,0.15921452641487122,0.02227332815527916,0.09271100163459778,0.6672669649124146,0.13158057630062103,2.675603759288788,0.42634448409080505
190,1279.9627890586853,1.090059235303973,0.26426970462004346,0.5175767143567404,0.22090309659639995,0.6910117705663045,0.03207855770985286,0.09077997704346975,0.012038314094146093,0.13207855919996897,2.8863015810648602,0.8732429444789886,0.25530390441417694,0.586759477853775,0.1622796505689621,0.022039251402020454,0.09234464913606644,0.6739897429943085,0.13158679753541946,3.0046761512756346,0.4293395206332207
191,1287.1059348583221,1.0849290766869673,0.26208770275115967,0.5126072625319164,0.22126173575719196,0.690161915620168,0.03232438117265701,0.09068180173635483,0.012031970949222644,0.13232438266277313,2.979370029767354,0.8431892096996307,0.256613627076149,0.5439586341381073,0.15729813277721405,0.022400664165616035,0.09265167266130447,0.6634479463100433,0.1319717839360237,2.726998674869537,0.42437564581632614
192,1293.9835851192474,1.0881715437707802,0.26681471268335977,0.5112250765164693,0.21995208660761514,0.6888616005579631,0.03261740257342657,0.09060213267803192,0.012035476028298337,0.1326174040635427,3.0080604791641234,0.8459267988801003,0.2529974654316902,0.5499331653118134,0.15898137539625168,0.022475379519164562,0.0928577370941639,0.6650078594684601,0.13228050619363785,3.0536360859870912,0.42536166682839394
193,1300.8245000839233,1.087478478384825,0.26078526477018993,0.5086061239242554,0.2213880290587743,0.7024745186169942,0.03284119814634323,0.09039640774329503,0.012004485120996833,0.13284119963645935,3.1351008733113606,0.8445548340678215,0.25527771562337875,0.5433864891529083,0.1587919369339943,0.022281983867287636,0.09229306504130363,0.6644941866397858,0.13228689879179,3.134889268875122,0.4245401583611965
194,1307.7147800922394,1.07847435727017,0.26382867693901063,0.501605874300003,0.22020034690697987,0.685132110118866,0.03292751560608546,0.09049634039402008,0.012001332206030687,0.13292751709620157,2.8318686962127684,0.8508217036724091,0.2592886984348297,0.5430366694927216,0.16000733524560928,0.022208118811249733,0.0921318344771862,0.6668789386749268,0.13263148814439774,2.7828842878341673,0.4255713038146496
195,1314.8182010650635,1.0864521365166486,0.2633657197157542,0.5146763443946838,0.2207299917936325,0.6872700254122416,0.03312402019898097,0.09083710809548697,0.012026707486559948,0.1331240216890971,3.2519579410552977,0.8554992452263832,0.25854700058698654,0.5492774844169617,0.16115675121545792,0.022037619724869728,0.09184535592794418,0.6729982495307922,0.1327553614974022,3.2986512660980223,0.4283444806933403
196,1321.7397899627686,1.083202288239651,0.26312453945477804,0.5109390338261922,0.22123981018861136,0.6877437392870586,0.03334553986787796,0.09007041205962499,0.011991994983206192,0.1333455413579941,3.5667519569396973,0.8505139276385307,0.25988001376390457,0.536157637834549,0.16127754747867584,0.022394533269107342,0.09232316166162491,0.6675562262535095,0.1330166459083557,3.2221840381622315,0.42610127478837967
197,1328.631779909134,1.081610082637053,0.26246983706951144,0.5052796761194865,0.2217396358648936,0.6911423603693644,0.03364984740813573,0.09006564170122147,0.011993699334561824,0.13364984889825185,2.9143100420633954,0.8528236895799637,0.25721462070941925,0.5518161952495575,0.15985048562288284,0.02243427373468876,0.09232738614082336,0.6662128567695618,0.13318714499473572,2.853505849838257,0.42543381452560425
198,1335.4927251338959,1.0763973694799158,0.2626775711774826,0.50212282538414,0.22096020877361297,0.6852258245150248,0.03379394461711248,0.08962791115045547,0.011977798957377672,0.13379394610722858,2.8878388007481894,0.8502834141254425,0.2572404444217682,0.540757030248642,0.16133222728967667,0.02232627384364605,0.09196528792381287,0.6706613898277283,0.13356700539588928,2.940884459018707,0.427295982837677
199,1342.5417969226837,1.0783471149547645,0.26276179353396095,0.5098150889078776,0.22154904007911683,0.6805174152056376,0.033998641868432364,0.08973415692647298,0.011976826004683971,0.13399864335854847,3.1423837661743166,0.852802149951458,0.25587428361177444,0.5515356957912445,0.16058000922203064,0.02225570846349001,0.09179861843585968,0.6703062057495117,0.13366931676864624,3.4377960920333863,0.42695172131061554
200,1349.4534668922424,1.0770673071810355,0.2608906050523122,0.5082074940204621,0.22259933551152547,0.6826891501744589,0.0342709943652153,0.08976764231920242,0.011984430905431508,0.13427099585533142,2.908224614461263,0.8584402054548264,0.25365038216114044,0.5698732733726501,0.15992659330368042,0.022358705289661884,0.09197115525603294,0.6671857833862305,0.1338333562016487,2.922870063781738,0.4255640469491482
201,1356.251914024353,1.081997002257655,0.26267570356527964,0.5144896030426025,0.2214684635400772,0.6820919632911682,0.03445648600657781,0.08992892056703568,0.01198388496413827,0.13445648749669392,3.1417540232340495,0.8529583513736725,0.2609903961420059,0.5409676134586334,0.16074207425117493,0.022043813951313496,0.09132595360279083,0.6696212291717529,0.13406679779291153,3.075699472427368,0.4261365681886673
202,1363.082913160324,1.075693395922038,0.2618202696243922,0.5077450553576152,0.2221616933743159,0.6782433271408081,0.03457069049278895,0.08979145983854929,0.011963348540787896,0.13457069198290508,2.733782585461934,0.8586542010307312,0.2614445090293884,0.5480405986309052,0.1615946963429451,0.02226125542074442,0.09170383214950562,0.6710448563098907,0.13435988873243332,2.543671452999115,0.427226260304451
203,1370.1408779621124,1.079948755716517,0.26341143747170764,0.5119107723236084,0.22145277460416157,0.6784408728281657,0.03489322612682978,0.0899877538283666,0.011960549869885047,0.13489322761694592,2.9591404517491657,0.8418856859207153,0.25270645320415497,0.5320270955562592,0.1615828424692154,0.02234395034611225,0.09167979657649994,0.6713690459728241,0.13474655896425247,2.8964845299720765,0.427364319562912
204,1377.1030180454254,1.0700154638228316,0.26140911479791007,0.5025013645490011,0.2224543958902359,0.673626987139384,0.03514708131551743,0.08946484923362732,0.01195656944376727,0.13514708280563353,2.5497209866841635,0.8553335443139076,0.2573583200573921,0.5598012208938599,0.15903730690479279,0.022328568622469902,0.09148318693041801,0.6649473607540131,0.13473208993673325,2.3694684743881225,0.42395686730742455
205,1383.9277851581573,1.0718451763348034,0.26279626389344535,0.5115469853083293,0.2218061109383901,0.6658944686253866,0.03543413529793422,0.08931943029165268,0.01194435649861892,0.13543413678805033,3.2115675449371337,0.8479786962270737,0.2538304477930069,0.5374816954135895,0.16270370036363602,0.022203736938536167,0.09133690223097801,0.6742822229862213,0.13502871990203857,3.1253978967666627,0.42847801372408867
206,1390.8929929733276,1.0724572117071753,0.2614445090293884,0.5109150330225627,0.22186925609906513,0.6704387227694194,0.03549771954615911,0.0893042782942454,0.011943111335858703,0.13549772103627522,3.3996620814005536,0.854049876332283,0.2562587261199951,0.5559050440788269,0.15991931408643723,0.022192583419382572,0.09118827059864998,0.6680539548397064,0.13532842695713043,3.029943609237671,0.4252152480185032
207,1397.921686887741,1.0673732299920327,0.26113264163335165,0.5001634577910106,0.22222648958365124,0.6705181837081909,0.035738822321097055,0.08950729022423426,0.011954101314768196,0.1357388238112132,2.8160282452901204,0.8460805490612984,0.25532396882772446,0.5326073169708252,0.16222646087408066,0.02239234559237957,0.09146415442228317,0.6719037890434265,0.13548112660646439,3.1442059516906737,0.42741604894399643
208,1404.7892649173737,1.068162940252417,0.26249990463256834,0.5061768015225728,0.22152088284492494,0.6645758787790934,0.035988064110279085,0.08917506734530131,0.011936255606512229,0.1359880656003952,2.888357408841451,0.8609438017010689,0.2534076198935509,0.5708647966384888,0.1610518917441368,0.02206171303987503,0.09096519649028778,0.670454353094101,0.13563842326402664,2.8383555173873902,0.42619237303733826
209,1411.624696969986,1.0729675545395974,0.26055123607317604,0.5095065553983052,0.22310513655344646,0.6743333458900451,0.03622791816790898,0.0891412874062856,0.011928885088612637,0.1362279196580251,3.0855693101882933,0.8523761630058289,0.26016171276569366,0.541613906621933,0.16070374846458435,0.022112435661256313,0.09079612419009209,0.6684539318084717,0.13572393357753754,2.972230887413025,0.4250230900943279
210,1418.769164800644,1.068460041055611,0.26094397306442263,0.504295265674591,0.22261236011981964,0.6692813436190287,0.036410101751486464,0.0892360751827558,0.011928748556723196,0.13641010324160258,2.803042268753052,0.8409501686692238,0.24888987094163895,0.5380842983722687,0.16150907427072525,0.02221367135643959,0.09099308773875237,0.6705834269523621,0.1360597386956215,2.5682666063308717,0.4262848012149334
211,1425.665782213211,1.0702869442213947,0.2604073276122411,0.502768878142039,0.22346004048983256,0.6758518695831299,0.036643880108992256,0.08905508170525232,0.011941019880274932,0.13664388159910837,2.866631523768107,0.8524245768785477,0.25695350766181946,0.5516712367534637,0.15981772541999817,0.0224128570407629,0.09147921949625015,0.6664753258228302,0.13634539395570755,2.8573904037475586,0.42471688240766525
212,1432.5026290416718,1.0667370182423233,0.26100501815478006,0.5046420892079672,0.2232040673494339,0.6653761307398478,0.03686789224545161,0.089090596139431,0.011915664902577798,0.13686789373556774,3.101792907714844,0.8431787416338921,0.252048097550869,0.53827765583992,0.16099590808153152,0.022153477184474468,0.09072589129209518,0.6699911653995514,0.1365276202559471,3.2077744722366335,0.4257214739918709
213,1439.3358669281006,1.0627752556814811,0.25968006551265715,0.5010885020097097,0.22274950246016184,0.6626223444938659,0.03701763103405634,0.08933179974555969,0.011949362869684895,0.13701763252417246,2.7009528160095213,0.8592768087983131,0.25375058501958847,0.569137305021286,0.16047878563404083,0.02234063297510147,0.09106061607599258,0.6668925285339355,0.13681169599294662,2.806307077407837,0.42450688034296036
214,1446.4549908638,1.0656477296336864,0.260179340839386,0.5111079752445221,0.223481489221255,0.6566232085227967,0.037315265834331514,0.08940395514170328,0.01192752739104132,0.13731526732444763,3.157544755935669,0.8470284938812256,0.24892888963222504,0.5455891788005829,0.16265250742435455,0.0220166789367795,0.09043531492352486,0.6734312772750854,0.13694632053375244,3.2805912017822267,0.4271509535610676
215,1453.3338990211487,1.0636935401358643,0.26031539440155027,0.5043970048427582,0.22381522258122763,0.660047690073649,0.03748996108770371,0.08912062396605809,0.011920225340873003,0.1374899625778198,2.8783425172170003,0.8412353470921516,0.2510133758187294,0.5446312129497528,0.15895318239927292,0.022241505794227123,0.09068284556269646,0.6651171147823334,0.13714616745710373,2.607394742965698,0.42324140295386314
216,1460.1560130119324,1.0611599349960064,0.260085595647494,0.5033997694651285,0.22230323255062104,0.6568819880485535,0.037743814289569855,0.08902224451303482,0.011911573229978482,0.13774381577968597,2.824023373921712,0.8429003357887268,0.2488018125295639,0.5437774658203125,0.16110489517450333,0.022022642195224762,0.09029139578342438,0.6696005165576935,0.13737328350543976,2.934190511703491,0.4250916540622711
217,1466.983717918396,1.0661577407852747,0.25946197311083474,0.5109479327996572,0.22396060228347778,0.6594155351320903,0.03790152817964554,0.08919104635715484,0.011900983657687903,0.13790152966976166,3.3384633620580035,0.850178986787796,0.2524840533733368,0.5449807345867157,0.1626022830605507,0.021992310881614685,0.09027187898755074,0.6732746958732605,0.13758567720651627,3.6222800731658937,0.426909226924181
218,1474.101369857788,1.0607843137579038,0.25843847493330635,0.5051560441652934,0.22394082943598428,0.6567849675814311,0.038205022116502126,0.08904595871766409,0.011912184332807859,0.13820502360661824,2.7525129954020184,0.8560137525200844,0.2516871467232704,0.5567020177841187,0.16298779845237732,0.022354593500494957,0.09083828330039978,0.6725955307483673,0.1379828155040741,2.8644617557525636,0.42713604867458344
219,1481.0036981105804,1.0601938826497643,0.25907986958821616,0.49964917500813805,0.22334284484386444,0.6607973456382752,0.03839035183191299,0.08878841996192932,0.0118963069592913,0.13839035332202912,2.9372472763061523,0.8422948345541954,0.24440503865480423,0.5475330650806427,0.1620616316795349,0.022291358560323715,0.09060173109173775,0.6720417737960815,0.13826782256364822,2.93901526927948,0.4266226179897785
220,1487.8252198696136,1.0617330230384445,0.2579618682463964,0.5057185610135396,0.225010551015536,0.6578509529431661,0.03860259205102921,0.08920036653677622,0.011888859312360485,0.13860259354114532,3.0312567551930747,0.8418035730719566,0.2542017623782158,0.5363377928733826,0.15971645712852478,0.022233066149055958,0.09037905931472778,0.6641498506069183,0.13828421384096146,3.0750696897506713,0.42245398461818695
221,1494.6502711772919,1.0546807095912907,0.25847073197364806,0.49920307397842406,0.22454045017560323,0.6498189250628154,0.038781304657459256,0.08903636932373046,0.01187695727373163,0.1387813061475754,2.7382885058720907,0.8508178517222404,0.25522149354219437,0.5412553250789642,0.16248434782028198,0.022232066839933395,0.09025844559073448,0.6727652847766876,0.13888875395059586,2.925923562049866,0.4266410879790783
222,1501.7892451286316,1.0604359814625544,0.2578965395689011,0.507169222831726,0.22486552000045776,0.6525724649429321,0.03902810166279475,0.08944336324930191,0.011875045609970887,0.13902810315291086,2.814802074432373,0.8425360172986984,0.2516721487045288,0.5330760776996613,0.1621629148721695,0.02214050106704235,0.09008333832025528,0.6731046736240387,0.138896606862545,2.859150993824005,0.4266356751322746
223,1508.723699092865,1.0581724738352931,0.2568142205476761,0.5032065411408743,0.2253759205341339,0.6544566591580708,0.039279999832312264,0.08928409616152445,0.011872407079984744,0.13928000132242838,3.0202016989390055,0.8418348431587219,0.24578258395195007,0.5495999753475189,0.1606261357665062,0.02218759898096323,0.09010402485728264,0.6690573990345001,0.13903383910655975,3.0974665880203247,0.4246327243745327
224,1515.6403260231018,1.0563020946535593,0.2566973944505056,0.507276342312495,0.22489369213581084,0.6484252134958903,0.039529729386170706,0.08885970215002696,0.011868597008287907,0.1395297308762868,3.1800745328267417,0.8526024892926216,0.2523091062903404,0.5503993928432465,0.16254684329032898,0.022153149358928204,0.09000875428318977,0.6715796291828156,0.13935326039791107,3.3780587196350096,0.42579856887459755
225,1522.5629379749298,1.0643419949919917,0.2570273478825887,0.5130007644494374,0.2261753757794698,0.6549609859784444,0.03977088580528895,0.08952500770489374,0.011871879594400525,0.13977088729540507,3.193196924527486,0.8547000959515572,0.2478286251425743,0.5557146966457367,0.16450706124305725,0.022199122235178947,0.08997394889593124,0.6771268248558044,0.1397140622138977,3.029814636707306,0.42853736132383347
226,1529.670282125473,1.056065770801312,0.2571785549322764,0.5061120688915253,0.22623870770136514,0.6460540533065796,0.03995274156332016,0.08921083509922027,0.011881608158970873,0.13995274305343627,3.0260577042897543,0.8429628610610962,0.2461816519498825,0.537181168794632,0.16409531235694885,0.022373003885149956,0.09042483195662498,0.6744011044502258,0.13981898874044418,2.896755647659302,0.4276253841817379
227,1536.6052780151367,1.0544035304046702,0.25713508427143095,0.5035581290721893,0.2257768670717875,0.6453513741493225,0.04019840508699417,0.08917688330014546,0.011886853398755193,0.1401984065771103,2.9136520862579345,0.8350981697440147,0.24438977986574173,0.5277615487575531,0.16341380774974823,0.022120226174592972,0.08976704999804497,0.6749388873577118,0.14009445905685425,3.3308318138122557,0.42723649367690086
228,1543.4622910022736,1.0505976685827287,0.25608943005402884,0.49724406401316323,0.2263940284649531,0.6455703000227611,0.040352376798788704,0.08925256431102753,0.011868866408864658,0.14035237828890482,2.9407087643941243,0.8299906924366951,0.2477537766098976,0.5248337984085083,0.15991000831127167,0.021897404454648495,0.0893835686147213,0.6660560667514801,0.14015468209981918,3.0478461503982546,0.42241160199046135
229,1550.2849249839783,1.0486764705138436,0.25584464172522225,0.495247491200765,0.22667537728945414,0.6452911337216695,0.04068852911392848,0.08888678848743439,0.011847559145341318,0.1406885306040446,2.781366483370463,0.841699093580246,0.25345849990844727,0.5277755260467529,0.16217641532421112,0.022166436538100243,0.08975252509117126,0.6698712706565857,0.14046166092157364,2.759677863121033,0.4246881604194641
230,1557.445317029953,1.0484031740459614,0.2559172103802363,0.494199275970459,0.22618707418441772,0.6463092923164367,0.04076519062121709,0.08872685978809992,0.011844365485012531,0.1407651921113332,2.7893917481104533,0.8425102606415749,0.24844468384981155,0.5319402515888214,0.1640477254986763,0.02220569271594286,0.08968933671712875,0.6758481562137604,0.14079903811216354,2.8470916390419005,0.42761341482400894
231,1564.352779865265,1.0428114954731427,0.2538986871639887,0.492318065961202,0.22680080930391947,0.638955291112264,0.04106428970893224,0.08914359708627065,0.011844796237225334,0.14106429119904837,2.583250371615092,0.8467205613851547,0.25030893087387085,0.5324587523937225,0.1650911271572113,0.022130480036139488,0.08951898291707039,0.6794534027576447,0.14099127054214478,2.7572654724121093,0.4292456842958927
232,1571.1773719787598,1.0453596586167502,0.25782949129740396,0.4984932045141856,0.22593614161014558,0.6316674033800761,0.0413407102227211,0.08870489796002706,0.011840604059398175,0.1413407117128372,2.8040000200271606,0.8370119482278824,0.23968106508255005,0.5324500799179077,0.16555292159318924,0.022192752920091152,0.08962583914399147,0.6796407103538513,0.141157865524292,2.6497422575950624,0.42944619432091713
233,1578.287075996399,1.0456538979837204,0.25126884678999584,0.49740563829739887,0.22796076635519663,0.6443849881490071,0.04148822675148646,0.08908657779296239,0.011842617547760408,0.1414882282416026,3.269078079859416,0.8380129560828209,0.24496730417013168,0.5397815108299255,0.16157744824886322,0.02228085696697235,0.08962045982480049,0.6691544055938721,0.14138515293598175,3.409376835823059,0.4241976626217365
234,1585.2223582267761,1.0452566309793232,0.2521866013606389,0.4998896360397339,0.22773414552211763,0.6391815344492594,0.04181043853362401,0.08904102146625519,0.011825232518215973,0.14181044002374013,2.915099827448527,0.8467617034912109,0.25099658966064453,0.5360941886901855,0.16385900974273682,0.02218715101480484,0.08945373445749283,0.6753813028335571,0.1416139453649521,2.6700685262680053,0.4271443858742714
235,1592.0613300800323,1.0387407303244496,0.2556668976942698,0.4892979125181834,0.22686297297477723,0.6310786604881287,0.042013887067635855,0.08870861182610194,0.011833952149997155,0.14201388855775196,2.639213450749715,0.831772692501545,0.24427486956119537,0.5284546464681625,0.16163524985313416,0.021902022883296013,0.08910766243934631,0.6703798770904541,0.14193876832723618,2.707995295524597,0.42429760098457336
236,1598.8781311511993,1.0419384203094524,0.25245903929074603,0.49472917715708414,0.22840788662433625,0.6374559680620829,0.04230430473883947,0.0888095811009407,0.011831343810384472,0.1423043062289556,2.7897576093673706,0.8330165073275566,0.24910170584917068,0.5177035629749298,0.1625315099954605,0.02209434937685728,0.08930239453911781,0.6711443364620209,0.14210309833288193,2.659057152271271,0.42487456277012825
237,1605.9808940887451,1.0405620042428685,0.25439331829547884,0.4936147173245748,0.22644328673680622,0.631713350613912,0.04254714399576187,0.08890716036160787,0.011816146069516737,0.142547145485878,2.670400063196818,0.8429491147398949,0.24260636419057846,0.5464804768562317,0.16355125606060028,0.0221940902993083,0.08933677896857262,0.6750383675098419,0.1423715353012085,2.764658784866333,0.4268559627234936
238,1612.8778860569,1.040619300942247,0.2523169149955114,0.49557597637176515,0.2278253008921941,0.6346168438593547,0.042736925184726715,0.08864128440618516,0.011816117788354556,0.14273692667484283,3.212939898173014,0.8258418217301369,0.2390296831727028,0.5199513137340546,0.1634182408452034,0.022260382771492004,0.08942059800028801,0.6740711033344269,0.14268792420625687,3.124134635925293,0.42645614966750145
239,1619.6962320804596,1.0431424484200156,0.25109729667504627,0.49715176224708557,0.22847113211949666,0.6391709168752034,0.04292279332876205,0.08890132308006286,0.011817657016217708,0.14292279481887818,2.8263824144999186,0.8409063220024109,0.24538885056972504,0.5342547297477722,0.16419505327939987,0.02212496753782034,0.08905144408345222,0.673841267824173,0.14310088008642197,2.9531448602676393,0.4259720779955387
240,1626.525680065155,1.0395419245644006,0.25330073734124503,0.4995965341726939,0.22734701732794443,0.6259873906771342,0.04318560212850571,0.08867514679829279,0.01180957087005178,0.14318560361862182,2.922787157694499,0.8335235938429832,0.239944688975811,0.5319594144821167,0.16379959881305695,0.02200992312282324,0.08891062065958977,0.6750388741493225,0.14327020198106766,3.0503111362457274,0.426430057734251
241,1633.7318081855774,1.0365115531759026,0.25184353987375896,0.4929041763146718,0.2280816654364268,0.6287880102793376,0.0434548611442248,0.08875486503044765,0.011844050573805968,0.14345486263434093,2.578767704963684,0.8337748721241951,0.24237772077322006,0.5312454402446747,0.16288721561431885,0.02187883947044611,0.08894733712077141,0.6740006804466248,0.14330432564020157,2.594902145862579,0.4259476773440838
242,1640.6583340168,1.0320643179370868,0.25027053356170653,0.4884117841720581,0.22836391727129618,0.6267715613047282,0.0437344824274381,0.0888635570804278,0.011809138441458344,0.14373448391755422,2.517623480161031,0.8350226953625679,0.24478894472122192,0.5264149457216263,0.16351313889026642,0.022370528429746628,0.08929889276623726,0.6734062731266022,0.14361706376075745,2.5177764892578125,0.42600202932953835
243,1647.6078429222107,1.0366552802229612,0.252676984667778,0.4949371457099915,0.22824307481447856,0.624862273534139,0.04391069859266281,0.0887643739581108,0.011801138008013367,0.14391070008277893,3.208458089828491,0.8408105596899986,0.24552077054977417,0.5291160196065903,0.16536588966846466,0.022300126031041145,0.08910225331783295,0.6784137785434723,0.14395862072706223,3.5917039632797243,0.4283091425895691
244,1654.526104927063,1.033909596716209,0.2499055842558543,0.4951360325018565,0.22897892097632092,0.6246739745140075,0.044217718144257866,0.08866170893112818,0.011792160694797833,0.144217719634374,3.1784262021382648,0.8325507640838623,0.24517692625522614,0.5231386721134186,0.16290225088596344,0.022258867509663105,0.0888950265944004,0.6717109680175781,0.14413149654865265,3.368399500846863,0.42475051060318947
245,1661.6826589107513,1.038741555553861,0.2526874154806137,0.499687647819519,0.22835103472073873,0.6228002031644185,0.04447932789723078,0.08898323078950246,0.011793193904062112,0.1444793293873469,3.1074859778086346,0.8330748900771141,0.23903720825910568,0.5327255725860596,0.16383744776248932,0.02230591792613268,0.08899537846446037,0.6745991408824921,0.1444089412689209,3.2072418451309206,0.4262949489057064
246,1668.5905079841614,1.0394730075844563,0.2511217772960663,0.49538175463676454,0.22902098695437115,0.6318377415339153,0.044675889114538826,0.08886664509773254,0.011787615747501453,0.14467589060465494,2.963232946395874,0.8495344594120979,0.24818628281354904,0.5352827310562134,0.1668534055352211,0.022122099064290524,0.0885964035987854,0.6814118921756744,0.1447315588593483,3.159391164779663,0.4293023496866226
247,1675.5417220592499,1.0340586029575207,0.2501046687364578,0.5007148643334707,0.23033068080743155,0.6187851111094157,0.044972058633963266,0.08845699330170949,0.011805655248463155,0.1449720601240794,3.4872453371683756,0.8283200785517693,0.24083676934242249,0.5208224803209305,0.16353603452444077,0.02188880741596222,0.08835762739181519,0.6730173230171204,0.14499500393867493,3.6326748609542845,0.42486628890037537
248,1682.548099040985,1.0352716738784997,0.2489423801501592,0.5023549516995748,0.22953350643316905,0.6225781838099161,0.04516975631316503,0.08827942510445913,0.011770880268886685,0.14516975780328115,3.1991284052530924,0.8359437212347984,0.24183519929647446,0.527137815952301,0.16526980698108673,0.022041098214685917,0.08839636296033859,0.6773954927921295,0.14506341516971588,3.070829248428345,0.42709410935640335
249,1689.6270711421967,1.0321088473584192,0.2513891746600469,0.4935701072216034,0.22841259638468425,0.6199284394582113,0.04545171310504278,0.08831889132658641,0.011770049606760343,0.1454517145951589,3.088515551884969,0.835575632750988,0.24086201936006546,0.5288388431072235,0.1651470959186554,0.02205931767821312,0.08841383829712868,0.6764954328536987,0.14542289078235626,3.1102395057678223,0.42666155472397804
250,1696.52437210083,1.0333965768571942,0.248814062277476,0.4989543298880259,0.2297320008277893,0.6209325194358826,0.04571120788653692,0.08852100223302842,0.01178843400751551,0.14571120937665302,3.154363584518433,0.8260715156793594,0.23151758313179016,0.534138023853302,0.16374246031045914,0.022041124291718006,0.08878234773874283,0.6735498309135437,0.1454889252781868,3.095406103134155,0.4255572631955147
251,1703.3662450313568,1.031250144560666,0.24860397080580393,0.494595734278361,0.22948298553625743,0.6226960142453511,0.0459464505314827,0.088156724969546,0.011768840812146663,0.1459464520215988,3.028171992301941,0.8333441317081451,0.24282778799533844,0.5246911644935608,0.16408538073301315,0.022049658000469208,0.08843187615275383,0.6745051145553589,0.14584629982709885,3.060967719554901,0.4256844334304333
252,1710.1910119056702,1.0263247434127456,0.24795569181442262,0.4936939815680186,0.22965314686298371,0.6147655526796977,0.04618798941373825,0.08815715610980987,0.011771045159548521,0.14618799090385437,2.501127179463704,0.8388975486159325,0.2429032400250435,0.5350925624370575,0.16422401368618011,0.022095199674367905,0.08816547319293022,0.6734862625598907,0.14611252397298813,2.584706461429596,0.4249086044728756
253,1717.276526927948,1.0259450968102708,0.2507267951965332,0.49083877007166543,0.2295337935288747,0.6092536906401317,0.046475854019323984,0.08860770811637243,0.011768914153799414,0.14647585550944012,2.650514276822408,0.8302807658910751,0.2424468696117401,0.5225948691368103,0.16326823085546494,0.022048141807317734,0.0880732573568821,0.6715968251228333,0.14634551107883453,2.786389744281769,0.4238716699182987
254,1724.1779601573944,1.0285539701852637,0.24770813683668771,0.4870237489541372,0.2305275708436966,0.6236201405525208,0.046681096653143565,0.08868322571118673,0.011760920053347945,0.1466810981432597,2.9284634749094645,0.8386869877576828,0.24122080206871033,0.5237924754619598,0.16778497397899628,0.022303332574665546,0.08837677910923958,0.6828038692474365,0.146721713244915,3.0454828262329103,0.42977871373295784
255,1731.0618131160736,1.0235548678319901,0.24949820538361867,0.4889598409334818,0.2296222637097041,0.6090431292851766,0.046921221911907195,0.08843423773845037,0.011758998207127055,0.14692122340202332,3.1404938379923504,0.8393101617693901,0.24084074050188065,0.5300309956073761,0.1667269617319107,0.022179187275469303,0.08815242722630501,0.6806476414203644,0.14683419466018677,3.1185953855514525,0.4284762479364872
256,1737.9288079738617,1.0234947386469382,0.24586237967014313,0.48869346976280215,0.23167294065157573,0.6164470593134562,0.047177029152711235,0.08827006270488104,0.011774415709078312,0.14717703064282736,2.9255790948867797,0.8355086147785187,0.24329786002635956,0.5235688090324402,0.1652131751179695,0.02231681253761053,0.08857180923223495,0.6759848296642303,0.14733584225177765,3.0471306085586547,0.42656422406435013
257,1745.0233480930328,1.0237184205519345,0.24693526029586793,0.49045264919598897,0.23018039464950563,0.6131578207015991,0.04745502024888992,0.08823566337426504,0.011740325562035045,0.14745502173900604,3.0249900499979656,0.8464297875761986,0.2478644922375679,0.5341136753559113,0.16575422883033752,0.022122422233223915,0.08798213675618172,0.6789532005786896,0.14757080376148224,3.291560649871826,0.4274587370455265
258,1751.9160389900208,1.0218410832302955,0.2492563893397649,0.48963221510251365,0.2292273243268331,0.6062035878499349,0.04767420639594396,0.08807252993186315,0.011746030176679294,0.1476742078860601,2.8627223889033,0.8400080427527428,0.23746001720428467,0.537210687994957,0.1669713407754898,0.022184643894433975,0.08798911795020103,0.6811388432979584,0.14760678261518478,3.125499057769775,0.4285585395991802
259,1758.8016810417175,1.02467073732599,0.24778805176417032,0.4964754382769267,0.22978535592556,0.605226876338323,0.047942217687765756,0.08865946729977926,0.011753064285342892,0.1479422191778819,2.8826634883880615,0.8332519605755806,0.24354522675275803,0.5239624083042145,0.16386276483535767,0.021919431164860725,0.08762653917074203,0.6742224991321564,0.14792782068252563,2.7996814250946045,0.4247377887368202
260,1765.9273569583893,1.0204340730871384,0.24740990201632182,0.4919321835041046,0.22980096141497294,0.6038799921671549,0.04823930809895197,0.088126835723718,0.011764476060246427,0.14823930958906809,3.0770696004231772,0.8428208082914352,0.24085688591003418,0.5295332074165344,0.16859865933656693,0.02219044603407383,0.08794286474585533,0.6842431128025055,0.1483110710978508,3.193352150917053,0.4300644211471081
261,1772.8601241111755,1.0202754465746693,0.24679920276006062,0.4952752530574799,0.2301633487145106,0.6015377203623454,0.04844715545574824,0.08803361703952153,0.011750696164866289,0.14844715694586436,3.03006796836853,0.8384901732206345,0.24170877039432526,0.5356723964214325,0.16447260230779648,0.0220246659591794,0.08764651417732239,0.6733672320842743,0.14853248745203018,3.1109596490859985,0.42433013021945953
262,1781.0237369537354,1.0224363368509026,0.24564770062764485,0.4948214868704478,0.2309820016225179,0.6078306277592976,0.048714625338713326,0.08812278012434642,0.01174348002920548,0.14871462682882944,3.221754264831543,0.8425945490598679,0.24652695655822754,0.5324990749359131,0.1649090275168419,0.021902929060161114,0.08754203096032143,0.6751441657543182,0.14876819401979446,3.3022714138031004,0.42511411383748055
263,1787.9585371017456,1.0161210163069578,0.24679042398929596,0.48572635849316914,0.22998068531354268,0.6028523445129395,0.048965546985467276,0.08790100812911987,0.011722473877792556,0.14896554847558338,2.664724413553874,0.8422206863760948,0.2394450530409813,0.5370543003082275,0.16712424159049988,0.02210848033428192,0.08756471052765846,0.6804666817188263,0.14902646094560623,2.677186644077301,0.4277980513870716
264,1795.0453460216522,1.014903057605261,0.2460187445084254,0.4861505051453908,0.2307268460591634,0.6018640716870626,0.049262910584608716,0.08770724684000016,0.011722630448639393,0.14926291207472484,2.7978822072347005,0.8413284346461296,0.24293962866067886,0.5295923352241516,0.16679631918668747,0.022148133255541325,0.087530966848135,0.6794764399528503,0.14932593703269958,2.765426850318909,0.42726918682456017
265,1801.9578897953033,1.0195131171455918,0.24442993303140004,0.4912200212478638,0.23162628213564554,0.6071913957595825,0.049495008091131845,0.08810379405816396,0.011731629880766073,0.14949500958124798,2.908632755279541,0.829951137304306,0.23182345926761627,0.5305349230766296,0.16643010824918747,0.02220261190086603,0.08787350356578827,0.67718106508255,0.14951735734939575,2.792974042892456,0.4264640361070633
266,1808.7723829746246,1.0146041685327267,0.24549751480420431,0.4865448494752248,0.23077141443888347,0.6011930704116821,0.04972531348466873,0.08776863118012747,0.011737554085751374,0.14972531497478486,2.851292133331299,0.8347381725907326,0.24124038964509964,0.5230607092380524,0.16598371416330338,0.022016819566488266,0.08763808384537697,0.6771780252456665,0.14965936541557312,2.9578899145126343,0.4262270964682102
267,1815.5129170417786,1.0142192874356017,0.2455222527186076,0.48872742652893064,0.22926244338353474,0.5959579030672709,0.04999061276515325,0.0883381798863411,0.01170969217394789,0.14999061425526936,2.772170392672221,0.8329116329550743,0.2382042482495308,0.5231635570526123,0.16656280308961868,0.022088605910539627,0.08730752021074295,0.6772585511207581,0.1499975547194481,2.698092532157898,0.425936795771122
268,1822.6007471084595,1.0111704195985416,0.24501703977584838,0.484498788913091,0.22952872117360432,0.5963106433550517,0.050278534988562266,0.08794942597548167,0.011717759755750496,0.1502785364786784,2.7206221421559653,0.8324961215257645,0.23909880220890045,0.5218504667282104,0.1662360429763794,0.021954321302473545,0.08708610385656357,0.6797222793102264,0.15026844292879105,2.6573999166488647,0.4269472435116768
269,1829.285043001175,1.0131725804802652,0.24513971110184987,0.48682868282000225,0.22954218486944836,0.5959590832392375,0.050631671647230786,0.08830662071704865,0.011704654277612766,0.1506316731373469,2.7708402077356973,0.8243390396237373,0.2328612133860588,0.5193493664264679,0.1659015715122223,0.022092154249548912,0.08732631430029869,0.6756475567817688,0.15066418051719666,2.8686394572257994,0.4251500926911831
270,1835.9760179519653,1.0121456288228121,0.24458830952644348,0.48871195912361143,0.23060717284679413,0.5939874927202861,0.0507944330573082,0.08799737592538198,0.011699439492076635,0.1507944345474243,3.14257017771403,0.8416813015937805,0.2402806431055069,0.5293058454990387,0.16837386786937714,0.02202659659087658,0.08713383227586746,0.6828645169734955,0.15072375535964966,3.1228221893310546,0.4285660907626152
271,1842.6279120445251,1.012189124225794,0.24236882030963897,0.49155356287956237,0.23117137451966605,0.5955673376719157,0.05110307981570562,0.08791793038447698,0.011702068150043488,0.15110308130582173,2.920014746983846,0.8373436108231544,0.23761146515607834,0.5304146111011505,0.16726242005825043,0.021962767466902733,0.08698269352316856,0.6792042553424835,0.15114019811153412,3.00938937664032,0.4265848211944103
272,1849.617686033249,1.010989436119174,0.24493066469828287,0.48706162174542744,0.2304646134376526,0.5924979170163472,0.051355794568856555,0.08790000329415003,0.01169755426235497,0.15135579605897267,2.633089796702067,0.8363863229751587,0.23768013715744019,0.5288932919502258,0.1671297699213028,0.02206842228770256,0.0870579369366169,0.6793566644191742,0.1513257995247841,2.5989005327224732,0.426736269146204
273,1856.5439891815186,1.0084470921603497,0.24409686823685964,0.4843197842439016,0.2299246867497762,0.5913824538389841,0.05159722020228704,0.08797688086827596,0.011695181935404737,0.15159722169240317,2.611133678754171,0.8371305838227272,0.23727378994226456,0.5342489778995514,0.16636615246534348,0.022151011042296886,0.08707648515701294,0.6761127412319183,0.15163015574216843,2.6304431438446043,0.4251328557729721
274,1863.407280921936,1.0013939828592509,0.2433147042989731,0.4781089425086975,0.2303483595450719,0.585896509885788,0.051907767355442044,0.08766728838284811,0.011688398119683066,0.15190776884555818,2.4254824479420978,0.8297746777534485,0.23757152259349823,0.51363205909729,0.16769356280565262,0.022072582505643368,0.08695024251937866,0.6823094189167023,0.15206461399793625,2.2978702068328856,0.4281049519777298
275,1870.2406151294708,1.0025849615805782,0.24448336760203043,0.48050522804260254,0.22997926374276478,0.5830890695254008,0.052241643766562144,0.08771663655837376,0.011682725325226784,0.15224164525667827,2.6102410793304442,0.8321065679192543,0.23899539560079575,0.5216789245605469,0.16613585501909256,0.022106202319264412,0.08683881908655167,0.6780354678630829,0.1522328406572342,2.5555538654327394,0.4258565530180931
276,1877.3215250968933,1.0058009115047752,0.2434006889661153,0.48144364953041074,0.22969519992669424,0.5906382262706756,0.05244601517915726,0.08770617793003718,0.011696058123682936,0.15244601666927338,2.859946775436401,0.8335500881075859,0.2394399717450142,0.5225580036640167,0.16641555726528168,0.021878328174352646,0.08646935224533081,0.676543116569519,0.15260666608810425,3.140572965145111,0.42474091053009033
277,1884.1951088905334,1.0032916746257494,0.24412183264891307,0.4811660925547282,0.2303108384211858,0.5833378314971924,0.052713160216808316,0.08788960228363672,0.011673338726783793,0.15271316170692445,2.9404526631037395,0.8348086699843407,0.2368907704949379,0.526467502117157,0.16734207421541214,0.022016816772520542,0.08662555739283562,0.680732011795044,0.15278436243534088,2.9428503632545473,0.4269915632903576
278,1890.9155759811401,1.003898219317974,0.24363558093706766,0.484671946366628,0.22969725827376047,0.5825076103210449,0.052925672630469,0.08774492939313253,0.011669741477817297,0.15292567412058514,2.791724753379822,0.845124788582325,0.23839227110147476,0.5419102311134338,0.16788870096206665,0.022107059136033058,0.08666637539863586,0.6801044344902039,0.15319760143756866,2.7796485304832457,0.4267185926437378
279,1897.7867369651794,1.0037970830686391,0.24209334750970204,0.48105252782503766,0.23149044315020242,0.5879528999328614,0.05323187857866287,0.0878426084915797,0.011672224492455523,0.153231880068779,2.82137393951416,0.8423771634697914,0.24272520840168,0.528819814324379,0.16762102395296097,0.022087067365646362,0.0865132249891758,0.6812848448753357,0.15342029184103012,2.414491558074951,0.42715564742684364
280,1904.8339290618896,1.0033573157018205,0.24311389128367106,0.4784861445426941,0.23123331864674887,0.5874847213427226,0.05352956602970759,0.08781011203924814,0.011664248475184043,0.15352956751982372,2.8575883865356446,0.8506608381867409,0.24213335663080215,0.5433250963687897,0.16843246668577194,0.022028549574315548,0.08641180023550987,0.6826585531234741,0.15370164066553116,3.2004945039749146,0.42774107679724693
281,1911.8037889003754,1.002991454328488,0.24188081125418345,0.4823036193847656,0.23066289822260538,0.5854563693205516,0.053827472031116486,0.08775022874275844,0.011667724791914224,0.1538274735212326,2.8152782281239825,0.8374372571706772,0.23479054868221283,0.5373487174510956,0.16698617488145828,0.02202986180782318,0.08642357215285301,0.6788512170314789,0.1538660228252411,2.778416085243225,0.42584918066859245
282,1918.6281089782715,1.0033788720339847,0.24034557044506072,0.48343655864397683,0.2312094380458196,0.5867324531078338,0.054083060721556345,0.08801866918802262,0.011659972447281083,0.15408306221167248,2.8972691377003987,0.8194862678647041,0.23409301042556763,0.5041945427656174,0.1666479930281639,0.022040179930627346,0.08627190813422203,0.6801938712596893,0.1543378010392189,3.0461881875991823,0.4263688437640667
283,1925.2948598861694,1.0001318528569147,0.2431211789449056,0.48135345776875815,0.23023272355397542,0.5787594159444173,0.054393390317757924,0.08749027450879415,0.011691566122074922,0.15439339180787404,3.015184736251831,0.8241792917251587,0.2286566123366356,0.5166338235139847,0.16860288381576538,0.022220883518457413,0.08675165474414825,0.6815812587738037,0.15455374866724014,2.988399624824524,0.4275422841310501
284,1932.3577711582184,0.9993750490151191,0.24079464276631674,0.4789279560248057,0.23084888756275176,0.5855771422386169,0.0546592856446902,0.08708273122708003,0.01165231525277098,0.1546592871348063,2.9075589895248415,0.8324595838785172,0.23492946475744247,0.5288078933954239,0.16656308621168137,0.022129595279693604,0.08648322150111198,0.6754143834114075,0.15468697994947433,2.959547770023346,0.4241904132068157
285,1939.309802055359,0.9965258792547199,0.2409731368223826,0.4778958002726237,0.22996583978335064,0.5784920374552409,0.054963594178358714,0.08756624062856039,0.011653128390510878,0.15496359566847484,2.6552287499109903,0.8416136652231216,0.2380451261997223,0.5370442569255829,0.16752320528030396,0.0218816502019763,0.085886150598526,0.6796875298023224,0.15518252551555634,2.3755806565284727,0.4257299154996872
286,1946.1783509254456,1.001278794471485,0.23931368291378022,0.49064393639564513,0.23112198015054067,0.5785481611887614,0.05517653773228327,0.08746090481678645,0.01164519521407783,0.1551765392223994,3.08597518603007,0.839627705514431,0.23458457738161087,0.5447074472904205,0.16634470224380493,0.021940222941339016,0.0859137699007988,0.6757771968841553,0.15531429648399353,3.296041250228882,0.42380236834287643
287,1953.1298789978027,0.994794206218406,0.24082229733467103,0.4835940917332967,0.23044440249602,0.569343101978302,0.05535953491926193,0.08751604159673056,0.011646829219534994,0.15535953640937805,2.631794571876526,0.8284431248903275,0.23117859661579132,0.5266879498958588,0.16696027666330338,0.02189504075795412,0.08575122058391571,0.6785957515239716,0.15552344918251038,2.5989870190620423,0.4250490963459015
288,1960.0437729358673,0.9963518359872978,0.24042827685674031,0.4810640613238017,0.2304818610350291,0.5751696745554606,0.05570740749438604,0.08757886787255605,0.011647117153430978,0.15570740898450217,2.654181710879008,0.8338554427027702,0.23616988211870193,0.5253475308418274,0.1675058975815773,0.021946554072201252,0.08596233278512955,0.6806171834468842,0.15588541328907013,2.581436109542847,0.4262709245085716
289,1966.8827600479126,0.9958775047562085,0.23817650179068248,0.4840199093023936,0.23205824395020802,0.5758370975653331,0.05595371971527736,0.08742206593354543,0.011637862197433908,0.15595372120539347,3.0271039803822837,0.8315768912434578,0.23693912476301193,0.5188402533531189,0.1676088199019432,0.022055666893720627,0.0859859250485897,0.6790550649166107,0.15636376291513443,3.262991452217102,0.42551345750689507
290,1973.6491301059723,0.9975913795700763,0.2415287842353185,0.48812034328778586,0.23048061033089956,0.5680335243542989,0.056202147901058194,0.08754555433988571,0.01163616602619489,0.15620214939117433,2.789645036061605,0.8318580314517021,0.23318680375814438,0.5312539041042328,0.16652213782072067,0.021956193260848522,0.08583071827888489,0.6755794882774353,0.1566869542002678,2.88967022895813,0.42362046241760254
291,1980.4890069961548,0.9894701967481524,0.23871446053187054,0.47988076210021974,0.23078981637954712,0.5664935966332754,0.056555501123269396,0.08723257879416148,0.011644541627417009,0.15655550261338552,2.3530866225560505,0.8305684700608253,0.2340451255440712,0.5332040786743164,0.16496065258979797,0.02212757244706154,0.08588163554668427,0.6754270493984222,0.1568431407213211,2.1881068110466004,0.4235951602458954
292,1987.559247970581,0.9882227563318641,0.23995724817117056,0.4740179161230723,0.229917777578036,0.5669567942619324,0.0568417951464653,0.0873106653491656,0.01162764288795491,0.15684179663658143,2.335090184211731,0.827481210231781,0.23523065447807312,0.5211544632911682,0.1658366620540619,0.022070860490202904,0.08577481657266617,0.6762880980968475,0.15717430412769318,2.371302807331085,0.42391886562108994
293,1994.4608979225159,0.9905082653819893,0.2390738566716512,0.47888505856196084,0.2298527995745341,0.5667871495087942,0.05708902925252914,0.08766216486692428,0.011627820009986559,0.15708903074264527,2.6540533939997357,0.8334195986390114,0.2327556386590004,0.5373524129390717,0.16599387675523758,0.021961357444524765,0.08544792607426643,0.6769324243068695,0.15739066153764725,2.6188252329826356,0.4239141382277012
294,2001.2539701461792,0.9895018885824053,0.238802840312322,0.48276697595914203,0.23048627177874248,0.5625751554965973,0.05737781673669815,0.08727351774772009,0.011622852475071947,0.15737781822681426,2.7313214858373005,0.8340810611844063,0.23384761065244675,0.5303586423397064,0.16752706468105316,0.021864229813218117,0.08540184795856476,0.6799989938735962,0.1577177494764328,2.4580947518348695,0.42540134489536285
295,2008.160807132721,0.9886879212145383,0.23821393450101216,0.47667134602864586,0.23077061573664348,0.5659704764684041,0.05761848737796148,0.08776221225659052,0.011615525186061858,0.15761848886807758,2.4856144428253173,0.8206000924110413,0.2306567206978798,0.5152612775564194,0.1661563664674759,0.02189493551850319,0.08524909242987633,0.6773996651172638,0.15791306644678116,2.4839948177337647,0.4239489249885082
296,2015.2468230724335,0.9876366044317062,0.2378962258497874,0.47819849650065105,0.2307827721039454,0.5647160490353902,0.057923231025536856,0.08724974542856216,0.011624888967101772,0.15792323251565296,2.4033406654993694,0.831577867269516,0.22872713208198547,0.5334863662719727,0.1680537760257721,0.021873644553124905,0.0854220800101757,0.6795053780078888,0.1580880880355835,2.424457609653473,0.4251747690141201
297,2022.0733590126038,0.9908569116921474,0.23817183673381806,0.4857583999633789,0.23013347486654917,0.5626628577709198,0.05822998036940893,0.08730228493611018,0.01161034166192015,0.15822998185952505,2.7829241434733074,0.8277921080589294,0.23094606399536133,0.5257205069065094,0.1669928953051567,0.02190291415899992,0.0852028876543045,0.6784350574016571,0.15838762372732162,2.7642494440078735,0.42442041635513306
298,2028.858805179596,0.9858524829304467,0.23780490060647327,0.4773494402567546,0.23038030664126077,0.5611664354801178,0.058523112038771315,0.08737335056066513,0.01162241525016725,0.15852311352888743,2.6116720835367837,0.8276281431317329,0.23072174936532974,0.5276672542095184,0.166536383330822,0.02215950284153223,0.08555304259061813,0.6766408681869507,0.1589384526014328,2.708415722846985,0.4238734766840935
299,2035.7470879554749,0.9848173635701338,0.23812479476133983,0.47715915044148766,0.23089850942293802,0.5581307888031006,0.05882242570320765,0.0874027078350385,0.011607492590943973,0.15882242719332376,2.647289339701335,0.8310008943080902,0.23419224470853806,0.5269573777914047,0.1666649803519249,0.022079147398471832,0.08535317331552505,0.6768577098846436,0.15911871194839478,2.6816650390625,0.42378202825784683
300,2042.8690149784088,0.9927822929224931,0.23656127353509268,0.48649747172991437,0.23183794220288595,0.5681526859601339,0.05909418215354283,0.08721147080262502,0.011614137701690197,0.15909418364365896,3.556102403004964,0.8300534784793854,0.2362804263830185,0.5200551152229309,0.16687274724245071,0.021884163841605186,0.08494947105646133,0.6773013174533844,0.15945027768611908,3.553492712974548,0.42360012978315353
301,2049.6959400177,0.9875630621313273,0.23683562576770784,0.48093277017275493,0.23111540178457896,0.5629365861415863,0.05937483459711075,0.08712626993656158,0.011608483797560135,0.15937483608722686,2.839730389912923,0.8321368545293808,0.22804248332977295,0.5366034507751465,0.1678963229060173,0.02193309646099806,0.0849728025496006,0.680823564529419,0.15975568443536758,3.0062471628189087,0.4253845848143101
302,2056.474818944931,0.9892184989526868,0.23590813676516215,0.48909236590067545,0.23119508624076843,0.5596176544825237,0.05968614270289739,0.08712658087412516,0.01159740552927057,0.1596861441930135,2.918915057182312,0.8323908373713493,0.23705289512872696,0.5216615498065948,0.16725358366966248,0.022004829719662666,0.08497056737542152,0.6785124242305756,0.1600549891591072,2.934575307369232,0.4242267794907093
303,2063.399535894394,0.9837387025880162,0.23640824854373932,0.4769364138444265,0.2313675860563914,0.5584393163522084,0.059928221007188164,0.08740139106909434,0.011592891563971837,0.1599282224973043,2.3606626907984416,0.8273982852697372,0.23319394141435623,0.5262031704187393,0.16555137932300568,0.02202051877975464,0.08502953872084618,0.6749559938907623,0.16040410846471786,2.346101665496826,0.42250753566622734
304,2070.5187821388245,0.9800013676091718,0.23627318839232128,0.4753927767276764,0.22958839535713196,0.5538486440976461,0.0602586234609286,0.08713776965936025,0.011625180176148811,0.16025862495104473,2.5228811740875243,0.8314526602625847,0.23067937046289444,0.5315950810909271,0.16748787462711334,0.021715444512665272,0.08476908504962921,0.6793388724327087,0.16065429151058197,2.630106782913208,0.4244385212659836
305,2077.3913099765778,0.9793372409786874,0.23593770166238148,0.47262595891952514,0.22996344168980917,0.5553554594516754,0.06049028585354487,0.0872127428650856,0.011612406248847644,0.160490287343661,2.417600695292155,0.822544738650322,0.23034071922302246,0.5163315236568451,0.16701912879943848,0.022128148935735226,0.08513437956571579,0.6755566298961639,0.16081403195858002,2.4482206463813783,0.42291269451379776
306,2084.178859233856,0.9831238539443196,0.23596357504526774,0.4821362872918447,0.2305750181277593,0.5522605200608571,0.060807615021864575,0.08738144983847936,0.011584467844416697,0.1608076165119807,2.837985897064209,0.8199455216526985,0.22959530353546143,0.513788029551506,0.16672810167074203,0.02206556126475334,0.08512406796216965,0.6762134730815887,0.1609286591410637,2.90705029964447,0.423230804502964
307,2091.0095200538635,0.9754686313526084,0.23646662632624307,0.47114896575609844,0.22910686433315278,0.5478302677472432,0.06112201462189357,0.08715140074491501,0.011586021616434057,0.16112201611200969,2.2315476179122924,0.8167560920119286,0.22783935815095901,0.5139155685901642,0.16597947478294373,0.021973215974867344,0.08482623845338821,0.6761902868747711,0.16128772497177124,2.425813639163971,0.4229213818907738
308,2097.9949679374695,0.9779140257354205,0.23540637095769246,0.4759753425916036,0.23040345509847004,0.5499778529008229,0.061394474407037096,0.08702880342801413,0.011572482157498598,0.16139447589715322,2.383187778790792,0.8305600881576538,0.2331317812204361,0.528946042060852,0.16647764295339584,0.021956627257168293,0.08465231209993362,0.6773812770843506,0.16147194057703018,2.276990234851837,0.4233429506421089
309,2104.9304778575897,0.9847316326825725,0.23554471929868062,0.4858808974424998,0.23031986852486927,0.5531553447246551,0.061613931755224866,0.087045951684316,0.011586256278678774,0.16161393324534098,3.119217340151469,0.8308133333921432,0.22473037242889404,0.5352081656455994,0.16923943907022476,0.022051246836781502,0.08485011756420135,0.6826765239238739,0.16194899380207062,3.0415256142616274,0.4261883795261383
310,2111.837099790573,0.9757357702221877,0.23510157465934753,0.47340706586837766,0.23048766255378722,0.5477114955584208,0.06198486238718033,0.0871486653884252,0.011575861057887474,0.16198486387729644,2.403434634208679,0.8345471322536469,0.2316681444644928,0.5335098803043365,0.1680620238184929,0.022101720795035362,0.08470211178064346,0.6797876358032227,0.1624579131603241,2.4333450317382814,0.4245959296822548
311,2118.8205349445343,0.981897028341579,0.2337192436059316,0.4816518723964691,0.23015457193056743,0.5550834119319916,0.062257919212182364,0.08696403255065283,0.011584394425153733,0.16225792070229847,2.71481032371521,0.8293361440300941,0.23117046803236008,0.5240353345870972,0.16807400435209274,0.02181991934776306,0.08444339409470558,0.6807041764259338,0.16242094337940216,2.6380753755569457,0.4247954823076725
312,2125.764829158783,0.9767603241993735,0.2338832954565684,0.4764803866545359,0.22976915736993153,0.5496398945649464,0.06261528780062993,0.08689902822176615,0.01156176656174163,0.16261528929074606,2.7292203108469644,0.831142008304596,0.2377379685640335,0.519697368144989,0.16677767783403397,0.02190031297504902,0.08422930911183357,0.6752825677394867,0.16293787956237793,2.775302028656006,0.4218705929815769
313,2132.892908811569,0.9801412981857235,0.23645546833674114,0.4761904577414195,0.22999190191427868,0.5514930586020151,0.06288981189330418,0.08683124631643295,0.011583137217288215,0.16288981338342032,3.1302659273147584,0.8208656385540962,0.22381893545389175,0.5184802412986755,0.16890329122543335,0.021766590885818005,0.0842105820775032,0.6817209124565125,0.16309203952550888,3.213360846042633,0.42507103830575943
314,2140.123697042465,0.9794787545048166,0.23324160575866698,0.4845381816228231,0.23039445479710896,0.5468369722366333,0.06316102196772894,0.08709776550531387,0.011560617790867886,0.16316102345784506,3.1535354455312095,0.8337327837944031,0.2281385213136673,0.5382260680198669,0.16824061423540115,0.021963855251669884,0.08425960689783096,0.6815137565135956,0.16344023495912552,2.9964781284332274,0.42501648515462875
315,2147.0058970451355,0.9761415693520878,0.23343772888183595,0.47658395369847617,0.22993575036525726,0.5478923201560975,0.06344102770090103,0.08700819412867228,0.011568210273981094,0.16344102919101716,2.576400907834371,0.8356374129652977,0.2340666726231575,0.5310898423194885,0.16801290959119797,0.02208089828491211,0.08460204303264618,0.6780043542385101,0.16389398276805878,2.4012361645698546,0.42360422015190125
316,2153.847241163254,0.976626512547955,0.23438326319058736,0.4830795149008433,0.2293066720167796,0.5399369796117147,0.06376616607109706,0.08709407995144526,0.01155393715016544,0.16376616756121318,2.7672749678293864,0.8235267251729965,0.22796334326267242,0.5246204137802124,0.16662658751010895,0.02206721529364586,0.08460506051778793,0.6754374504089355,0.16378138214349747,2.8226747274398805,0.4223237857222557
317,2160.741224050522,0.9774621784764652,0.23451788425445558,0.47937324047088625,0.2295137534538905,0.5449473400910695,0.06405891825755437,0.08703564753135046,0.011545783405502637,0.16405891974767048,2.675703597068787,0.8249085769057274,0.23070590943098068,0.5138873755931854,0.168629489839077,0.02187981829047203,0.08400429412722588,0.6827348172664642,0.16420845687389374,2.6615877628326414,0.425371702760458
318,2167.936798095703,0.9806123002568105,0.23303441603978475,0.4794518252213796,0.2295407513777415,0.5545272906621297,0.06436176151037216,0.08685939361651739,0.01156389300401012,0.16436176300048827,3.117665751775106,0.8272465988993645,0.2261798456311226,0.5262384414672852,0.16897376626729965,0.021730290725827217,0.08374952152371407,0.6809194982051849,0.16466733068227768,3.253158712387085,0.42420927062630653
319,2174.8256380558014,0.9767218853812665,0.233003693819046,0.47784104347229006,0.2296782354513804,0.5478911618391673,0.06466704656680425,0.08690892706314722,0.011552529300873478,0.16466704805692037,3.0409090677897135,0.8338777646422386,0.22903121262788773,0.5407663285732269,0.1672316938638687,0.021694675087928772,0.08385520055890083,0.6780001223087311,0.1649826169013977,3.087553071975708,0.4228552617132664
320,2181.6264040470123,0.9737811831058935,0.23231976528962453,0.47842469811439514,0.2297158787647883,0.5422703484694164,0.06491671949625015,0.0869730959335963,0.011585054515550534,0.16491672098636628,2.649543571472168,0.8365325778722763,0.22639039158821106,0.5453996360301971,0.16872118413448334,0.022006308659911156,0.08448461443185806,0.6802278757095337,0.16539021581411362,2.686801385879517,0.4245985522866249
321,2188.4831581115723,0.9801380301728689,0.23230182429154714,0.4869035243988037,0.2304421067237854,0.5467522144317627,0.06524050583442052,0.08680644085009893,0.011539972200989724,0.16524050732453663,3.175692351659139,0.8271962702274323,0.22781407833099365,0.532408207654953,0.16658904403448105,0.021920342929661274,0.08387128636240959,0.6768031716346741,0.1656879559159279,3.2009456634521483,0.42227287217974663
322,2195.5363969802856,0.9740203562328437,0.23224103152751924,0.4777159829934438,0.2304880698521932,0.5432107011477153,0.06555512100458145,0.08687961796919505,0.011535937385633587,0.16555512249469756,2.428148126602173,0.8211877048015594,0.22861126065254211,0.5146070420742035,0.1676364615559578,0.021991428919136524,0.08382242545485497,0.6801770925521851,0.16588250547647476,2.236548924446106,0.4239109717309475
323,2202.496000766754,0.9718695052938225,0.2318132261435191,0.47239123781522113,0.22939670383930205,0.5443700790405274,0.065815968811512,0.0870485340555509,0.011539285692075888,0.16581597030162812,2.4954909006754558,0.8298943415284157,0.22562173753976822,0.5393504798412323,0.16729868203401566,0.022043868899345398,0.08399674668908119,0.6777064204216003,0.16624470800161362,2.3883267402648927,0.42284995689988136
324,2209.4227747917175,0.9756886543434423,0.23264295558134715,0.48386932611465455,0.22914300262928008,0.5386059284210205,0.0661381815870603,0.08704769512017568,0.01152857206761837,0.1661381830771764,2.7794872442881267,0.827971026301384,0.22629310935735703,0.5269997268915176,0.16908902674913406,0.021908043883740902,0.08359388634562492,0.6830539107322693,0.16652727127075195,2.838106870651245,0.42512084171175957
325,2216.2761108875275,0.9728971103439108,0.2329280783732732,0.47464942932128906,0.2294597198565801,0.5424321492513021,0.06642946749925613,0.08676910499731699,0.011528835538774729,0.16642946898937225,2.810834868748983,0.8157996460795403,0.21986199170351028,0.512775719165802,0.16977489739656448,0.021839981898665428,0.08339858800172806,0.685685008764267,0.1665663942694664,2.905023217201233,0.42624109238386154
326,2223.126377105713,0.9768314927117899,0.22944623231887817,0.4752848168214162,0.22970445652802784,0.5553089022636414,0.0667458767692248,0.08700726727644602,0.0115365379024297,0.16674587825934092,2.92243066628774,0.8317147493362427,0.22946585714817047,0.5223753750324249,0.17053060233592987,0.021978620439767838,0.08361028507351875,0.685431569814682,0.16708530485630035,2.9007349967956544,0.42632606998085976
327,2230.220967054367,0.9691448444772202,0.23096122642358144,0.4702279289563497,0.22937879264354705,0.5416461924711863,0.06702490001916886,0.08703285257021585,0.011536859239762028,0.16702490150928498,2.522055459022522,0.8210580423474312,0.22544117271900177,0.5225898772478104,0.16716096550226212,0.02172933705151081,0.08332641422748566,0.6757607161998749,0.16748878359794617,2.524131441116333,0.4212067723274231
328,2237.1127939224243,0.9716434349849199,0.23095382253328958,0.4744633515675863,0.2302790512641271,0.542714524269104,0.06726323515176773,0.08685399889945984,0.01155426069162786,0.16726323664188386,2.8386186281840007,0.8274173364043236,0.21952039748430252,0.5373713374137878,0.16960563510656357,0.02199907973408699,0.08380613476037979,0.684175968170166,0.1675359234213829,3.0255292654037476,0.4258941188454628
329,2243.8920521736145,0.9728350149428783,0.23070901135603586,0.48468920787175496,0.2295475353797277,0.5357980191707611,0.06760997126499811,0.08669785310824712,0.011512899259105324,0.16760997275511424,3.1071062088012695,0.8345490396022797,0.22615837305784225,0.5401083678007126,0.16916824132204056,0.021915691904723644,0.08347149565815926,0.6814674735069275,0.16808169335126877,3.0822731256484985,0.424205232411623
330,2251.086752176285,0.9684141930716578,0.23058759371439616,0.47429095904032387,0.22945008476575215,0.537063846985499,0.06781645566225052,0.08678409258524576,0.01151848902615408,0.16781645715236665,2.4345815976460776,0.8259890750050545,0.22620867937803268,0.5240080952644348,0.1688881739974022,0.021922278217971325,0.08320407941937447,0.6819974184036255,0.16801229119300842,2.359593081474304,0.4242027886211872
331,2257.9802479743958,0.9698595549445599,0.23054941693941752,0.47618842323621113,0.2299425184726715,0.5372986773649852,0.06815174768368402,0.08688464711109797,0.01151444842107594,0.16815174917380016,2.7351071357727053,0.8363867998123169,0.22738299518823624,0.539446547627449,0.16964026540517807,0.02185769286006689,0.08317683264613152,0.6820932626724243,0.1684819683432579,2.612947773933411,0.4242234639823437
332,2264.8204250335693,0.975632697060549,0.23006681005160015,0.48368557492891945,0.22947770257790884,0.5414365470409394,0.06856038322051367,0.08702527980009715,0.011508700841416915,0.16856038471062978,3.0785130739212034,0.8227598145604134,0.2268446385860443,0.5166973024606705,0.1687832623720169,0.021804261952638626,0.08307777345180511,0.6808677017688751,0.16887085139751434,3.3436848878860475,0.4235116243362427
333,2271.633018016815,0.9679137425400162,0.23003052572409313,0.476253221432368,0.22880351642767588,0.535046414534251,0.06884353309869766,0.08660242954889934,0.01150941583327949,0.1688435345888138,2.5846991459528605,0.8318605497479439,0.23010652512311935,0.5236558318138123,0.1699630543589592,0.021902715787291527,0.08302424475550652,0.6846272647380829,0.16917143017053604,2.5347052693367003,0.42533787712454796
334,2278.7511479854584,0.9744471631847167,0.22995299796263377,0.4792782584826151,0.22881022890408834,0.5442790031433106,0.06910193910201391,0.08677935699621836,0.011498810024932027,0.16910194059213002,2.9106945832570394,0.8185871317982674,0.22160926461219788,0.5156977027654648,0.16956450790166855,0.02186413947492838,0.08298804610967636,0.6829196810722351,0.16932936757802963,3.0133404970169066,0.4244478866457939
335,2285.694979906082,0.9708103338644529,0.22760363221168517,0.4778201460838318,0.2296449879805247,0.5429864386717479,0.0694065198302269,0.08670523762702942,0.011501073216398558,0.169406521320343,2.641571847597758,0.8285786360502243,0.22285394370555878,0.5341141819953918,0.1693338006734848,0.021891393698751926,0.08292137458920479,0.6821811199188232,0.16977760195732117,2.549971854686737,0.4240119345486164
336,2292.522774219513,0.9706622605289643,0.23112954795360566,0.48258524934450786,0.22865176796913148,0.529915448029836,0.06974467982848485,0.0869097501039505,0.011502255437274773,0.16974468131860096,2.8656320095062258,0.8240413442254066,0.22250760346651077,0.5250873863697052,0.16949502378702164,0.021834195591509342,0.08299025893211365,0.6827745735645294,0.1701056808233261,2.572309947013855,0.42437754571437836
337,2299.466590166092,0.9689710420556367,0.22920344571272533,0.4744587620099386,0.22983827888965608,0.537537811199824,0.07004280636707942,0.08701933821042379,0.011502743776266774,0.17004280785719553,2.8964942773183187,0.8217778429389,0.2241986095905304,0.5147048085927963,0.17011341452598572,0.021751991473138332,0.08284104615449905,0.6850939691066742,0.17040510475635529,2.923402118682861,0.42538803070783615
338,2306.398426055908,0.9721213522988061,0.2290431886911392,0.4830674171447754,0.2291463315486908,0.537330315510432,0.07041134983301163,0.08651770502328873,0.01149047260793547,0.17041135132312774,3.0460987091064453,0.8225161135196686,0.22507142275571823,0.5175420194864273,0.16933684051036835,0.021855369210243225,0.08285151794552803,0.6829893589019775,0.1704728826880455,2.9910885095596313,0.4243461973965168
339,2313.2429559230804,0.9668166752749433,0.22997497022151947,0.4775549868742625,0.22862560550371805,0.5287446995576223,0.07064458578824998,0.08689017494519552,0.011511004871378343,0.1706445872783661,2.395446999867757,0.8344160914421082,0.22509317100048065,0.5353139638900757,0.17083296924829483,0.021646986715495586,0.08264940977096558,0.6861532032489777,0.17111839354038239,2.2505175352096556,0.4257260113954544
340,2320.3081769943237,0.9657815965125337,0.22867060005664824,0.47569063504536946,0.22876954078674316,0.5309822181860606,0.07098149806261063,0.08684173921744029,0.01148926632789274,0.17098149955272673,2.6788811842600504,0.8217585235834122,0.22195976972579956,0.5238234400749207,0.16894351691007614,0.021866056136786938,0.08268174529075623,0.6814786493778229,0.17147094756364822,2.7622347593307497,0.42342106997966766
341,2327.297765016556,0.9637711607967503,0.22952219148476918,0.4687285363674164,0.2283076504866282,0.5328430513540904,0.07125678112109503,0.08664076427618662,0.011483234105010827,0.17125678261121113,2.500599233309428,0.8215582296252251,0.2206454873085022,0.5247211307287216,0.16927608847618103,0.02184984739869833,0.08257635310292244,0.6840873062610626,0.17150786519050598,2.5128960967063905,0.42462000623345375
342,2334.1580970287323,0.9632876478290806,0.2276477446158727,0.4724584142367045,0.22883592049280801,0.5318723777929942,0.07158854057391485,0.08653730948766072,0.01148020038381219,0.17158854206403096,2.344439919789632,0.8327711820602417,0.22376754879951477,0.5356544256210327,0.17058821022510529,0.021788700483739376,0.08252003416419029,0.6854903697967529,0.17183425277471542,2.3416601419448853,0.42526521906256676
343,2340.9986069202423,0.9645880280916269,0.22908675769964854,0.47385244170824686,0.22693176368872325,0.5303381005922954,0.07190955628951391,0.08651731361945471,0.011489542340859771,0.17190955777963002,2.67951815923055,0.8379236459732056,0.22846657037734985,0.5369964838027954,0.170479416847229,0.021969372406601906,0.08279455825686455,0.6841877698898315,0.17215918749570847,2.7629451036453245,0.4248884432017803
344,2348.0934228897095,0.9649814443003076,0.22839039663473765,0.47424206137657166,0.22836437523365022,0.5312280257542928,0.07213194419940312,0.08661599506934484,0.011477288603782655,0.17213194568951926,2.6528677940368652,0.8240786716341972,0.2239452376961708,0.5243607461452484,0.1689765304327011,0.021907707676291466,0.08253587782382965,0.6804085969924927,0.17253458499908447,2.6067699909210207,0.422740176320076
345,2354.993984222412,0.9657640477331976,0.22889422972997028,0.4785608112812042,0.22850224673748015,0.5266610463460286,0.07249077608187994,0.08672071446975073,0.011479052963356178,0.17249077757199605,2.687082068125407,0.8252548947930336,0.21897932142019272,0.5259310305118561,0.17165502905845642,0.02174066286534071,0.08232773095369339,0.6861641108989716,0.17303861677646637,2.7945977807044984,0.42540978640317917
346,2361.821398973465,0.9663723994822552,0.22694557706514995,0.4775941332181295,0.22883818248907725,0.5321595768133799,0.07278336634238561,0.08677674929300944,0.011473158250252406,0.17278336783250173,2.7918808301289877,0.8258792981505394,0.22099243849515915,0.522778332233429,0.17174884676933289,0.02181838359683752,0.08225708454847336,0.690316766500473,0.1732051596045494,2.6961288690567016,0.42741546779870987
347,2368.7012901306152,0.9635950288075643,0.2259316176176071,0.4710655649503072,0.2289320727189382,0.535054079691569,0.07311349461476008,0.08671659429868063,0.011469602879757682,0.1731134961048762,2.8342429796854653,0.8213522657752037,0.22399445623159409,0.5135274529457092,0.1702970415353775,0.02191072516143322,0.08237127214670181,0.6851142048835754,0.17340430617332458,2.87404625415802,0.42492837458848953
348,2375.7811369895935,0.9652693673987718,0.2288368006547292,0.4739426056543986,0.2279997597138087,0.5298286120096842,0.07343131353457769,0.08665517618258795,0.011473095680897435,0.1734313150246938,2.9708558400472005,0.8362983912229538,0.2245250716805458,0.5392331331968307,0.1710783764719963,0.021777896210551262,0.08211332559585571,0.686239093542099,0.17396042495965958,2.853277635574341,0.4252328723669052
349,2382.663703918457,0.9622348873584997,0.22697441975275676,0.4765551745891571,0.22828930815060933,0.5254811942577362,0.07374359617630641,0.08641073356072108,0.011467217141762376,0.17374359766642253,2.733183018366496,0.8266958892345428,0.22579243779182434,0.5230092704296112,0.16969940811395645,0.021882081404328346,0.08212655410170555,0.6837606132030487,0.17418783158063889,2.6362811803817747,0.4240068607032299
350,2389.458307981491,0.9617855651730982,0.22713971634705862,0.4766089936097463,0.22797702352205912,0.522925837834676,0.07403629571199417,0.08667128831148148,0.011466683633625508,0.17403629720211028,2.6193533341089883,0.827070876955986,0.21868360042572021,0.5341821908950806,0.17064809054136276,0.02177134994417429,0.08190153911709785,0.6847378313541412,0.17451026290655136,2.738490653038025,0.4242704547941685
351,2396.2779660224915,0.9582368930219672,0.2258558044830958,0.47387335896492006,0.22857594986756644,0.5212475041548411,0.07434228410323461,0.08653675119082133,0.011456038771818082,0.17434228559335072,2.1412734508514406,0.8309051245450974,0.2246566265821457,0.5344292521476746,0.1695169359445572,0.021803363226354122,0.08193846419453621,0.6835151314735413,0.17472905665636063,2.2380937218666075,0.42369602993130684
352,2403.4406402111053,0.9615006886480841,0.22860627472400666,0.47538608908653257,0.22739477157592775,0.5203853249549866,0.07468739201625188,0.08660349150498708,0.011457007331773638,0.174687393506368,2.600546407699585,0.822043351829052,0.223186656832695,0.5155014544725418,0.17055298388004303,0.0217979047447443,0.0821196548640728,0.6829964816570282,0.17479033023118973,2.6752620458602907,0.4236178956925869
353,2410.301334142685,0.9601763749766784,0.22672178546587626,0.474188224474589,0.22752749025821686,0.52364328900973,0.07499104787906011,0.08628656168778738,0.01144957800085346,0.17499104936917623,2.4720951557159423,0.8161684647202492,0.22136230766773224,0.5138069242238998,0.1689513474702835,0.021824108436703682,0.08185136318206787,0.6813431680202484,0.1753050610423088,2.4852063417434693,0.4225229471921921
354,2417.107095003128,0.9628629999817349,0.2264428436756134,0.47835806012153625,0.22800096372763315,0.5244987746079762,0.07522102544705073,0.08643060723940531,0.011466130210707585,0.17522102693716685,3.02744558652242,0.829873763024807,0.22642267495393753,0.5159472227096558,0.17273873835802078,0.021812072955071926,0.08193852752447128,0.6894141435623169,0.17558448761701584,3.1381031274795532,0.42664559930562973
355,2423.9862649440765,0.9635874015899996,0.22549374600251515,0.48073308865229286,0.22834802269935608,0.5247380952040355,0.07558056662480037,0.08650751461585363,0.011452960936973492,0.17558056811491649,2.728349033991496,0.8324444964528084,0.2256392166018486,0.5358961522579193,0.16942860186100006,0.021840432658791542,0.0818733461201191,0.6816693842411041,0.1759200617671013,2.607321000099182,0.42270803824067116
356,2430.9848070144653,0.9602250145282596,0.22657378017902374,0.4758155127366384,0.22695358494917553,0.5210711439450582,0.07591737161080042,0.0864185631275177,0.011445022669310372,0.17591737310091654,2.7928661266962687,0.823446087539196,0.21919014304876328,0.5257841348648071,0.1706819385290146,0.021823219023644924,0.08176082372665405,0.6853961646556854,0.17623378336429596,2.7045698523521424,0.42445890605449677
357,2437.9173181056976,0.9580778559708657,0.22452707489331564,0.4739637434482574,0.22814174791177114,0.5219316442807516,0.07620708495378495,0.08648406515518824,0.011448244269316395,0.17620708644390107,2.492768987019857,0.8228425681591034,0.2216491848230362,0.525047779083252,0.1693347468972206,0.021821998991072178,0.08171705901622772,0.681755006313324,0.176522858440876,2.3769092321395875,0.4225945621728897
358,2444.7139201164246,0.9602241222203399,0.22670856416225432,0.4727709611256917,0.22701412439346313,0.52283935546875,0.07651350845893225,0.08651817093292873,0.011439358939727147,0.17651350994904835,2.728131143252055,0.8200088366866112,0.22155558317899704,0.5175812542438507,0.1698313131928444,0.02179761976003647,0.08155330643057823,0.6836009621620178,0.17689255625009537,2.703127348423004,0.42335378751158714
359,2451.566344022751,0.9581943756124626,0.22670717140038807,0.474918262163798,0.2267115275065104,0.5167056520779928,0.07686056743065516,0.08642906347910563,0.011437816778197885,0.1768605689207713,2.4566842476526896,0.8156595453619957,0.219952791929245,0.5057387202978134,0.171418696641922,0.021782847121357918,0.0815301463007927,0.6862264573574066,0.17719510942697525,2.512931835651398,0.424643374979496
360,2458.617688894272,0.9590348917428249,0.22569020688533784,0.4752541263898214,0.2268520494302114,0.5194300214449564,0.07718489319086075,0.08650482495625814,0.01143542753222088,0.17718489468097687,2.579431414604187,0.822239339351654,0.21913771331310272,0.535167008638382,0.16775906085968018,0.02179504558444023,0.08151458948850632,0.678839236497879,0.17745907604694366,2.6336703658103944,0.42093420773744583
361,2465.6168010234833,0.9580385025008582,0.22511913279692333,0.4739838242530823,0.226790847380956,0.519372433423996,0.07752994547287623,0.08653935392697652,0.011456525869046648,0.17752994696299235,2.7545775969823203,0.8199172094464302,0.220278762280941,0.5159521400928497,0.17083118855953217,0.021571957506239414,0.08134743943810463,0.6875799000263214,0.17779511958360672,3.046882390975952,0.42513738945126534
362,2472.407471895218,0.963098148033411,0.22529003918170928,0.48444730242093403,0.22672179838021597,0.5173838794231415,0.07786507060130438,0.08678688059250514,0.011427074391394853,0.1778650720914205,3.1436938047409058,0.8171701356768608,0.2177356630563736,0.5156262964010239,0.17081066220998764,0.021660649217665195,0.08121270686388016,0.6855025291442871,0.1781679019331932,3.320598912239075,0.4239639714360237
363,2479.362678050995,0.9571058550286883,0.22538769046465557,0.47302941282590233,0.22661802967389424,0.5168946266174317,0.07814724296331406,0.0866532509525617,0.011428162859131893,0.17814724445343016,2.5857596317927043,0.8206126615405083,0.22130493074655533,0.512382835149765,0.17155815660953522,0.02175569161772728,0.08119621127843857,0.6856092214584351,0.17851556837558746,2.662220311164856,0.4240008220076561
364,2486.318417072296,0.956581285582312,0.2253755340973536,0.47350407441457115,0.22624198098977408,0.5155312319596609,0.07852652917305629,0.08654279559850693,0.011433640696729223,0.1785265306631724,2.5490105549494424,0.817493662238121,0.2149052545428276,0.5214481204748154,0.17093217372894287,0.02170857135206461,0.08140977472066879,0.6862245798110962,0.1788579449057579,2.512152349948883,0.4245220646262169
365,2493.162785053253,0.9597477625201767,0.22383498748143513,0.4769063055515289,0.2267819861570994,0.5220874945322672,0.07879638423522313,0.08631253043810526,0.011429515015333892,0.17879638572533926,2.7969681580861407,0.8188309818506241,0.22167553007602692,0.514973521232605,0.16983434557914734,0.021877381950616837,0.08133091032505035,0.6842288970947266,0.1791512593626976,2.6063339710235596,0.42344535887241364
366,2499.986454963684,0.9616085229247499,0.22430273195107778,0.47077368895212807,0.22698418498039247,0.5290997147560119,0.07918728242317835,0.08668146133422852,0.011427466804161669,0.17918728391329447,3.0117969036102297,0.8158852159976959,0.21693463623523712,0.5109186172485352,0.1717456355690956,0.02190171554684639,0.08146332204341888,0.6874856054782867,0.17949939519166946,3.050835919380188,0.42520612478256226
367,2507.073483943939,0.9559809882872893,0.22306651671727498,0.4702935775121053,0.22720165650049845,0.5209997177124024,0.07943825970093409,0.08655741314093272,0.01142458029401799,0.17943826119105022,2.6236100594202676,0.8197680488228798,0.22125539928674698,0.5095104277133942,0.17187871783971786,0.02173555549234152,0.08110969886183739,0.6892979145050049,0.17982863634824753,2.711279499530792,0.42575865611433983
368,2513.995999097824,0.9548306876871114,0.2249607264995575,0.4726108769575755,0.22609690328439078,0.5128690063953399,0.07973128110170365,0.08646977295478185,0.01143425287057956,0.17973128259181975,2.430364203453064,0.8199724480509758,0.2169417142868042,0.5171782225370407,0.17222081124782562,0.021912498399615288,0.08143597468733788,0.6881267428398132,0.18021124601364136,2.5852634072303773,0.4254993461072445
369,2520.821541070938,0.9540159935830161,0.2234378198782603,0.471506679058075,0.22612079580624897,0.5141383945941925,0.0800540362795194,0.08670152326424917,0.011423279531300068,0.18005403776963552,2.5309636195500693,0.8255272209644318,0.22141889482736588,0.510842815041542,0.17434345930814743,0.021703314036130905,0.08099734783172607,0.6932634115219116,0.1804310828447342,2.481753718852997,0.4276290535926819
370,2527.6977729797363,0.9596078463830053,0.22515204350153606,0.4770463208357493,0.226022074619929,0.5171076019605001,0.08034098297357559,0.08644705315430959,0.011413632333278656,0.1803409844636917,2.785076951980591,0.8252225816249847,0.21968375891447067,0.5219166725873947,0.17229024320840836,0.021753421053290367,0.0808999054133892,0.6871396005153656,0.18076474219560623,3.042793345451355,0.424469705671072
371,2534.812716960907,0.9566411606618204,0.22402138710021974,0.4767240027586619,0.22609560986359914,0.5128181676069895,0.08069759160280228,0.08658881932497024,0.011417893134057522,0.18069759309291838,2.7676995913187663,0.8186274021863937,0.20895352959632874,0.5232729017734528,0.1740187108516693,0.021864650771021843,0.08115709200501442,0.6901586055755615,0.18103846907615662,2.6175403118133547,0.4262363947927952
372,2541.782056093216,0.9593132589769084,0.2225622832775116,0.470250544945399,0.22751563886801401,0.5258768141269684,0.08107145080963771,0.0868442972501119,0.011409371408323448,0.18107145229975383,2.9651997884114585,0.8197061419487,0.21591824293136597,0.5180700421333313,0.17237643897533417,0.021791324950754642,0.08090970292687416,0.6873314678668976,0.1812301203608513,3.0160881757736204,0.42457543686032295
373,2548.593955039978,0.9560525511372059,0.2227659563223521,0.4699240565299988,0.22610762814680735,0.5198293069998423,0.08134054789940516,0.08670871208111446,0.011409642966464162,0.1813405493895213,2.654189411799113,0.8266347721219063,0.21608403325080872,0.528254047036171,0.17321185767650604,0.021806041710078716,0.08109431713819504,0.6918271481990814,0.1817166581749916,2.550145983695984,0.42700789123773575
374,2555.439635038376,0.9551301359761661,0.22296951711177826,0.4694939951101939,0.2263783077398936,0.517489763100942,0.08163411170244217,0.08675145804882049,0.011406248714774848,0.1816341131925583,2.7584655205408732,0.8184312582015991,0.21806147694587708,0.5133534669876099,0.17184652388095856,0.02176752034574747,0.08063965290784836,0.6862619519233704,0.18212315440177917,2.780644989013672,0.42377062886953354
375,2562.5023369789124,0.9574825638167871,0.22169731656710306,0.47202245791753134,0.22640277842680614,0.5222890297571818,0.08194465984900792,0.08665335178375244,0.011401330943529804,0.18194466133912404,2.5617050965627035,0.8251557275652885,0.21860187500715256,0.5166719257831573,0.17410894483327866,0.021709824912250042,0.08050981909036636,0.6934724152088165,0.18232247233390808,2.6050549507141114,0.4272460266947746
376,2569.5073640346527,0.9570065718474022,0.22262056370576222,0.47578647335370383,0.22735556960105896,0.5165074487527211,0.08229014724493026,0.08632420996824901,0.011399931957324345,0.1822901487350464,2.9836589813232424,0.8263592049479485,0.21873591095209122,0.5253020524978638,0.17248613387346268,0.02175133489072323,0.08060380443930626,0.6878291666507721,0.1825713813304901,2.9338570117950438,0.4245183877646923
377,2576.3622119426727,0.9507977160877393,0.22237807710965474,0.4688467562198639,0.2265891045331955,0.5101541618506114,0.0825780138373375,0.08663034985462824,0.011403800655777256,0.1825780153274536,2.5994794209798178,0.8255557492375374,0.21788237988948822,0.5190530866384506,0.17407341301441193,0.021762004122138023,0.08070679381489754,0.69146528840065,0.18285958468914032,2.52177152633667,0.42643943801522255
378,2583.178125858307,0.9555984670994804,0.22247310280799865,0.47627410689989724,0.2262252887090047,0.5125416855017344,0.0829118366042773,0.08646483818689982,0.011395596464474996,0.1829118380943934,3.06730260848999,0.8299058452248573,0.21416999399662018,0.5276101678609848,0.17596538364887238,0.021728933788836002,0.08064239844679832,0.69575035572052,0.1832050457596779,3.146096420288086,0.42851757630705833
379,2590.2497630119324,0.9562890755672319,0.2222846468289693,0.4794232805569967,0.22644230326016743,0.5104215562343597,0.08319704582293828,0.08656485428412755,0.011397015256807207,0.1831970473130544,3.0308383146921796,0.8324263840913773,0.21885253489017487,0.5324811637401581,0.17366663366556168,0.021711565554142,0.08050147816538811,0.6890100240707397,0.18357735872268677,3.073213815689087,0.425006490200758
380,2597.170406103134,0.9529625001945533,0.22112668553988138,0.47153395613034566,0.22678990562756857,0.5151751379172007,0.08347086360057195,0.08617916703224182,0.011390118192260464,0.18347086509068808,2.6147545258204143,0.8249300196766853,0.21928901225328445,0.5168576836585999,0.17360608279705048,0.021690020337700844,0.08030173555016518,0.6895595788955688,0.18384847044944763,2.5488055467605593,0.4250815249979496
381,2603.975589990616,0.9557209808534632,0.22206585307916005,0.47550270756085716,0.22547284762064615,0.5134813249111175,0.08375129948059717,0.08651185780763626,0.011443143555273613,0.1837513009707133,3.013322178522746,0.8268026262521744,0.21601320803165436,0.5203987658023834,0.17529501765966415,0.02146912459284067,0.08093654364347458,0.6947551071643829,0.18411795794963837,2.9320502042770387,0.42831409722566605
382,2610.8405678272247,0.9490996354046123,0.2208372563123703,0.46822357177734375,0.22600367764631907,0.5102810124556224,0.08404790510733923,0.08633900582790374,0.011384945906077823,0.18404790659745535,2.6088839530944825,0.8174956813454628,0.21189920604228973,0.5153352171182632,0.17396443337202072,0.02177508920431137,0.08035967871546745,0.6907155811786652,0.1843326836824417,2.6007620334625243,0.42571746930480003
383,2617.925122976303,0.9528999582398683,0.2210453857978185,0.4745604892571767,0.22621323267618815,0.5111256043116251,0.08441319316625595,0.08623803456624349,0.011383543179060021,0.18441319465637207,2.903057909011841,0.8232510760426521,0.2168857753276825,0.5090088099241257,0.1759304478764534,0.021806884557008743,0.08042651414871216,0.695977121591568,0.18477847427129745,2.9217424631118774,0.42841507494449615
384,2624.83429479599,0.952332000938865,0.22116264204184213,0.4734774271647135,0.22567884425322216,0.5110289454460144,0.08466666589180628,0.08615360409021378,0.011384976841509343,0.18466666738192242,2.856715202331543,0.8250428810715675,0.21451539546251297,0.5226211845874786,0.17460844665765762,0.021801910363137722,0.08033300936222076,0.69382244348526,0.18515606969594955,2.7689395904541017,0.42724423110485077
385,2631.632261991501,0.9526995898554257,0.22042296330134073,0.47164164384206136,0.22629616459210714,0.5148855189482371,0.08498458911975225,0.0860918680826823,0.011382686129460732,0.18498459060986835,2.881508135795593,0.8161661326885223,0.2078150361776352,0.5149337649345398,0.17544210702180862,0.021877904422581196,0.08030811324715614,0.6943110823631287,0.1853923723101616,2.9818757653236387,0.4274636544287205
386,2638.500827074051,0.951008927814352,0.219687020778656,0.4729810655117035,0.2270264526208242,0.5118681112925212,0.08530267924070359,0.08591829190651576,0.011378334012503426,0.1853026807308197,2.8214659452438355,0.8347145691514015,0.21901636570692062,0.5258816480636597,0.17637868970632553,0.021816298365592957,0.08020529896020889,0.6956956386566162,0.18567389249801636,2.786623787879944,0.428053118288517
387,2646.1983439922333,0.9499392087765348,0.2210820327202479,0.46958255966504414,0.22542718648910523,0.5103147248427073,0.08557937194903692,0.08593479494253795,0.01137696032722791,0.18557937343915304,2.60958731174469,0.8217863962054253,0.21350707858800888,0.5153561234474182,0.17530062794685364,0.021760343573987484,0.07996342703700066,0.6940816342830658,0.18611060082912445,2.577406418323517,0.42700424417853355
388,2653.9187638759613,0.9584816511875639,0.2193375716606776,0.48632959922154745,0.22705124119917552,0.5128558536370595,0.0859250749150912,0.08608870307604471,0.011375305367012818,0.1859250764052073,3.3155975182851156,0.8334340155124664,0.21339376270771027,0.5298964083194733,0.17754602432250977,0.021807312034070492,0.08005572855472565,0.6972041130065918,0.18637578934431076,3.244528579711914,0.42865778505802155
389,2661.665822982788,0.9511298495849284,0.21884366273880004,0.47725067138671873,0.22669750352700552,0.5073168953259786,0.08624191532532374,0.08625309069951376,0.011370101074377695,0.18624191681543986,2.7729085604349772,0.8297738209366798,0.2167082354426384,0.5237657725811005,0.1755913496017456,0.021733496338129044,0.07985597848892212,0.6931994557380676,0.1866825371980667,2.876308560371399,0.42645570635795593
390,2669.6543431282043,0.9509646075350854,0.2196453869342804,0.47740702827771503,0.22637587388356525,0.5050269365310669,0.08657888223727545,0.08623490234216054,0.011369385042538245,0.18657888372739156,2.804986333847046,0.822232723236084,0.2136552855372429,0.5098712295293808,0.17682091146707535,0.02176670078188181,0.07984887436032295,0.6962953805923462,0.18698404729366302,2.724642646312714,0.42799656465649605
391,2677.3678839206696,0.9474201249307953,0.2196490337451299,0.47004371682802837,0.22612274487813314,0.5055726448694865,0.08693196525176367,0.08608949333429336,0.011371067259460688,0.18693196674187978,2.377574841181437,0.8212858214974403,0.21388307213783264,0.511138990521431,0.1759166270494461,0.021647436544299126,0.07981681451201439,0.6952906548976898,0.18728120625019073,2.459102749824524,0.4274621419608593
392,2685.0025849342346,0.9465437342703809,0.2188918521006902,0.46977829734484355,0.22589172422885895,0.5056088050206502,0.08717897981405258,0.08603677948315938,0.011374108757202824,0.1871789813041687,2.790025782585144,0.8187628462910652,0.21328257024288177,0.5080722123384476,0.17572208493947983,0.02175759617239237,0.07976486533880234,0.6936433911323547,0.1874987781047821,2.756783425807953,0.4265865609049797
393,2692.6851799488068,0.9474287722453786,0.22004724045594534,0.47216878533363343,0.22491808732350668,0.5027822156747183,0.08749886006116867,0.08597960223754247,0.011370568272347252,0.18749886155128478,2.4902604897816976,0.8229785785079002,0.2128763645887375,0.5147369056940079,0.1763668805360794,0.0216837115585804,0.07973969727754593,0.6960014700889587,0.1879347413778305,2.4933535933494566,0.4277404323220253
394,2700.3557419776917,0.9509330277855043,0.218080406387647,0.4730994979540507,0.22684801320234935,0.5124016424020131,0.08783821413914362,0.08589587161938349,0.011375966543952624,0.18783821562925976,3.04642432530721,0.8196665197610855,0.2110108882188797,0.5127544701099396,0.176139198243618,0.02160647977143526,0.07976636663079262,0.6963657736778259,0.18810076266527176,3.1038416147232057,0.4279492534697056
395,2708.4211931228638,0.9482396204334994,0.21748417218526203,0.4717750628789266,0.22600776056448618,0.5097946484883626,0.08813351541757583,0.08579954703648886,0.01135979644022882,0.18813351690769195,2.542440128326416,0.8265121728181839,0.21282488852739334,0.5176985412836075,0.1774190068244934,0.021746091544628143,0.07970602810382843,0.696347177028656,0.18859363347291946,2.5966047048568726,0.42787961661815643
396,2716.0822739601135,0.94718044201533,0.21843154231707254,0.47751238544782004,0.22596103052298228,0.5001420557498932,0.08846674114465714,0.08569437464078268,0.01135640627083679,0.18846674263477325,2.8166804949442548,0.8267475590109825,0.21217311918735504,0.5193267613649368,0.17745552957057953,0.021735484711825848,0.0795484110713005,0.6970909535884857,0.1888820081949234,2.7868412733078003,0.42809388786554337
397,2723.7391068935394,0.9447446265296701,0.21696643431981405,0.47103457848230995,0.22593605120976765,0.5043743133544922,0.08873469978570939,0.08570434351762136,0.01136063045511643,0.1887347012758255,2.970756006240845,0.8258104249835014,0.21201106160879135,0.5242679715156555,0.17583268880844116,0.021805995143949986,0.07978640496730804,0.6944287121295929,0.18912423402071,2.6583264589309694,0.4270007610321045
398,2731.7796289920807,0.9466266987845302,0.21649479766686758,0.474216103553772,0.22690029839674633,0.5060524185498555,0.08904193689425786,0.08554100841283799,0.011364213361715277,0.18904193838437397,2.818670662244161,0.8204929977655411,0.21226327866315842,0.5071005970239639,0.17733971029520035,0.021830810233950615,0.07987633347511292,0.6963750422000885,0.18954700231552124,2.820939075946808,0.42806385457515717
399,2739.482502937317,0.9488467877187455,0.21661535799503326,0.47007143100102744,0.2256715973218282,0.5139667133490244,0.08937928527593612,0.08562615613142649,0.01135495255390803,0.18937928676605226,2.990388862291972,0.8315794169902802,0.21852021664381027,0.5178172439336777,0.17707528918981552,0.02168368548154831,0.0795229859650135,0.6988572180271149,0.18982119858264923,2.9977473497390745,0.42895159497857094
400,2747.137787103653,0.9450964325922542,0.2174987604220708,0.47017101645469667,0.22526236871878305,0.5037740747133891,0.0897276466091474,0.08576610237360001,0.01135246188690265,0.1897276480992635,2.676003901163737,0.8219862431287766,0.2081909105181694,0.5173956006765366,0.17754876613616943,0.02173828613013029,0.07930691167712212,0.6993622183799744,0.1901383474469185,2.7342477798461915,0.4289880208671093
401,2754.854479074478,0.9473963037249632,0.2156240204970042,0.4816805024941762,0.22511845231056213,0.500427927573522,0.08999435752630233,0.0857528845469157,0.011355171088750164,0.18999435901641845,3.0940417607625323,0.8268624097108841,0.21198822557926178,0.519658237695694,0.17752253264188766,0.021580546163022518,0.07920483127236366,0.6990289688110352,0.19050391763448715,3.1919790744781493,0.42871931567788124
402,2762.6007919311523,0.9470736212950821,0.21774977147579194,0.4786404927571615,0.22524560193220775,0.4995912849903107,0.09030012935400009,0.08541490485270818,0.011356868113701542,0.1903001308441162,3.0054429372151694,0.8257750198245049,0.2069220095872879,0.5198853760957718,0.17945516109466553,0.021772761829197407,0.07941900193691254,0.702750563621521,0.1910124272108078,3.2218003988265993,0.43079428374767303
403,2770.501507997513,0.9474801556401266,0.21716533799966176,0.4752109706401825,0.22596923808256786,0.5038638134797414,0.09061631908019384,0.08558497975269953,0.011349138477817178,0.19061632057030994,2.8112805207570393,0.819360040128231,0.2080279365181923,0.5126699507236481,0.17749856412410736,0.021650315262377262,0.07905716076493263,0.6975812017917633,0.19101056456565857,2.7241516590118406,0.4278477616608143
404,2778.302479028702,0.944336089695571,0.21595606803894044,0.47356892228126524,0.22552512288093568,0.5012340267499288,0.09092583507299423,0.08563091307878494,0.011341983266174794,0.19092583656311035,3.0411767323811847,0.8322614803910255,0.21201740205287933,0.5241549760103226,0.17908329516649246,0.021713045425713062,0.07911640778183937,0.7024222314357758,0.19139689207077026,2.952855372428894,0.43032752349972725
405,2786.0203680992126,0.9413253387572088,0.2156576931476593,0.47259294788042705,0.22626763780911763,0.49659624298413596,0.09121375729640326,0.08556929379701614,0.01133874390895168,0.19121375878651936,2.756639766693115,0.8341941386461258,0.21338766813278198,0.5293156802654266,0.17807431519031525,0.021715104579925537,0.07905010879039764,0.6991534233093262,0.19175943732261658,2.9450803995132446,0.42862682044506073
406,2793.704209089279,0.9442131572907481,0.2161654810110728,0.4746353109677633,0.22681465844313303,0.4991235017776489,0.09157063613335291,0.08549972176551819,0.011346931771064798,0.19157063762346904,2.699018096923828,0.82635148614645,0.21629268676042557,0.5123007297515869,0.1769542172551155,0.021589783020317554,0.07923321053385735,0.6969695687294006,0.1918274536728859,2.5180537700653076,0.42771799489855766
407,2801.6643500328064,0.9442807707275885,0.21505935887495678,0.46982096234957377,0.2259583125511805,0.506395943959554,0.09187374959389369,0.0854398434360822,0.011337136104702949,0.1918737510840098,3.0417967081069945,0.8307798355817795,0.2111164927482605,0.5204090178012848,0.1797294169664383,0.021549121476709843,0.07880296185612679,0.70338574051857,0.1923878714442253,2.6618003964424135,0.43049583211541176
408,2809.4336421489716,0.9406360283338775,0.21559813718001047,0.47119304140408835,0.22552899817625682,0.49609881043434145,0.0921653096874555,0.08552837918202082,0.011330991409098108,0.1921653111775716,2.6557125568389894,0.8244286701083183,0.21161069720983505,0.519727885723114,0.17647701501846313,0.021673399955034256,0.07891381159424782,0.6953006982803345,0.19268368929624557,2.525821328163147,0.42656416073441505
409,2817.0700500011444,0.9423407339199912,0.2149762064218521,0.47971187432607015,0.22608409225940704,0.49311118523279823,0.0924730862180392,0.08520404547452927,0.011333050004517039,0.19247308770815533,2.9218707005182902,0.8261144757270813,0.2101825624704361,0.5151671767234802,0.17917416244745255,0.021663393825292587,0.07875212654471397,0.7019105553627014,0.1930113583803177,2.8523749709129333,0.4297074042260647
410,2824.7544112205505,0.941352280958866,0.2155084898074468,0.47289729515711465,0.22510873874028522,0.4960028827190399,0.09281510363022487,0.08538726270198822,0.011338332792123158,0.19281510512034097,2.5080706755320232,0.8240752220153809,0.20859186351299286,0.5096111297607422,0.18033889681100845,0.02177714742720127,0.07894577831029892,0.7027503252029419,0.1933165341615677,2.5010473251342775,0.43032094091176987
411,2832.85227894783,0.9369030513664863,0.21464362243811289,0.4710874974727631,0.224742196003596,0.4913513422012329,0.09313639352718989,0.08514907906452815,0.011329576435188452,0.193136395017306,2.3133216222127277,0.8231771737337112,0.20750020444393158,0.5156454145908356,0.17892713099718094,0.021688994951546192,0.07884738221764565,0.7024932205677032,0.19361089169979095,2.3580175757408144,0.43009399250149727
412,2840.880853176117,0.9377617421521184,0.2135533094406128,0.4706151405970255,0.22604898512363433,0.49544795155525206,0.09342149247725805,0.08508114218711853,0.011326407082378864,0.19342149396737415,2.418944009145101,0.8308556973934174,0.21418225765228271,0.5238578617572784,0.1773722544312477,0.021690947003662586,0.07876350358128548,0.697409451007843,0.19411754608154297,2.56436208486557,0.427468229085207
413,2849.1710529327393,0.9412865260402516,0.21587991615136465,0.47488900224367775,0.22432302435239157,0.4936445752779643,0.09374826302131017,0.0850664272904396,0.011336875148117542,0.1937482645114263,3.2299245595932007,0.8278192579746246,0.20639332383871078,0.5227277129888535,0.18003103882074356,0.02172233536839485,0.07894976064562798,0.7024852931499481,0.19427449256181717,3.267269015312195,0.43019240722060204
414,2857.2303252220154,0.9423405117917961,0.21353962322076162,0.4759170929590861,0.22572132647037507,0.4989885151386261,0.09404904395341873,0.08502631584803264,0.011325403287385901,0.19404904544353485,2.927920659383138,0.8261734619736671,0.21395223587751389,0.5115575194358826,0.178221233189106,0.02177345659583807,0.078653983771801,0.698395848274231,0.1945415362715721,2.7946703672409057,0.4278519079089165
415,2864.9654970169067,0.941872612410225,0.21295641958713532,0.4717818776766459,0.22655641237894694,0.5019419531027476,0.09435389290253321,0.08526110897461574,0.01132982784571747,0.19435389439264933,2.954232088724772,0.8287477642297745,0.21322710812091827,0.523897647857666,0.1767859160900116,0.0216651214286685,0.07850171998143196,0.6965236961841583,0.1949397176504135,3.002908492088318,0.4267635680735111
416,2872.6249601840973,0.9417100189331298,0.21361761192480724,0.4737500806649526,0.2256997485955556,0.4992453952630361,0.09468766103188196,0.08499102691809336,0.011325397373487553,0.1946876625219981,2.7390841245651245,0.8300090357661247,0.21210260689258575,0.5173232704401016,0.17962239682674408,0.021750892512500286,0.07892489060759544,0.7035761773586273,0.19525478035211563,2.8129522681236265,0.4307129792869091
417,2880.386651992798,0.9380522719759028,0.21227920353412627,0.47240232229232787,0.22575279871622722,0.49591817855834963,0.0950301652153333,0.08491221417983373,0.01132014145453771,0.19503016670544943,3.0111974080403647,0.8291157484054565,0.21157339215278625,0.512163907289505,0.1807302013039589,0.02165640238672495,0.07843894138932228,0.705950528383255,0.19561663269996643,3.019301748275757,0.4314142055809498
418,2888.368276119232,0.9348210957075935,0.21466461618741353,0.46811612844467165,0.22512273093064625,0.4880689064661662,0.09528689036766688,0.08510516037543615,0.011319422566642364,0.195286891857783,2.517462142308553,0.8277020081877708,0.20706529915332794,0.518862321972847,0.1806027740240097,0.02168534230440855,0.07866325974464417,0.7040709257125854,0.19589681178331375,2.4990979194641114,0.4306987226009369
419,2896.037043094635,0.9418753834751745,0.21106609602769216,0.4739541471004486,0.22636252144972482,0.5039346595605214,0.09564035187164942,0.08485579291979471,0.011312492409100134,0.19564035336176555,3.0014482816060384,0.824096217751503,0.21257717162370682,0.5032881647348404,0.179937481880188,0.021659922786056995,0.07867494970560074,0.7006822228431702,0.19609782099723816,3.0234023571014403,0.4290160611271858
420,2903.6704568862915,0.9381414102759057,0.2124011556307475,0.47703692118326824,0.22561878164609273,0.49001874923706057,0.09591856350501378,0.0849972998102506,0.011311038583517074,0.1959185649951299,2.7851656993230183,0.8325250521302223,0.2069416344165802,0.5337636917829514,0.17935078591108322,0.02163912169635296,0.07830022275447845,0.7002156376838684,0.1965196579694748,3.0626134872436523,0.42840804159641266
421,2911.440911054611,0.9370535175219022,0.2115000436703364,0.47679629921913147,0.22599620620409647,0.48951642314592997,0.09623014281193415,0.08499288707971572,0.011310928004483382,0.19623014430205027,2.682312528292338,0.8314213454723358,0.2098052054643631,0.5193117558956146,0.1809801310300827,0.02162659727036953,0.07831734418869019,0.704035609960556,0.19681093841791153,2.5508438467979433,0.4303351491689682
422,2919.9121129512787,0.935927561109808,0.21152143279711405,0.4718069036801656,0.2256135602792104,0.49335626562436424,0.09655832201242447,0.08464374641577403,0.011310214052597682,0.1965583235025406,2.756154251098633,0.8226534128189087,0.20520839095115662,0.512268453836441,0.18065539747476578,0.021683363243937492,0.07816774025559425,0.7039778232574463,0.19711192697286606,2.6400710105895997,0.4301566518843174
423,2927.636118888855,0.939605915309706,0.21153594454129537,0.47598915894826255,0.22579730848471324,0.4953704218069712,0.0967643216252327,0.08486628929773966,0.011304720941310128,0.1967643231153488,2.920568100611369,0.8275704756379128,0.20386825501918793,0.5236783474683762,0.18093152344226837,0.021661370061337948,0.07828051596879959,0.7015252709388733,0.19746506214141846,3.00916645526886,0.42904315143823624
424,2935.3324460983276,0.9351903067630095,0.21078133682409922,0.47118728160858153,0.22536377211411793,0.492485241095225,0.09706146866083146,0.08490423262119293,0.011314184047902624,0.19706147015094758,2.66400564511617,0.8306812196969986,0.21301398426294327,0.5069170147180557,0.18210436403751373,0.021532720886170864,0.07840876653790474,0.7032240033149719,0.19766125082969666,2.7858737468719483,0.4300207681953907
425,2943.051712989807,0.9359408279919686,0.21141637861728668,0.46894514163335166,0.22537740270296733,0.49511423508326213,0.09735069324572881,0.0847919762134552,0.011318140492464105,0.19735069473584493,2.7949140230814615,0.8292900398373604,0.20434579998254776,0.5112893283367157,0.1846497878432274,0.02175421267747879,0.07839833199977875,0.7113233506679535,0.1979820653796196,2.6264671325683593,0.4340600073337555
426,2950.992938041687,0.9317978390861147,0.2112508108218511,0.46907872955004376,0.22554583549499513,0.4867400805155436,0.09768890887498856,0.08477122982343038,0.01130748336824278,0.19768891036510466,2.5279956817626954,0.8190952911973,0.20622815936803818,0.5034978687763214,0.18055909872055054,0.021754386834800243,0.07857810705900192,0.7034761011600494,0.19828391820192337,2.4165933609008787,0.43031615763902664
427,2958.919356107712,0.9308306954684668,0.2103393832842509,0.46532151103019714,0.22601613303025564,0.4898779273033142,0.09800677945216497,0.08479580531517665,0.011299988611911733,0.19800678094228108,2.5429075876871745,0.8299617320299149,0.20489978790283203,0.5146065354347229,0.1838793382048607,0.0217001773416996,0.0781078077852726,0.7087289988994598,0.1987186148762703,2.4738300323486326,0.4324723072350025
428,2966.6347150802612,0.9335626349260565,0.21048256953557332,0.47091595133145653,0.22534974217414855,0.4891875386238098,0.09830273340145747,0.08482350011666616,0.011299957645436128,0.1983027348915736,3.054550059636434,0.8248998820781708,0.20698607712984085,0.5048413127660751,0.18274657428264618,0.021657087840139866,0.07818503305315971,0.7043254375457764,0.19900308549404144,3.1718552350997924,0.4303477518260479
429,2974.316109895706,0.9301259620328589,0.20974743664264678,0.4658711353937785,0.22591875195503236,0.4880651672681173,0.09858702172835668,0.08491507917642593,0.011298890023802717,0.1985870232184728,2.324202624956767,0.8310920745134354,0.20524191111326218,0.5143787115812302,0.18433040380477905,0.02161812875419855,0.07795751839876175,0.7078726887702942,0.19923391938209534,2.24650160074234,0.43189386278390884
430,2982.41206908226,0.9319117966554283,0.2102560450633367,0.46924994786580404,0.22608038087685903,0.4865322629610697,0.09893581519524257,0.08499698489904403,0.011298214473451177,0.19893581668535867,2.6883527517318724,0.8305842131376266,0.20721659064292908,0.5140977799892426,0.18315936625003815,0.02166852355003357,0.07813205942511559,0.7069891691207886,0.19946445524692535,2.685394585132599,0.4316266439855099
431,2990.1333000659943,0.9339229969967467,0.20876911183198293,0.4734803040822347,0.22628189424673717,0.4890690485636393,0.09917317579189937,0.0849851444363594,0.01129423122232159,0.19917317728201547,2.7788888295491536,0.8362645283341408,0.2061910629272461,0.5203922539949417,0.18493866920471191,0.021595395170152187,0.07797659188508987,0.7083530724048615,0.19976893812417984,2.602023720741272,0.4321531280875206
432,2997.8449392318726,0.9329809046971301,0.20941756069660186,0.47363751331965126,0.22561384042104085,0.4856142441431681,0.09951790322860082,0.084961166481177,0.011298634329189856,0.19951790471871694,2.9053965409596763,0.825345978140831,0.19995246827602386,0.513201117515564,0.18439647555351257,0.021723399870097637,0.0782320573925972,0.7093065977096558,0.20025774091482162,2.942293953895569,0.4328853562474251
433,3005.56601190567,0.9301310980867129,0.20920808811982472,0.46975070039431255,0.22605519195397694,0.4848126451174418,0.09982302437225977,0.08471552183230718,0.01128834745225807,0.1998230258623759,2.850914637247721,0.8236476331949234,0.20493415743112564,0.5056676715612411,0.1829398199915886,0.021642012521624565,0.07765623182058334,0.7059051990509033,0.20051920413970947,2.937929558753967,0.430608831346035
434,3013.5289969444275,0.9265147286525461,0.20831952492396036,0.4664150297641754,0.22581757505734762,0.4816587567329407,0.1001255954305331,0.08491045931975047,0.011285528214648366,0.2001255969206492,2.4301912943522135,0.8255774155259132,0.2046337127685547,0.5074495226144791,0.1836094707250595,0.02162171993404627,0.07776731997728348,0.7086072266101837,0.20065940916538239,2.3905019998550414,0.43207093328237534
435,3021.2516639232635,0.9304251575687279,0.20892860392729443,0.470750504732132,0.2259095499912898,0.484627624352773,0.10046473493178686,0.08464550177256266,0.011287731196110448,0.20046473642190296,2.886755871772766,0.8295218646526337,0.20410802960395813,0.5170931220054626,0.1834336370229721,0.021650491282343864,0.07773128151893616,0.707643449306488,0.2010287046432495,3.142186498641968,0.4315530061721802
436,3029.0757579803467,0.9327623259353762,0.20934545894463857,0.4690605401992798,0.22634040812651315,0.48862199385960897,0.1007840688029925,0.0849275380373001,0.011296319200967748,0.20078407029310863,2.838940803209941,0.829573780298233,0.20023678243160248,0.5185753405094147,0.1850246638059616,0.02157295774668455,0.0781770683825016,0.7092016041278839,0.20134753733873367,2.9271148920059202,0.43277787044644356
437,3037.0394451618195,0.9288995342367949,0.20754189491271974,0.46659572919209796,0.22650291721026103,0.48758451143900555,0.10106201022863388,0.08469700217247009,0.01128140843162934,0.20106201171875,2.770375402768453,0.8186445385217667,0.1992589682340622,0.5057893693447113,0.1832454428076744,0.021655425429344177,0.0775250494480133,0.7045935392379761,0.2017204388976097,2.789444613456726,0.42982181906700134
438,3044.765625,0.9298295053750432,0.20798400739828746,0.4679522454738617,0.22568885783354442,0.4864570001761119,0.10135877678791681,0.08485017120838165,0.011281710335363944,0.20135877827803295,2.843380880355835,0.8311031684279442,0.20266611129045486,0.5126927495002747,0.186045341193676,0.021648279391229153,0.07749423757195473,0.7129722535610199,0.20206263661384583,2.90486056804657,0.4339803643524647
439,3052.540854215622,0.9347247654630337,0.20794509450594584,0.4793416142463684,0.22546617090702056,0.48522109190622964,0.10164876133203507,0.08471649090449015,0.01129564568400383,0.2016487628221512,3.044146776199341,0.8314094245433807,0.2034558281302452,0.5157227069139481,0.18504612147808075,0.02151931542903185,0.07792722806334496,0.709699958562851,0.2022412121295929,3.124511194229126,0.43277720734477043
440,3060.268383026123,0.9265039092938726,0.20699294904867807,0.47230962514877317,0.2262040416399638,0.47704362074534096,0.10199164301156997,0.08476307342449824,0.011279752586657803,0.2019916445016861,2.755417982737223,0.8306606039404869,0.20584319531917572,0.5181754380464554,0.18286484479904175,0.021656198427081108,0.07764704525470734,0.7057873606681824,0.20260120183229446,2.6355331420898436,0.4305407255887985
441,3068.2119929790497,0.9290398783438528,0.20706248978773753,0.4704859455426534,0.22634049852689106,0.4839196542898814,0.10225629260142645,0.08466030259927114,0.011278659927969177,0.20225629409154255,2.8187240918477374,0.8380839601159096,0.2004542201757431,0.5290461331605911,0.18655333667993546,0.021647056564688683,0.07739408686757088,0.7140577733516693,0.2029527649283409,2.8570502042770385,0.43442297354340553
442,3075.919003009796,0.9291676777337368,0.20614521900812785,0.47285826206207277,0.22625695963700612,0.48255903124809263,0.10258420060078303,0.08485239793856938,0.011274792704110343,0.20258420209089914,2.5937525113423665,0.8354812487959862,0.20290063321590424,0.529043510556221,0.18402943015098572,0.021646801382303238,0.0772227980196476,0.7074640095233917,0.20335565507411957,2.6868407249450685,0.43095480278134346
443,3083.5904591083527,0.9266508710221387,0.20663680136203766,0.46770724654197693,0.22574677268664042,0.4821571131547292,0.10292393614848455,0.08467677930990855,0.011277908055732647,0.20292393763860067,2.537371293703715,0.8285537585616112,0.19962041825056076,0.5191341638565063,0.18468312919139862,0.02172546461224556,0.07732930406928062,0.7089946568012238,0.20352579653263092,2.561695086956024,0.4318266324698925
444,3091.3035850524902,0.9269965616326469,0.20574751098950703,0.4687715252240499,0.22619638244311016,0.48319852153460185,0.10319172988335291,0.08467833648125331,0.011278971455370386,0.20319173137346905,2.8262156089146933,0.8262998759746552,0.2046513706445694,0.5125863254070282,0.18267767131328583,0.02156162168830633,0.0772247165441513,0.7060158252716064,0.20386654883623123,2.632813560962677,0.43023262917995453
445,3099.216304063797,0.9289413452051425,0.20655751824378968,0.46998530824979146,0.2257949749628703,0.48299890557924907,0.10346440821886063,0.0849447121222814,0.011270615287745993,0.20346440970897675,2.8332855224609377,0.8320441991090775,0.20006076246500015,0.5199941843748093,0.18599317222833633,0.02158708218485117,0.07722844183444977,0.7118223607540131,0.20421869307756424,2.9864847660064697,0.4331396222114563
446,3106.932426214218,0.9290507780135765,0.20457079708576204,0.4698770582675934,0.2268549491961797,0.4872579197088877,0.10381792436043422,0.08481378853321075,0.011269626285259923,0.20381792585055034,2.866607602437337,0.8246680423617363,0.20240188390016556,0.5052128732204437,0.18482986092567444,0.021575982682406902,0.07714327052235603,0.7091051340103149,0.20444928854703903,2.7321717500686646,0.4316958375275135
447,3114.5673019886017,0.9267735420842655,0.2053754597902298,0.4689353962739309,0.22575167218844097,0.4827471176783244,0.10411756585041682,0.08461623638868332,0.011269256984815002,0.20411756734053293,2.6336983601252237,0.8337732329964638,0.2025449424982071,0.516701951622963,0.1864386573433876,0.021630404517054558,0.0771162249147892,0.7127611637115479,0.20473679155111313,2.750480365753174,0.4334968067705631
448,3122.283569097519,0.9246044944816579,0.20472442011038464,0.46785789529482524,0.22537857790788016,0.4803224404652913,0.10448746432860692,0.08465917458136876,0.01126639066884915,0.20448746581872304,2.7133463700612386,0.8198822662234306,0.1995389685034752,0.5091244280338287,0.18289054185152054,0.02161414548754692,0.07701848447322845,0.7039015591144562,0.20525890588760376,2.697564220428467,0.42896926403045654
449,3130.171012878418,0.9228533590813943,0.2047188848257065,0.4647410293420156,0.22563485602537792,0.4787888487180074,0.10473106453816096,0.08487540731827418,0.01126453250957032,0.2047310660282771,2.675725746154785,0.8312384262681007,0.20175983756780624,0.513572484254837,0.186346173286438,0.021579647436738014,0.07691993191838264,0.7122287452220917,0.2053462192416191,2.7163061261177064,0.4330343045294285
450,3137.8552961349487,0.9275819164332157,0.20463140110174816,0.47150226434071857,0.2261393775542577,0.4818148950735728,0.10508973548809687,0.08472089618444442,0.011275616660714149,0.205089736978213,2.8902217467625935,0.8269878253340721,0.19978439807891846,0.5133911222219467,0.18525393307209015,0.021632728166878223,0.07717966288328171,0.7096194326877594,0.2057866007089615,3.0265220165252686,0.4319893792271614
451,3145.542603969574,0.9225998425080131,0.20436527232329052,0.4626411120096842,0.225673105319341,0.4810056904951731,0.10534282575050989,0.08474038342634836,0.011277810002987583,0.20534282724062602,2.7112129370371503,0.8224911391735077,0.1974712461233139,0.5057060122489929,0.18608344346284866,0.021705690771341324,0.07728628441691399,0.7121808528900146,0.20606572926044464,2.8266095757484435,0.4333767108619213
452,3153.2053048610687,0.922131865300859,0.20333058734734852,0.46888763308525083,0.2256532569726308,0.4756283640861511,0.10567274043957392,0.08472633212804795,0.011259449956317743,0.20567274192969004,2.6540218591690063,0.8156696483492851,0.1937040537595749,0.5102532356977463,0.18341948837041855,0.021633834578096867,0.07680109888315201,0.7048920094966888,0.20642897486686707,2.5601515412330627,0.42924710363149643
453,3161.1063718795776,0.9244211007918541,0.2040505200624466,0.4687062859535217,0.22642147342363994,0.47763884862264,0.10604291409254074,0.08492293804883957,0.01125682662241161,0.20604291558265686,2.669387173652649,0.8155800402164459,0.19893745332956314,0.49366728961467743,0.18490447103977203,0.021624859422445297,0.07671709358692169,0.7090937793254852,0.20667386800050735,2.806468963623047,0.4312639832496643
454,3168.838217020035,0.9258937071620797,0.2035281459490458,0.4662672936916351,0.2257777710755666,0.4826063454151154,0.10629009157419204,0.0852586050828298,0.011258039250969886,0.20629009306430818,2.8536686023076374,0.8182066380977631,0.20062721520662308,0.4928606003522873,0.18557456135749817,0.02159979473799467,0.07681099325418472,0.7101124227046967,0.20691801607608795,2.8434711337089538,0.43186720460653305
455,3176.4730331897736,0.9290131194322991,0.20306431154410046,0.4691954036553701,0.2268847664197286,0.48849385579427085,0.1066099688410759,0.08471127251784007,0.011254497400174538,0.20660997033119202,3.074696739514669,0.8169022724032402,0.19646167755126953,0.49795569479465485,0.18573137372732162,0.021616065874695778,0.0767296813428402,0.7097125351428986,0.20716704428195953,3.2543602347373963,0.4315859489142895
456,3184.135817050934,0.9214938374488459,0.2013991971810659,0.46131157676378887,0.2261042465766271,0.48392533262570697,0.10688845266898474,0.08486637969811757,0.011258411081507802,0.20688845415910084,2.684939893086751,0.8274425193667412,0.1974194273352623,0.5155539214611053,0.1861230656504631,0.021633640863001347,0.07669461145997047,0.7111802101135254,0.2075815573334694,2.741337835788727,0.43228471651673317
457,3192.080265045166,0.923115434742067,0.2026407539844513,0.46436023314793906,0.2256858547528585,0.4815030058224996,0.10724603782097498,0.0848316287000974,0.011254704169308146,0.20724603931109112,2.826975925763448,0.8316892981529236,0.19858268648386002,0.5193225592374802,0.18672266602516174,0.021691814064979553,0.07673872262239456,0.7127587497234344,0.20793677866458893,2.9392833709716797,0.4331180974841118
458,3199.7991058826447,0.9213928961389077,0.20179942349592844,0.4655020078023275,0.22661672333876293,0.47828161517779033,0.10751811911662419,0.08479650815327962,0.011252789432182908,0.20751812060674033,2.985405858357747,0.823085181415081,0.1914096474647522,0.5155464261770248,0.1869511604309082,0.021662430837750435,0.07653051614761353,0.7119746506214142,0.20827921479940414,3.2322744369506835,0.4325178414583206
459,3207.794280052185,0.923165738186799,0.2026650269826253,0.4676006396611532,0.2262004295984904,0.4770449221134186,0.10777528037627539,0.08499069660902023,0.01125904278208812,0.2077752818663915,2.9272931655248007,0.8255914226174355,0.19682889431715012,0.5092893540859222,0.1870589256286621,0.021480368450284004,0.07654746621847153,0.713458925485611,0.20845086872577667,3.0982340812683105,0.433276928961277
460,3215.6497769355774,0.9207717752006526,0.2001321832338969,0.4629635512828827,0.22664186656475066,0.48169153134028114,0.10811897863944371,0.08495012472073236,0.011254247572893897,0.20811898012955984,2.6831298510233563,0.8186734989285469,0.19457951188087463,0.5089478939771652,0.18481002002954483,0.021578974090516567,0.0769180878996849,0.7078905403614044,0.20885300636291504,2.861929488182068,0.4308633580803871
461,3223.276577949524,0.9180369612819049,0.20206691324710846,0.4612415989240011,0.22560520768165587,0.47500359813372295,0.10842724492152532,0.08469242056210836,0.011256427597254514,0.20842724641164143,2.63197553952535,0.81424880027771,0.19063487648963928,0.5036807358264923,0.18588677793741226,0.02161574736237526,0.07689768821001053,0.7104031145572662,0.2090446501970291,2.6943780422210692,0.43209924548864365
462,3230.947734117508,0.9220110148792932,0.1997005085150401,0.468408199151357,0.2258933981259664,0.47970858414967854,0.10868267069260279,0.08481602271397909,0.01126266165326039,0.2086826721827189,3.044199895858765,0.8193291053175926,0.19907982647418976,0.5017761141061783,0.18468061089515686,0.021424545906484127,0.07607704028487206,0.7093685865402222,0.209311343729496,3.1128758907318117,0.43076133355498314
463,3238.9328150749207,0.9195825858352085,0.20170918703079224,0.4637872060139974,0.2261968602736791,0.47474793791770936,0.1089926744500796,0.08489916076262792,0.011276597746958335,0.20899267594019572,2.922977352142334,0.8218289166688919,0.19753998517990112,0.5013841688632965,0.18679842352867126,0.02170233428478241,0.07693859189748764,0.7121347784996033,0.20968924462795258,2.8656280994415284,0.4330059811472893
464,3246.654614210129,0.9183058480130664,0.19938694338003796,0.4654210905234019,0.22622291247049967,0.4751056512196859,0.10933121393124262,0.08484037468830745,0.011245932150632142,0.20933121542135874,2.6928054173787435,0.8269385099411011,0.1969238594174385,0.5148573666810989,0.18629298359155655,0.021644387394189835,0.07660342007875443,0.7112951576709747,0.21018066257238388,2.6323573112487795,0.4322509989142418
465,13732.85082602501,0.9156774539190035,0.20059427122275034,0.46257299979527794,0.22576666474342347,0.46986460288365683,0.10963807354370753,0.08489084939161937,0.011246626529221733,0.20963807503382365,2.4663817326227826,0.8176656663417816,0.19756577163934708,0.5019770115613937,0.18455569446086884,0.021581951528787613,0.07625008746981621,0.708256870508194,0.21026158332824707,2.4760684847831724,0.4303785227239132
466,13740.536092042923,0.9176532246191831,0.20076760053634643,0.4644070665041606,0.22550139725208282,0.47092997630437217,0.10989556064208349,0.08501646568377813,0.011241705436259509,0.2098955621321996,2.444261360168457,0.8272182941436768,0.19744079560041428,0.508370116353035,0.1877962201833725,0.021657475270330906,0.07632946223020554,0.716094970703125,0.21065150946378708,2.404685139656067,0.43437694758176804
