epoch,elapsed_time,total_loss,l_pred,l_multi,l_var,l_vel,l_sparse,l_probe,l_coord,spike_rate,grad_norm,val_total_loss,val_l_pred,val_l_multi,val_l_probe,val_l_coord,val_pos_err,val_vel_err,val_spike_rate,grad_norm_recent,combined_score
1,8.100683212280273,2.0671552568674088,0.2522251963615417,0.0,0.4614608108997345,1.9966758886973064,0.014400008817513783,0.3653626581033071,0.2168048878510793,0.1144000103076299,0.4353633105754852,1.0729511082172394,0.2645164132118225,0.2645164132118225,0.3380882441997528,0.20648597180843353,0.656436949968338,0.8222217261791229,0.11494966223835945,0.35941794216632844,1.0675478130578995
2,15.154710054397583,1.894560423369209,0.28153194189071656,0.0,0.3039356807867686,1.8284085512161254,0.019513073563575744,0.3166175921758016,0.16959289610385894,0.11951307505369187,0.2688435137271881,1.1037824153900146,0.29222172498703003,0.29222172498703003,0.3327249139547348,0.1561560407280922,0.6013831496238708,0.8358422219753265,0.12061959132552147,0.2510234624147415,1.0193042606115341
3,22.229904174804688,1.753649390488863,0.2938746710618337,0.0,0.2654832402865092,1.7019395669301352,0.02441509167353312,0.2757457852363586,0.12371680289506912,0.12441509316364924,0.22740871012210845,1.0323213040828705,0.28918027877807617,0.28918027877807617,0.2992754429578781,0.11804060637950897,0.5420079827308655,0.8120490610599518,0.1247662641108036,0.22061196565628052,0.9480325132608414
4,28.988253355026245,1.666319547779858,0.2823246816794078,0.0,0.24669182499249775,1.6720316092173257,0.02812385807434718,0.24769305189450583,0.0924123004078865,0.1281238595644633,0.23166088660558065,0.9837757125496864,0.2880152314901352,0.2880152314901352,0.2758764326572418,0.09199526906013489,0.4798853099346161,0.8006573021411896,0.12740182131528854,0.2311211809515953,0.8802139610052109
5,35.64806914329529,1.589940034908553,0.2854714294274648,0.0,0.23097647925217946,1.6160847266515097,0.030310166378815968,0.22387899259726207,0.06943677018086115,0.1303101678689321,0.21920159757137297,0.9607485383749008,0.2915968894958496,0.2915968894958496,0.2616766020655632,0.07122229784727097,0.4119664132595062,0.8081730306148529,0.12831194698810577,0.22288820147514343,0.8160529285669327
6,42.334142208099365,1.5172878952076039,0.2936398466428121,0.0,0.21281160215536754,1.5619783560434977,0.030518119037151337,0.1991093506415685,0.05266612693667412,0.13051812052726747,0.2587220758199692,0.9152809754014015,0.2954555004835129,0.2954555004835129,0.2360488623380661,0.05873126536607742,0.33778366446495056,0.7958087623119354,0.1282898485660553,0.27910756319761276,0.7356880456209183
7,49.03399610519409,1.455612561106682,0.28807275493939716,0.0,0.20459567308425902,1.542241112391154,0.03014708012342453,0.17712107996145884,0.04429339542984963,0.13014708161354066,0.2917261302471161,0.8617502376437187,0.28997422754764557,0.28997422754764557,0.21339444816112518,0.052698519080877304,0.2698437571525574,0.7783502340316772,0.12778017669916153,0.31106882095336913,0.659018874168396
8,55.715816259384155,1.4041902440910539,0.29339440663655597,0.0,0.19904279013474782,1.4917901674906413,0.02947238435347875,0.16215440134207407,0.039676610256234805,0.12947238584359486,0.23775138159592946,0.8459561169147491,0.28946158289909363,0.28946158289909363,0.20588187128305435,0.048371780663728714,0.2246934175491333,0.7786290645599365,0.12778349220752716,0.2433856263756752,0.6140079498291016
9,62.38949131965637,1.3706931298288205,0.2947141210238139,0.0,0.19363315105438234,1.4618182182312012,0.028757919371128083,0.15306969086329142,0.034588166822989784,0.1287579208612442,0.23688943982124328,0.8315275311470032,0.29779690504074097,0.29779690504074097,0.19241608679294586,0.04173913225531578,0.2063392847776413,0.7533230483531952,0.12637852132320404,0.22611166536808014,0.5830008089542389
10,69.09964728355408,1.3560062908722708,0.2993960499763489,0.0,0.18613003889719645,1.4367605129877725,0.027612357834974923,0.15082973837852479,0.027675722166895865,0.12761235932509105,0.28670686185359956,0.8322582989931107,0.3027779757976532,0.3027779757976532,0.18904566764831543,0.03604254126548767,0.19785696268081665,0.7486365139484406,0.12571562081575394,0.3018090322613716,0.5721752196550369
11,75.7754442691803,1.3367243638727815,0.30914376775423685,0.0,0.17770194212595622,1.3966291586558024,0.02693690111239751,0.14723480095465977,0.02371859544267257,0.12693690260251364,0.2867094765106837,0.8340471535921097,0.3062131702899933,0.3062131702899933,0.18736369907855988,0.033463070169091225,0.176144041121006,0.7509757876396179,0.12529000639915466,0.29652605652809144,0.551631934940815
12,82.41335821151733,1.313356568198651,0.3131585995356242,0.0,0.17281620105107626,1.3634320735931396,0.026704860230286915,0.14229092846314112,0.021773448648552098,0.12670486172040304,0.27897338966528573,0.8435413688421249,0.32142290472984314,0.32142290472984314,0.18070350587368011,0.0318544153124094,0.1642196848988533,0.7369777858257294,0.12493012845516205,0.2840147852897644,0.532708577811718
13,89.11796832084656,1.2934485415850456,0.3136407812436422,0.0,0.1710044225056966,1.3414218743642172,0.02627321978410085,0.1378907412290573,0.020521984808146952,0.12627322127421697,0.3250213454167048,0.8111863806843758,0.31008194386959076,0.31008194386959076,0.1730317324399948,0.03064718097448349,0.1561526358127594,0.7204297482967377,0.12481886893510818,0.3062999799847603,0.5163675099611282
14,95.79612421989441,1.273907490936108,0.31820366978645326,0.0,0.16968182921409608,1.3083163181940713,0.026038408279418945,0.13431104570627211,0.019574491369227568,0.12603840976953506,0.313443053762118,0.817542552947998,0.3163239359855652,0.3163239359855652,0.17152832448482513,0.03000615816563368,0.15041782706975937,0.7178050577640533,0.12472330406308174,0.3048245579004288,0.509320355951786
15,102.48236799240112,1.258990788863351,0.31990421811739606,0.0,0.1666379322608312,1.2874209960301717,0.0255563681324323,0.1315525437394778,0.01886004420618216,0.12555636962254843,0.30767541428407036,0.8059134632349014,0.3193458914756775,0.3193458914756775,0.1634473130106926,0.02951177768409252,0.1454320028424263,0.6945395171642303,0.12407418712973595,0.29952436238527297,0.4927017614245415
16,109.15776109695435,1.2439315371448174,0.32031110127766926,0.0,0.16630616982777913,1.2681705554326375,0.025206054747104644,0.12878181288639703,0.01825246661901474,0.12520605623722075,0.33672397832075757,0.814838320016861,0.322307825088501,0.322307825088501,0.16568829119205475,0.02869959268718958,0.14060774445533752,0.7023096978664398,0.12381545081734657,0.3242992162704468,0.49176259338855743
17,115.89904832839966,1.2328870047970364,0.3218727727731069,0.0,0.16545680661996207,1.251054318745931,0.024975151320298514,0.1268935903906822,0.017777508497238158,0.12497515281041463,0.3797104994455973,0.8003587871789932,0.3224397599697113,0.3224397599697113,0.15834957361221313,0.028139333240687847,0.13652663677930832,0.6860640347003937,0.12376069650053978,0.37110612392425535,0.47955865412950516
18,122.635822057724,1.2260251759861907,0.3197317600250244,0.0,0.1655031184355418,1.2458431164423625,0.024656574428081512,0.1259470373392105,0.017327956606944403,0.12465657591819763,0.34692983627319335,0.799792505800724,0.32343636453151703,0.32343636453151703,0.15731897950172424,0.027936402708292007,0.13341134041547775,0.6812416911125183,0.12338489294052124,0.3398570746183395,0.4740321859717369
19,129.3168442249298,1.210120352342104,0.3252266049385071,0.0,0.16232240895430247,1.2172332048416137,0.024265298247337343,0.12268184224764506,0.016990609529117743,0.12426529973745346,0.3422862688700358,0.7730150297284126,0.31211788952350616,0.31211788952350616,0.1524190977215767,0.027728614397346973,0.13077840209007263,0.6684604585170746,0.12286220118403435,0.34609649479389193,0.4650086313486099
20,136.0141863822937,1.2038875179753328,0.321890256802241,0.0,0.16340355277061464,1.2136367956797283,0.023930988212426504,0.12218439429998398,0.016694854634503525,0.12393098970254263,0.3071652630964915,0.783222496509552,0.3196588158607483,0.3196588158607483,0.15186713635921478,0.027393894270062447,0.12813007831573486,0.6716494858264923,0.1226152665913105,0.31656510233879087,0.463954821228981
21,142.74196028709412,1.191595873135763,0.32050574421882627,0.0,0.1626407563686371,1.200248916943868,0.02366476704676946,0.12020200391610464,0.01643460855508844,0.12366476853688559,0.3682488759358724,0.7826541364192963,0.320995032787323,0.320995032787323,0.15058079361915588,0.02709772251546383,0.1261288747191429,0.6638062000274658,0.12249947711825371,0.35403541624546053,0.4580319747328758
22,149.8074722290039,1.1845115027468032,0.3220263640085856,0.0,0.16226862370967865,1.1880863865216573,0.02341916213432948,0.11903701176246008,0.016209821434070668,0.12341916362444559,0.40889129241307576,0.7814866900444031,0.3249265253543854,0.3249265253543854,0.1470484510064125,0.026729869656264782,0.12428286299109459,0.6531830430030823,0.12197893485426903,0.4291652083396912,0.4508743844926357
23,156.60155534744263,1.17842947509295,0.31789939204851786,0.0,0.16233409543832142,1.1886675437291463,0.02299034148454666,0.1180314838886261,0.01603170605376363,0.12299034297466278,0.34965741336345674,0.7685519605875015,0.3129265308380127,0.3129265308380127,0.14958108216524124,0.026463566347956657,0.12286446616053581,0.6611914932727814,0.12184733152389526,0.37377920001745224,0.4534602127969265
24,163.30187320709229,1.172750346385874,0.3196101705233256,0.0,0.1622971475124359,1.1758145729700724,0.022754231095314027,0.11762427339951197,0.015850116312503815,0.12275423258543014,0.3916987617810567,0.7552426978945732,0.30558590590953827,0.30558590590953827,0.1484319195151329,0.026341993361711502,0.12201397120952606,0.6584360599517822,0.12130609527230263,0.4106284618377686,0.4512320011854172
25,170.00315117835999,1.166244552268957,0.31779099504152936,0.0,0.16209435760974883,1.172581720352173,0.022425182660420737,0.11619293292363485,0.015698682175328334,0.12242518415053685,0.43820006450017296,0.74857147783041,0.3074043542146683,0.3074043542146683,0.1437324732542038,0.026055913418531418,0.12093951553106308,0.6416959464550018,0.12139572948217392,0.4520323246717453,0.441787488758564
26,176.7473521232605,1.163580199245674,0.31427621444066367,0.0,0.16412391662597656,1.1779150327046712,0.022116914888223014,0.11526835610469183,0.015592780895531178,0.12211691637833913,0.533742509285609,0.7668566182255745,0.3158026188611984,0.3158026188611984,0.14657634496688843,0.025819309055805206,0.12022030726075172,0.6509900093078613,0.1208522841334343,0.564563763141632,0.4457153119146824
27,183.43310618400574,1.152011383875894,0.31435919602712,0.0,0.1632883568604787,1.1604310472806294,0.021878851453463237,0.11392544905344645,0.01544998235379656,0.12187885294357935,0.44830360611279807,0.7546133026480675,0.3079313784837723,0.3079313784837723,0.14635811746120453,0.025910992175340652,0.12012504786252975,0.6503671407699585,0.12098411843180656,0.42981513738632204,0.445308618247509
28,190.1328902244568,1.1435039882004883,0.3154817899068197,0.0,0.16306995550791423,1.1452630201975504,0.021665904422601065,0.11297436207532882,0.015346681543936333,0.12166590591271718,0.4406588534514109,0.7536449208855629,0.3094567805528641,0.3094567805528641,0.1447298750281334,0.025722356513142586,0.11961110681295395,0.6460677683353424,0.12035749107599258,0.44032215178012846,0.44264499098062515
29,196.87798237800598,1.141383142893513,0.31179760297139486,0.0,0.16423697173595428,1.147885004679362,0.021411619583765664,0.11311319023370743,0.015247639765342077,0.12141162107388179,0.4385066568851471,0.7699342668056488,0.32149675488471985,0.32149675488471985,0.14384456723928452,0.025663779117166996,0.11937172338366508,0.6432926058769226,0.12067969888448715,0.4280218809843063,0.4410180263221264
30,203.5862410068512,1.1303853269744044,0.31348926822344464,0.0,0.16388008991877237,1.1275130033493042,0.021204967300097147,0.1119370386004448,0.015166696750869353,0.12120496879021327,0.44880146781603497,0.7650395557284355,0.31400181353092194,0.31400181353092194,0.1470184177160263,0.025607413612306118,0.11920855566859245,0.6501367390155792,0.1201942078769207,0.45588941872119904,0.44427692517638206
31,210.28552532196045,1.1302685806605344,0.31096983750661217,0.0,0.16355559825897217,1.1328988949457803,0.021000214914480845,0.11186490257581075,0.015092206404854853,0.12100021640459696,0.5142075935999553,0.7357129231095314,0.3004002124071121,0.3004002124071121,0.1425563022494316,0.0252353111281991,0.11854656413197517,0.6391504108905792,0.120185486972332,0.5370808273553849,0.4381217695772648
32,217.00284814834595,1.1236214318933586,0.3106048941612244,0.0,0.16445728540420532,1.1227471788724264,0.020810220142205557,0.11127044210831324,0.015008176739017168,0.12081022163232168,0.49436357617378235,0.7445498928427696,0.30416204035282135,0.30416204035282135,0.1441534161567688,0.025076836347579956,0.11823614314198494,0.6435958743095398,0.12001917883753777,0.5080820053815842,0.44003408029675484
33,223.65248107910156,1.114352613578861,0.31090951959292096,0.0,0.16603944698969522,1.108431382973989,0.0206003134449323,0.11004164318243663,0.01493347892537713,0.12060031493504843,0.45263447165489196,0.7449490278959274,0.30552542209625244,0.30552542209625244,0.14333044737577438,0.02542457263916731,0.11887725815176964,0.6404744982719421,0.12010074034333229,0.48543587923049925,0.4391145072877407
34,230.32220125198364,1.1130433486386513,0.3067752460638682,0.0,0.1663118342558543,1.1176753679911295,0.02050401419401169,0.10915845135847728,0.014868832690020402,0.1205040156841278,0.5640928049882253,0.7345168069005013,0.3002208024263382,0.3002208024263382,0.14209280163049698,0.025345107540488243,0.11864128708839417,0.6357851922512054,0.11946690455079079,0.5875247925519943,0.4365338832139969
35,237.12936425209045,1.1116939615574666,0.30515876213709514,0.0,0.1664257138967514,1.1154778003692627,0.02032063603401184,0.10988732079664866,0.014791813647995393,0.12032063752412796,0.5122889260450999,0.7583888694643974,0.3138201981782913,0.3138201981782913,0.14382928609848022,0.024920458905398846,0.11786618828773499,0.6429263949394226,0.119110107421875,0.5296545267105103,0.4393293857574463
36,243.88535618782043,1.103227260344041,0.3079106867313385,0.0,0.16627476811408998,1.0961022178332012,0.020305609206358592,0.10913717548052469,0.014738788393636544,0.1203056106964747,0.49425823291142784,0.7444198802113533,0.30376093089580536,0.30376093089580536,0.14438924193382263,0.024969708174467087,0.11794696748256683,0.6419906616210938,0.11932111158967018,0.4684852033853531,0.4389422982931137
37,250.51537418365479,1.0983487659522022,0.3034701069196065,0.0,0.167484583457311,1.095986831188202,0.02015283058087031,0.10892805308103562,0.014695063326507806,0.12015283207098643,0.46137913862864177,0.7376208454370499,0.30171287059783936,0.30171287059783936,0.14252576977014542,0.025065867230296135,0.1181081049144268,0.6338205337524414,0.11946556344628334,0.4370307922363281,0.4350183717906475
38,257.1762523651123,1.0946340032814381,0.30412001808484396,0.0,0.16810886363188426,1.0880146423975627,0.02002549817164739,0.10874295135339102,0.014647462281088035,0.12002549966176351,0.5313808441162109,0.7398224994540215,0.3030803054571152,0.3030803054571152,0.14260102063417435,0.024692120030522346,0.11743189021945,0.6373756527900696,0.1187293641269207,0.5663593798875809,0.4361197166144848
39,263.87059926986694,1.0953824680259763,0.30401472250620526,0.0,0.1700988620519638,1.0906772096951802,0.0200498029589653,0.10839996188879013,0.014629622548818588,0.12004980444908142,0.6124822616577148,0.7231423184275627,0.29191215336322784,0.29191215336322784,0.14263704419136047,0.02514956146478653,0.11820490285754204,0.6333924531936646,0.11943725496530533,0.5514679223299026,0.4349011294543743
40,270.57765316963196,1.0807733989320696,0.30224905411402386,0.0,0.17099838654200236,1.07174125512441,0.01994102497895559,0.10670288304487864,0.014517251340051492,0.1199410264690717,0.5169940729935963,0.7287865728139877,0.29545271396636963,0.29545271396636963,0.14280375093221664,0.024874016642570496,0.11760719865560532,0.6367603540420532,0.11888770759105682,0.48411419093608854,0.4359873756766319
41,277.3238410949707,1.0815051462772922,0.30151777863502505,0.0,0.17070744037628174,1.0721055785814921,0.01987228641907374,0.10737713327010473,0.014489462381849687,0.11987228790918986,0.4780331373214722,0.7348513901233673,0.3024018108844757,0.3024018108844757,0.14062433689832687,0.024620109237730503,0.11709639430046082,0.6307910680770874,0.11912045627832413,0.46431162357330324,0.4324919283390045
42,284.01962423324585,1.080461307580117,0.3008157650629679,0.0,0.17192970514297484,1.0711050113042195,0.019586206475893656,0.10747122168540954,0.014430073400338491,0.11958620796600977,0.5454139451185862,0.7320153117179871,0.2984420359134674,0.2984420359134674,0.14217612892389297,0.02442951872944832,0.11672486737370491,0.6351150572299957,0.11860659718513489,0.5409551203250885,0.4342823959887028
43,290.7073702812195,1.0718914994271471,0.30209163228670755,0.0,0.17126132945219677,1.0556617736816407,0.019663192331790924,0.10642777880032857,0.01437134730319182,0.11966319382190704,0.5031726062297821,0.7279700189828873,0.29582569003105164,0.29582569003105164,0.1421157419681549,0.024537481367588043,0.11684416234493256,0.6323639750480652,0.11871954053640366,0.49728013277053834,0.43302614986896515
44,297.5880732536316,1.0696612424449996,0.29859745303789775,0.0,0.17311540842056275,1.0576970815658568,0.019598848621050515,0.10647703111171722,0.01433481511970361,0.11959885011116664,0.5772523721059163,0.7095059528946877,0.2861085683107376,0.2861085683107376,0.14017155021429062,0.024660426191985607,0.11700500175356865,0.6279668807983398,0.11853550374507904,0.5666565775871277,0.43098844215273857
45,304.44490814208984,1.0616122777651376,0.29992387096087136,0.0,0.1739916781584422,1.0425722002983093,0.01970713883638382,0.10550240923961003,0.014298282905171315,0.11970714032649994,0.5134836872418721,0.7146193981170654,0.28825822472572327,0.28825822472572327,0.14111603051424026,0.024680246599018574,0.11685493215918541,0.6287868022918701,0.1185101605951786,0.526778319478035,0.43124833330512047
46,311.1824791431427,1.0597987752524205,0.2980985681215922,0.0,0.1749787131945292,1.0440851330757142,0.019623478750387828,0.1051057000954946,0.014244146179407835,0.11962348024050394,0.5817670921484629,0.7160177826881409,0.2914794087409973,0.2914794087409973,0.13939933478832245,0.024524100124835968,0.11654239520430565,0.62765172123909,0.1188252754509449,0.577000305056572,0.43036825582385063
47,317.89292311668396,1.0530883313738741,0.29566967288653057,0.0,0.17621344327926636,1.0354036847750345,0.019557560980319976,0.10509278972943624,0.01420746948570013,0.1195575624704361,0.5029901802539826,0.7298150360584259,0.29956650733947754,0.29956650733947754,0.1402326375246048,0.02439048606902361,0.11612667515873909,0.6283771693706512,0.11842494457960129,0.5156282812356949,0.4303152598440647
48,324.5467803478241,1.0550132093873497,0.2979193369547526,0.0,0.17634040216604868,1.0344795306523642,0.01943549116452535,0.1051885242263476,0.014168545448531708,0.11943549265464147,0.6371117571989695,0.7291001528501511,0.29859670996665955,0.29859670996665955,0.14060254395008087,0.024160953238606453,0.11566997691988945,0.6286849677562714,0.11869076639413834,0.6425431877374649,0.43001246079802513
49,331.21855425834656,1.0474791809800081,0.2978416661421458,0.0,0.17666851878166198,1.0208896160125733,0.01945328563451767,0.10484042763710022,0.014122435760994752,0.1194532871246338,0.5562345385551453,0.7249892950057983,0.2958722412586212,0.2958722412586212,0.14059046655893326,0.02422588225454092,0.11568833515048027,0.6303636133670807,0.11876098811626434,0.5688847124576568,0.4308701418340206
50,337.9020631313324,1.04495253150817,0.2952543834845225,0.0,0.17812480529149374,1.0200101455052695,0.019390135010083517,0.10503380248943965,0.01411949765558044,0.11939013650019964,0.5408559838930765,0.7189004346728325,0.2928696721792221,0.2928696721792221,0.13979796320199966,0.024035688489675522,0.115268774330616,0.626418262720108,0.11848039925098419,0.5588280498981476,0.42847790569067
51,344.64552545547485,1.0381815667031333,0.2963821371396383,0.0,0.17785395483175914,1.0092438419659933,0.019393986960252126,0.10379416644573211,0.014045301048705975,0.11939398845036825,0.5113284250100454,0.7094186469912529,0.28717757761478424,0.28717757761478424,0.13932614028453827,0.02428699191659689,0.11559416726231575,0.6252198219299316,0.1189386285841465,0.5443088740110398,0.42820407822728157
52,351.3532700538635,1.0346017842530273,0.29603532354036965,0.0,0.1796919236580531,1.0052563548088074,0.01959450840950012,0.10303345868984858,0.014032850166161855,0.11959450989961624,0.6244624574979146,0.7051636576652527,0.28302955627441406,0.28302955627441406,0.1403096616268158,0.024145408533513546,0.11518470570445061,0.6269537508487701,0.11854032799601555,0.6002667188644409,0.4286615811288357
53,358.0368552207947,1.02923115248171,0.29531195759773254,0.0,0.1802491118510564,0.9949747125307719,0.01968646744887034,0.1032326340675354,0.013989564465979735,0.11968646893898646,0.587384041150411,0.6947148814797401,0.2729986160993576,0.2729986160993576,0.14260847866535187,0.024311387911438942,0.11532600596547127,0.6319617331027985,0.11849929019808769,0.6192995131015777,0.4313068725168705
54,364.68566131591797,1.0293699934108493,0.29126705129941305,0.0,0.18224624594052632,1.0047626694043477,0.019502765933672585,0.10282573153575261,0.013960906645903985,0.11950276742378871,0.7491504311561584,0.7060517072677612,0.28808993101119995,0.28808993101119995,0.13695840537548065,0.024097680114209652,0.11476945877075195,0.6190384328365326,0.11867600306868553,0.6990317225456237,0.42428867518901825
55,371.3768262863159,1.0240630717404808,0.2895709772904714,0.0,0.18317040900389353,0.9985907793045044,0.019667316476504007,0.10247841278711954,0.013927917182445525,0.11966731796662013,0.6796504040559133,0.7125461176037788,0.28675590455532074,0.28675590455532074,0.14120613038539886,0.024060530588030815,0.11459789052605629,0.6286170184612274,0.11817173287272453,0.6672674596309662,0.42890639975667
56,378.068332195282,1.0171596256550401,0.2926734427611033,0.0,0.18399727642536162,0.9796682675679524,0.01972222129503886,0.10215355704228084,0.013893959826479356,0.11972222278515497,0.5963762819766998,0.7133473679423332,0.2906789630651474,0.2906789630651474,0.13866446167230606,0.024193188175559044,0.11469244956970215,0.623774528503418,0.11909650638699532,0.5924405872821807,0.42657971382141113
57,384.7616000175476,1.0131216250903283,0.2920567750930786,0.0,0.18373897274335224,0.9741422851880391,0.019623588025569915,0.10186444719632466,0.013860915849606196,0.11962358951568604,0.6416955351829529,0.7124718427658081,0.28757572174072266,0.28757572174072266,0.14055413007736206,0.023936325684189796,0.11402520164847374,0.6273041367530823,0.11866524815559387,0.6733931571245193,0.4276772700250149
58,391.4524133205414,1.0087300609176357,0.29018189907073977,0.0,0.1848617474238078,0.9720738689104717,0.019717284043629966,0.10104391674200694,0.01385710621252656,0.11971728553374608,0.7379494567712148,0.692176841199398,0.27710388600826263,0.27710388600826263,0.13826050609350204,0.02409948129206896,0.11423186585307121,0.6207621395587921,0.11900605633854866,0.7874443531036377,0.42461293563246727
59,398.1157512664795,1.0027231369322787,0.2916948636372884,0.0,0.18446752627690632,0.9585239211718242,0.01964360773563385,0.10071160743633906,0.013830186954389015,0.11964360922574997,0.6362313807010651,0.6940228566527367,0.2754564434289932,0.2754564434289932,0.1404190957546234,0.02399782557040453,0.11387481540441513,0.6256828010082245,0.11854637414216995,0.624964353442192,0.4267162159085274
60,404.8004722595215,1.0040101125448322,0.28892939289410907,0.0,0.18573073248068492,0.9651286840438843,0.01960009684165319,0.1010385051369667,0.013774900914480288,0.11960009833176931,0.7219718337059021,0.6928189694881439,0.2747899889945984,0.2747899889945984,0.14031699299812317,0.023976564407348633,0.11366987973451614,0.6279206275939941,0.1186612956225872,0.7464902579784394,0.4276301935315132
61,412.2294692993164,1.2374646740034223,0.25639200607935586,0.43312074144681295,0.20180454154809316,1.0640898625055948,0.019755152861277263,0.10017347087462743,0.013749391616632542,0.11975515435139338,1.380142084757487,0.6613690219819546,0.25104251503944397,0.25878485292196274,0.14046704024076462,0.023779992014169693,0.113181933760643,0.6277538239955902,0.11862612515687943,0.9853530526161194,0.4270588457584381
62,419.22513818740845,1.1655953812839774,0.2671022375424703,0.2912714610497157,0.21355879604816436,1.037440021832784,0.019712020456790925,0.10043320755163829,0.013727259418616692,0.11971202194690704,0.8190605640411377,0.6751232817769051,0.2583761587738991,0.27007821202278137,0.14085400849580765,0.02410131599754095,0.11363215371966362,0.6261168718338013,0.11907156556844711,0.7782192587852478,0.42669058963656425
63,426.1715271472931,1.128086809713083,0.26441168785095215,0.2460107853015264,0.21274874806404115,1.0179895877838134,0.01983881046374639,0.09921326984961827,0.013694083131849766,0.1198388119538625,0.612440292040507,0.6730467304587364,0.2661888301372528,0.26002560555934906,0.13842254877090454,0.023927937261760235,0.11311602964997292,0.6206429898738861,0.11901454254984856,0.6367141008377075,0.42343752458691597
64,433.0182671546936,1.1229833649975869,0.26709360678990685,0.24421980778376262,0.2119642992814382,1.0031129598617554,0.01980978548526764,0.0995351587732633,0.013678164407610893,0.11980978697538376,0.6677787880102793,0.6651508621871471,0.2675502896308899,0.2290986105799675,0.14152563363313675,0.023595348931849003,0.11236823350191116,0.6272384226322174,0.1185506172478199,0.6650611311197281,0.42598744481801987
65,439.7930293083191,1.1080978583040026,0.27238459487756095,0.2332010289033254,0.21032407383124033,0.975184690952301,0.019843584795792898,0.09926097393035889,0.013628317353626093,0.11984358628590902,0.638297955195109,0.6714969538152218,0.2639767974615097,0.2535008415579796,0.14038486778736115,0.02382932510226965,0.11265994608402252,0.6237499415874481,0.1189679242670536,0.6231021165847779,0.4245349168777466
66,446.617032289505,1.106071624904871,0.2706368982791901,0.23269646863142648,0.21077499091625213,0.9775598367055257,0.019967229664325715,0.0986011266708374,0.013621367638309796,0.11996723115444183,0.7759095251560211,0.654208816587925,0.26105159521102905,0.22290478646755219,0.1408524140715599,0.02375902235507965,0.11235107481479645,0.624919980764389,0.11908569559454918,0.8295725017786026,0.42481106519699097
67,453.75890731811523,1.1027018968869622,0.2700315435727437,0.23233044942220052,0.212094576160113,0.9735719760258993,0.019855141143004098,0.09827249596516291,0.013580794942875703,0.11985514263312022,0.7721328020095826,0.6714321412146091,0.25810785591602325,0.25381679087877274,0.14320794492959976,0.02382094692438841,0.11230472847819328,0.6305198967456818,0.11898059397935867,0.8305637776851654,0.42756467685103416
68,460.724897146225,1.0969713126386826,0.26896973450978595,0.23078756233056386,0.21334033211072287,0.9649819811185201,0.02004117767016093,0.09836395333210628,0.01356180760388573,0.12004117916027705,0.7340418537457783,0.6883685141801834,0.27407780289649963,0.25566068291664124,0.14323018491268158,0.023769626393914223,0.11202763393521309,0.6338063180446625,0.11892101541161537,0.7214769661426544,0.4289307929575443
69,467.71512031555176,1.1000611200734662,0.26820393403371173,0.23334059715270997,0.21400303443272908,0.967587947845459,0.019814289112885793,0.09902695367733637,0.013543701140830915,0.11981429060300192,0.8655310928821563,0.6605757027864456,0.26659683883190155,0.21114009618759155,0.14420440793037415,0.023683576844632626,0.11173103377223015,0.6330348551273346,0.11933192610740662,0.8392263203859329,0.42824846133589745
70,474.741738319397,1.0908165521919728,0.2656986465056737,0.2254646251598994,0.2146380364894867,0.9654176950454711,0.01996196707089742,0.09810032000144323,0.01354217305779457,0.11996196856101354,0.808805008729299,0.6639213860034943,0.26732245087623596,0.21964353322982788,0.14338858425617218,0.02357994019985199,0.11143318563699722,0.6326034665107727,0.11890479549765587,0.7162097573280335,0.4277349188923836
71,481.57166934013367,1.0892615048525234,0.2676362713177999,0.23329812089602153,0.21472562154134114,0.9494234244028728,0.02003190020720164,0.0983760083715121,0.013492900598794221,0.12003190169731776,0.7906865954399109,0.6654483936727047,0.2569684311747551,0.24445921927690506,0.14312517642974854,0.023808295838534832,0.11172040179371834,0.6297459006309509,0.11910998821258545,0.7589837610721588,0.4265933521091938
72,488.467657327652,1.0781934762722813,0.26497373580932615,0.22284165819485982,0.2158640335003535,0.9459018071492513,0.020070203145345054,0.09760240266720453,0.01347801008572181,0.12007020463546117,0.7047114292780559,0.6404692642390728,0.2562308833003044,0.20164746791124344,0.14170732349157333,0.02352089434862137,0.11102844774723053,0.6280193626880646,0.11947253718972206,0.7359338581562043,0.4250381290912628
73,495.34169912338257,1.0778649100024873,0.2685894032319387,0.22437285184860228,0.2139633109172185,0.939407217502594,0.020071125030517577,0.09696794847647348,0.013451223634183407,0.1200711265206337,0.7931954026222229,0.6720581389963627,0.2597818374633789,0.2441018894314766,0.14511267840862274,0.023787902668118477,0.11131398007273674,0.6347185671329498,0.11928978189826012,0.8203517913818359,0.42867326363921165
74,502.1200203895569,1.0754211126904314,0.26055137316385907,0.2235466182231903,0.21823837558428447,0.9491860071818033,0.02013036956389745,0.09729883323113124,0.013444826534638802,0.12013037105401357,0.8638113896052043,0.6595687344670296,0.26793643832206726,0.2084989994764328,0.14369139820337296,0.02355656959116459,0.11085726320743561,0.6300950646400452,0.1192643791437149,0.8900582790374756,0.4259047955274582
75,508.88584542274475,1.0642331894914,0.2675258825222651,0.21998177866141003,0.21652701894442242,0.9204242626825968,0.020173229773839316,0.09637793203194936,0.013393982065220673,0.12017323126395543,0.7834509452184041,0.6636701039969921,0.2666194438934326,0.21400552242994308,0.14502394944429398,0.023677277378737926,0.11080772802233696,0.6355118155479431,0.11959990113973618,0.7483995497226715,0.4285636357963085
76,515.7322332859039,1.0623179073329083,0.26290433704853056,0.22093423704306284,0.21737074851989746,0.9241596460342407,0.020131725569566092,0.0965286319454511,0.013376251887530088,0.12013172705968221,0.7679108381271362,0.6483298726379871,0.2625407353043556,0.20408239215612411,0.14187397062778473,0.0236037103459239,0.11046517267823219,0.6268830597400665,0.1197294108569622,0.7344007015228271,0.42390670254826546
77,522.5485491752625,1.0612445301686724,0.2630094190438588,0.22067268788814545,0.21750738521416982,0.9220314621925354,0.020262476801872254,0.09649770210186641,0.013371093943715096,0.12026247829198837,0.8429041504859924,0.6445567458868027,0.25868916511535645,0.2023133635520935,0.14235544949769974,0.023795918561518192,0.11067976802587509,0.6276542544364929,0.11962681263685226,0.8719807744026185,0.42450689524412155
78,529.3455822467804,1.0569935110358832,0.26299187342325847,0.2195009489854177,0.2189263015985489,0.9138992746671041,0.02019568979740143,0.0966551865140597,0.013337834893415371,0.12019569128751754,0.7922990043958028,0.6586302705109119,0.2555718719959259,0.22974751144647598,0.14409232139587402,0.023717871867120266,0.1103716716170311,0.6313949227333069,0.11953932791948318,0.8003729522228241,0.42606913298368454
79,536.1413562297821,1.0645452601912742,0.26070990463097893,0.2288103759288788,0.21834322512149812,0.9245136221249898,0.020259871582190194,0.09660209516684214,0.013366012182086707,0.12025987307230632,0.8816988110542298,0.6514701582491398,0.24939021468162537,0.2268717959523201,0.14432202279567719,0.023312787525355816,0.10949834808707237,0.6316790878772736,0.11945823952555656,0.9577401459217072,0.42533789202570915
80,543.0323383808136,1.0575353241952448,0.2599282652139664,0.220557431379954,0.21999976833661397,0.9222841382026672,0.020236705740292866,0.09603546410799027,0.013313469601174195,0.12023670723040898,1.0339140137036642,0.6693553887307644,0.261327788233757,0.23457001894712448,0.14537129551172256,0.023696333169937134,0.1100257933139801,0.6336633265018463,0.11977951973676682,1.0998219966888427,0.42685745656490326
81,549.8347342014313,1.0486916405459246,0.2630795071522395,0.2182284434636434,0.219667848944664,0.9021398504575093,0.020404783884684245,0.09563330113887787,0.013281399508317311,0.12040478537480036,1.0427521427472433,0.6532183066010475,0.2534892112016678,0.2098303586244583,0.1474069580435753,0.023638400249183178,0.10972189158201218,0.6386629939079285,0.1196000762283802,1.0515845477581025,0.4290533885359764
82,556.8117852210999,1.0458963878957244,0.2629423181215922,0.21836379965146382,0.21862088839213054,0.8960372924804687,0.020428221424420676,0.09584471335013707,0.013252667151391506,0.1204282229145368,0.8448995431264241,0.6369998604059219,0.2514497637748718,0.1975468397140503,0.14338833838701248,0.023424223996698856,0.10921923071146011,0.6274558901786804,0.11972545459866524,0.8519628703594208,0.4229471758008003
83,563.5735464096069,1.0437706386670471,0.2631411969661713,0.21432379285494488,0.21803751091162363,0.8943008621533711,0.020395452280839284,0.09616431643565496,0.013246579188853502,0.12039545377095541,0.9079407533009847,0.6454211808741093,0.2585247904062271,0.19802723079919815,0.14394138753414154,0.023326747119426727,0.10892373695969582,0.6304082572460175,0.11977614462375641,0.9714273750782013,0.42412786558270454
84,570.3437142372131,1.0333806573917779,0.2625359167655309,0.20720545550187427,0.21910632054011028,0.8857206861178081,0.020484915872414907,0.09512332578500111,0.013212865560005109,0.12048491736253103,0.7438476006189982,0.6594238504767418,0.25342925637960434,0.22314807772636414,0.1472102776169777,0.023385731503367424,0.10886044427752495,0.6388874053955078,0.11981648579239845,0.7702604770660401,0.42830414697527885
85,577.1627571582794,1.03962455385287,0.2588617424170176,0.2183348298072815,0.21964532236258189,0.8915868918100993,0.020600638290246328,0.09577954014142355,0.013186758446196715,0.12060063978036245,0.841312841574351,0.6479626335203648,0.24919237941503525,0.20601698011159897,0.14788088202476501,0.02340567111968994,0.10871467366814613,0.6383979916572571,0.1196829080581665,0.9077013194561004,0.4279136694967747
86,583.9303994178772,1.036411421385128,0.26036840975284575,0.22077454725901285,0.22009397347768148,0.8824745814005533,0.020573132236798606,0.09507280786832174,0.013179095648229121,0.12057313372691472,0.8363135099411011,0.653043270111084,0.2563139423727989,0.19707371294498444,0.14909623563289642,0.02336782217025757,0.10847651585936546,0.6429262459278107,0.12004312872886658,0.8721346318721771,0.4299396388232708
87,590.7629632949829,1.0278496137393327,0.259516516327858,0.20869641304016112,0.21981141368548077,0.8794268449147542,0.020661511520544688,0.09499291976292928,0.013158156008770069,0.1206615130106608,0.8926851789156596,0.646482340991497,0.25038670003414154,0.20659391582012177,0.1463993415236473,0.023395773023366928,0.10836365073919296,0.6337779462337494,0.11998442187905312,0.9105315029621124,0.42525262385606766
88,597.5706732273102,1.026472305036926,0.26038495103518167,0.21039355397224427,0.22031835516293843,0.8700665314992269,0.020632323125998178,0.09576801210641861,0.013155325936774412,0.1206323246161143,0.7843694388866425,0.6416516862809658,0.24645698815584183,0.19918391853570938,0.14780136942863464,0.02321865502744913,0.10789011791348457,0.6383767127990723,0.11979556083679199,0.785509005188942,0.4270784743130207
89,604.4059331417084,1.0261829647856453,0.26123674313227335,0.2074282209078471,0.22014791270097098,0.8739387114842733,0.020660318434238434,0.09497569650411605,0.013109354488551616,0.12066031992435455,1.149825938542684,0.6458805315196514,0.25316210836172104,0.20088902860879898,0.14613695442676544,0.023269866593182087,0.10784393921494484,0.6337631940841675,0.12023117765784264,1.1786358594894408,0.4247255362570286
90,611.462414264679,1.0301131599699147,0.25920445124308267,0.21673908531665803,0.22073221703370413,0.8762787262598674,0.020732582608858744,0.09499716460704803,0.01310635448123018,0.12073258409897486,1.1362616101900735,0.65720459446311,0.2519969195127487,0.22233178466558456,0.14702089130878448,0.023136856965720654,0.10748622566461563,0.637725830078125,0.12003691121935844,1.0799254834651948,0.42634914070367813
91,618.4201951026917,1.0258224667205165,0.2607371668020884,0.21731909215450287,0.22016342381636303,0.8659126877784729,0.020800996820131937,0.09454438984394073,0.013091908674687147,0.12080099831024806,1.113043721516927,0.6471371650695801,0.25274503231048584,0.20125740766525269,0.14688171446323395,0.023404882289469242,0.10780106857419014,0.6343676447868347,0.12004255130887032,1.152196729183197,0.4249848909676075
92,625.2528672218323,1.0184544544589396,0.26184484163920085,0.20688610871632893,0.22052108744780222,0.8586721102396647,0.02086496204137802,0.0946935663620631,0.013058503748228152,0.12086496353149415,1.0857229510943094,0.6499655991792679,0.2574678957462311,0.20264649391174316,0.1455872282385826,0.023291660472750664,0.10738867148756981,0.6314809918403625,0.1202145516872406,1.1000355899333953,0.4231291674077511
93,632.0175471305847,1.0220455367389756,0.2618543525536855,0.21282190978527069,0.21993009249369302,0.8597086985905965,0.020911457141240437,0.094759797056516,0.01305032984043161,0.12091145863135656,1.101981516679128,0.6529544554650784,0.2586079090833664,0.20921548455953598,0.14486940205097198,0.02323673479259014,0.10714362561702728,0.6310964524745941,0.12030930072069168,1.0589035212993623,0.42269185185432434
94,638.8257551193237,1.014076219246878,0.26124992271264397,0.20529712736606598,0.22105007966359455,0.854563836256663,0.020946612457434337,0.09418214261531829,0.013021311194946369,0.12094661394755045,1.0542873024940491,0.6445212922990322,0.25496385246515274,0.1912667527794838,0.1469620317220688,0.023323671892285347,0.10709577053785324,0.6337268948554993,0.12054780498147011,1.0680641770362853,0.4239592179656029
95,645.6532611846924,1.015105820610188,0.2584765444199244,0.21199649274349214,0.2219963918129603,0.8539358456929524,0.02095610797405243,0.09451667865117391,0.01301371284450094,0.12095610946416854,1.024114934603373,0.6543338149785995,0.2518392950296402,0.2031794786453247,0.1504523903131485,0.02312115579843521,0.10661538317799568,0.6449606120586395,0.12028203904628754,1.0554295897483825,0.42909568920731544
96,652.4244673252106,1.009304025187157,0.25831952889760335,0.2094223568836848,0.2223802556594213,0.8465429544448853,0.020987248917420705,0.09416125466426213,0.012984549657752116,0.12098725040753683,0.9500051776568095,0.6427464745938778,0.252713680267334,0.19461380690336227,0.14636294543743134,0.02319780644029379,0.10655825957655907,0.6333360373973846,0.12052304297685623,0.8579604029655457,0.4232262782752514
97,659.2316133975983,1.0100811125943436,0.2611586759487788,0.21004714965820312,0.2212510287761688,0.8415685613950094,0.021090763807296752,0.09424633433421453,0.013009515932450692,0.12109076529741288,1.09843909740448,0.6457585208117962,0.2545887157320976,0.19381875544786453,0.14713021367788315,0.023415084928274155,0.10680944100022316,0.6369063258171082,0.12063528969883919,1.2774528980255127,0.42526260390877724
98,666.0065522193909,1.0025822102363842,0.26131800810496014,0.20140796105066935,0.22120899458726248,0.8366040666898091,0.021160806218783062,0.09380630205074945,0.012961936369538306,0.12116080770889918,0.9865383942921956,0.6656438559293747,0.2632751315832138,0.21293994784355164,0.14794937521219254,0.02307405322790146,0.10600810125470161,0.6381981670856476,0.12063296511769295,0.9958846092224121,0.4251071847975254
99,672.808431148529,1.0067185459968944,0.2617717077334722,0.20545525352160135,0.22153443495432537,0.838570253054301,0.021173663437366486,0.094125264386336,0.012955313051740329,0.1211736649274826,1.0583644072214762,0.648829460144043,0.25592371821403503,0.1901639997959137,0.14891187101602554,0.022974404506385326,0.1057262048125267,0.6426794528961182,0.12082665041089058,1.0509174346923829,0.4270659312605858
100,679.6090643405914,1.0082978681234331,0.259251939256986,0.2129689653714498,0.22180971999963126,0.8396064281463623,0.02125916729370753,0.09400392174720765,0.012932270579040051,0.12125916878382365,1.0071147421995799,0.6650689542293549,0.2567746266722679,0.2252417951822281,0.14783671498298645,0.023137872107326984,0.10579168796539307,0.6378090679645538,0.12057826668024063,0.9940067738294601,0.42469622194767
101,686.4147961139679,1.001364051445853,0.2598112960656484,0.20620480080445608,0.22191067437330883,0.8302062392234802,0.0212851549188296,0.09428611795107524,0.012942360900342464,0.12128515640894572,0.995478363831838,0.6708911396563053,0.2660735547542572,0.21639228612184525,0.14831072092056274,0.022898648865520954,0.10533274710178375,0.6362009346485138,0.12087832391262054,1.0688751995563508,0.42343321442604065
102,693.243063211441,1.0017453347255165,0.258942707379659,0.21460300783316294,0.22259956002235412,0.8256691098213196,0.02133739988009135,0.09390179763237635,0.01289544099320968,0.12133740137020747,1.0018869837125142,0.6475489512085915,0.25440680980682373,0.1899065226316452,0.14909444004297256,0.02326829358935356,0.10573146864771843,0.6406129598617554,0.12080636247992516,1.0266656637191773,0.4260379485785961
103,700.0485513210297,0.9970683876813079,0.2581977993249893,0.20835583408673605,0.22283223271369934,0.8250293095906576,0.02139301151037216,0.09363130529721578,0.01290458015476664,0.12139301300048828,0.9686015168825786,0.6478324979543686,0.2468659207224846,0.20336176455020905,0.14964284747838974,0.02316311188042164,0.10546767711639404,0.6395463347434998,0.12091308832168579,1.0021412312984466,0.4252408444881439
104,706.8247973918915,0.9959569186205044,0.25376419524351757,0.21112739046414694,0.22416792511940004,0.8281937599182129,0.021512477099895476,0.09371523459752401,0.01285773478448391,0.1215124785900116,0.8398797631263732,0.6422979421913624,0.25023645907640457,0.19170307368040085,0.1481049731373787,0.023155766539275646,0.1052074171602726,0.6376549899578094,0.12121523916721344,0.8463344633579254,0.4240349121391773
105,713.6219682693481,0.9962241460530398,0.25925833781560265,0.208351531624794,0.22280769248803456,0.8202159841855367,0.021612846354643504,0.09383347630500793,0.012852674536406993,0.12161284784475962,1.119832444190979,0.6505506448447704,0.2598263695836067,0.19124985486268997,0.14754967391490936,0.02323149051517248,0.10520891100168228,0.6375566720962524,0.1210920624434948,1.0646561145782472,0.4239872470498085
106,720.381076335907,0.9942810714322453,0.25880588392416637,0.20927325884501138,0.22187689443429312,0.8170351346333822,0.021540796260039012,0.09371262341737747,0.012917749956250191,0.12154079775015512,0.9924988746643066,0.6603078618645668,0.2516883388161659,0.21336990594863892,0.1509672850370407,0.022823575884103775,0.1044701598584652,0.6461615264415741,0.12105212733149529,0.9707276105880738,0.42755092307925224
107,727.2055144309998,0.9904376961795303,0.25678795476754507,0.20519634286562602,0.22298867404460906,0.8160421490669251,0.0216269517938296,0.09399874558051427,0.0128043409747382,0.12162695328394572,0.9099668820699056,0.6632468849420547,0.2552531510591507,0.2143080234527588,0.15041986107826233,0.02316652052104473,0.10477781668305397,0.644731193780899,0.12101852893829346,0.8985808849334717,0.4271434135735035
108,733.9941701889038,0.9878819055389613,0.26034320890903473,0.2027729441722234,0.22153522670269013,0.8071142594019572,0.02171386530001958,0.0938318207859993,0.012806545632580916,0.1217138667901357,0.9971580227216085,0.6570967212319374,0.2555636093020439,0.19816136360168457,0.1512262150645256,0.02305662538856268,0.10445928946137428,0.6460185945034027,0.12112310528755188,0.96354940533638,0.42746858671307564
109,740.7726292610168,0.9939983228299146,0.258950329820315,0.20656746129194895,0.22213788231213888,0.8167689601580302,0.021723414460817974,0.09419367214043935,0.01277965884655714,0.1217234159509341,1.1798007249832154,0.6832417398691177,0.2532370984554291,0.2532370984554291,0.15169304609298706,0.023093477822840214,0.1042933352291584,0.6461122930049896,0.12103922665119171,1.2923820793628693,0.4273494817316532
110,747.564531326294,0.9909892068205711,0.25604870915412903,0.20388491451740265,0.22308206756909688,0.8202042023340861,0.021798284351825715,0.09388678322235743,0.012766662581513325,0.12179828584194183,1.3529303113619486,0.6639992445707321,0.25938721746206284,0.19086597859859467,0.15458951890468597,0.023078721947968006,0.1041712649166584,0.6527421176433563,0.12138340622186661,1.4320266664028167,0.43054232373833656
111,754.3637113571167,0.9852655442547984,0.2608931750059128,0.20110987226168314,0.2211705227692922,0.8041392763455709,0.021900064249833425,0.09338372896114985,0.012755076959729194,0.12190006573994955,1.2480148553848267,0.6467532180249691,0.251237154006958,0.18960564583539963,0.15035662055015564,0.022951282560825348,0.1037009246647358,0.6426312327384949,0.12138991802930832,1.3307226836681365,0.42501654103398323
112,761.1718950271606,0.9797240318187203,0.257585405309995,0.19735454817612966,0.2226827690998713,0.8032858411471049,0.022006726264953612,0.09331805855035782,0.01273785059650739,0.12200672775506974,1.086725507179896,0.6630600206553936,0.2573331668972969,0.21290478855371475,0.14963722974061966,0.022990147583186626,0.10365763679146767,0.6413582563400269,0.12145205587148666,1.032981166243553,0.4243367649614811
113,768.1863641738892,0.987782331839359,0.2573821077744166,0.20890240867932638,0.22295826971530913,0.80722043911616,0.021999237934748332,0.0935674195488294,0.012723495345562696,0.12199923942486444,1.0974108179410298,0.6710895076394081,0.2442535012960434,0.2442535012960434,0.1523546278476715,0.022993757389485836,0.10349798575043678,0.6485639810562134,0.1215527318418026,1.0727203905582428,0.4277799762785435
114,775.095929145813,0.9842606106229748,0.2522200455268224,0.2057298908631007,0.22406324644883474,0.8124194184939066,0.022134168446063994,0.09379301319519678,0.012709874504556259,0.12213416993618012,1.1382172226905822,0.6505143381655216,0.25041093677282333,0.18983807414770126,0.15259218215942383,0.022923379205167294,0.10324326530098915,0.6500374376773834,0.12160412222146988,1.1490322291851043,0.42826198413968086
115,781.8754513263702,0.9810913627889628,0.25279313226540884,0.20557812849680582,0.22390330930550892,0.8076494574546814,0.02214539796113968,0.09315893848737081,0.012690242705866694,0.1221453994512558,0.863749623298645,0.6483366303145885,0.24451803416013718,0.19913644343614578,0.15212518721818924,0.022650020197033882,0.10255542024970055,0.6477356851100922,0.12162121012806892,0.8795400857925415,0.42642326280474663
116,788.6965560913086,0.9808340749936179,0.2594775289297104,0.2051210234562556,0.22266892393430074,0.7913102547327677,0.022241317729155222,0.09392371426026026,0.012706300243735313,0.12224131921927134,1.0255676229794821,0.6653621941804886,0.25138185173273087,0.21495522558689117,0.15325136482715607,0.022882601246237755,0.10283118113875389,0.6475272178649902,0.12184029445052147,1.0274986267089843,0.426594790071249
117,795.48788022995,0.9796640110279744,0.25657529234886167,0.2074405590693156,0.2221298376719157,0.7954080820083618,0.022373479108015695,0.09318191309769948,0.012672326030830542,0.12237348059813181,0.949939888715744,0.6638898849487305,0.24196857213974,0.24196857213974,0.15046851336956024,0.022866317071020603,0.10264376550912857,0.6440420150756836,0.12175711616873741,0.9763358503580093,0.42466477304697037
118,802.3442962169647,0.9769708295430367,0.2539053191741308,0.20140776137510935,0.22397879958152772,0.7996864557266236,0.022349879642327628,0.09352393448352814,0.012651416286826134,0.12234988113244374,1.020937152703603,0.6602396741509438,0.25505006313323975,0.1886688619852066,0.15542759001255035,0.022893130779266357,0.10257493332028389,0.6542366147041321,0.12191563099622726,1.068131536245346,0.42969324067234993
119,809.1212379932404,0.9731934856584606,0.256052506963412,0.20177309811115265,0.22387775778770447,0.7885385076204936,0.022420028348763783,0.09324595381816228,0.012636463002612194,0.12242002983887991,0.8859625379244487,0.6675143614411354,0.25909414887428284,0.20427633821964264,0.15314102172851562,0.022832815535366535,0.10221990197896957,0.650393545627594,0.1220441572368145,0.8397354543209076,0.42741667479276657
120,815.9311423301697,0.9784011926346768,0.2548038313786189,0.20596052209536234,0.22399205565452576,0.7970926483472188,0.022517305115858713,0.09325880855321884,0.012635386921465397,0.12251730660597483,1.2322032610575357,0.6531899608671665,0.24282138794660568,0.21424420922994614,0.15162323415279388,0.022690998390316963,0.10203507915139198,0.6442515254020691,0.12219709157943726,1.2621142864227295,0.42416084185242653
121,822.7380263805389,0.980539269085663,0.25198463996251425,0.20930403769016265,0.22523157199223837,0.8032639424006144,0.022657007972399393,0.09326263368129731,0.012624772203465303,0.12265700946251551,1.2270570794741313,0.6431975215673447,0.244958333671093,0.18788282573223114,0.15214888751506805,0.022843848913908005,0.10196356102824211,0.6487873792648315,0.12229887396097183,1.213579672574997,0.4263572506606579
122,829.5468380451202,0.9718609111305947,0.25559157331784566,0.19743585089842478,0.22404481569925944,0.792380936940511,0.02273621807495753,0.09284897098938624,0.012602730623135964,0.12273621956507365,1.3215953588485718,0.6662486866116524,0.2570752277970314,0.20227530598640442,0.15401790291070938,0.022801670245826244,0.10174567997455597,0.6513883769512177,0.12228004261851311,1.3328680992126465,0.4274398684501648
123,836.3603672981262,0.9767162444962499,0.25523240864276886,0.2070496251185735,0.22314371665318808,0.7919921239217123,0.022850692768891654,0.09316732635100683,0.012590548566853007,0.12285069425900777,1.3183251341183981,0.6528017818927765,0.24519716203212738,0.20067650079727173,0.15363318473100662,0.022739802487194538,0.1014738604426384,0.6513863205909729,0.12229939550161362,1.2951654016971588,0.42716702073812485
124,843.1478090286255,0.9711626720110265,0.25312336087226867,0.204116353392601,0.22542592187722524,0.7885870933532715,0.02280718137820562,0.09292765359083811,0.012574017513543367,0.12280718286832173,1.1172565539677939,0.6596987806260586,0.24843299388885498,0.20097707957029343,0.15538862347602844,0.02275603637099266,0.10136004909873009,0.655560702085495,0.12228899449110031,1.1472880840301514,0.4291404001414776
125,849.9646191596985,0.9753758241267254,0.25212637583414715,0.20675137341022493,0.22433210611343385,0.795132593313853,0.022896591325600943,0.0932680313785871,0.012599281935642163,0.12289659281571706,1.1958422183990478,0.6520994640886784,0.24501048028469086,0.2010502591729164,0.15328192710876465,0.02240568771958351,0.10070144757628441,0.650258868932724,0.12245070934295654,1.1423731684684753,0.4258308820426464
126,856.764267206192,0.9629871833603829,0.25492689311504363,0.1962191919485728,0.22308524052302042,0.7749665776888529,0.023074921468893686,0.09336733669042588,0.012578313673535983,0.1230749229590098,0.8901224215825398,0.6559248939156532,0.2516050487756729,0.1864822655916214,0.1555393561720848,0.023086823523044586,0.10164623335003853,0.6548109948635101,0.12271536886692047,0.938329666852951,0.4290517307817936
127,863.5703783035278,0.9678714127861895,0.2552926192680995,0.2034219890832901,0.22382800082365673,0.778555158774058,0.023109862705071767,0.09288184096415837,0.012591998372226954,0.12310986419518789,1.242142105102539,0.6589254625141621,0.25142650306224823,0.20258498936891556,0.15310323238372803,0.02276933193206787,0.10125608742237091,0.6498985588550568,0.12237188220024109,1.3365849256515503,0.4262053668498993
128,870.416520357132,0.9668109001514191,0.2544901718695958,0.1992011974255244,0.22388170957565307,0.7802076021830241,0.02322927216688792,0.09336519340674082,0.012554328205684822,0.12322927365700403,1.1814602136611938,0.6668410710990429,0.25715743750333786,0.1981385424733162,0.15530718117952347,0.023125062696635723,0.10136721655726433,0.6554976403713226,0.12284889072179794,1.1885482370853424,0.42911603674292564
129,877.2737281322479,0.967655491468031,0.25639272630214693,0.20702242553234101,0.2227382798989614,0.7714531143506368,0.02328602224588394,0.09311499347289404,0.012521138306086262,0.12328602373600006,1.1129088679949442,0.6576179601252079,0.24411695450544357,0.20083289593458176,0.15654227882623672,0.022978179156780243,0.10098851099610329,0.6578878462314606,0.12279854714870453,1.1098424196243286,0.4299324341118336
130,884.0871093273163,0.965249702866034,0.25389613409837086,0.20515387157599133,0.2240417997042338,0.7746462663014729,0.02341373562812805,0.09273223380247751,0.012519780018677314,0.12341373711824417,1.1637070854504903,0.6594766899943352,0.24690689891576767,0.20082533359527588,0.15607856214046478,0.022632652893662453,0.1002117432653904,0.656993567943573,0.12304123491048813,1.122854197025299,0.4287085272371769
131,890.9281752109528,0.963198751634142,0.2551111648480097,0.20464486678441365,0.2233567347129186,0.7668194015820821,0.02351442873477936,0.09319369345903397,0.012501102934281031,0.12351443022489547,1.0240584135055542,0.6586042568087578,0.24507932364940643,0.20085839927196503,0.15654786676168442,0.022630133666098118,0.10019450634717941,0.6568390727043152,0.12283255532383919,1.0486578106880189,0.428614042699337
132,897.7563850879669,0.9639402696552376,0.24979363481203715,0.20440879066785175,0.22472567160924276,0.7788334846496582,0.023552894592285156,0.09320180267095565,0.012485887265453736,0.12355289608240128,0.9267442703247071,0.6731657348573208,0.2529050037264824,0.21045321971178055,0.15751706063747406,0.02258287463337183,0.0999528206884861,0.6608804762363434,0.12295474112033844,0.922596937417984,0.4303930588066578
133,904.6045570373535,0.9557843333381849,0.255344228943189,0.19852947195370993,0.22421221037705738,0.756549088160197,0.02367078810930252,0.09338102986415227,0.012547807504112522,0.12367078959941864,1.0085638403892516,0.6641668006777763,0.24664347618818283,0.20219236612319946,0.1582135707139969,0.023154770955443382,0.10074920579791069,0.6619448959827423,0.12340977042913437,0.9547603130340576,0.43172165378928185
134,911.4525182247162,0.9564617946588745,0.25373020966847737,0.19786373376846314,0.2240351249774297,0.7640920996665954,0.023876897990703583,0.09276978125174841,0.012480870882670084,0.1238768994808197,0.9291854580243428,0.6611821204423904,0.2552395835518837,0.1884797066450119,0.1558513417840004,0.022789676673710346,0.09992392361164093,0.656204879283905,0.12324445694684982,0.8994511663913727,0.42802636325359344
135,918.2572782039642,0.9557444637369675,0.2564312547445297,0.20007182757059733,0.22300854027271272,0.7559110720952352,0.02384483317534129,0.09261511713266372,0.012455036025494337,0.12384483466545741,1.1456042130788167,0.655606634914875,0.24957175552845,0.1938975304365158,0.15454305708408356,0.02279616054147482,0.09986400976777077,0.6543146371841431,0.1236279308795929,1.1067081272602082,0.4270213283598423
136,925.451877117157,0.9597806043146799,0.2517138242721558,0.20303988158702851,0.2243519753217697,0.768903640906016,0.02403965840737025,0.09288616180419922,0.012451162561774254,0.12403965989748637,1.0146087209383647,0.6566175259649754,0.2480730563402176,0.1898970678448677,0.15679796785116196,0.022807319648563862,0.09972812235355377,0.6607653796672821,0.1234506368637085,1.0211224377155304,0.4301108121871948
137,932.3988552093506,0.9586825881386176,0.25310864945252737,0.20170103510220846,0.22301281094551087,0.7647816022237142,0.0241379643479983,0.09304687331120173,0.012457319969932238,0.12413796583811441,1.2420024712880453,0.6456198617815971,0.2410033792257309,0.18748582899570465,0.15543678402900696,0.022660186514258385,0.099317517131567,0.6571057140827179,0.12379882857203484,1.2877747356891631,0.42787037417292595
138,939.2615041732788,0.9569241141667589,0.25318030416965487,0.19541997810204823,0.2240634799003601,0.767120897769928,0.024105792740980785,0.09307405998309454,0.012440075259655714,0.1241057942310969,1.3394083778063457,0.65340481325984,0.2475709468126297,0.18459229916334152,0.15676885843276978,0.022492853924632072,0.0991528369486332,0.6612724959850311,0.12373831495642662,1.330215585231781,0.42978908494114876
139,946.0495181083679,0.9527196533434714,0.25275052388509117,0.19996022482713063,0.22331104278564454,0.7560646653175354,0.024225367108980815,0.09282579819361368,0.01240868450452884,0.12422536859909693,1.0844093004862467,0.6571941711008549,0.2491026297211647,0.19065966457128525,0.15638085454702377,0.022594650276005268,0.09903442114591599,0.6594427525997162,0.12367460876703262,1.1303206205368042,0.4287557974457741
140,952.864913225174,0.9545016074941183,0.2536924332380295,0.20186404089132945,0.22356782058874766,0.7547832210858663,0.024353458980719247,0.09304482887188593,0.012415776153405507,0.12435346047083537,1.2216044187545776,0.6533018127083778,0.24355649203062057,0.18781238794326782,0.15791956335306168,0.022698624059557915,0.09902634471654892,0.6616518199443817,0.12413614988327026,1.267160952091217,0.4298522546887398
141,959.6573240756989,0.9541903542393508,0.25220100581645966,0.20414234697818756,0.22355770866076152,0.7552602489789327,0.024560709297657014,0.092891164124012,0.012463977544878919,0.12456071078777313,0.9617116411526998,0.6619005240499973,0.2411203533411026,0.2106907144188881,0.15771740674972534,0.022387618198990822,0.09855597093701363,0.6632849872112274,0.12404395639896393,0.939007019996643,0.43019846454262733
142,966.4403531551361,0.9512262958218344,0.25264849166075387,0.198396564523379,0.2241175482670466,0.7535133798917134,0.02465266784032186,0.0930122897028923,0.012401108754177888,0.12465266933043798,1.0396938085556031,0.6724582277238369,0.2549929544329643,0.2068113461136818,0.15702980011701584,0.022956786677241325,0.0991881750524044,0.661840945482254,0.12433250620961189,1.157218086719513,0.4301086477935314
143,973.2184252738953,0.9529129382610942,0.25336694220701855,0.20634507139523825,0.22314652999242146,0.7485068678855896,0.024819931387901305,0.09276873668034871,0.01238613398745656,0.12481993287801743,1.1520480871200562,0.6571565121412277,0.24450360238552094,0.19062849879264832,0.15866933017969131,0.022815028205513954,0.09879719838500023,0.6612110137939453,0.12439627572894096,1.1424872517585754,0.4294027052819729
144,980.0677042007446,0.9507809644836622,0.253225772579511,0.19960006177425385,0.2236646314462026,0.7520616968472799,0.024869355062643688,0.09253242661555608,0.012388756001989047,0.12486935655275981,1.326284929116567,0.6408598124980927,0.23602285236120224,0.18279634416103363,0.1567193940281868,0.022723808884620667,0.0986667349934578,0.6586079597473145,0.12452717870473862,1.308978646993637,0.427970714867115
145,986.8151171207428,0.9532664683686259,0.24982284009456635,0.20456417699654897,0.22521618902683258,0.7586872577667236,0.024983504911263783,0.09247565021117528,0.012355007231235504,0.12498350640137991,1.4593745072682698,0.6538095623254776,0.2445964738726616,0.18825139105319977,0.15754369646310806,0.02275931555777788,0.09845562279224396,0.6622745394706726,0.12466726824641228,1.4825839400291443,0.42959289252758026
146,993.6602082252502,0.948559258521224,0.25072838068008424,0.20282219648361205,0.22359524766604105,0.7502816796302796,0.02518049975236257,0.09223846147457758,0.012348274700343609,0.12518050124247868,1.2148406147956847,0.658570010215044,0.2438204064965248,0.20624210685491562,0.1558142751455307,0.022787929512560368,0.09826331958174706,0.6554585099220276,0.1246597170829773,1.2427040755748748,0.42599257454276085
147,1000.4770390987396,0.9512013201795829,0.2509696125984192,0.2084926704565684,0.22295068601767223,0.7465288758277893,0.02520876576503118,0.09298538962999979,0.012338031688705087,0.1252087672551473,1.0836914340655008,0.656941507011652,0.24344750493764877,0.19793929904699326,0.1572621762752533,0.022512651048600674,0.09778755158185959,0.6602186262607574,0.12499691545963287,1.1069639086723329,0.4278968647122383
148,1007.2936522960663,0.9471208666412471,0.25164878567059834,0.1986420750617981,0.22299068371454875,0.7460740009943644,0.02535215864578883,0.09314501186211904,0.012325706627840797,0.12535216013590494,1.0054101983706156,0.6642434485256672,0.2574474662542343,0.18782607465982437,0.15644147247076035,0.022432588040828705,0.09751354530453682,0.6602469980716705,0.12488142028450966,1.06755074262619,0.4276370443403721
149,1014.09725522995,0.9435844366399881,0.2560888061920802,0.1986811468998591,0.2218417038520177,0.732601010799408,0.02543880045413971,0.09255117823680242,0.012324130504081647,0.12543880194425583,1.2628056367238363,0.6543445624411106,0.2438499704003334,0.19086002558469772,0.15753228962421417,0.022639447823166847,0.09771590307354927,0.6601011455059052,0.1252484992146492,1.20837299823761,0.42776647582650185
150,1020.8974852561951,0.9408882632579965,0.2520795464515686,0.19630549252033233,0.22261889080206554,0.7393067002296447,0.025659177700678507,0.09203085402647654,0.012329468596726656,0.12565917919079464,1.122282290458679,0.6597763225436211,0.2440057098865509,0.19848106801509857,0.15826503932476044,0.02277299202978611,0.0978529155254364,0.6634492576122284,0.12529947608709335,1.1456427812576293,0.4295775443315506
151,1027.7546601295471,0.9466473094963779,0.25358312924702964,0.20511663258075713,0.22212171057860056,0.7381664991378785,0.025848794480164847,0.09221853017807007,0.012326552998274565,0.12584879597028095,1.2290983637173971,0.6665433496236801,0.2462717443704605,0.21223995089530945,0.15707581490278244,0.022459079511463642,0.09723341464996338,0.6606340110301971,0.12545520812273026,1.1400829672813415,0.42755042016506195
152,1034.592847108841,0.9397469479047383,0.251826665798823,0.19435094396273295,0.22256904045740764,0.7372085611025493,0.025927949945131937,0.09253779004017512,0.012293926455701392,0.12592795143524807,1.0460824251174927,0.6425749063491821,0.23979993909597397,0.1832956224679947,0.1555635780096054,0.02247950341552496,0.09713976457715034,0.6564240455627441,0.12569115310907364,0.9580373227596283,0.4253517873585224
153,1041.4289622306824,0.942785816915178,0.2528780698776245,0.20389901796976725,0.2224927951892217,0.7338509996732075,0.02601215143998464,0.09196706463893255,0.012288334950183829,0.12601215293010076,1.1359302202860515,0.6593011356890202,0.24887020885944366,0.19150496274232864,0.15733922272920609,0.022638458758592606,0.09714395180344582,0.6619118452072144,0.125615693628788,1.2169870257377624,0.428099874407053
154,1048.2029902935028,0.9442231031483971,0.25065469642480215,0.20291155676047007,0.22316910028457643,0.7401745279630025,0.026164602239926657,0.09239056408405304,0.01230016768289109,0.12616460373004276,1.240851636727651,0.6560581140220165,0.24449268728494644,0.1957441046833992,0.15684668719768524,0.022364876233041286,0.09676269441843033,0.6585817635059357,0.12571404874324799,1.149319690465927,0.42605357617139816
155,1055.0132541656494,0.9383454788049372,0.250589652856191,0.2015755593776703,0.2228677491346995,0.7303385337193807,0.026341036458810172,0.09224792569875717,0.012304158695042134,0.1263410379489263,1.1545084396998087,0.6562048941850662,0.2460033819079399,0.184859499335289,0.1588858813047409,0.02286809403449297,0.09734486043453217,0.6660037338733673,0.12587837874889374,1.144460541009903,0.4303467273712158
156,1061.829371213913,0.9372744273510761,0.2520817995071411,0.19610953629016875,0.221806866923968,0.7296318014462789,0.0265023872256279,0.09252483149369557,0.0122694774530828,0.126502388715744,1.1341163158416747,0.6650252863764763,0.24507807940244675,0.20977571606636047,0.15752967447042465,0.022603876888751984,0.09666642546653748,0.6621339023113251,0.12618571519851685,1.1339833557605743,0.4277333766222
157,1068.6873631477356,0.9402562758031612,0.25098648567994436,0.2035376360019048,0.222379606962204,0.7324875831604004,0.026619411508242288,0.09193624506394069,0.012246880121529103,0.1266194129983584,1.219612193107605,0.6486426256597042,0.24277576804161072,0.183746837079525,0.1569967195391655,0.0225894870236516,0.09655311331152916,0.6607074439525604,0.12639706581830978,1.1607720255851746,0.42690683528780937
158,1075.8073332309723,0.9355744625713366,0.2501747637987137,0.19795638620853423,0.22243741452693938,0.7295106530189515,0.02675764908393224,0.09210434556007385,0.012232849933207035,0.12675765057404836,1.118153178691864,0.6538540311157703,0.24593671411275864,0.19167136400938034,0.15604081749916077,0.022502499632537365,0.09631342813372612,0.657692015171051,0.12631254643201828,1.0232029855251312,0.42515943571925163
159,1082.785447359085,0.9433140730310697,0.25072779655456545,0.20591909885406495,0.22249210476875306,0.7349006096522014,0.026935166617234548,0.0923109620809555,0.012251400078336397,0.12693516810735067,1.4332967718442282,0.6843741200864315,0.24524129182100296,0.24524129182100296,0.15825609117746353,0.022286005318164825,0.09591959416866302,0.6646064817905426,0.12649082392454147,1.482838785648346,0.4282228350639343
160,1089.6113121509552,0.9361075524473563,0.2499087045590083,0.19546945889790854,0.22252683142820995,0.7319630146026611,0.027000105877717336,0.09244820425907771,0.012223040716101726,0.12700010736783346,1.2104583064715067,0.6589503139257431,0.24904929846525192,0.19097454845905304,0.15720687061548233,0.022600227035582066,0.09616933390498161,0.6600244641304016,0.1268543004989624,1.1539554595947266,0.4261815659701824
161,1096.4488282203674,0.934111300657969,0.25354819695154823,0.19162680010000865,0.221985192100207,0.7263541420300802,0.027210069199403126,0.09196790953477224,0.012221770143757265,0.12721007068951926,1.4577929337819417,0.6579767465591431,0.24880393594503403,0.18307049572467804,0.158818781375885,0.022700555622577667,0.09639376774430275,0.6656294167041779,0.12696462869644165,1.519985806941986,0.4292084760963917
162,1103.2963461875916,0.9353483968724807,0.25107355415821075,0.19644939204057058,0.22259482642014822,0.7288122375806173,0.027314722537994385,0.09194690535465876,0.01222257014984886,0.1273147240281105,1.4460581143697102,0.659115131944418,0.2404162958264351,0.20915035158395767,0.15706183016300201,0.02230546995997429,0.09550892561674118,0.659103125333786,0.12704066932201385,1.3722036361694336,0.4250604882836342
163,1110.2099912166595,0.9358097992526988,0.24997913539409639,0.19942873517672222,0.22215637763341267,0.7282571077346802,0.027437715729077657,0.09211102177699407,0.012207979305336873,0.12743771721919378,1.4420636574427286,0.6604662351310253,0.24751126021146774,0.20026803761720657,0.15641047805547714,0.02225784119218588,0.09543334320187569,0.659883439540863,0.12730085104703903,1.5008470177650453,0.4253750629723072
164,1117.0431282520294,0.9342353781335987,0.248542923728625,0.20374175210793813,0.22290133237838744,0.7265426834424337,0.02761946568886439,0.09131086071332296,0.012191056894759337,0.1276194671789805,1.3212264855702718,0.6699559241533279,0.25412511080503464,0.20884735882282257,0.155703566968441,0.02257341891527176,0.09567859023809433,0.6568829417228699,0.12741710245609283,1.296977126598358,0.42412006109952927
165,1123.8725380897522,0.9345898083488767,0.25348647832870486,0.20570866564909618,0.22146565914154054,0.7124800562858582,0.02781390796105067,0.09206307381391525,0.01219548173248768,0.1278139094511668,1.3445723255475361,0.6522989012300968,0.24179767072200775,0.19759491831064224,0.15585188567638397,0.022422208450734615,0.0953633189201355,0.659439742565155,0.12745100259780884,1.316992837190628,0.425083190202713
166,1130.6715593338013,0.9297053689563958,0.24966315428415933,0.1962398131688436,0.22305580079555512,0.7222402175267537,0.02796500374873479,0.09134427458047867,0.012170397024601699,0.1279650052388509,1.2323807239532472,0.6541411839425564,0.24529601633548737,0.19004350155591965,0.1569117084145546,0.02250966615974903,0.0953589603304863,0.6594797968864441,0.12762945145368576,1.3378627300262451,0.42509885877370834
167,1137.4774510860443,0.9293033190090986,0.2514243761698405,0.19789610008398692,0.22157646318276722,0.7143545071283977,0.028143660724163057,0.0918497438232104,0.012164511205628514,0.12814366221427917,1.205558681488037,0.6545895598828793,0.24753161519765854,0.20042360574007034,0.15342307090759277,0.02248383965343237,0.09520668908953667,0.6520931124687195,0.12762752920389175,1.2625965476036072,0.4212532453238964
168,1144.3101642131805,0.9249757216932873,0.25093989570935565,0.19299541612466176,0.22232125202814737,0.7133039077123006,0.028286510209242503,0.09134287039438883,0.01216698084026575,0.12828651169935862,1.1227040807406108,0.6531184241175652,0.24569545686244965,0.19813783466815948,0.15417702496051788,0.022442598827183247,0.0950692631304264,0.654159665107727,0.12777122855186462,1.1713695168495177,0.42214909568428993
169,1151.1209542751312,0.9264420048256095,0.2493184248606364,0.1915908952554067,0.222662553191185,0.7203226844469707,0.02847243696451187,0.09141999930143356,0.012162158917635679,0.128472438454628,1.277296515305837,0.6549208164215088,0.24409259855747223,0.19722461700439453,0.15610795468091965,0.02226695790886879,0.09471350535750389,0.6600054502487183,0.12803571671247482,1.268234270811081,0.424716230481863
170,1157.9130272865295,0.9258524202702877,0.2495405564705531,0.20039527118206024,0.2224061558643977,0.7106603225072224,0.028553328414758047,0.09122235675652822,0.012147136839727561,0.12855332990487417,1.1274415651957195,0.6517130583524704,0.24125180393457413,0.20570261776447296,0.1538049727678299,0.02256087400019169,0.09498680010437965,0.6534153521060944,0.12818685173988342,1.1161934316158295,0.42169447615742683
171,1164.7504613399506,0.9229088139991897,0.25082650780677795,0.19470773339271547,0.2223848690589269,0.7072876532872517,0.028829966485500336,0.09130469411611557,0.012145003691936532,0.12882996797561647,1.152324875195821,0.6525696739554405,0.24503225833177567,0.19360390305519104,0.15536773204803467,0.022572654299438,0.09494439885020256,0.6579484641551971,0.12824881821870804,1.177996438741684,0.42391863092780113
172,1171.573230266571,0.9242896825502006,0.2548111299673716,0.19293250739574433,0.22142587900161742,0.7041822870572408,0.028860458234945933,0.09126302649577459,0.012148578728859624,0.12886045972506205,1.3510488390922546,0.6430022940039635,0.24350836127996445,0.18257063627243042,0.1541043072938919,0.022331406362354755,0.09437459707260132,0.6543615758419037,0.12833763659000397,1.4314943730831147,0.42155538499355316
173,1178.368634223938,0.9219906498406393,0.24739049673080443,0.19611548086007435,0.222992076476415,0.7098378936449686,0.02905815988779068,0.09148772110541661,0.012131623985866705,0.1290581613779068,1.3762449343999228,0.6477170214056969,0.2393752932548523,0.1870243400335312,0.1574147790670395,0.022312541492283344,0.09435021132230759,0.6604578495025635,0.12853462994098663,1.3878584146499633,0.4245791360735893
174,1185.188954114914,0.9292172575660516,0.24744580586751302,0.19705482025941212,0.22393221656481424,0.7221102356910706,0.029255422453085583,0.09167400201161703,0.012133163896699746,0.1292554239432017,1.3201410094896953,0.6460336707532406,0.24887123703956604,0.18266867846250534,0.15291404724121094,0.02221924066543579,0.09425249695777893,0.6523145437240601,0.12884608656167984,1.3131865084171295,0.42040976881980896
175,1192.0015454292297,0.9285857721503513,0.24840906163056692,0.2026158571243286,0.2232173482577006,0.7162805914878845,0.029397458334763846,0.09094515095154444,0.01211822930102547,0.12939745982487996,1.4324191490809122,0.6542790047824383,0.24186839908361435,0.19621292501688004,0.15715207159519196,0.02257439959794283,0.09444506838917732,0.6610616743564606,0.12921613454818726,1.3862558841705321,0.4249759055674076
176,1198.7989711761475,0.920840471847138,0.24893599251906076,0.1975241333246231,0.22231742242972055,0.7051646709442139,0.029630586008230844,0.09084797153870265,0.012114053126424551,0.12963058749834697,1.2853931268056233,0.6405357718467712,0.2360694780945778,0.176992729306221,0.15798496454954147,0.022398420609533787,0.09416617825627327,0.6645388305187225,0.12944475561380386,1.3390936315059663,0.42643559351563454
177,1205.6516921520233,0.9246537994554577,0.24650182525316874,0.19809482793013256,0.22356792092323302,0.7140261848767598,0.02976828267176946,0.091516741613547,0.01211361118281881,0.12976828416188557,1.3147696256637573,0.6523637995123863,0.24402328580617905,0.18720820546150208,0.15736820548772812,0.022386422380805016,0.09388115629553795,0.6624975800514221,0.12932518124580383,1.4035315811634064,0.425129946321249
178,1212.4531111717224,0.9200244074958998,0.25022738973299663,0.19925984938939412,0.22157159447669983,0.6988666176795959,0.029979002972443897,0.09088631769021352,0.012096660149594148,0.12997900446256003,1.4543455044428508,0.6647747941315174,0.2450251430273056,0.20102188736200333,0.15961935371160507,0.02236589416861534,0.09383859857916832,0.6677605509757996,0.12969645112752914,1.5608981728553772,0.4277188740670681
179,1219.2716012001038,0.9266729686409235,0.2476156403621038,0.20172061721483867,0.2234811305999756,0.7144231915473938,0.030033851166566213,0.09090186357498169,0.012111010278264682,0.13003385265668232,1.4998051484425863,0.6508894450962543,0.2360154241323471,0.20548129826784134,0.1560666859149933,0.022260726429522038,0.09362643212080002,0.6585083305835724,0.12955177575349808,1.5487946212291717,0.4228805974125862
180,1226.1099803447723,0.9218177939803961,0.2464001327753067,0.19531408747037252,0.22259005308151245,0.7121124188105266,0.030279944837093353,0.09124703705310822,0.012075692260016998,0.13027994632720946,1.4364564100901285,0.6420828849077225,0.23716199398040771,0.18027424812316895,0.15739188343286514,0.022438094951212406,0.09378495067358017,0.6630872189998627,0.12983055412769318,1.487693226337433,0.4253285601735115
181,1233.34650015831,0.921057013697767,0.24601475099722545,0.1978541851043701,0.2233700970808665,0.7090676784515381,0.0305020605524381,0.09109099457661311,0.012075350992381573,0.1305020620425542,1.2972040891647338,0.652984082698822,0.24637535959482193,0.1847269982099533,0.15712261199951172,0.022536308504641056,0.09383443370461464,0.6615312695503235,0.13029564172029495,1.3009361565113067,0.4246000684797764
182,1240.180849313736,0.915997660253197,0.2477697640657425,0.19195903340975443,0.2227269520362218,0.7023298343022665,0.0307077889641126,0.09082327832778295,0.01206867586200436,0.13070779045422873,1.3143688440322876,0.6618081294000149,0.24360033124685287,0.2005939856171608,0.1589554026722908,0.022401084192097187,0.093433678150177,0.6661398708820343,0.13031627982854843,1.3450182914733886,0.42650361359119415
183,1247.0102453231812,0.9156244948972017,0.24762479464213052,0.18963982462882994,0.22310921748479207,0.7034820596377055,0.030838865538438162,0.09094970971345902,0.0120599036415418,0.13083886702855427,1.1391931653022767,0.6471318900585175,0.24325568228960037,0.18003319203853607,0.15692980587482452,0.02231222577393055,0.09324238821864128,0.6635767221450806,0.13051687926054,1.1023188054561615,0.42503074929118156
184,1253.8470122814178,0.9190078163674722,0.24744892517725628,0.19809646010398865,0.22355909645557404,0.7026336868604024,0.03099804570277532,0.09076521098613739,0.01205630029241244,0.13099804719289143,1.1933991193771363,0.6497567519545555,0.24157316237688065,0.18797874450683594,0.15709710866212845,0.02231711335480213,0.09316814690828323,0.6617876589298248,0.13085390627384186,1.3346715092658996,0.42406197637319565
185,1260.628148317337,0.9202322417908969,0.2449895481268565,0.197439839442571,0.2243602712949117,0.7088941335678101,0.031157009303569794,0.09112659643093744,0.012053319873909155,0.1311570107936859,1.335988958676656,0.6567301265895367,0.24187034368515015,0.20308976620435715,0.15665744990110397,0.022309446707367897,0.09303697571158409,0.6612038612365723,0.13077683001756668,1.2396473646163941,0.4236389063298702
186,1267.4261302947998,0.9177169119007885,0.24951187272866568,0.1950455605983734,0.22234711448351543,0.6971147020657857,0.03139111250638962,0.09119346191485724,0.012051386339589954,0.13139111399650574,1.4671000798543294,0.6520206965506077,0.24579912424087524,0.18067125231027603,0.1579429730772972,0.022341225296258926,0.09317213296890259,0.6639153063297272,0.1309107020497322,1.4699833869934082,0.4251297861337662
187,1274.2841873168945,0.9156545696547255,0.24697084724903107,0.1936051199833552,0.2244153579076131,0.7009589314460755,0.031628418465455374,0.09066836486260096,0.012061521100501219,0.13162841995557148,1.5178552309672038,0.6458658613264561,0.23886749893426895,0.1785404309630394,0.1588640734553337,0.022588538005948067,0.09324163943529129,0.6662117838859558,0.13128911703824997,1.562211036682129,0.4263475313782692
188,1281.2130081653595,0.9121471174720985,0.24684796233971915,0.19023850659529368,0.22294629216194153,0.6976671894391377,0.031837618847688036,0.09066403657197952,0.012031937638918558,0.13183762033780416,1.5231487989425658,0.6450339555740356,0.23978720605373383,0.1792987883090973,0.1577986776828766,0.02236161008477211,0.09288949519395828,0.6643067300319672,0.13124819099903107,1.49055814743042,0.42504286020994186
189,1287.9913773536682,0.9113084866548888,0.2459789494673411,0.1900993764400482,0.22371885577837627,0.695924186706543,0.03194699337085088,0.09108426024516424,0.01202563668290774,0.131946994860967,1.348898188273112,0.6649653613567352,0.24490361660718918,0.20326538383960724,0.15921452641487122,0.02227332815527916,0.09271100163459778,0.6672669649124146,0.13158057630062103,1.3556917488574982,0.42634448409080505
190,1294.7804732322693,0.9127466148231178,0.24850622614224752,0.19221856395403544,0.2232111871242523,0.692810038725535,0.03207855770985286,0.09077997704346975,0.012038314094146093,0.13207855919996897,1.3789665182431539,0.6622778102755547,0.24036256968975067,0.19471187889575958,0.1622796505689621,0.022039251402020454,0.09234464913606644,0.6739897429943085,0.13158679753541946,1.3621131837368012,0.4293395206332207
191,1301.6026742458344,0.9110776701127179,0.2473854809999466,0.19540129403273265,0.22332067390282948,0.6886577685674031,0.03232438117265701,0.09068180173635483,0.012031970949222644,0.13232438266277313,1.3199614485104878,0.672139510512352,0.2383621633052826,0.2383621633052826,0.15729813277721405,0.022400664165616035,0.09265167266130447,0.6634479463100433,0.1319717839360237,1.3749756336212158,0.42437564581632614
192,1308.4592452049255,0.9068745792843401,0.24733605682849885,0.18678130706151327,0.2240254193544388,0.6888540585835775,0.03261740257342657,0.09060213267803192,0.012035476028298337,0.1326174040635427,1.3634127736091615,0.6563947908580303,0.23903371393680573,0.19879665225744247,0.15898137539625168,0.022475379519164562,0.0928577370941639,0.6650078594684601,0.13228050619363785,1.3782568573951721,0.42536166682839394
193,1315.2484731674194,0.907663102579924,0.24589543441931408,0.19158170024553936,0.2240634302298228,0.6891127705574036,0.03284119814634323,0.09039640774329503,0.012004485120996833,0.13284119963645935,1.2005767544110617,0.6518276445567608,0.24277283251285553,0.18294187635183334,0.1587919369339943,0.022281983867287636,0.09229306504130363,0.6644941866397858,0.13228689879179,1.2349831819534303,0.4245401583611965
194,1322.056078195572,0.9139603560596394,0.24512457152207692,0.20732999444007874,0.22414301037788392,0.6869997223218282,0.03292751560608546,0.09049634039402008,0.012001332206030687,0.13292751709620157,1.210619282722473,0.653885193169117,0.2434549629688263,0.18083111941814423,0.16000733524560928,0.022208118811249733,0.0921318344771862,0.6668789386749268,0.13263148814439774,1.1516963601112367,0.4255713038146496
195,1328.7989130020142,0.9068084657987735,0.24646744827429454,0.19087015390396117,0.2235135555267334,0.6850287238756816,0.03312402019898097,0.09083710809548697,0.012026707486559948,0.1331240216890971,1.3028539458910624,0.6520847454667091,0.23801954835653305,0.1835033893585205,0.16115675121545792,0.022037619724869728,0.09184535592794418,0.6729982495307922,0.1327553614974022,1.3489496231079101,0.4283444806933403
196,1335.564747095108,0.9025828616713019,0.24773817062377929,0.18707787990570068,0.22386797467867534,0.6806131482124329,0.03334553986787796,0.09007041205962499,0.011991994983206192,0.1333455413579941,1.5085888822873434,0.655436810106039,0.23717369139194489,0.19141604751348495,0.16127754747867584,0.022394533269107342,0.09232316166162491,0.6675562262535095,0.1330166459083557,1.5149335086345672,0.42610127478837967
197,1342.3826632499695,0.9021400323021226,0.24445979694525402,0.18877078195412952,0.22465578615665435,0.6841480096181234,0.03364984740813573,0.09006564170122147,0.011993699334561824,0.13364984889825185,1.2480507254600526,0.6531513594090939,0.24261869490146637,0.1816633865237236,0.15985048562288284,0.02243427373468876,0.09232738614082336,0.6662128567695618,0.13318714499473572,1.2436230838298798,0.42543381452560425
198,1349.2264971733093,0.9004017017044438,0.24748517076174417,0.19075731933116913,0.22342931826909382,0.6744909564654032,0.03379394461711248,0.08962791115045547,0.011977798957377672,0.13379394610722858,1.397721791267395,0.6552939713001251,0.24373505264520645,0.17778892815113068,0.16133222728967667,0.02232627384364605,0.09196528792381287,0.6706613898277283,0.13356700539588928,1.499976921081543,0.427295982837677
199,1356.0320892333984,0.9047574005865803,0.24311586022377013,0.19789098004500072,0.22495036125183104,0.68387371301651,0.033998641868432364,0.08973415692647298,0.011976826004683971,0.13399864335854847,1.3303539633750916,0.6509016677737236,0.24033571779727936,0.17881186306476593,0.16058000922203064,0.02225570846349001,0.09179861843585968,0.6703062057495117,0.13366931676864624,1.3499220430850982,0.42695172131061554
200,1362.8303651809692,0.9032429531682282,0.2440394828716914,0.19351882338523865,0.22513206601142882,0.6829247951507569,0.0342709943652153,0.08976764231920242,0.011984430905431508,0.13427099585533142,1.6698226491610209,0.6544894278049469,0.23679765313863754,0.19567717611789703,0.15992659330368042,0.022358705289661884,0.09197115525603294,0.6671857833862305,0.1338333562016487,1.6443787038326263,0.4255640469491482
201,1369.7506122589111,0.899100654417028,0.2469440718491872,0.18736592829227447,0.2238665948311488,0.6744065960248311,0.03445648600657781,0.08992892056703568,0.01198388496413827,0.13445648749669392,1.396116805076599,0.64619430154562,0.23681851476430893,0.17578327655792236,0.16074207425117493,0.022043813951313496,0.09132595360279083,0.6696212291717529,0.13406679779291153,1.3300792813301086,0.4261365681886673
202,1376.6147723197937,0.9044181338841251,0.2423791656891505,0.2012210339307785,0.22589488724867504,0.6803524176279704,0.03457069049278895,0.08979145983854929,0.011963348540787896,0.13457069198290508,1.5580080946286519,0.6587521955370903,0.23790618777275085,0.1953132301568985,0.1615946963429451,0.02226125542074442,0.09170383214950562,0.6710448563098907,0.13435988873243332,1.671641331911087,0.427226260304451
203,1383.4091303348541,0.8969233717672371,0.24503468970457712,0.18898549576600393,0.22447431882222493,0.6714646061261494,0.03489322612682978,0.0899877538283666,0.011960549869885047,0.13489322761694592,1.3796443422635396,0.657482486218214,0.23533995449543,0.1979536935687065,0.1615828424692154,0.02234395034611225,0.09167979657649994,0.6713690459728241,0.13474655896425247,1.2308705270290374,0.427364319562912
204,1390.5484812259674,0.8965334471004704,0.24405445357163746,0.19473368128140767,0.22519395152727764,0.668592099348704,0.03514708131551743,0.08946484923362732,0.01195656944376727,0.13514708280563353,1.3643073797225953,0.655925091356039,0.2389291375875473,0.19784267991781235,0.15903730690479279,0.022328568622469902,0.09148318693041801,0.6649473607540131,0.13473208993673325,1.3639686226844787,0.42395686730742455
205,1397.4972281455994,0.8971962834553172,0.24517926573753357,0.20032086074352265,0.22503735621770224,0.6624105374018351,0.03543413529793422,0.08931943029165268,0.01194435649861892,0.13543413678805033,1.440967035293579,0.6760870292782784,0.2337864190340042,0.2337864190340042,0.16270370036363602,0.022203736938536167,0.09133690223097801,0.6742822229862213,0.13502871990203857,1.492703366279602,0.42847801372408867
206,1404.3143332004547,0.8928586736263242,0.24132033983866374,0.1878463288148244,0.22600473364194235,0.6737315932909648,0.03549771954615911,0.0893042782942454,0.011943111335858703,0.13549772103627522,1.2674010952313741,0.654899038374424,0.2367052510380745,0.19671031832695007,0.15991931408643723,0.022192583419382572,0.09118827059864998,0.6680539548397064,0.13532842695713043,1.1996591985225677,0.4252152480185032
207,1411.135691165924,0.888995490403613,0.24584605197111767,0.18489020864168804,0.22480034430821735,0.6590943813323975,0.035738822321097055,0.08950729022423426,0.011954101314768196,0.1357388238112132,1.1591135382652282,0.6478751339018345,0.23650477826595306,0.17383486777544022,0.16222646087408066,0.02239234559237957,0.09146415442228317,0.6719037890434265,0.13548112660646439,1.1838048279285431,0.42741604894399643
208,1417.9359884262085,0.8852986358688213,0.2448511521021525,0.1805891990661621,0.22491659224033356,0.6590532183647155,0.035988064110279085,0.08917506734530131,0.011936255606512229,0.1359880656003952,1.3638371348381042,0.6503053084015846,0.23993060737848282,0.17654183506965637,0.1610518917441368,0.02206171303987503,0.09096519649028778,0.670454353094101,0.13563842326402664,1.426620864868164,0.42619237303733826
209,1424.7826552391052,0.8921813978852394,0.24326673646767935,0.1882762521505356,0.2258449892203013,0.6680123368899028,0.03622791816790898,0.0891412874062856,0.011928885088612637,0.1362279196580251,1.5915026664733887,0.6546054370701313,0.24068571627140045,0.1850244477391243,0.16070374846458435,0.022112435661256313,0.09079612419009209,0.6684539318084717,0.13572393357753754,1.5362940192222596,0.4250230900943279
210,1431.6110301017761,0.8882226961548441,0.24316341479619344,0.1879150539636612,0.22591295937697092,0.6600878755251567,0.036410101751486464,0.0892360751827558,0.011928748556723196,0.13641010324160258,1.429305092493693,0.644706167280674,0.234962560236454,0.17345091700553894,0.16150907427072525,0.02221367135643959,0.09099308773875237,0.6705834269523621,0.1360597386956215,1.3310243964195252,0.4262848012149334
211,1438.4672181606293,0.8898462084044392,0.24138148526350658,0.19231741031010946,0.22673711280028025,0.6628180980682373,0.036643880108992256,0.08905508170525232,0.011941019880274932,0.13664388159910837,1.351556372642517,0.6436624005436897,0.23768407851457596,0.17268574237823486,0.15981772541999817,0.0224128570407629,0.09147921949625015,0.6664753258228302,0.13634539395570755,1.3479446709156035,0.42471688240766525
212,1445.233234167099,0.8894096992560663,0.24006808598836263,0.19370265901088715,0.22723587254683178,0.6627284089724222,0.03686789224545161,0.089090596139431,0.011915664902577798,0.13686789373556774,1.4363218386967977,0.6458917930722237,0.23133544623851776,0.1851290613412857,0.16099590808153152,0.022153477184474468,0.09072589129209518,0.6699911653995514,0.1365276202559471,1.5576735496520997,0.4257214739918709
213,1452.003385066986,0.8906328811659477,0.23861063222090403,0.1922028511762619,0.22771463692188262,0.6683691024780274,0.03701763103405634,0.08933179974555969,0.011949362869684895,0.13701763252417246,1.5240084648132324,0.6470556929707527,0.2367177978157997,0.17876064777374268,0.16047878563404083,0.02234063297510147,0.09106061607599258,0.6668925285339355,0.13681169599294662,1.4435823917388917,0.42450688034296036
214,1458.8092472553253,0.8841883067274466,0.24151124854882558,0.18684028585751852,0.22679779529571534,0.6546449343363444,0.037315265834331514,0.08940395514170328,0.01192752739104132,0.13731526732444763,1.4055299520492555,0.6463815346360207,0.2344975844025612,0.17315787076950073,0.16265250742435455,0.0220166789367795,0.09043531492352486,0.6734312772750854,0.13694632053375244,1.3658061623573303,0.4271509535610676
215,1465.6269872188568,0.8844208248852131,0.24186357061068217,0.18726401925086975,0.22708795169989268,0.6548843661944072,0.03748996108770371,0.08912062396605809,0.011920225340873003,0.1374899625778198,1.481623101234436,0.6649450398981571,0.2313591167330742,0.2313591167330742,0.15895318239927292,0.022241505794227123,0.09068284556269646,0.6651171147823334,0.13714616745710373,1.463119673728943,0.42324140295386314
216,1472.4779760837555,0.8830592656120037,0.24081622064113617,0.1882673313220342,0.22621788879235585,0.6535689075787862,0.037743814289569855,0.08902224451303482,0.011911573229978482,0.13774381577968597,1.4418952385584514,0.6412694677710533,0.22639603167772293,0.18532729148864746,0.16110489517450333,0.022022642195224762,0.09029139578342438,0.6696005165576935,0.13737328350543976,1.4717284083366393,0.4250916540622711
217,1479.2935464382172,0.8796911541954614,0.2406345268090566,0.1812321811914444,0.22756661574045817,0.6531317512194316,0.03790152817964554,0.08919104635715484,0.011900983657687903,0.13790152966976166,1.4355404853820801,0.6462720669806004,0.2324380949139595,0.17725881189107895,0.1626022830605507,0.021992310881614685,0.09027187898755074,0.6732746958732605,0.13758567720651627,1.372664475440979,0.426909226924181
218,1486.1656332015991,0.8768835203644509,0.2417601396640142,0.18521536489327747,0.22655476331710817,0.6417579352855682,0.038205022116502126,0.08904595871766409,0.011912184332807859,0.13820502360661824,1.1822645982106528,0.6523789241909981,0.2375849485397339,0.1776367574930191,0.16298779845237732,0.022354593500494957,0.09083828330039978,0.6725955307483673,0.1379828155040741,1.1444757342338563,0.42713604867458344
219,1492.9557802677155,0.8804087224261214,0.24007071057955423,0.19028608798980712,0.22707954943180084,0.6478610952695211,0.03839035183191299,0.08878841996192932,0.0118963069592913,0.13839035332202912,1.3507541179656983,0.6527632549405098,0.23381007462739944,0.18965983390808105,0.1620616316795349,0.022291358560323715,0.09060173109173775,0.6720417737960815,0.13826782256364822,1.3833281993865967,0.4266226179897785
220,1499.818059206009,0.8819361604362105,0.24008361399173736,0.19344846407572427,0.22803664604822796,0.6456785559654236,0.03860259205102921,0.08920036653677622,0.011888859312360485,0.13860259354114532,1.3522127151489258,0.6530499756336212,0.23799875378608704,0.19123661518096924,0.15971645712852478,0.022233066149055958,0.09037905931472778,0.6641498506069183,0.13828421384096146,1.402732491493225,0.42245398461818695
221,1506.6437242031097,0.8838388051100385,0.23702946603298186,0.1976921796798706,0.22876349687576295,0.6516839464505514,0.038781304657459256,0.08903636932373046,0.01187695727373163,0.1387813061475754,1.4634798606236776,0.6759300902485847,0.23397426307201385,0.23397426307201385,0.16248434782028198,0.022232066839933395,0.09025844559073448,0.6727652847766876,0.13888875395059586,1.4448097825050354,0.4266410879790783
222,1513.4358291625977,0.8753335465095006,0.2381771037975947,0.18331225216388702,0.22868101298809052,0.6449003696441651,0.03902810166279475,0.08944336324930191,0.011875045609970887,0.13902810315291086,1.3215905706087747,0.6506723165512085,0.23137050867080688,0.18995195627212524,0.1621629148721695,0.02214050106704235,0.09008333832025528,0.6731046736240387,0.138896606862545,1.3333844244480133,0.4266356751322746
223,1520.2434391975403,0.8778892095161912,0.23733268082141876,0.18829128940900167,0.228215162952741,0.6472006400426229,0.039279999832312264,0.08928409616152445,0.011872407079984744,0.13928000132242838,1.2880210995674133,0.6412425562739372,0.2313913330435753,0.1771979033946991,0.1606261357665062,0.02218759898096323,0.09010402485728264,0.6690573990345001,0.13903383910655975,1.3653261363506317,0.4246327243745327
224,1527.131153345108,0.8758331459714099,0.23826368947823842,0.18786414662996928,0.22776642441749573,0.6431923826535543,0.039529729386170706,0.08885970215002696,0.011868597008287907,0.1395297308762868,1.59923415184021,0.6460191532969475,0.23527862131595612,0.1712936908006668,0.16254684329032898,0.022153149358928204,0.09000875428318977,0.6715796291828156,0.13935326039791107,1.6409390687942504,0.42579856887459755
225,1533.9371120929718,0.884120759239886,0.2365096519390742,0.1939476102590561,0.22959244151910146,0.6539236426353454,0.03977088580528895,0.08952500770489374,0.011871879594400525,0.13977088729540507,2.0082668542861937,0.6405213214457035,0.22696692496538162,0.16908054798841476,0.16450706124305725,0.022199122235178947,0.08997394889593124,0.6771268248558044,0.1397140622138977,2.07840610742569,0.42853736132383347
226,1540.7279222011566,0.871684945440696,0.23813502689202626,0.18404921293258666,0.2284712702035904,0.6369958043098449,0.03995274156332016,0.08921083509922027,0.011881608158970873,0.13995274305343627,1.3938312530517578,0.6411391794681549,0.2286994829773903,0.16849814355373383,0.16409531235694885,0.022373003885149956,0.09042483195662498,0.6744011044502258,0.13981898874044418,1.3571518421173097,0.4276253841817379
227,1547.8077173233032,0.8745273419675262,0.236880819996198,0.18787742555141448,0.229643510778745,0.6410149137179056,0.04019840508699417,0.08917688330014546,0.011886853398755193,0.1401984065771103,1.4370235721270244,0.6415947005152702,0.2272375524044037,0.17505906522274017,0.16341380774974823,0.022120226174592972,0.08976704999804497,0.6749388873577118,0.14009445905685425,1.3271065652370453,0.42723649367690086
228,1554.8289501667023,0.8698996592507077,0.23792126675446829,0.18103773295879363,0.22907571792602538,0.6361806074778239,0.040352376798788704,0.08925256431102753,0.011868866408864658,0.14035237828890482,1.2950173536936442,0.6407946683466434,0.22681669145822525,0.18831592053174973,0.15991000831127167,0.021897404454648495,0.0893835686147213,0.6660560667514801,0.14015468209981918,1.3006304323673248,0.42241160199046135
229,1561.641194343567,0.8694873845534554,0.23672995865345,0.17831413646539052,0.22981230020523072,0.6414482951164245,0.04068852911392848,0.08888678848743439,0.011847559145341318,0.1406885306040446,1.549164323012034,0.6499476730823517,0.23136038333177567,0.18846891820430756,0.16217641532421112,0.022166436538100243,0.08975252509117126,0.6698712706565857,0.14046166092157364,1.5611191868782044,0.4246881604194641
230,1568.4022781848907,0.8704197469982319,0.23617923259735107,0.18769990901152292,0.23005587955315907,0.6355440139770507,0.04076519062121709,0.08872685978809992,0.011844365485012531,0.1407651921113332,1.4792078971862792,0.6435808166861534,0.22839951515197754,0.17417170107364655,0.1640477254986763,0.02220569271594286,0.08968933671712875,0.6758481562137604,0.14079903811216354,1.5227244019508361,0.42761341482400894
231,1575.257832288742,0.8652546072107119,0.23492360413074492,0.17953243652979534,0.23000583748022715,0.6339362661043803,0.04106428970893224,0.08914359708627065,0.011844796237225334,0.14106429119904837,1.3095808466275534,0.6544870398938656,0.23541821539402008,0.1777731403708458,0.1650911271572113,0.022130480036139488,0.08951898291707039,0.6794534027576447,0.14099127054214478,1.366671860218048,0.4292456842958927
232,1582.168701171875,0.8628008955895591,0.23979106843471526,0.17932684520880382,0.22880175014336904,0.6212199529012045,0.0413407102227211,0.08870489796002706,0.011840604059398175,0.1413407117128372,1.4370437304178874,0.6429199576377869,0.22515452653169632,0.17331917583942413,0.16555292159318924,0.022192752920091152,0.08962583914399147,0.6796407103538513,0.141157865524292,1.4103705644607545,0.42944619432091713
233,1589.0997512340546,0.8666704122850206,0.2343767136335373,0.18490886986255645,0.23069454729557037,0.6321522871653239,0.04148822675148646,0.08908657779296239,0.011842617547760408,0.1414882282416026,1.3544384916623433,0.6402208134531975,0.2296052873134613,0.17492125928401947,0.16157744824886322,0.02228085696697235,0.08962045982480049,0.6691544055938721,0.14138515293598175,1.3829955756664276,0.4241976626217365
234,1595.996366262436,0.8658357544763324,0.23686205645402272,0.17721502582232157,0.23008364538351694,0.6331935683886211,0.04181043853362401,0.08904102146625519,0.011825232518215973,0.14181044002374013,1.763681411743164,0.6525095961987972,0.2365708276629448,0.1764414981007576,0.16385900974273682,0.02218715101480484,0.08945373445749283,0.6753813028335571,0.1416139453649521,1.8319324016571046,0.4271443858742714
235,1602.804356098175,0.8685895681769277,0.23319222231705983,0.19303122758865357,0.23169753750165303,0.6310254613558451,0.042013887067635855,0.08870861182610194,0.011833952149997155,0.14201388855775196,1.3710286617279053,0.6265632584691048,0.21890392154455185,0.1687776744365692,0.16163524985313416,0.021902022883296013,0.08910766243934631,0.6703798770904541,0.14193876832723618,1.312911331653595,0.42429760098457336
236,1609.6019110679626,0.8695709230242452,0.2320042351881663,0.19315895636876423,0.23159417510032654,0.6345635374387105,0.04230430473883947,0.0888095811009407,0.011831343810384472,0.1423043062289556,1.5686434785525003,0.6426284834742546,0.22962968051433563,0.1758715659379959,0.1625315099954605,0.02209434937685728,0.08930239453911781,0.6711443364620209,0.14210309833288193,1.7518359661102294,0.42487456277012825
237,1616.383605003357,0.8674629274949742,0.23304353654384613,0.1907648891210556,0.23076200286547344,0.6302008509635926,0.04254714399576187,0.08890716036160787,0.011816146069516737,0.142547145485878,1.535558295249939,0.631183072924614,0.22130612283945084,0.1655488759279251,0.16355125606060028,0.0221940902993083,0.08933677896857262,0.6750383675098419,0.1423715353012085,1.332249116897583,0.4268559627234936
238,1623.1685771942139,0.8588434727396816,0.2330467740694682,0.17512768606344858,0.2311660538117091,0.6293856064478557,0.042736925184726715,0.08864128440618516,0.011816117788354556,0.14273692667484283,1.5626984278361002,0.6345412954688072,0.22412936389446259,0.16715089976787567,0.1634182408452034,0.022260382771492004,0.08942059800028801,0.6740711033344269,0.14268792420625687,1.4789564847946166,0.42645614966750145
239,1630.0038232803345,0.8644214138931905,0.23092048366864523,0.18803951740264893,0.23206808865070344,0.6304753343264262,0.04292279332876205,0.08890132308006286,0.011817657016217708,0.14292279481887818,1.4136610865592956,0.6428749524056911,0.2287592962384224,0.17145109921693802,0.16419505327939987,0.02212496753782034,0.08905144408345222,0.673841267824173,0.14310088008642197,1.412909561395645,0.4259720779955387
240,1636.8281562328339,0.8639150625152979,0.2324199636777242,0.19095281561215718,0.23093089958031973,0.6244221250216166,0.04318560212850571,0.08867514679829279,0.01180957087005178,0.14318560361862182,1.533796521027883,0.6644804701209068,0.22458751499652863,0.22458751499652863,0.16379959881305695,0.02200992312282324,0.08891062065958977,0.6750388741493225,0.14327020198106766,1.5786297619342804,0.426430057734251
241,1643.677993297577,0.8567620246089064,0.23250006635983786,0.18195542991161345,0.231384872396787,0.6182639757792155,0.0434548611442248,0.08875486503044765,0.011844050573805968,0.14345486263434093,1.2304477453231812,0.6525965109467506,0.23320475220680237,0.18723465502262115,0.16288721561431885,0.02187883947044611,0.08894733712077141,0.6740006804466248,0.14330432564020157,1.1173282027244569,0.4259476773440838
242,1650.4765532016754,0.8578491680576311,0.2311331222454707,0.1814654807249705,0.23251159290472667,0.6227328538894653,0.0437344824274381,0.0888635570804278,0.011809138441458344,0.14373448391755422,1.3414943099021912,0.6520452834665775,0.22929418087005615,0.19144964963197708,0.16351313889026642,0.022370528429746628,0.08929889276623726,0.6734062731266022,0.14361706376075745,1.210470825433731,0.42600202932953835
243,1657.4651572704315,0.8577353847329505,0.23476544717947642,0.17960510154565176,0.2314334750175476,0.6175395528475444,0.04391069859266281,0.0887643739581108,0.011801138008013367,0.14391070008277893,1.9191474437713623,0.6500354707241058,0.22771859914064407,0.18317018449306488,0.16536588966846466,0.022300126031041145,0.08910225331783295,0.6784137785434723,0.14395862072706223,1.9450571298599244,0.4283091425895691
244,1664.3125512599945,0.8554365651953655,0.2305049975713094,0.17897998789946237,0.23256526390711466,0.621967883904775,0.044217718144257866,0.08866170893112818,0.011792160694797833,0.144217719634374,1.650668946901957,0.6693265549838543,0.22901470214128494,0.22901470214128494,0.16290225088596344,0.022258867509663105,0.0888950265944004,0.6717109680175781,0.14413149654865265,1.8316532015800475,0.42475051060318947
245,1671.2847712039948,0.8536743111830826,0.23351240754127503,0.17525692780812582,0.23164581060409545,0.6147874991099039,0.04447932789723078,0.08898323078950246,0.011793193904062112,0.1444793293873469,1.7059834480285645,0.6353945024311543,0.21850840002298355,0.17842241376638412,0.16383744776248932,0.02230591792613268,0.08899537846446037,0.6745991408824921,0.1444089412689209,1.786126399040222,0.4262949489057064
246,1678.166838169098,0.8617818896619913,0.2324694941441218,0.18435942530632018,0.2321059972047806,0.6241654356320699,0.044675889114538826,0.08886664509773254,0.011787615747501453,0.14467589060465494,1.993379541238149,0.6467102244496346,0.22141294926404953,0.18318092823028564,0.1668534055352211,0.022122099064290524,0.0885964035987854,0.6814118921756744,0.1447315588593483,1.9893726110458374,0.4293023496866226
247,1685.0006592273712,0.8508891347136038,0.23071579337120057,0.1722617954015732,0.23343176245689393,0.6190568049748738,0.044972058633963266,0.08845699330170949,0.011805655248463155,0.1449720601240794,1.7803900321324666,0.6333723440766335,0.22059769928455353,0.1714051514863968,0.16353603452444077,0.02188880741596222,0.08835762739181519,0.6730173230171204,0.14499500393867493,1.849111807346344,0.42486628890037537
248,1691.8742952346802,0.8502893383110253,0.23181853691736856,0.17356215119361879,0.23203507562478384,0.615153706073761,0.04516975631316503,0.08827942510445913,0.011770880268886685,0.14516975780328115,1.5828425288200378,0.6378598399460316,0.22280552238225937,0.16902940720319748,0.16526980698108673,0.022041098214685917,0.08839636296033859,0.6773954927921295,0.14506341516971588,1.5834391295909882,0.42709410935640335
249,1698.9054872989655,0.8511592110580144,0.23182048002878824,0.17708521684010822,0.23169582188129426,0.6129947940508524,0.04545171310504278,0.08831889132658641,0.011770049606760343,0.1454517145951589,1.6261443297068279,0.6462051458656788,0.22240493446588516,0.18701203912496567,0.1651470959186554,0.02205931767821312,0.08841383829712868,0.6764954328536987,0.14542289078235626,1.6193386673927308,0.42666155472397804
250,1705.9394092559814,0.846478616213426,0.23200001617272695,0.17012316087881724,0.23255458176136018,0.6089913725852967,0.04571120788653692,0.08852100223302842,0.01178843400751551,0.14571120937665302,1.4677506327629088,0.6300745159387589,0.2189570814371109,0.16726502776145935,0.16374246031045914,0.022041124291718006,0.08878234773874283,0.6735498309135437,0.1454889252781868,1.4912490546703339,0.4255572631955147
251,1712.7446012496948,0.8513862624958468,0.2311916450659434,0.17985956172148387,0.231962784131368,0.6120331287384033,0.0459464505314827,0.088156724969546,0.011768840812146663,0.1459464520215988,1.5022076845169068,0.6408738121390343,0.22550803422927856,0.1743900328874588,0.16408538073301315,0.022049658000469208,0.08843187615275383,0.6745051145553589,0.14584629982709885,1.3946290493011475,0.4256844334304333
252,1719.5687003135681,0.8447976732083285,0.23079979221026103,0.17330422202746074,0.23194796939690907,0.6059540073076884,0.04618798941373825,0.08815715610980987,0.011771045159548521,0.14618799090385437,1.3757587472597759,0.6440249532461166,0.22383908927440643,0.18347567319869995,0.16422401368618011,0.022095199674367905,0.08816547319293022,0.6734862625598907,0.14611252397298813,1.4774668276309968,0.4249086044728756
253,1726.4141092300415,0.8514927999174688,0.2308297614256541,0.18540127873420714,0.2332679361104965,0.6048338492711385,0.046475854019323984,0.08860770811637243,0.011768914153799414,0.14647585550944012,1.4710367639859518,0.6291340179741383,0.21825110912322998,0.16869289427995682,0.16326823085546494,0.022048141807317734,0.0880732573568821,0.6715968251228333,0.14634551107883453,1.4088020741939544,0.4238716699182987
254,1733.2478823661804,0.848703701821311,0.2287459194660187,0.17837696472803752,0.23395876586437225,0.6098045865694682,0.046681096653143565,0.08868322571118673,0.011760920053347945,0.1466810981432597,1.3749268333117166,0.6422744393348694,0.2219737470149994,0.16946148872375488,0.16778497397899628,0.022303332574665546,0.08837677910923958,0.6828038692474365,0.146721713244915,1.3767428159713746,0.42977871373295784
255,1740.1092422008514,0.8461984498581538,0.2303618758916855,0.17837886611620585,0.2325533837080002,0.602597729365031,0.046921221911907195,0.08843423773845037,0.011758998207127055,0.14692122340202332,1.415096926689148,0.6386740356683731,0.22139182686805725,0.1676565706729889,0.1667269617319107,0.022179187275469303,0.08815242722630501,0.6806476414203644,0.14683419466018677,1.4887166023254395,0.4284762479364872
256,1746.87460231781,0.8429790281341412,0.22826574246088663,0.1749752253293991,0.23408302466074626,0.6038451353708904,0.047177029152711235,0.08827006270488104,0.011774415709078312,0.14717703064282736,1.4329719424247742,0.6598971709609032,0.21964721381664276,0.21964721381664276,0.1652131751179695,0.02231681253761053,0.08857180923223495,0.6759848296642303,0.14733584225177765,1.5768544495105743,0.42656422406435013
257,1753.725135087967,0.8435748218364704,0.22699441512425741,0.17488568623860676,0.23359573980172474,0.6076362212498982,0.04745502024888992,0.08823566337426504,0.011740325562035045,0.14745502173900604,1.4808219909667968,0.6374896876513958,0.22451917082071304,0.1629241183400154,0.16575422883033752,0.022122422233223915,0.08798213675618172,0.6789532005786896,0.14757080376148224,1.584621834754944,0.4274587370455265
258,1760.5957281589508,0.8460768682377723,0.22938602268695832,0.17827016512552898,0.2336334377527237,0.6048967182636261,0.04767420639594396,0.08807252993186315,0.011746030176679294,0.1476742078860601,1.9634551207224529,0.6311359889805317,0.21589148044586182,0.16260365396738052,0.1669713407754898,0.022184643894433975,0.08798911795020103,0.6811388432979584,0.14760678261518478,1.990433967113495,0.4285585395991802
259,1767.4918842315674,0.8428743932046927,0.22771591047445933,0.1725300778945287,0.23367944061756135,0.6049450079600016,0.047942217687765756,0.08865946729977926,0.011753064285342892,0.1479422191778819,1.5500959714253744,0.6356621272861958,0.22416095435619354,0.16755128651857376,0.16386276483535767,0.021919431164860725,0.08762653917074203,0.6742224991321564,0.14792782068252563,1.4418330430984496,0.4247377887368202
260,1774.3416440486908,0.8415085151558742,0.2306687742471695,0.17614412307739258,0.23214038809140522,0.5948312640190124,0.04823930809895197,0.088126835723718,0.011764476060246427,0.14823930958906809,1.5695194721221923,0.6460878998041153,0.2196277529001236,0.1785256564617157,0.16859865933656693,0.02219044603407383,0.08794286474585533,0.6842431128025055,0.1483110710978508,1.6999586939811706,0.4300644211471081
261,1781.2052783966064,0.8379087813703033,0.22651191651821137,0.17060942153135936,0.2338451306025187,0.6013084371884664,0.04844715545574824,0.08803361703952153,0.011750696164866289,0.14844715694586436,1.465582835674286,0.6477709226310253,0.22647017985582352,0.18471107631921768,0.16447260230779648,0.0220246659591794,0.08764651417732239,0.6733672320842743,0.14853248745203018,1.6308846831321717,0.42433013021945953
262,1788.0131530761719,0.8388074360050571,0.2294839898745219,0.1702063153187434,0.2331908981005351,0.5970736225446065,0.048714625338713326,0.08812278012434642,0.01174348002920548,0.14871462682882944,1.8025305589040121,0.6514386609196663,0.2288930043578148,0.18545520305633545,0.1649090275168419,0.021902929060161114,0.08754203096032143,0.6751441657543182,0.14876819401979446,1.785017728805542,0.42511411383748055
263,1794.8775742053986,0.8395063145590635,0.22714287241299946,0.17681942284107208,0.2337566355864207,0.5970698038736979,0.048965546985467276,0.08790100812911987,0.011722473877792556,0.14896554847558338,1.663210916519165,0.6435867473483086,0.22328559309244156,0.1721053421497345,0.16712424159049988,0.02210848033428192,0.08756471052765846,0.6804666817188263,0.14902646094560623,1.6204081177711487,0.4277980513870716
264,1801.7110042572021,0.8403160542152667,0.22579197188218433,0.17654737532138826,0.2344388206799825,0.6020043611526489,0.049262910584608716,0.08770724684000016,0.011722630448639393,0.14926291207472484,1.7540189425150554,0.6420450396835804,0.22258631139993668,0.17173217982053757,0.16679631918668747,0.022148133255541325,0.087530966848135,0.6794764399528503,0.14932593703269958,1.7497010827064514,0.42726918682456017
265,1808.563546180725,0.8415797579994736,0.22731289168198904,0.1775916924079259,0.2344225178162257,0.5986278514067332,0.049495008091131845,0.08810379405816396,0.011731629880766073,0.14949500958124798,1.9054637511571249,0.6431997865438461,0.22136954218149185,0.17794005572795868,0.16643010824918747,0.02220261190086603,0.08787350356578827,0.67718106508255,0.14951735734939575,1.901925230026245,0.4264640361070633
266,1815.3914723396301,0.834580891726849,0.22628631393114726,0.17278113265832265,0.23405439953009288,0.5926760613918305,0.04972531348466873,0.08776863118012747,0.011737554085751374,0.14972531497478486,1.6240882873535156,0.6440654397010803,0.22766264528036118,0.1688707321882248,0.16598371416330338,0.022016819566488266,0.08763808384537697,0.6771780252456665,0.14965936541557312,1.519771695137024,0.4262270964682102
267,1822.2143912315369,0.8360400114460693,0.22737714350223542,0.1738865703344345,0.2332191526889801,0.5899390757083893,0.04999061276515325,0.0883381798863411,0.01170969217394789,0.14999061425526936,1.7402219812075297,0.6302922815084457,0.21644697338342667,0.16143940389156342,0.16656280308961868,0.022088605910539627,0.08730752021074295,0.6772585511207581,0.1499975547194481,1.9403770446777344,0.425936795771122
268,1829.0223171710968,0.8341581230808515,0.22473549445470173,0.1691412816445033,0.2341023216644923,0.5972919702529907,0.050278534988562266,0.08794942597548167,0.011717759755750496,0.1502785364786784,1.6082903424898782,0.6284920573234558,0.21660219132900238,0.15883556008338928,0.1662360429763794,0.021954321302473545,0.08708610385656357,0.6797222793102264,0.15026844292879105,1.5627440929412841,0.4269472435116768
269,1835.8297102451324,0.8344492730296528,0.22688580552736917,0.16940371791521708,0.23382236162821451,0.5915891806284587,0.050631671647230786,0.08830662071704865,0.011704654277612766,0.1506316731373469,1.687166961034139,0.630060002207756,0.2135615050792694,0.1693907082080841,0.1659015715122223,0.022092154249548912,0.08732631430029869,0.6756475567817688,0.15066418051719666,1.62285578250885,0.4251500926911831
270,1842.6478712558746,0.8332809232602206,0.22471756140391033,0.17195165455341338,0.23451001743475597,0.5919792970021566,0.0507944330573082,0.08799737592538198,0.011699439492076635,0.1507944345474243,1.570160404841105,0.6366581097245216,0.21898671239614487,0.161847323179245,0.16837386786937714,0.02202659659087658,0.08713383227586746,0.6828645169734955,0.15072375535964966,1.5401008367538451,0.4285660907626152
271,1849.497977256775,0.8357194922359971,0.22367226382096608,0.18031505346298218,0.2346215565999349,0.5905696829160054,0.05110307981570562,0.08791793038447698,0.011702068150043488,0.15110308130582173,1.6630119323730468,0.6419115290045738,0.21912696957588196,0.17651943862438202,0.16726242005825043,0.021962767466902733,0.08698269352316856,0.6792042553424835,0.15114019811153412,1.7538895964622498,0.4265848211944103
272,1856.3355712890625,0.8304417735431343,0.22330907583236695,0.16887116233507793,0.23497238357861835,0.5919346531232198,0.051355794568856555,0.08790000329415003,0.01169755426235497,0.15135579605897267,1.7328654487927755,0.6363617442548275,0.21962549537420273,0.16495341807603836,0.1671297699213028,0.02206842228770256,0.0870579369366169,0.6793566644191742,0.1513257995247841,1.6900958478450776,0.426736269146204
273,1863.4921672344208,0.8345692131765342,0.2235570470492045,0.17578008671601614,0.2338784654935201,0.592455267906189,0.05159722020228704,0.08797688086827596,0.011695181935404737,0.15159722169240317,1.7832696914672852,0.626777708530426,0.21523437649011612,0.1576220542192459,0.16636615246534348,0.022151011042296886,0.08707648515701294,0.6761127412319183,0.15163015574216843,1.801899218559265,0.4251328557729721
274,1870.4528822898865,0.8325308969535399,0.22208589613437651,0.17677311301231385,0.23500173290570578,0.5910330692927043,0.051907767355442044,0.08766728838284811,0.011688398119683066,0.15190776884555818,1.5159390648206075,0.6428195685148239,0.21915003657341003,0.17656481266021729,0.16769356280565262,0.022072582505643368,0.08695024251937866,0.6823094189167023,0.15206461399793625,1.3653000175952912,0.4281049519777298
275,1877.2539093494415,0.828834648457511,0.22550760805606843,0.1711738497018814,0.23346657752990724,0.5821738878885905,0.052241643766562144,0.08771663655837376,0.011682725325226784,0.15224164525667827,1.6969799995422363,0.6340755149722099,0.21973270177841187,0.1641422063112259,0.16613585501909256,0.022106202319264412,0.08683881908655167,0.6780354678630829,0.1522328406572342,1.7114124536514281,0.4258565530180931
276,1884.0874643325806,0.8279736367054283,0.22421633501847585,0.16984741489092509,0.2339127004146576,0.584105130036672,0.05244601517915726,0.08770617793003718,0.011696058123682936,0.15244601666927338,1.522642195224762,0.6304076910018921,0.21513842046260834,0.1648763120174408,0.16641555726528168,0.021878328174352646,0.08646935224533081,0.676543116569519,0.15260666608810425,1.499512368440628,0.42474091053009033
277,1890.9675681591034,0.8309187294760098,0.2239675263563792,0.17335305213928223,0.23478219012419382,0.5858193596204122,0.052713160216808316,0.08788960228363672,0.011673338726783793,0.15271316170692445,1.7508516867955526,0.6389774046838284,0.2135518714785576,0.18148276954889297,0.16734207421541214,0.022016816772520542,0.08662555739283562,0.680732011795044,0.15278436243534088,1.8987926244735718,0.4269915632903576
278,1897.8369903564453,0.8305738568810436,0.22438796659310659,0.1757254958152771,0.23372345566749572,0.5824952999750773,0.052925672630469,0.08774492939313253,0.011669741477817297,0.15292567412058514,1.7975256760915121,0.6670859605073929,0.22087237238883972,0.22087237238883972,0.16788870096206665,0.022107059136033058,0.08666637539863586,0.6801044344902039,0.15319760143756866,1.7945422410964966,0.4267185926437378
279,1904.6620490550995,0.8326712498751779,0.22223869959513345,0.17572228014469146,0.2355847140153249,0.5899218956629435,0.05323187857866287,0.0878426084915797,0.011672224492455523,0.153231880068779,2.046980532010396,0.660754531621933,0.2170083224773407,0.2170083224773407,0.16762102395296097,0.022087067365646362,0.0865132249891758,0.6812848448753357,0.15342029184103012,2.0233235478401186,0.42715564742684364
280,1911.5456352233887,0.8298200534210385,0.22198974589506784,0.1757856806119283,0.2353565643231074,0.5845343112945557,0.05352956602970759,0.08781011203924814,0.011664248475184043,0.15352956751982372,1.7304328997929892,0.6418019123375416,0.21437761932611465,0.18111871927976608,0.16843246668577194,0.022028549574315548,0.08641180023550987,0.6826585531234741,0.15370164066553116,1.737611138820648,0.42774107679724693
281,1918.3574602603912,0.8244241560751107,0.22120382686456044,0.16640152931213378,0.23532458742459614,0.5846455156803131,0.053827472031116486,0.08775022874275844,0.011667724791914224,0.1538274735212326,1.6907422304153443,0.6263027489185333,0.21052316576242447,0.16361446678638458,0.16698617488145828,0.02202986180782318,0.08642357215285301,0.6788512170314789,0.1538660228252411,1.6256624579429626,0.42584918066859245
282,1925.212140083313,0.8334866284897241,0.21905564566453298,0.1780829946200053,0.23596295018990834,0.5939306219418844,0.054083060721556345,0.08801866918802262,0.011659972447281083,0.15408306221167248,1.8498226722081503,0.634506668895483,0.21894735842943192,0.16452664881944656,0.1666479930281639,0.022040179930627346,0.08627190813422203,0.6801938712596893,0.1543378010392189,1.8965383887290954,0.4263688437640667
283,1932.0531141757965,0.8260698034680293,0.22141477167606355,0.17335282762845358,0.234710497657458,0.5811531702677409,0.054393390317757924,0.08749027450879415,0.011691566122074922,0.15439339180787404,1.8443387826283772,0.6294163353741169,0.2100522667169571,0.1643166020512581,0.16860288381576538,0.022220883518457413,0.08675165474414825,0.6815812587738037,0.15455374866724014,1.9479644060134889,0.4275422841310501
284,1938.9166641235352,0.8278890289269233,0.2215563913186391,0.17212360799312593,0.2358250230550766,0.5868907809257508,0.0546592856446902,0.08708273122708003,0.01165231525277098,0.1546592871348063,2.179756251970927,0.6277988664805889,0.2135082110762596,0.16232896596193314,0.16656308621168137,0.022129595279693604,0.08648322150111198,0.6754143834114075,0.15468697994947433,2.083209753036499,0.4241904132068157
285,1945.7850654125214,0.8289468125013324,0.21891645093758902,0.1801029622554779,0.2355254779259364,0.5841281731923421,0.054963594178358714,0.08756624062856039,0.011653128390510878,0.15496359566847484,1.496056087811788,0.6275234185159206,0.21113299578428268,0.1626880243420601,0.16752320528030396,0.0218816502019763,0.085886150598526,0.6796875298023224,0.15518252551555634,1.3602672576904298,0.4257299154996872
286,1952.7063071727753,0.8224924928586309,0.21923490862051645,0.1671094536781311,0.23558982113997143,0.5837740302085876,0.05517653773228327,0.08746090481678645,0.01164519521407783,0.1551765392223994,1.4900892734527589,0.6380564793944359,0.2174503430724144,0.17583346366882324,0.16634470224380493,0.021940222941339016,0.0859137699007988,0.6757771968841553,0.15531429648399353,1.5610402464866637,0.42380236834287643
287,1959.4967591762543,0.8219700539077166,0.21923884252707163,0.1722175786892573,0.23577260375022888,0.5771725694338481,0.05535953491926193,0.08751604159673056,0.011646829219534994,0.15535953640937805,1.4739216089248657,0.6328360475599766,0.21549564599990845,0.16683969646692276,0.16696027666330338,0.02189504075795412,0.08575122058391571,0.6785957515239716,0.15552344918251038,1.4864051580429076,0.4250490963459015
288,1966.3546171188354,0.8192393957190992,0.22116870085398357,0.16720677216847737,0.23437083264191946,0.572543454170227,0.05570740749438604,0.08757886787255605,0.011647117153430978,0.15570740898450217,1.4842575589815776,0.6290512830018997,0.21550172567367554,0.15707552433013916,0.1675058975815773,0.021946554072201252,0.08596233278512955,0.6806171834468842,0.15588541328907013,1.602925306558609,0.4262709245085716
289,1973.2490112781525,0.8256925825378858,0.2180985242128372,0.17718936403592428,0.23627724945545198,0.5816099723180135,0.05595371971527736,0.08742206593354543,0.011637862197433908,0.15595372120539347,2.0534638166427612,0.6384821310639381,0.21559391915798187,0.1753411442041397,0.1676088199019432,0.022055666893720627,0.0859859250485897,0.6790550649166107,0.15636376291513443,2.2077006459236146,0.42551345750689507
290,1980.1691420078278,0.8228005878995949,0.22101159791151684,0.17079761922359465,0.23533335725466412,0.5758384823799133,0.056202147901058194,0.08754555433988571,0.01163616602619489,0.15620214939117433,1.9888320962587993,0.6334795206785202,0.21172334253787994,0.17742380499839783,0.16652213782072067,0.021956193260848522,0.08583071827888489,0.6755794882774353,0.1566869542002678,2.0999804556369783,0.42362046241760254
291,1987.0143353939056,0.8168209045970192,0.21743760406970977,0.16661863426367443,0.23561253050963085,0.5760462999343872,0.056555501123269396,0.08723257879416148,0.011644541627417009,0.15655550261338552,1.8466757218043008,0.6257134601473808,0.21479696780443192,0.16199037432670593,0.16496065258979797,0.02212757244706154,0.08588163554668427,0.6754270493984222,0.1568431407213211,1.764035415649414,0.4235951602458954
292,1993.8966431617737,0.815914442485276,0.22062508662541708,0.16351276238759357,0.23452784319718678,0.5705875992774964,0.0568417951464653,0.0873106653491656,0.01162764288795491,0.15684179663658143,1.8430132865905762,0.6262618191540241,0.21240075677633286,0.16437547653913498,0.1658366620540619,0.022070860490202904,0.08577481657266617,0.6762880980968475,0.15717430412769318,1.893396508693695,0.42391886562108994
293,2000.7474391460419,0.8138844759125884,0.21881600320339203,0.1630908578634262,0.2347998470067978,0.5688601096471151,0.05708902925252914,0.08766216486692428,0.011627820009986559,0.15708903074264527,1.5241528232892354,0.6362458616495132,0.21552520990371704,0.1774657964706421,0.16599387675523758,0.021961357444524765,0.08544792607426643,0.6769324243068695,0.15739066153764725,1.497999507188797,0.4239141382277012
294,2007.6034700870514,0.8163644264432757,0.21744956970214843,0.16998107035954793,0.2347179373105367,0.5709463278452556,0.05737781673669815,0.08727351774772009,0.011622852475071947,0.15737781822681426,1.6276191512743632,0.6276252344250679,0.212478406727314,0.16018539667129517,0.16752706468105316,0.021864229813218117,0.08540184795856476,0.6799989938735962,0.1577177494764328,1.7959453344345093,0.42540134489536285
295,2014.5972909927368,0.8187187876785174,0.2182729850212733,0.17072292566299438,0.23507983684539796,0.5710006992022196,0.05761848737796148,0.08776221225659052,0.011615525186061858,0.15761848886807758,1.7564621210098266,0.6210791319608688,0.2087063267827034,0.1601201444864273,0.1661563664674759,0.02189493551850319,0.08524909242987633,0.6773996651172638,0.15791306644678116,1.7390645027160645,0.4239489249885082
296,2021.6662561893463,0.8177610859507695,0.21669367055098215,0.17242802083492278,0.23540187180042266,0.5722167829672495,0.057923231025536856,0.08724974542856216,0.011624888967101772,0.15792323251565296,1.6288171847661337,0.6477613635361195,0.20776920765638351,0.20776920765638351,0.1680537760257721,0.021873644553124905,0.0854220800101757,0.6795053780078888,0.1580880880355835,1.631220281124115,0.4251747690141201
297,2028.5624413490295,0.8141223489772529,0.21607686281204225,0.16737753351529439,0.23532843887805938,0.5707255204518636,0.05822998036940893,0.08730228493611018,0.01161034166192015,0.15822998185952505,1.7143308639526367,0.6257075294852257,0.21396033465862274,0.15552280843257904,0.1669928953051567,0.02190291415899992,0.0852028876543045,0.6784350574016571,0.15838762372732162,1.700902259349823,0.42442041635513306
298,2035.4159972667694,0.8153816054419925,0.21781125565369924,0.1710762749115626,0.23508469859759012,0.5655442277590433,0.058523112038771315,0.08737335056066513,0.01162241525016725,0.15852311352888743,1.7348414500554403,0.6306878551840782,0.2122027650475502,0.17082464694976807,0.166536383330822,0.02215950284153223,0.08555304259061813,0.6766408681869507,0.1589384526014328,1.6107696294784546,0.4238734766840935
299,2042.2525670528412,0.8104231891532739,0.21672561566034954,0.16248766283194224,0.23569289247194927,0.5658533970514933,0.05882242570320765,0.0874027078350385,0.011607492590943973,0.15882242719332376,1.6506078640619914,0.6323542557656765,0.2187359854578972,0.16057661920785904,0.1666649803519249,0.022079147398471832,0.08535317331552505,0.6768577098846436,0.15911871194839478,1.3649740099906922,0.42378202825784683
300,2049.1171572208405,0.8137525341512325,0.21922538181145987,0.17251610557238262,0.234454212586085,0.5582230726877848,0.05909418215354283,0.08721147080262502,0.011614137701690197,0.15909418364365896,1.584653635819753,0.6320890001952648,0.21153077483177185,0.17362546175718307,0.16687274724245071,0.021884163841605186,0.08494947105646133,0.6773013174533844,0.15945027768611908,1.6120509862899781,0.42360012978315353
301,2055.9335820674896,0.8091216687559305,0.2165272335211436,0.1655773530403773,0.2352809508641561,0.5611928661664327,0.05937483459711075,0.08712626993656158,0.011608483797560135,0.15937483608722686,1.539247465133667,0.6301867961883545,0.21428127586841583,0.1602257490158081,0.1678963229060173,0.02193309646099806,0.0849728025496006,0.680823564529419,0.15975568443536758,1.5687826037406922,0.4253845848143101
302,2062.8655800819397,0.8111450728649895,0.2179224650065104,0.16717647711435954,0.23484813769658405,0.5606273988882701,0.05968614270289739,0.08712658087412516,0.01159740552927057,0.1596861441930135,1.6830612579981485,0.6392353139817715,0.21806631982326508,0.17332365363836288,0.16725358366966248,0.022004829719662666,0.08497056737542152,0.6785124242305756,0.1600549891591072,1.707474172115326,0.4242267794907093
303,2069.7276170253754,0.815746118677392,0.2145269473393758,0.1762662728627523,0.2360681861639023,0.5659467856089274,0.059928221007188164,0.08740139106909434,0.011592891563971837,0.1599282224973043,1.586458476384481,0.6318680979311466,0.21265044063329697,0.1762297973036766,0.16555137932300568,0.02202051877975464,0.08502953872084618,0.6749559938907623,0.16040410846471786,1.501033854484558,0.42250753566622734
304,2076.5274691581726,0.8081823443179019,0.21501858631769816,0.16855143706003825,0.23413884043693542,0.5586510419845581,0.0602586234609286,0.08713776965936025,0.011625180176148811,0.16025862495104473,1.4557695070902505,0.6274250634014606,0.21251333504915237,0.15987195819616318,0.16748787462711334,0.021715444512665272,0.08476908504962921,0.6793388724327087,0.16065429151058197,1.475860071182251,0.4244385212659836
305,2083.3708732128143,0.8061583257959379,0.2171733597914378,0.1609406332174937,0.23416501780351004,0.5573713223139445,0.06049028585354487,0.0872127428650856,0.011612406248847644,0.160490287343661,1.5837687889734904,0.6263030394911766,0.21278628706932068,0.15895698964595795,0.16701912879943848,0.022128148935735226,0.08513437956571579,0.6755566298961639,0.16081403195858002,1.7173207879066468,0.42291269451379776
306,2090.1532101631165,0.8098135105198404,0.21698768436908722,0.17019180059432984,0.23463742136955262,0.5547236224015554,0.060807615021864575,0.08738144983847936,0.011584467844416697,0.1608076165119807,1.7887728929519653,0.6290579922497272,0.20707618445158005,0.17705120891332626,0.16672810167074203,0.02206556126475334,0.08512406796216965,0.6762134730815887,0.1609286591410637,1.8847922682762146,0.423230804502964
307,2096.984241247177,0.8047252930855999,0.216464893023173,0.16144700845082602,0.23388542731602988,0.5550933241844177,0.06112201462189357,0.08715140074491501,0.011586021616434057,0.16112201611200969,1.704464864730835,0.619609497487545,0.20878629386425018,0.15772850811481476,0.16597947478294373,0.021973215974867344,0.08482623845338821,0.6761902868747711,0.16128772497177124,1.754245436191559,0.4229213818907738
308,2103.768224000931,0.8086918377395098,0.21274081766605377,0.1684329112370809,0.2356966942548752,0.5633483568827311,0.061394474407037096,0.08702880342801413,0.011572482157498598,0.16139447589715322,1.7746657133102417,0.6311900243163109,0.21817906200885773,0.16011135280132294,0.16647764295339584,0.021956627257168293,0.08465231209993362,0.6773812770843506,0.16147194057703018,1.8941604971885682,0.4233429506421089
309,2110.565779209137,0.8067348939308431,0.2170490562915802,0.16414609650770823,0.23389138281345367,0.555173659324646,0.061613931755224866,0.087045951684316,0.011586256278678774,0.16161393324534098,1.905363909403483,0.6208100989460945,0.20665063709020615,0.15136116743087769,0.16923943907022476,0.022051246836781502,0.08485011756420135,0.6826765239238739,0.16194899380207062,1.8323777318000793,0.4261883795261383
310,2117.415825366974,0.8057124004330641,0.2129972070455551,0.1652740667263667,0.23587681849797568,0.5589286426703135,0.06198486238718033,0.0871486653884252,0.011575861057887474,0.16198486387729644,1.6064684788386028,0.6404075808823109,0.21600183844566345,0.17656338959932327,0.1680620238184929,0.022101720795035362,0.08470211178064346,0.6797876358032227,0.1624579131603241,1.6529088020324707,0.4245959296822548
311,2124.325131177902,0.8051839232988035,0.21483427186806997,0.16791101396083832,0.23434588313102722,0.5523297409216563,0.062257919212182364,0.08696403255065283,0.011584394425153733,0.16225792070229847,1.7751767714818318,0.6294343583285809,0.20866622030735016,0.16924025863409042,0.16807400435209274,0.02181991934776306,0.08444339409470558,0.6807041764259338,0.16242094337940216,1.7132590770721436,0.4247954823076725
312,2131.170684337616,0.80587953364787,0.21409223576386768,0.1691271771987279,0.23411910931269328,0.5539436539014181,0.06261528780062993,0.08689902822176615,0.01156176656174163,0.16261528929074606,1.5276706258455912,0.6245661340653896,0.211637981235981,0.15874559432268143,0.16677767783403397,0.02190031297504902,0.08422930911183357,0.6752825677394867,0.16293787956237793,1.6215639770030976,0.4218705929815769
313,2138.0072782039642,0.8042080404469744,0.21311038732528687,0.163883239030838,0.2354157030582428,0.5575391829013825,0.06288981189330418,0.08683124631643295,0.011583137217288215,0.16288981338342032,1.9026325861612956,0.6261170133948326,0.20948615670204163,0.15764854848384857,0.16890329122543335,0.021766590885818005,0.0842105820775032,0.6817209124565125,0.16309203952550888,1.9655732750892638,0.42507103830575943
314,2144.801245212555,0.801618490521408,0.21505277653535207,0.1611332227786382,0.23414738575617472,0.5501484513282776,0.06316102196772894,0.08709776550531387,0.011560617790867886,0.16316102345784506,1.8133922497431436,0.6289951093494892,0.21185405552387238,0.16131965070962906,0.16824061423540115,0.021963855251669884,0.08425960689783096,0.6815137565135956,0.16344023495912552,1.7306870460510253,0.42501648515462875
315,2151.687574148178,0.800668105816779,0.2136387159427007,0.1628519227107366,0.23446479042371113,0.5493696331977844,0.06344102770090103,0.08700819412867228,0.011568210273981094,0.16344102919101716,1.5632150570551555,0.6335441134870052,0.2123904973268509,0.17025559395551682,0.16801290959119797,0.02208089828491211,0.08460204303264618,0.6780043542385101,0.16389398276805878,1.4844660997390746,0.42360422015190125
316,2158.601270198822,0.8009165814922502,0.2157069116830826,0.16809271275997162,0.2332902580499649,0.5400599082310994,0.06376616607109706,0.08709407995144526,0.01155393715016544,0.16376616756121318,1.5075169642766317,0.6302141696214676,0.2106391042470932,0.172643780708313,0.16662658751010895,0.02206721529364586,0.08460506051778793,0.6754374504089355,0.16378138214349747,1.5010270953178406,0.4223237857222557
317,2165.5229852199554,0.801236484455876,0.2145226190487544,0.16415313084920247,0.23343606491883595,0.5469221512476603,0.06405891825755437,0.08703564753135046,0.011545783405502637,0.16405891974767048,1.6078731934229533,0.6237733699381351,0.20825353264808655,0.15652171522378922,0.168629489839077,0.02187981829047203,0.08400429412722588,0.6827348172664642,0.16420845687389374,1.6201793074607849,0.425371702760458
318,2172.349715232849,0.7987133447527109,0.21506365537643432,0.1589412530263265,0.2333409418662389,0.5464214364687602,0.06436176151037216,0.08685939361651739,0.01156389300401012,0.16436176300048827,1.8809018929799397,0.6256071403622627,0.20766333490610123,0.1599925458431244,0.16897376626729965,0.021730290725827217,0.08374952152371407,0.6809194982051849,0.16466733068227768,2.095230317115784,0.42420927062630653
319,2179.5376513004303,0.8062801307222496,0.2136449247598648,0.16816236078739166,0.23461453715960184,0.5544166068236033,0.06466704656680425,0.08690892706314722,0.011552529300873478,0.16466704805692037,2.1125593264897664,0.6311058513820171,0.20974930375814438,0.17378631979227066,0.1672316938638687,0.021694675087928772,0.08385520055890083,0.6780001223087311,0.1649826169013977,2.0323811650276182,0.4228552617132664
320,2186.4019813537598,0.797494779767779,0.21431615749994914,0.16165693799654643,0.23318103849887847,0.5417794803778331,0.06491671949625015,0.0869730959335963,0.011585054515550534,0.16491672098636628,1.6732658624649048,0.6215098462998867,0.20615239441394806,0.15583016723394394,0.16872118413448334,0.022006308659911156,0.08448461443185806,0.6802278757095337,0.16539021581411362,1.6699596643447876,0.4245985522866249
321,2193.2639021873474,0.8000630324298982,0.21302921374638875,0.1671580861012141,0.23367903927961986,0.5442454576492309,0.06524050583442052,0.08680644085009893,0.011539972200989724,0.16524050732453663,1.6560951272646587,0.6169937290251255,0.20788951963186264,0.15185224264860153,0.16658904403448105,0.021920342929661274,0.08387128636240959,0.6768031716346741,0.1656879559159279,1.6237193763256073,0.42227287217974663
322,2200.08717417717,0.7962101402828314,0.21251994371414185,0.15579509735107422,0.23459856808185578,0.5481312155723572,0.06555512100458145,0.08687961796919505,0.011535937385633587,0.16555512249469756,1.8068772792816161,0.6264301240444183,0.21064580231904984,0.16102279722690582,0.1676364615559578,0.021991428919136524,0.08382242545485497,0.6801770925521851,0.16588250547647476,1.6498022675514221,0.4239109717309475
323,2206.876391172409,0.796965178695973,0.21290214161078136,0.16055366893609366,0.23347887893517813,0.543404754002889,0.065815968811512,0.0870485340555509,0.011539285692075888,0.16581597030162812,1.64853884379069,0.6270865276455879,0.20674440264701843,0.17148952186107635,0.16729868203401566,0.022043868899345398,0.08399674668908119,0.6777064204216003,0.16624470800161362,1.63154034614563,0.42284995689988136
324,2213.922261238098,0.8016484440964026,0.21273093024889628,0.16809829970200857,0.23319594363371532,0.5453100045522054,0.0661381815870603,0.08704769512017568,0.01152857206761837,0.1661381830771764,1.647751231988271,0.6335242614150047,0.21145477145910263,0.16778287291526794,0.16908902674913406,0.021908043883740902,0.08359388634562492,0.6830539107322693,0.16652727127075195,1.7517390251159668,0.42512084171175957
325,2220.8185300827026,0.7990327099571004,0.21169306337833405,0.1602560708920161,0.23396907448768617,0.5506648818651835,0.06642946749925613,0.08676910499731699,0.011528835538774729,0.16642946898937225,1.8787956476211547,0.6168320327997208,0.2013455554842949,0.1518733650445938,0.16977489739656448,0.021839981898665428,0.08339858800172806,0.685685008764267,0.1665663942694664,1.938330340385437,0.42624109238386154
326,2227.6904640197754,0.7999889383014912,0.21131592492262521,0.1624418963988622,0.23413937290509543,0.5498403469721477,0.0667458767692248,0.08700726727644602,0.0115365379024297,0.16674587825934092,2.046211314201355,0.6317600719630718,0.2067599594593048,0.16787781566381454,0.17053060233592987,0.021978620439767838,0.08361028507351875,0.685431569814682,0.16708530485630035,2.17033109664917,0.42632606998085976
327,2234.4921112060547,0.8001990233509181,0.20974450210730236,0.16553378999233245,0.23408064246177673,0.549941768248876,0.06702490001916886,0.08703285257021585,0.011536859239762028,0.16702490150928498,1.761046818892161,0.6254608891904354,0.21333691477775574,0.15560408681631088,0.16716096550226212,0.02172933705151081,0.08332641422748566,0.6757607161998749,0.16748878359794617,1.7152498662471771,0.4212067723274231
328,2241.3257563114166,0.7991803835068519,0.21225517590840656,0.16226850946744284,0.23444024324417115,0.546548314889272,0.06726323515176773,0.08685399889945984,0.01155426069162786,0.16726323664188386,2.270882002512614,0.6300194039940834,0.2057008445262909,0.17021457850933075,0.16960563510656357,0.02199907973408699,0.08380613476037979,0.684175968170166,0.1675359234213829,2.3844267964363097,0.4258941188454628
329,2248.17529129982,0.7909849749839244,0.2120223601659139,0.1539663294951121,0.23345337410767872,0.5394129693508148,0.06760997126499811,0.08669785310824712,0.011512899259105324,0.16760997275511424,1.9046710729599,0.6299341171979904,0.20840413123369217,0.16638700664043427,0.16916824132204056,0.021915691904723644,0.08347149565815926,0.6814674735069275,0.16808169335126877,1.8704676628112793,0.424205232411623
330,2255.096808195114,0.7970159229415004,0.21099680264790852,0.16502009431521097,0.23347784678141276,0.5419142027695973,0.06781645566225052,0.08678409258524576,0.01151848902615408,0.16781645715236665,1.6753015677134195,0.6284725517034531,0.20563474297523499,0.1701229214668274,0.1688881739974022,0.021922278217971325,0.08320407941937447,0.6819974184036255,0.16801229119300842,1.7228872179985046,0.4242027886211872
331,2261.9934582710266,0.7932737654230247,0.21254957417647044,0.15524035890897114,0.2332152227560679,0.5404202977816264,0.06815174768368402,0.08688464711109797,0.01151444842107594,0.16815174917380016,1.8854713757832846,0.6237260513007641,0.20549751073122025,0.1578960195183754,0.16964026540517807,0.02185769286006689,0.08317683264613152,0.6820932626724243,0.1684819683432579,2.000051999092102,0.4242234639823437
332,2269.0188801288605,0.7923723039178489,0.21121900876363117,0.15231569508711498,0.233480304479599,0.5431807219982148,0.06856038322051367,0.08702527980009715,0.011508700841416915,0.16856038471062978,1.8354490518569946,0.626378457993269,0.2043462172150612,0.16893143206834793,0.1687832623720169,0.021804261952638626,0.08307777345180511,0.6808677017688751,0.16887085139751434,1.917643129825592,0.4235116243362427
333,2275.885842323303,0.7968542175270462,0.21051688889662426,0.16338027318318685,0.2330729971329371,0.543973704179128,0.06884353309869766,0.08660242954889934,0.01150941583327949,0.1688435345888138,2.0389593044916787,0.6343006901443005,0.21159972995519638,0.16554970294237137,0.1699630543589592,0.021902715787291527,0.08302424475550652,0.6846272647380829,0.16917143017053604,2.021314489841461,0.42533787712454796
334,2282.7948632240295,0.795980799436802,0.2107466220855713,0.15863705575466155,0.23239179650942485,0.545683906475703,0.06910193910201391,0.08677935699621836,0.011498810024932027,0.16910194059213002,2.114285445213318,0.6209672428667545,0.2029450386762619,0.15778637677431107,0.16956450790166855,0.02186413947492838,0.08298804610967636,0.6829196810722351,0.16932936757802963,2.1813093423843384,0.4244478866457939
335,2289.8013331890106,0.7982853531604632,0.2087128718694051,0.16322412391503652,0.23376948833465577,0.5494891742865244,0.0694065198302269,0.08670523762702942,0.011501073216398558,0.169406521320343,2.2401201764742535,0.6265870071947575,0.20215261727571487,0.17153357714414597,0.1693338006734848,0.021891393698751926,0.08292137458920479,0.6821811199188232,0.16977760195732117,2.282988840341568,0.4240119345486164
336,2296.671339035034,0.7993128304447358,0.21048234899838766,0.16418594121932983,0.23323483069737752,0.5459937016169231,0.06974467982848485,0.0869097501039505,0.011502255437274773,0.16974468131860096,2.1090668201446534,0.6140111498534679,0.2020004391670227,0.14604132622480392,0.16949502378702164,0.021834195591509342,0.08299025893211365,0.6827745735645294,0.1701056808233261,2.233578586578369,0.42437754571437836
337,2303.4999511241913,0.7987756254461904,0.20851525366306306,0.1649410863717397,0.23389481802781423,0.5472297231356303,0.07004280636707942,0.08701933821042379,0.011502743776266774,0.17004280785719553,1.9638418753941853,0.6467198356986046,0.20432867109775543,0.20432867109775543,0.17011341452598572,0.021751991473138332,0.08284104615449905,0.6850939691066742,0.17040510475635529,1.9885721683502198,0.42538803070783615
338,2310.442574262619,0.7905055188573897,0.2101110061009725,0.153019580245018,0.23257889250914257,0.5413243472576141,0.07041134983301163,0.08651770502328873,0.01149047260793547,0.17041135132312774,1.8369481881459555,0.6241588406264782,0.20897193998098373,0.15302643924951553,0.16933684051036835,0.021855369210243225,0.08285151794552803,0.6829893589019775,0.1704728826880455,1.8843197226524353,0.4243461973965168
339,2317.3500652313232,0.7967344637804975,0.2082992047071457,0.16427441438039145,0.23358454704284667,0.5442206184069316,0.07064458578824998,0.08689017494519552,0.011511004871378343,0.1706445872783661,1.7785168409347534,0.6308415792882442,0.2061096429824829,0.16613199561834335,0.17083296924829483,0.021646986715495586,0.08264940977096558,0.6861532032489777,0.17111839354038239,1.632752013206482,0.4257260113954544
340,2324.5533571243286,0.7987205735951041,0.20837423900763194,0.17194905678431194,0.23308226466178894,0.5403318961461385,0.07098149806261063,0.08684173921744029,0.01148926632789274,0.17098149955272673,1.8263385454813639,0.6177876591682434,0.20170670747756958,0.1563878357410431,0.16894351691007614,0.021866056136786938,0.08268174529075623,0.6814786493778229,0.17147094756364822,1.891851580142975,0.42342106997966766
341,2331.457675218582,0.7967129472449112,0.20847913920879363,0.1603785236676534,0.23307832181453705,0.5482086300849914,0.07125678112109503,0.08664076427618662,0.011483234105010827,0.17125678261121113,2.191831676165263,0.624708317220211,0.2013377696275711,0.16963674128055573,0.16927608847618103,0.02184984739869833,0.08257635310292244,0.6840873062610626,0.17150786519050598,2.2791496396064757,0.42462000623345375
342,2338.378715276718,0.7888346793906142,0.20831024944782256,0.15251871248086293,0.23283680578072866,0.5407809376716614,0.07158854057391485,0.08653730948766072,0.01148020038381219,0.17158854206403096,2.0453336397806803,0.6231973357498646,0.20609168708324432,0.15185845643281937,0.17058821022510529,0.021788700483739376,0.08252003416419029,0.6854903697967529,0.17183425277471542,1.893858802318573,0.42526521906256676
343,2345.2570571899414,0.7951269923631723,0.20893161992232004,0.16794999639193217,0.23181384404500324,0.5366523087024688,0.07190955628951391,0.08651731361945471,0.011489542340859771,0.17190955777963002,2.037734603881836,0.6287286393344402,0.20591440051794052,0.1637108102440834,0.170479416847229,0.021969372406601906,0.08279455825686455,0.6841877698898315,0.17215918749570847,2.1960289120674132,0.4248884432017803
344,2352.12997508049,0.7936062491149641,0.20599786539872486,0.1572939783334732,0.23379330039024354,0.5491250157356262,0.07213194419940312,0.08661599506934484,0.011477288603782655,0.17213194568951926,2.213111384709676,0.6249868310987949,0.21119610965251923,0.15167532116174698,0.1689765304327011,0.021907707676291466,0.08253587782382965,0.6804085969924927,0.17253458499908447,2.2960883378982544,0.422740176320076
345,2359.0221660137177,0.7954154273184637,0.20792778233687084,0.1599489728609721,0.2329942524433136,0.5456101139386494,0.07249077608187994,0.08672071446975073,0.011479052963356178,0.17249077757199605,2.326294493675232,0.619035866111517,0.19981491565704346,0.1518217846751213,0.17165502905845642,0.02174066286534071,0.08232773095369339,0.6861641108989716,0.17303861677646637,1.997877299785614,0.42540978640317917
346,2365.8242642879486,0.7891358941327781,0.2075159062941869,0.15530703465143839,0.2323057919740677,0.5381394763787587,0.07278336634238561,0.08677674929300944,0.011473158250252406,0.17278336783250173,1.5785868008931478,0.6235365271568298,0.20442873984575272,0.1512201875448227,0.17174884676933289,0.02181838359683752,0.08225708454847336,0.690316766500473,0.1732051596045494,1.5069083094596862,0.42741546779870987
347,2372.5883944034576,0.7905414502718486,0.20676466226577758,0.16019714574019114,0.23263475000858308,0.5374087313810985,0.07311349461476008,0.08671659429868063,0.011469602879757682,0.1731134961048762,1.6941033363342286,0.625320952385664,0.20653987675905228,0.1563739851117134,0.1702970415353775,0.02191072516143322,0.08237127214670181,0.6851142048835754,0.17340430617332458,1.7132059812545777,0.42492837458848953
348,2379.2921640872955,0.7900634770611457,0.20809458593527477,0.16132611731688182,0.23224018414815267,0.5326696773370106,0.07343131353457769,0.08665517618258795,0.011473095680897435,0.1734313150246938,1.7162654876708985,0.6262246333062649,0.20219708234071732,0.1637415960431099,0.1710783764719963,0.021777896210551262,0.08211332559585571,0.686239093542099,0.17396042495965958,1.6218908429145813,0.4252328723669052
349,2386.579699277878,0.7897866853842667,0.20768389503161114,0.1620070328315099,0.23213803072770436,0.5329442461331685,0.07374359617630641,0.08641073356072108,0.011467217141762376,0.17374359766642253,1.6165503819783529,0.6251349523663521,0.20764350146055222,0.15618526935577393,0.16969940811395645,0.021882081404328346,0.08212655410170555,0.6837606132030487,0.17418783158063889,1.556894838809967,0.4240068607032299
350,2393.54846739769,0.790709374701449,0.20753496090571086,0.15470659832159678,0.23241087595621746,0.5409985601902008,0.07403629571199417,0.08667128831148148,0.011466683633625508,0.17403629720211028,2.144266883532206,0.6173536255955696,0.20323754101991653,0.1456398069858551,0.17064809054136276,0.02177134994417429,0.08190153911709785,0.6847378313541412,0.17451026290655136,1.984428060054779,0.4242704547941685
351,2400.268341064453,0.789694225791997,0.2071516255537669,0.16014799376328787,0.23217305938402813,0.5345764895280202,0.07434228410323461,0.08653675119082133,0.011456038771818082,0.17434228559335072,1.7770153363545735,0.6187785230576992,0.20446082204580307,0.1505676582455635,0.1695169359445572,0.021803363226354122,0.08193846419453621,0.6835151314735413,0.17472905665636063,1.7513821959495544,0.42369602993130684
352,2407.04332113266,0.7923502249080533,0.20785090724627178,0.16575732131799062,0.23175987501939138,0.5323508818944295,0.07468739201625188,0.08660349150498708,0.011457007331773638,0.174687393506368,1.75995082060496,0.6453995518386364,0.20286238938570023,0.20286238938570023,0.17055298388004303,0.0217979047447443,0.0821196548640728,0.6829964816570282,0.17479033023118973,1.828856313228607,0.4236178956925869
353,2413.850921392441,0.7870672131228882,0.20713060994942983,0.15634710590044656,0.23185144265492758,0.5335836609204611,0.07499104787906011,0.08628656168778738,0.01144957800085346,0.17499104936917623,1.6298710823059082,0.6176819503307343,0.20450693368911743,0.1505446434020996,0.1689513474702835,0.021824108436703682,0.08185136318206787,0.6813431680202484,0.1753050610423088,1.7593192338943482,0.4225229471921921
354,2420.6895332336426,0.7872072853109179,0.20653267204761505,0.1557167778412501,0.2318955292304357,0.5348700682322184,0.07522102544705073,0.08643060723940531,0.011466130210707585,0.17522102693716685,2.0231171369552614,0.6268170364201069,0.20866168290376663,0.14535575360059738,0.17273873835802078,0.021812072955071926,0.08193852752447128,0.6894141435623169,0.17558448761701584,1.9987587332725525,0.42664559930562973
355,2427.649905204773,0.7850916169894239,0.20649417539437612,0.15578920841217042,0.2323637823263804,0.5298863967259725,0.07558056662480037,0.08650751461585363,0.011452960936973492,0.17558056811491649,1.746624489625295,0.6308626905083656,0.21086904406547546,0.1622728854417801,0.16942860186100006,0.021840432658791542,0.0818733461201191,0.6816693842411041,0.1759200617671013,1.5699429094791413,0.42270803824067116
356,2435.7279851436615,0.7898570861822615,0.20715313851833345,0.16211675703525544,0.23137756884098054,0.5319905042648315,0.07591737161080042,0.0864185631275177,0.011445022669310372,0.17591737310091654,1.9803569316864014,0.6197884902358055,0.19897180795669556,0.15890561044216156,0.1706819385290146,0.021823219023644924,0.08176082372665405,0.6853961646556854,0.17623378336429596,1.792522633075714,0.42445890605449677
357,2442.998347043991,0.7835201025668842,0.20692733426888785,0.1513826737801234,0.23140778342882792,0.5299434999624888,0.07620708495378495,0.08648406515518824,0.011448244269316395,0.17620708644390107,1.7212518374125163,0.6207400448620319,0.20659853518009186,0.1509440317749977,0.1693347468972206,0.021821998991072178,0.08171705901622772,0.681755006313324,0.176522858440876,1.604653799533844,0.4225945621728897
358,2450.4903333187103,0.7838214977721994,0.20670827130476635,0.1513156940539678,0.2315541962782542,0.5305819272994995,0.07651350845893225,0.08651817093292873,0.011439358939727147,0.17651350994904835,1.8990906397501628,0.6206717453896999,0.20568804442882538,0.15064214915037155,0.1698313131928444,0.02179761976003647,0.08155330643057823,0.6836009621620178,0.17689255625009537,2.0939240574836733,0.42335378751158714
359,2458.989684343338,0.7864340311071525,0.20835262934366863,0.15719939172267913,0.2307107041279475,0.5268131216367086,0.07686056743065516,0.08642906347910563,0.011437816778197885,0.1768605689207713,2.073165996869405,0.6442367285490036,0.20093289017677307,0.20093289017677307,0.171418696641922,0.021782847121357918,0.0815301463007927,0.6862264573574066,0.17719510942697525,2.1945969581604006,0.424643374979496
360,2466.2029802799225,0.7905588108483547,0.2056321601072947,0.1626249541838964,0.23133850594361624,0.5343258202075958,0.07718489319086075,0.08650482495625814,0.01143542753222088,0.17718489468097687,2.3050550699234007,0.6039215810596943,0.19679640978574753,0.14321409910917282,0.16775906085968018,0.02179504558444023,0.08151458948850632,0.678839236497879,0.17745907604694366,2.4470239758491514,0.42093420773744583
361,2473.05500125885,0.7860717550579769,0.2048959126075109,0.1568506896495819,0.2313642293214798,0.5321038365364075,0.07752994547287623,0.08653935392697652,0.011456525869046648,0.17752994696299235,1.8504504203796386,0.6455484330654144,0.2025907039642334,0.2025907039642334,0.17083118855953217,0.021571957506239414,0.08134743943810463,0.6875799000263214,0.17779511958360672,1.8280252814292908,0.42513738945126534
362,2480.7497012615204,0.7871076022837467,0.20615666210651398,0.15776249170303344,0.23094209531943002,0.5295102715492248,0.07786507060130438,0.08678688059250514,0.011427074391394853,0.1778650720914205,1.8214141130447388,0.6214960776269436,0.1995057761669159,0.16073795408010483,0.17081066220998764,0.021660649217665195,0.08121270686388016,0.6855025291442871,0.1781679019331932,1.9962390065193176,0.4239639714360237
363,2487.8213953971863,0.7854654827523821,0.20712370276451111,0.1553366353114446,0.23040437897046406,0.5270773490269979,0.07814724296331406,0.0866532509525617,0.011428162859131893,0.17814724445343016,1.8328888734181723,0.6174742579460144,0.2019008994102478,0.14491409063339233,0.17155815660953522,0.02175569161772728,0.08119621127843857,0.6856092214584351,0.17851556837558746,1.8564529299736023,0.4240008220076561
364,2494.801078081131,0.7860425819817465,0.20530206362406414,0.16134337782859803,0.2309558133284251,0.5258187055587769,0.07852652917305629,0.08654279559850693,0.011433640696729223,0.1785265306631724,1.5891290028889975,0.6376110166311264,0.19716444611549377,0.19716444611549377,0.17093217372894287,0.02170857135206461,0.08140977472066879,0.6862245798110962,0.1788579449057579,1.6045240998268127,0.4245220646262169
365,2501.771343231201,0.7822427899033452,0.2050900588432948,0.15334006746610004,0.23071668843428295,0.5273466785748799,0.07879638423522313,0.08631253043810526,0.011429515015333892,0.17879638572533926,1.9294934034347535,0.6189442835748196,0.20462291687726974,0.14930535107851028,0.16983434557914734,0.021877381950616837,0.08133091032505035,0.6842288970947266,0.1791512593626976,1.9691365718841554,0.42344535887241364
366,2508.788519382477,0.7848826624879924,0.20699960887432098,0.1489181359608968,0.2304583489894867,0.5314149598280589,0.07918728242317835,0.08668146133422852,0.011427466804161669,0.17918728391329447,2.1858431895573935,0.6264651380479336,0.203452929854393,0.1590418741106987,0.1717456355690956,0.02190171554684639,0.08146332204341888,0.6874856054782867,0.17949939519166946,2.274739694595337,0.42520612478256226
367,2515.8306403160095,0.787049802088101,0.20313657919565836,0.15734896262486775,0.23173912664254506,0.5350343585014343,0.07943825970093409,0.08655741314093272,0.01142458029401799,0.17943826119105022,2.1224119583765666,0.6219825632870197,0.20398584753274918,0.14847856014966965,0.17187871783971786,0.02173555549234152,0.08110969886183739,0.6892979145050049,0.17982863634824753,2.1712804317474363,0.42575865611433983
368,2523.64124417305,0.784313425864093,0.20555943747361502,0.15683195292949675,0.23027250270048777,0.5255808750788371,0.07973128110170365,0.08646977295478185,0.01143425287057956,0.17973128259181975,1.848559888203939,0.6211037822067738,0.19783002138137817,0.15766427665948868,0.17222081124782562,0.021912498399615288,0.08143597468733788,0.6881267428398132,0.18021124601364136,1.8759413480758667,0.4254993461072445
369,2531.122547388077,0.7833398019351686,0.2039946367343267,0.15575401087601978,0.23109903534253437,0.5264293829600016,0.0800540362795194,0.08670152326424917,0.011423279531300068,0.18005403776963552,1.8804449001948038,0.6314864456653595,0.20272648334503174,0.1601460874080658,0.17434345930814743,0.021703314036130905,0.08099734783172607,0.6932634115219116,0.1804310828447342,1.8914296865463256,0.4276290535926819
370,2539.439753293991,0.7861751505173743,0.2031801958878835,0.1600230634212494,0.2312763919432958,0.5301583210627238,0.08034098297357559,0.08644705315430959,0.011413632333278656,0.1803409844636917,1.7428939819335938,0.6140912584960461,0.19844596832990646,0.14212960749864578,0.17229024320840836,0.021753421053290367,0.0808999054133892,0.6871396005153656,0.18076474219560623,1.7496588349342346,0.424469705671072
371,2547.184917449951,0.7864840976544656,0.2040855626265208,0.16280391812324524,0.2302853097518285,0.5254578510920207,0.08069759160280228,0.08658881932497024,0.011417893134057522,0.18069759309291838,1.7996956745783488,0.6379774995148182,0.19329338520765305,0.19329338520765305,0.1740187108516693,0.021864650771021843,0.08115709200501442,0.6901586055755615,0.18103846907615662,1.701392948627472,0.4262363947927952
372,2554.524577140808,0.7831602826229452,0.20242380797863008,0.15164955854415893,0.23207416733105976,0.5315370957056681,0.08107145080963771,0.0868442972501119,0.011409371408323448,0.18107145229975383,1.8256258169809978,0.6217269413173199,0.20270228385925293,0.1485435590147972,0.17237643897533417,0.021791324950754642,0.08090970292687416,0.6873314678668976,0.1812301203608513,1.8426651239395142,0.42457543686032295
373,2561.57666516304,0.7830237800546456,0.20363600154717762,0.15586991608142853,0.23049000004927317,0.5252093474070231,0.08134054789940516,0.08670871208111446,0.011409642966464162,0.1813405493895213,1.7665810664494832,0.6356803327798843,0.19283774495124817,0.19283774495124817,0.17321185767650604,0.021806041710078716,0.08109431713819504,0.6918271481990814,0.1817166581749916,1.7321714282035827,0.42700789123773575
374,2568.591232061386,0.7849670250841883,0.20304162204265594,0.15338507890701295,0.23113764425118763,0.532176387310028,0.08163411170244217,0.08675145804882049,0.011406248714774848,0.1816341131925583,2.1604456424713137,0.6162194311618805,0.1990973949432373,0.14685797691345215,0.17184652388095856,0.02176752034574747,0.08063965290784836,0.6862619519233704,0.18212315440177917,2.179556500911713,0.42377062886953354
375,2575.7415380477905,0.7838809960715784,0.2017449547847112,0.15350379645824433,0.23110717435677847,0.5325684130191803,0.08194465984900792,0.08665335178375244,0.011401330943529804,0.18194466133912404,2.020402503013611,0.6228499710559845,0.19631922990083694,0.15662570297718048,0.17410894483327866,0.021709824912250042,0.08050981909036636,0.6934724152088165,0.18232247233390808,1.944247877597809,0.4272460266947746
376,2582.9421701431274,0.7808167479020388,0.20325433214505514,0.1481146216392517,0.23119566937287647,0.5297641019026439,0.08229014724493026,0.08632420996824901,0.011399931957324345,0.1822901487350464,2.0626847108205157,0.618395920842886,0.20062436908483505,0.14559856802225113,0.17248613387346268,0.02175133489072323,0.08060380443930626,0.6878291666507721,0.1825713813304901,1.925326371192932,0.4245183877646923
377,2590.4052481651306,0.7807308229870008,0.2028404951095581,0.15131150782108307,0.23080751101175945,0.525787083307902,0.0825780138373375,0.08663034985462824,0.011403800655777256,0.1825780153274536,1.960121218363444,0.617417648434639,0.19681008905172348,0.1449214667081833,0.17407341301441193,0.021762004122138023,0.08070679381489754,0.69146528840065,0.18285958468914032,1.9971802711486817,0.42643943801522255
378,2597.7668793201447,0.7783132925707226,0.2031714787085851,0.1454934746026993,0.2306261916955312,0.5264750440915426,0.0829118366042773,0.08646483818689982,0.011395596464474996,0.1829118380943934,2.0647741079330446,0.6291030757129192,0.19832944869995117,0.15768571943044662,0.17596538364887238,0.021728933788836002,0.08064239844679832,0.69575035572052,0.1832050457596779,2.0363279819488525,0.42851757630705833
379,2605.3111333847046,0.783447546515769,0.20133773386478424,0.1585171421368917,0.23104686240355174,0.5266175687313079,0.08319704582293828,0.08656485428412755,0.011397015256807207,0.1831970473130544,1.7850591580073039,0.6265387684106827,0.1966535970568657,0.16510380804538727,0.17366663366556168,0.021711565554142,0.08050147816538811,0.6890100240707397,0.18357735872268677,1.8015090942382812,0.425006490200758
380,2612.7337222099304,0.7804863754310645,0.20235306024551392,0.15372985303401948,0.23017844061056772,0.524896518389384,0.08347086360057195,0.08617916703224182,0.011390118192260464,0.18347086509068808,1.8178056240081788,0.6105902753770351,0.1932748332619667,0.14020655304193497,0.17360608279705048,0.021690020337700844,0.08030173555016518,0.6895595788955688,0.18384847044944763,1.8059336304664613,0.4250815249979496
381,2620.265230178833,0.7817677178885788,0.2017112334569295,0.15292505125204722,0.2306490788857142,0.5278264244397481,0.08375129948059717,0.08651185780763626,0.011443143555273613,0.1837513009707133,2.1541459480921428,0.6239094994962215,0.19720153510570526,0.15223585814237595,0.17529501765966415,0.02146912459284067,0.08093654364347458,0.6947551071643829,0.18411795794963837,2.2025725483894347,0.42831409722566605
382,2627.8525953292847,0.7765441689116415,0.200923220316569,0.15072688361008962,0.23089556396007538,0.5215164661407471,0.08404790510733923,0.08633900582790374,0.011384945906077823,0.18404790659745535,1.9519577264785766,0.6105898022651672,0.1931968480348587,0.13892817497253418,0.17396443337202072,0.02177508920431137,0.08035967871546745,0.6907155811786652,0.1843326836824417,1.9144588232040405,0.42571746930480003
383,2635.373475074768,0.7794789210427553,0.2006133238474528,0.15797886451085408,0.23099511563777925,0.52077290614446,0.08441319316625595,0.08623803456624349,0.011383543179060021,0.18441319465637207,1.6758407354354858,0.6331620551645756,0.2005166858434677,0.16156894713640213,0.1759304478764534,0.021806884557008743,0.08042651414871216,0.695977121591568,0.18477847427129745,1.8655672192573547,0.42841507494449615
384,2642.8582582473755,0.7746279567557698,0.2016017546256383,0.14709206521511078,0.23052344222863516,0.5201590716838836,0.08466666589180628,0.08615360409021378,0.011384976841509343,0.18466666738192242,1.9691823959350585,0.6189215555787086,0.1977255865931511,0.14395815134048462,0.17460844665765762,0.021801910363137722,0.08033300936222076,0.69382244348526,0.18515606969594955,1.8384366631507874,0.42724423110485077
385,2650.2878923416138,0.7793525339434079,0.20292317668596904,0.1507723242044449,0.23008908033370973,0.5233017305533091,0.08498458911975225,0.0860918680826823,0.011382686129460732,0.18498459060986835,2.3553778529167175,0.6124973744153976,0.1904599592089653,0.1423064023256302,0.17544210702180862,0.021877904422581196,0.08030811324715614,0.6943110823631287,0.1853923723101616,2.4099083125591276,0.4274636544287205
386,2657.838363170624,0.7734275499902045,0.19981687366962433,0.146347780028979,0.23143305877844492,0.5221976240475973,0.08530267924070359,0.08591829190651576,0.011378334012503426,0.1853026807308197,1.8293702920277914,0.6252874061465263,0.20000391453504562,0.1450522243976593,0.17637868970632553,0.021816298365592957,0.08020529896020889,0.6956956386566162,0.18567389249801636,1.5660772442817688,0.428053118288517
387,2665.324026107788,0.7837638473021797,0.2010200043519338,0.16360187729199727,0.23059136668841043,0.5230358918507894,0.08557937194903692,0.08593479494253795,0.01137696032722791,0.18557937343915304,2.043302853902181,0.611529279500246,0.18985936045646667,0.1421373263001442,0.17530062794685364,0.021760343573987484,0.07996342703700066,0.6940816342830658,0.18611060082912445,1.9361655831336975,0.42700424417853355
388,2672.90234708786,0.777128662308678,0.19917859137058258,0.15084933737913767,0.23148325781027476,0.5250616908073426,0.0859250749150912,0.08608870307604471,0.011375305367012818,0.1859250764052073,1.9471312522888184,0.6266479566693306,0.19933807104825974,0.14443567395210266,0.17754602432250977,0.021807312034070492,0.08005572855472565,0.6972041130065918,0.18637578934431076,2.0673030853271483,0.42865778505802155
389,2680.223780155182,0.773680853676827,0.20094409883022307,0.14900744458039603,0.2304250737031301,0.5157157202561696,0.08624191532532374,0.08625309069951376,0.011370101074377695,0.18624191681543986,1.737940533955892,0.6324173882603645,0.2018461897969246,0.15877699851989746,0.1755913496017456,0.021733496338129044,0.07985597848892212,0.6931994557380676,0.1866825371980667,1.6863439917564391,0.42645570635795593
390,2687.7360212802887,0.7753609078509422,0.20040637056032817,0.15098176101843516,0.23106809357802074,0.5177843848864238,0.08657888223727545,0.08623490234216054,0.011369385042538245,0.18657888372739156,2.0061363220214843,0.6231857240200043,0.19449472427368164,0.15009835362434387,0.17682091146707535,0.02176670078188181,0.07984887436032295,0.6962953805923462,0.18698404729366302,2.117268753051758,0.42799656465649605
391,2695.24991106987,0.7801733461247446,0.19996378322442374,0.15680668950080873,0.23057034611701965,0.5227971315383911,0.08693196525176367,0.08608949333429336,0.011371067259460688,0.18693196674187978,1.9993703365325928,0.6225068382918835,0.19809919595718384,0.14514877647161484,0.1759166270494461,0.021647436544299126,0.07981681451201439,0.6952906548976898,0.18728120625019073,1.9359245300292969,0.4274621419608593
392,2702.674631357193,0.7745318263749748,0.19992974102497102,0.1499028782049815,0.23070296943187713,0.518422402938207,0.08717897981405258,0.08603677948315938,0.011374108757202824,0.1871789813041687,2.0633532126744587,0.6230781152844429,0.1971646174788475,0.14893865585327148,0.17572208493947983,0.02175759617239237,0.07976486533880234,0.6936433911323547,0.1874987781047821,1.8829856395721436,0.4265865609049797
393,2709.9423789978027,0.7768810683434518,0.20010710060596465,0.15889523923397064,0.22960711220900218,0.5139028112093608,0.08749886006116867,0.08597960223754247,0.011370568272347252,0.18749886155128478,1.7073018987973532,0.6390846185386181,0.19090057164430618,0.19090057164430618,0.1763668805360794,0.0216837115585804,0.07973969727754593,0.6960014700889587,0.1879347413778305,1.7734638929367066,0.4277404323220253
394,2717.2986233234406,0.7719788238619609,0.19922215739885965,0.14473063747088113,0.23122606972853343,0.5197030007839203,0.08783821413914362,0.08589587161938349,0.011375966543952624,0.18783821562925976,2.151830021540324,0.6212732866406441,0.1968093365430832,0.14437110722064972,0.176139198243618,0.02160647977143526,0.07976636663079262,0.6963657736778259,0.18810076266527176,2.422558403015137,0.4279492534697056
395,2724.6980032920837,0.7717116633119683,0.19994197090466817,0.14473762214183808,0.22997577289740245,0.518066958586375,0.08813351541757583,0.08579954703648886,0.01135979644022882,0.18813351690769195,1.9480453491210938,0.6166799962520599,0.19269505143165588,0.13829386234283447,0.1774190068244934,0.021746091544628143,0.07970602810382843,0.696347177028656,0.18859363347291946,1.6961119413375854,0.42787961661815643
396,2732.4776623249054,0.7705169240633647,0.1995017945766449,0.14696115056673686,0.23039693931738536,0.5143385529518127,0.08846674114465714,0.08569437464078268,0.01135640627083679,0.18846674263477325,1.8833214203516642,0.6271086744964123,0.19285520911216736,0.15868481248617172,0.17745552957057953,0.021735484711825848,0.0795484110713005,0.6970909535884857,0.1888820081949234,1.9823520064353943,0.42809388786554337
397,2739.9623050689697,0.7734700439847074,0.1967685063680013,0.15220316549142202,0.23081292013327281,0.5200770715872447,0.08873469978570939,0.08570434351762136,0.01136063045511643,0.1887347012758255,1.997841238975525,0.6275651529431343,0.19775014370679855,0.15629926323890686,0.17583268880844116,0.021805995143949986,0.07978640496730804,0.6944287121295929,0.18912423402071,2.1442617654800413,0.4270007610321045
398,2747.4169583320618,0.7751754480724533,0.1986843595902125,0.15652065277099608,0.23074068029721578,0.5156981686751048,0.08904193689425786,0.08554100841283799,0.011364213361715277,0.18904193838437397,2.089941215515137,0.6238305531442165,0.1922413408756256,0.15381958335638046,0.17733971029520035,0.021830810233950615,0.07987633347511292,0.6963750422000885,0.18954700231552124,2.185645055770874,0.42806385457515717
399,2754.7099850177765,0.7735841458120073,0.19724196096261343,0.1553434948126475,0.2307804336150487,0.5158943970998128,0.08937928527593612,0.08562615613142649,0.01135495255390803,0.18937928676605226,2.057962981859843,0.6201701685786247,0.19002218544483185,0.15199480950832367,0.17707528918981552,0.02168368548154831,0.0795229859650135,0.6988572180271149,0.18982119858264923,2.0981600165367125,0.42895159497857094
400,2762.1903281211853,0.7703705384590042,0.1980323205391566,0.14983986616134642,0.23031583527723948,0.512575626373291,0.0897276466091474,0.08576610237360001,0.01135246188690265,0.1897276480992635,1.8502965291341147,0.6250688768923283,0.1898932233452797,0.1601562425494194,0.17754876613616943,0.02173828613013029,0.07930691167712212,0.6993622183799744,0.1901383474469185,1.8337338805198669,0.4289880208671093
401,2769.564940214157,0.7706046596285887,0.19664126833279927,0.14753098686536154,0.22989924351374308,0.5180035054683685,0.08999435752630233,0.0857528845469157,0.011355171088750164,0.18999435901641845,2.18160994052887,0.6292557939887047,0.19634662568569183,0.15572820603847504,0.17752253264188766,0.021580546163022518,0.07920483127236366,0.6990289688110352,0.19050391763448715,2.298422694206238,0.42871931567788124
402,2776.9755482673645,0.7671371725620701,0.19921758671601614,0.14689107239246368,0.2295099784930547,0.507679303487142,0.09030012935400009,0.08541490485270818,0.011356868113701542,0.1903001308441162,2.0376055320103963,0.6234554387629032,0.19141091406345367,0.14626840502023697,0.17945516109466553,0.021772761829197407,0.07941900193691254,0.702750563621521,0.1910124272108078,1.8670761704444885,0.43079428374767303
403,2784.421404361725,0.7660322006675415,0.1979879488547643,0.14644971390565237,0.22998464504877728,0.5072808941205342,0.09061631908019384,0.08558497975269953,0.011349138477817178,0.19061632057030994,1.6170694828033447,0.621519111096859,0.19526391476392746,0.1425161361694336,0.17749856412410736,0.021650315262377262,0.07905716076493263,0.6975812017917633,0.19101056456565857,1.4623270392417909,0.4278477616608143
404,2792.002370119095,0.7679604621778708,0.19710541665554046,0.1479834864536921,0.23051049411296845,0.510772434870402,0.09092583507299423,0.08563091307878494,0.011341983266174794,0.19092583656311035,1.920400285720825,0.6242887824773788,0.19499686360359192,0.142250657081604,0.17908329516649246,0.021713045425713062,0.07911640778183937,0.7024222314357758,0.19139689207077026,2.210706079006195,0.43032752349972725
405,2799.4586601257324,0.7649935921789923,0.19752839704354605,0.13858486513296764,0.23047278622786205,0.5133584380149842,0.09121375729640326,0.08556929379701614,0.01133874390895168,0.19121375878651936,2.429130514462789,0.6211623251438141,0.19653738290071487,0.13695262372493744,0.17807431519031525,0.021715104579925537,0.07905010879039764,0.6991534233093262,0.19175943732261658,2.578095579147339,0.42862682044506073
406,2806.9323093891144,0.7706307107155832,0.19583822886149088,0.1532281736532847,0.23148217300573984,0.5130867620309194,0.09157063613335291,0.08549972176551819,0.011346931771064798,0.19157063762346904,1.9823498010635376,0.6274922899901867,0.20181480795145035,0.14353809505701065,0.1769542172551155,0.021589783020317554,0.07923321053385735,0.6969695687294006,0.1918274536728859,1.792459285259247,0.42771799489855766
407,2814.4991133213043,0.7721258275792934,0.19745801289876302,0.14867967069149018,0.2299582729736964,0.5176300724347432,0.09187374959389369,0.0854398434360822,0.011337136104702949,0.1918737510840098,2.6106008927027387,0.629919309169054,0.19590700417757034,0.1491069421172142,0.1797294169664383,0.021549121476709843,0.07880296185612679,0.70338574051857,0.1923878714442253,2.652159869670868,0.43049583211541176
408,2821.947941303253,0.7709088538928578,0.1955692281325658,0.15344571967919668,0.23011905451615652,0.5135316133499146,0.0921653096874555,0.08552837918202082,0.011330991409098108,0.1921653111775716,2.2777729113896688,0.6185216344892979,0.19437477737665176,0.14238565415143967,0.17647701501846313,0.021673399955034256,0.07891381159424782,0.6953006982803345,0.19268368929624557,1.9788955330848694,0.42656416073441505
409,2829.5742411613464,0.7634837928557924,0.19641570150852203,0.14320775071779887,0.23012179434299468,0.5082148989041646,0.0924730862180392,0.08520404547452927,0.011333050004517039,0.19247308770815533,2.0603450218836468,0.6192470416426659,0.19031327962875366,0.14117087423801422,0.17917416244745255,0.021663393825292587,0.07875212654471397,0.7019105553627014,0.1930113583803177,2.007571113109589,0.4297074042260647
410,2837.1158182621,0.7636134793205808,0.196417631705602,0.14132616817951202,0.2298027257124583,0.5093393166859944,0.09281510363022487,0.08538726270198822,0.011338332792123158,0.19281510512034097,1.905300529797872,0.6183945387601852,0.18962577730417252,0.13618193566799164,0.18033889681100845,0.02177714742720127,0.07894577831029892,0.7027503252029419,0.1933165341615677,1.7790277481079102,0.43032094091176987
411,2844.69921207428,0.7663274683853767,0.19636628329753875,0.14664890766143798,0.2297265996535619,0.5101965328057607,0.09313639352718989,0.08514907906452815,0.011329576435188452,0.193136395017306,2.3486234108606974,0.6095323488116264,0.18298321217298508,0.13738974928855896,0.17892713099718094,0.021688994951546192,0.07884738221764565,0.7024932205677032,0.19361089169979095,2.507799136638641,0.43009399250149727
412,2852.192483186722,0.7679958684020676,0.19403164784113566,0.15004560947418213,0.2306911240021388,0.5146006206671397,0.09342149247725805,0.08508114218711853,0.011326407082378864,0.19342149396737415,2.16663970152537,0.618005845695734,0.19441484659910202,0.13769298046827316,0.1773722544312477,0.021690947003662586,0.07876350358128548,0.697409451007843,0.19411754608154297,2.1163639068603515,0.427468229085207
413,2859.907603263855,0.7618620017330007,0.19507468938827516,0.14554141759872435,0.22967303295930228,0.5046835899353027,0.09374826302131017,0.0850664272904396,0.011336875148117542,0.1937482645114263,1.862013546625773,0.617206871509552,0.18723060190677643,0.1398283839225769,0.18003103882074356,0.02172233536839485,0.07894976064562798,0.7024852931499481,0.19427449256181717,1.697446918487549,0.43019240722060204
414,2867.0782022476196,0.7630988227455722,0.19499121904373168,0.14479921559492748,0.22994544804096223,0.5078749815622966,0.09404904395341873,0.08502631584803264,0.011325403287385901,0.19404904544353485,2.0339872519175213,0.6339022070169449,0.19851132482290268,0.15789683163166046,0.178221233189106,0.02177345659583807,0.078653983771801,0.698395848274231,0.1945415362715721,2.1051172971725465,0.4278519079089165
415,2874.4059932231903,0.764644272897082,0.19430147111415863,0.14222020506858826,0.23093125224113464,0.5134818951288859,0.09435389290253321,0.08526110897461574,0.01132982784571747,0.19435389439264933,2.322855027516683,0.618402510881424,0.19377409666776657,0.14211316406726837,0.1767859160900116,0.0216651214286685,0.07850171998143196,0.6965236961841583,0.1949397176504135,2.374212718009949,0.4267635680735111
416,2881.5450003147125,0.7620327590111022,0.19525298575560252,0.14466727674007415,0.23005605538686116,0.5048316697279612,0.09468766103188196,0.08499102691809336,0.011325397373487553,0.1946876625219981,1.9241552750269573,0.6544105187058449,0.19677715003490448,0.19677715003490448,0.17962239682674408,0.021750892512500286,0.07892489060759544,0.7035761773586273,0.19525478035211563,2.0480386137962343,0.4307129792869091
417,2888.427643299103,0.7647169859944066,0.1936518132686615,0.1497355858484904,0.23065139949321747,0.5081894079844157,0.0950301652153333,0.08491221417983373,0.01132014145453771,0.19503016670544943,2.1308499256769817,0.6171423345804214,0.18572747707366943,0.13990890979766846,0.1807302013039589,0.02165640238672495,0.07843894138932228,0.705950528383255,0.19561663269996643,2.076638066768646,0.4314142055809498
418,2895.3963911533356,0.7608848836447578,0.19450247287750244,0.14197931786378223,0.22995273470878602,0.5056916018327077,0.09528689036766688,0.08510516037543615,0.011319422566642364,0.195286891857783,2.116699465115865,0.6162482164800167,0.1861082911491394,0.1378687545657158,0.1806027740240097,0.02168534230440855,0.07866325974464417,0.7040709257125854,0.19589681178331375,2.127701425552368,0.4306987226009369
419,2902.4147293567657,0.7633944960621496,0.19080923398335775,0.1476361095905304,0.23101863463719685,0.5128734290599823,0.09564035187164942,0.08485579291979471,0.011312492409100134,0.19564035336176555,2.0008484999338787,0.6223251447081566,0.1922624707221985,0.14037542045116425,0.179937481880188,0.021659922786056995,0.07867494970560074,0.7006822228431702,0.19609782099723816,1.9559982299804688,0.4290160611271858
420,2909.4693632125854,0.7620909618582421,0.19503008723258972,0.14375135799249014,0.22966928482055665,0.5051354626814525,0.09591856350501378,0.0849972998102506,0.011311038583517074,0.1959185649951299,2.2840244213740033,0.6178178079426289,0.19118507206439972,0.1358623281121254,0.17935078591108322,0.02163912169635296,0.07830022275447845,0.7002156376838684,0.1965196579694748,2.2949561953544615,0.42840804159641266
421,2916.4304151535034,0.7640832901214405,0.19241343339284261,0.14920625686645508,0.2302901675303777,0.5084804832935333,0.09623014281193415,0.08499288707971572,0.011310928004483382,0.19623014430205027,2.3610023339589437,0.6266757994890213,0.19210512936115265,0.1452208161354065,0.1809801310300827,0.02162659727036953,0.07831734418869019,0.704035609960556,0.19681093841791153,2.2824587345123293,0.4303351491689682
422,2923.275273323059,0.7621953638251094,0.19190912942091623,0.14598467151323954,0.23053652743498484,0.5099541525046031,0.09655832201242447,0.08464374641577403,0.011310214052597682,0.1965583235025406,2.2407188415527344,0.6169310510158539,0.18592587858438492,0.13938875496387482,0.18065539747476578,0.021683363243937492,0.07816774025559425,0.7039778232574463,0.19711192697286606,2.1463459372520446,0.4301566518843174
423,2930.3549864292145,0.757621125143487,0.1928281287352244,0.13873582382996877,0.23051984310150148,0.5051252901554107,0.0967643216252327,0.08486628929773966,0.011304720941310128,0.1967643231153488,2.092432077725728,0.6189820803701878,0.18951936811208725,0.13519933074712753,0.18093152344226837,0.021661370061337948,0.07828051596879959,0.7015252709388733,0.19746506214141846,2.143872010707855,0.42904315143823624
424,2938.1801919937134,0.7592171536486906,0.19339359601338704,0.14164237280686695,0.23001257777214051,0.5039295891920725,0.09706146866083146,0.08490423262119293,0.011314184047902624,0.19706147015094758,2.035600733757019,0.6262579746544361,0.19224579632282257,0.13960690051317215,0.18210436403751373,0.021532720886170864,0.07840876653790474,0.7032240033149719,0.19766125082969666,1.9223412036895753,0.4300207681953907
425,2946.0438652038574,0.7656224986577096,0.18984861771265665,0.1522342085838318,0.23092267413934073,0.5132149656613668,0.09735069324572881,0.0847919762134552,0.011318140492464105,0.19735069473584493,2.195158052444458,0.6246275752782822,0.18693117797374725,0.13679364323616028,0.1846497878432274,0.02175421267747879,0.07839833199977875,0.7113233506679535,0.1979820653796196,2.043298053741455,0.4340600073337555
426,2953.515985250473,0.7595722803283328,0.19139876663684846,0.1476505736509959,0.23042370975017548,0.5024456342061361,0.09768890887498856,0.08477122982343038,0.01130748336824278,0.19768891036510466,2.0981022755304974,0.6156203225255013,0.1872284784913063,0.13454729318618774,0.18055909872055054,0.021754386834800243,0.07857810705900192,0.7034761011600494,0.19828391820192337,2.1524009227752687,0.43031615763902664
427,2960.6986141204834,0.7586258950216386,0.19047512809435527,0.1464196225007375,0.2310362458229065,0.5030946870644887,0.09800677945216497,0.08479580531517665,0.011299988611911733,0.19800678094228108,1.8738958994547525,0.6439832672476768,0.18414972722530365,0.18414972722530365,0.1838793382048607,0.0217001773416996,0.0781078077852726,0.7087289988994598,0.1987186148762703,1.855615746974945,0.4324723072350025
428,3540.159923315048,0.7582868720501816,0.19012491603692372,0.14195543030897775,0.23111642797787985,0.5071584781010946,0.09830273340145747,0.08482350011666616,0.011299957645436128,0.1983027348915736,2.045718518892924,0.6199299208819866,0.18727529048919678,0.13432296365499496,0.18274657428264618,0.021657087840139866,0.07818503305315971,0.7043254375457764,0.19900308549404144,1.9945305585861206,0.4303477518260479
429,4280.968355178833,0.7589613580047929,0.19040119349956514,0.1448673278093338,0.2309479425350825,0.5044264098008474,0.09858702172835668,0.08491507917642593,0.011298890023802717,0.1985870232184728,1.8656448364257812,0.6257742270827293,0.18381185084581375,0.14660313725471497,0.18433040380477905,0.02161812875419855,0.07795751839876175,0.7078726887702942,0.19923391938209534,1.8826691389083863,0.43189386278390884
430,4289.120228290558,0.7596195561947146,0.18980287214120228,0.14804105957349142,0.23095465699831644,0.5030881424744924,0.09893581519524257,0.08499698489904403,0.011298214473451177,0.19893581668535867,1.8931850830713908,0.630815178155899,0.18685737997293472,0.15527813136577606,0.18315936625003815,0.02166852355003357,0.07813205942511559,0.7069891691207886,0.19946445524692535,1.8272323131561279,0.4316266439855099
431,5313.556248188019,0.7593478787729206,0.18918409844239553,0.14345495303471884,0.23198627829551696,0.507973317305247,0.09917317579189937,0.0849851444363594,0.01129423122232159,0.19917317728201547,2.1817607482274375,0.6223047897219658,0.1859763041138649,0.13290229439735413,0.18493866920471191,0.021595395170152187,0.07797659188508987,0.7083530724048615,0.19976893812417984,2.239928996562958,0.4321531280875206
432,5327.3102831840515,0.7585604088691373,0.18942175606886547,0.14543259839216868,0.23098930219809213,0.5038946807384491,0.09951790322860082,0.084961166481177,0.011298634329189856,0.19951790471871694,2.2458635330200196,0.6171230971813202,0.181034155189991,0.1345919817686081,0.18439647555351257,0.021723399870097637,0.0782320573925972,0.7093065977096558,0.20025774091482162,2.223647618293762,0.4328853562474251
433,5675.845254182816,0.7546805386295697,0.19021857778231302,0.13954286972681682,0.2307116707166036,0.5011671205361684,0.09982302437225977,0.08471552183230718,0.01128834745225807,0.1998230258623759,2.1467475732167562,0.6257252059876919,0.18536020815372467,0.14897071570158005,0.1829398199915886,0.021642012521624565,0.07765623182058334,0.7059051990509033,0.20051920413970947,2.143630564212799,0.430608831346035
434,5686.487881422043,0.7579678533346548,0.18892497917016346,0.1460025876760483,0.23104224503040313,0.502721639474233,0.1001255954305331,0.08491045931975047,0.011285528214648366,0.2001255969206492,2.080865510304769,0.6221929155290127,0.18627726286649704,0.13739342242479324,0.1836094707250595,0.02162171993404627,0.07776731997728348,0.7086072266101837,0.20065940916538239,1.7899325609207153,0.43207093328237534
435,6599.60444021225,0.7554769977151106,0.19145890673001606,0.1429516613483429,0.23016137878100076,0.49661916891733804,0.10046473493178686,0.08464550177256266,0.011287731196110448,0.20046473642190296,1.8104669411977132,0.6396776810288429,0.1818736046552658,0.1818736046552658,0.1834336370229721,0.021650491282343864,0.07773128151893616,0.707643449306488,0.2010287046432495,1.9361977577209473,0.4315530061721802
436,6613.070427179337,0.7591551474062725,0.18783511718114218,0.14613026877244314,0.2320739229520162,0.5062118987242381,0.1007840688029925,0.0849275380373001,0.011296319200967748,0.20078407029310863,1.9492353677749634,0.6295361295342445,0.18261687457561493,0.15373985469341278,0.1850246638059616,0.02157295774668455,0.0781770683825016,0.7092016041278839,0.20134753733873367,1.9356518864631653,0.43277787044644356
437,6624.122577190399,0.7631309943312469,0.188307656844457,0.14845655262470245,0.23183961510658263,0.5115877528985341,0.10106201022863388,0.08469700217247009,0.01128140843162934,0.20106201171875,2.4293150266011554,0.614289429038763,0.1795833706855774,0.13643034547567368,0.1832454428076744,0.021655425429344177,0.0775250494480133,0.7045935392379761,0.2017204388976097,2.475495231151581,0.42982181906700134
438,6635.100610256195,0.7590562098135706,0.1870841572682063,0.14675032993157705,0.23189331988493603,0.506671130657196,0.10135877678791681,0.08485017120838165,0.011281710335363944,0.20135877827803295,1.8662210623423259,0.6309659816324711,0.18356183916330338,0.15062692016363144,0.186045341193676,0.021648279391229153,0.07749423757195473,0.7129722535610199,0.20206263661384583,1.9949312210083008,0.4339803643524647
439,6648.6930050849915,0.754647896134217,0.1886503348747889,0.1393392672141393,0.2312187135219574,0.5025087078412374,0.10164876133203507,0.08471649090449015,0.01129564568400383,0.2016487628221512,2.1348238945007325,0.6227941811084747,0.1839742660522461,0.13745534420013428,0.18504612147808075,0.02151931542903185,0.07792722806334496,0.709699958562851,0.2022412121295929,2.15457444190979,0.43277720734477043
440,7683.592503070831,0.7502011345466599,0.18754795988400777,0.13803187112013499,0.23132362763086955,0.49658188223838806,0.10199164301156997,0.08476307342449824,0.011279752586657803,0.2019916445016861,2.0918506066004436,0.6225673332810402,0.18870901316404343,0.13625726103782654,0.18286484479904175,0.021656198427081108,0.07764704525470734,0.7057873606681824,0.20260120183229446,2.2161546111106873,0.4305407255887985
441,7734.783421278,0.7515108731342479,0.18914751013120015,0.1371183544397354,0.23063361446062725,0.4972005506356557,0.10225629260142645,0.08466030259927114,0.011278659927969177,0.20225629409154255,2.053857413927714,0.6269093044102192,0.18299205601215363,0.1416211500763893,0.18655333667993546,0.021647056564688683,0.07739408686757088,0.7140577733516693,0.2029527649283409,2.237980031967163,0.43442297354340553
442,7747.49747300148,0.7588231144084906,0.1862904816865921,0.1528407613436381,0.23119156062602997,0.5006099541982015,0.10258420060078303,0.08485239793856938,0.011274792704110343,0.20258420209089914,1.8525068203608195,0.6444847844541073,0.18428394943475723,0.18428394943475723,0.18402943015098572,0.021646801382303238,0.0772227980196476,0.7074640095233917,0.20335565507411957,1.69119234085083,0.43095480278134346
443,7755.654392242432,0.7539660783445773,0.186960635582606,0.1413069615761439,0.23088944454987845,0.5015116095542907,0.10292393614848455,0.08467677930990855,0.011277908055732647,0.20292393763860067,2.0771925687789916,0.618813581764698,0.18178966641426086,0.13531531393527985,0.18468312919139862,0.02172546461224556,0.07732930406928062,0.7089946568012238,0.20352579653263092,2.0070247769355776,0.4318266324698925
444,8865.136446237564,0.7493398753266471,0.1873934080203374,0.13878531555334728,0.23105279604593912,0.493608291943868,0.10319172988335291,0.08467833648125331,0.011278971455370386,0.20319173137346905,1.8616127967834473,0.6227311417460442,0.1867017224431038,0.14134815335273743,0.18267767131328583,0.02156162168830633,0.0772247165441513,0.7060158252716064,0.20386654883623123,1.815454375743866,0.43023262917995453
445,8872.138238191605,0.7594781716567619,0.18694223960240683,0.14701255162556967,0.23167674839496613,0.5050995508829753,0.10346440821886063,0.0849447121222814,0.011270615287745993,0.20346440970897675,2.517403332392375,0.6178518906235695,0.18035800009965897,0.1310150921344757,0.18599317222833633,0.02158708218485117,0.07722844183444977,0.7118223607540131,0.20421869307756424,2.6208979845047,0.4331396222114563
446,8881.045449256897,0.7581492013356183,0.18476625382900239,0.14693224132061006,0.23239327371120452,0.5069010098775227,0.10381792436043422,0.08481378853321075,0.011269626285259923,0.20381792585055034,2.3541539033253986,0.6194845885038376,0.18224851787090302,0.1351526975631714,0.18482986092567444,0.021575982682406902,0.07714327052235603,0.7091051340103149,0.20444928854703903,2.469006156921387,0.4316958375275135
447,10217.233976125717,0.7516797045051741,0.18590575555960337,0.1406259447336197,0.23109250664710998,0.4987401525179545,0.10411756585041682,0.08461623638868332,0.011269256984815002,0.20411756734053293,2.1718303680419924,0.6271335408091545,0.18200533092021942,0.14450179040431976,0.1864386573433876,0.021630404517054558,0.0771162249147892,0.7127611637115479,0.20473679155111313,2.3161766171455382,0.4334968067705631
448,10224.331927061081,0.7505064399136852,0.18605740467707316,0.14097251842419306,0.23035161594549816,0.4953511337439219,0.10448746432860692,0.08465917458136876,0.01126639066884915,0.20448746581872304,1.990708057085673,0.6103584934026003,0.17991804331541061,0.1293187327682972,0.18289054185152054,0.02161414548754692,0.07701848447322845,0.7039015591144562,0.20525890588760376,1.8705541133880614,0.42896926403045654
449,11180.917273283005,0.7530614341279337,0.18784418205420175,0.13915634155273438,0.23047805031140645,0.49757047891616824,0.10473106453816096,0.08487540731827418,0.01126453250957032,0.2047310660282771,2.6307490189870197,0.6245893761515617,0.1803782880306244,0.14303748309612274,0.186346173286438,0.021579647436738014,0.07691993191838264,0.7122287452220917,0.2053462192416191,2.5565439462661743,0.4330343045294285
450,11260.11491727829,0.7536924900428857,0.18437553346157073,0.1384407937526703,0.2321134368578593,0.5064144273598988,0.10508973548809687,0.08472089618444442,0.011275616660714149,0.205089736978213,2.450990883509318,0.6178699471056461,0.17762026190757751,0.13948363810777664,0.18525393307209015,0.021632728166878223,0.07717966288328171,0.7096194326877594,0.2057866007089615,2.406743788719177,0.4319893792271614
451,12169.866109371185,0.753266817688321,0.18517569800217945,0.14255005617936453,0.23080442249774932,0.4997836152712504,0.10534282575050989,0.08474038342634836,0.011277810002987583,0.20534282724062602,2.1299566268920898,0.6144044622778893,0.177438884973526,0.12959738075733185,0.18608344346284866,0.021705690771341324,0.07728628441691399,0.7121808528900146,0.20606572926044464,1.988593077659607,0.4333767108619213
452,12860.730830192566,0.7478058269402633,0.18382702867190043,0.14072791288296382,0.23093626499176026,0.49308652281761167,0.10567274043957392,0.08472633212804795,0.011259449956317743,0.20567274192969004,1.7214041392008463,0.6117128413170576,0.17984666675329208,0.13005439564585686,0.18341948837041855,0.021633834578096867,0.07680109888315201,0.7048920094966888,0.20642897486686707,1.7205608487129211,0.42924710363149643
453,13436.006795167923,0.7548472493654117,0.18534887631734212,0.14752019544442493,0.23084137936433155,0.49619659582773845,0.10604291409254074,0.08492293804883957,0.01125682662241161,0.20604291558265686,2.1751504580179852,0.623066570609808,0.1763315498828888,0.1538521572947502,0.18490447103977203,0.021624859422445297,0.07671709358692169,0.7090937793254852,0.20667386800050735,2.1456550002098083,0.4312639832496643
454,13548.561417341232,0.7536530406136687,0.18356325030326842,0.1444134513537089,0.23157082398732504,0.4987500290075938,0.10629009157419204,0.0852586050828298,0.011258039250969886,0.20629009306430818,2.0125709533691407,0.6245740614831448,0.18007321655750275,0.14670344442129135,0.18557456135749817,0.02159979473799467,0.07681099325418472,0.7101124227046967,0.20691801607608795,1.907369887828827,0.43186720460653305
455,13556.037926197052,0.7549816631207553,0.18397574027379354,0.14646385113398233,0.23150979379812878,0.5004146218299865,0.1066099688410759,0.08471127251784007,0.011254497400174538,0.20660997033119202,2.4270654837290446,0.6206267885863781,0.17514710128307343,0.14803387969732285,0.18573137372732162,0.021616065874695778,0.0767296813428402,0.7097125351428986,0.20716704428195953,2.5185073614120483,0.4315859489142895
456,13568.609064340591,0.7518958819040563,0.18232217232386272,0.1381302833557129,0.23142990370591482,0.5049996455510457,0.10688845266898474,0.08486637969811757,0.011258411081507802,0.20688845415910084,2.3482927242914835,0.611267413944006,0.17453685402870178,0.12896885722875595,0.1861230656504631,0.021633640863001347,0.07669461145997047,0.7111802101135254,0.2075815573334694,2.3615140676498414,0.43228471651673317
457,13599.967552185059,0.7488322600683508,0.18321653306484223,0.13759143153826395,0.23142145574092865,0.4974067608515422,0.10724603782097498,0.0848316287000974,0.011254704169308146,0.20724603931109112,2.2325891574223835,0.6217048689723015,0.1808459758758545,0.134827122092247,0.18672266602516174,0.021691814064979553,0.07673872262239456,0.7127587497234344,0.20793677866458893,2.150062620639801,0.4331180974841118
458,13880.961942195892,0.7497085078192565,0.18398689826329548,0.13541529526313145,0.2309123992919922,0.4997654855251312,0.10751811911662419,0.08479650815327962,0.011252789432182908,0.20751812060674033,2.3726940472920734,0.6133333798497915,0.17579998075962067,0.1272621564567089,0.1869511604309082,0.021662430837750435,0.07653051614761353,0.7119746506214142,0.20827921479940414,2.3883710622787477,0.4325178414583206
459,13949.86136507988,0.746585976681672,0.18390050927797955,0.135965496301651,0.23152913749217988,0.49198383490244546,0.10777528037627539,0.08499069660902023,0.01125904278208812,0.2077752818663915,1.9749603271484375,0.6180232856422663,0.17738600075244904,0.13303886726498604,0.1870589256286621,0.021480368450284004,0.07654746621847153,0.713458925485611,0.20845086872577667,2.0247196793556212,0.433276928961277
460,14270.887955188751,0.7490228986289973,0.18082744677861531,0.1393528530995051,0.2319319744904836,0.4993558843930562,0.10811897863944371,0.08495012472073236,0.011254247572893897,0.20811898012955984,2.173452059427897,0.6207205057144165,0.17568008601665497,0.15084075927734375,0.18481002002954483,0.021578974090516567,0.0769180878996849,0.7078905403614044,0.20885300636291504,2.311119222640991,0.4308633580803871
461,14278.037467241287,0.7482758539166147,0.18326072096824647,0.1409152592221896,0.23088996907075246,0.49236316680908204,0.10842724492152532,0.08469242056210836,0.011256427597254514,0.20842724641164143,2.079023742675781,0.6175760924816132,0.17314143478870392,0.14532220363616943,0.18588677793741226,0.02161574736237526,0.07689768821001053,0.7104031145572662,0.2090446501970291,1.8541619539260865,0.43209924548864365
462,15475.308108091354,0.7487837444350589,0.1818694313367208,0.1389355887969335,0.2312974234422048,0.4973079999287923,0.10868267069260279,0.08481602271397909,0.01126266165326039,0.2086826721827189,2.5372750838597615,0.6153735686093569,0.18129590153694153,0.12943289056420326,0.18468061089515686,0.021424545906484127,0.07607704028487206,0.7093685865402222,0.209311343729496,2.5765262126922606,0.43076133355498314
463,15482.8692111969,0.7466175241706272,0.18211994767189027,0.13610085248947143,0.23119923273722331,0.4946821451187134,0.1089926744500796,0.08489916076262792,0.011276597746958335,0.20899267594019572,2.3920242547988892,0.644381683319807,0.18052322417497635,0.18052322417497635,0.18679842352867126,0.02170233428478241,0.07693859189748764,0.7121347784996033,0.20968924462795258,2.3662328124046326,0.4330059811472893
464,15496.332540273666,0.7508039414591622,0.18158088823159535,0.14441161553064982,0.23139865895112355,0.4956882874170939,0.10933121393124262,0.08484037468830745,0.011245932150632142,0.20933121542135874,2.5809600830078123,0.6416652873158455,0.1793862134218216,0.1793862134218216,0.18629298359155655,0.021644387394189835,0.07660342007875443,0.7112951576709747,0.21018066257238388,2.4782929182052613,0.4322509989142418
465,15782.741319179535,0.7445414243576427,0.1809363305568695,0.13897096415360768,0.23107490837574005,0.4894488016764323,0.10963807354370753,0.08489084939161937,0.011246626529221733,0.20963807503382365,1.7739497661590575,0.6141680218279362,0.18054913729429245,0.1290149912238121,0.18455569446086884,0.021581951528787613,0.07625008746981621,0.708256870508194,0.21026158332824707,1.811709725856781,0.4303785227239132
466,16818.852602243423,0.745971160880678,0.1819820672273636,0.13914315402507782,0.23056060274442036,0.4893889784812927,0.10989556064208349,0.08501646568377813,0.011241705436259509,0.2098955621321996,1.8105868101119995,0.6269479915499687,0.1766991913318634,0.14931271970272064,0.1877962201833725,0.021657475270330906,0.07632946223020554,0.716094970703125,0.21065150946378708,1.8309735417366029,0.43437694758176804
467,17088.88094329834,0.7446330396497312,0.18127187291781108,0.13611368040243785,0.23093523780504863,0.49088108142217,0.11019406268994013,0.08499373346567154,0.011238507243494194,0.21019406418005626,2.0242587327957153,0.615876417607069,0.1770680770277977,0.13186872750520706,0.1864369884133339,0.02160843461751938,0.07621441408991814,0.7127558588981628,0.2109401747584343,2.016072154045105,0.43259234353899956
468,17121.13749718666,0.7451706586269817,0.1807621955871582,0.1366634120543798,0.2309298207362493,0.4915401061375936,0.11054312934478124,0.0851279690861702,0.011241454103340705,0.21054313083489737,1.9522493282953899,0.6192787475883961,0.17910151928663254,0.13300245255231857,0.18683800101280212,0.021519361063838005,0.07601787894964218,0.7142289876937866,0.21122930198907852,1.954716944694519,0.4331323727965355
469,17210.065548181534,0.7426046348681363,0.18109591603279113,0.1380838657418887,0.23027825653553008,0.48326868414878843,0.11085199465354284,0.08534653385480245,0.011237049382179976,0.21085199614365896,1.6661952257156372,0.6128760110586882,0.1772640198469162,0.1305934153497219,0.1851576417684555,0.021553109399974346,0.07623077183961868,0.710683286190033,0.21158168464899063,1.5495142221450806,0.43157241493463516
470,17536.773735284805,0.747922155825654,0.1790577083826065,0.14420170535643895,0.23180190126101177,0.4926133612791697,0.11113389680782954,0.08501213043928146,0.011236803435410062,0.21113389829794565,1.8810641050338746,0.6090100090950727,0.17341329902410507,0.1260431818664074,0.186287559568882,0.021541624329984188,0.07610352709889412,0.7135531902313232,0.21181797981262207,1.9284667372703552,0.43288012221455574
471,17621.515498399734,0.7474621906178072,0.18056291143099468,0.13859675625960033,0.23108385105927784,0.49392675161361693,0.11146451781193416,0.08505572577317556,0.011236239705855649,0.21146451930205026,2.2451868136723836,0.6304500438272953,0.18138860166072845,0.14470703154802322,0.18835396319627762,0.021641163155436516,0.07604774832725525,0.7166790068149567,0.21214158087968826,2.372301197052002,0.4343872517347336
472,17628.51534318924,0.7534504754391188,0.17960834999879202,0.1490894635518392,0.2307000935077667,0.49628430008888247,0.1117948666214943,0.08525083015362421,0.011240848107263446,0.2117948681116104,2.689742414156596,0.6429657302796841,0.17876598984003067,0.17876598984003067,0.18740837275981903,0.021699621342122555,0.07637425884604454,0.7136452794075012,0.21243449300527573,2.6579853653907777,0.43319689854979515
473,18354.415493249893,0.7473057095427066,0.17872904340426127,0.13971898406744004,0.23195621172587078,0.4957603851954142,0.11206423590580622,0.08496145655711491,0.01124226621662577,0.21206423739592234,2.418107068538666,0.6246884502470493,0.17687221616506577,0.1406516656279564,0.18874520063400269,0.021724557504057884,0.07640836015343666,0.7160947024822235,0.212684728205204,2.3845107913017274,0.4344557113945484
474,18631.534018039703,0.7480772630408562,0.18005638817946115,0.1331452508767446,0.23151315053304036,0.4999517222245534,0.11235769242048263,0.08522895177205404,0.011228757025673986,0.21235769391059875,2.8877986907958983,0.619255967438221,0.1709492951631546,0.14305053651332855,0.18839070200920105,0.021665423177182674,0.07620052993297577,0.7153021395206451,0.21294619888067245,2.938180708885193,0.43385159969329834
475,18640.72187113762,0.7462844143097754,0.17958636979262035,0.13986360182364782,0.23103379706541696,0.4912455995877584,0.11261680672566096,0.08502373695373536,0.011227958106125395,0.21261680821577708,2.2081025282541913,0.630176480859518,0.1800301894545555,0.1493670418858528,0.18773138523101807,0.021557176485657692,0.07576759904623032,0.7137131690979004,0.21323812007904053,2.117663860321045,0.4326241835951805
476,18649.420659303665,0.7437345541353958,0.17979333599408467,0.13586562971274058,0.23108088473478952,0.4893642703692118,0.11286110728979111,0.08505091667175294,0.011238625443850955,0.21286110877990722,2.170324444770813,0.6204221621155739,0.17298683524131775,0.14774374663829803,0.18678172677755356,0.02164443861693144,0.0760180875658989,0.7134426236152649,0.21367298066616058,2.10578738451004,0.43273939937353134
477,19508.359616041183,0.745435790133585,0.17942196130752563,0.1403858964641889,0.23041925132274627,0.48891807198524473,0.11320051997900009,0.08501770099004109,0.011228322020421426,0.21320052146911622,2.2422924598058063,0.6096794437617064,0.17141351848840714,0.1294046752154827,0.18678179383277893,0.02151883952319622,0.075682383030653,0.712097704410553,0.21381760388612747,2.273394691944122,0.4317312352359295
478,19515.71477341652,0.7426801662542857,0.17860899070898692,0.1371201753616333,0.231261944770813,0.48812523285547893,0.11344851007064184,0.08495729267597199,0.011222918999070923,0.21344851156075795,2.1401880343755084,0.6177250295877457,0.17514344304800034,0.12997640669345856,0.18879669159650803,0.021527327597141266,0.07571174949407578,0.7175579071044922,0.21421398222446442,2.212685596942902,0.43449070304632187
479,19529.73300242424,0.7453557012447466,0.177488116423289,0.1366476515928904,0.23114323516686758,0.4947383403778076,0.11378830124934515,0.08524105747540792,0.011226731693993013,0.21378830273946126,2.373850440979004,0.6146628875285387,0.1760026514530182,0.12939930334687233,0.18698029220104218,0.02151256613433361,0.0758577212691307,0.7126221358776093,0.21445515751838684,2.494766390323639,0.43216878920793533
480,19638.077579021454,0.7442884802236222,0.1788012037674586,0.1395744060476621,0.23133713404337566,0.48704787294069923,0.11409575492143631,0.0851556325952212,0.011221825253839295,0.21409575641155243,2.1937976121902465,0.6249366216361523,0.1736679971218109,0.1486326977610588,0.18847613781690598,0.021572725847363472,0.07569791004061699,0.7151141166687012,0.21470999717712402,2.186852145195007,0.4332549683749676
481,19866.5344581604,0.7439085000000584,0.17756036221981047,0.13576027403275173,0.23115651607513427,0.4930222312609355,0.11437505433956782,0.08498471279939016,0.011228437225023905,0.21437505582968394,2.292632230122884,0.6297675184905529,0.17962857335805893,0.1481160894036293,0.18804045021533966,0.021518167108297348,0.07615772634744644,0.7148603200912476,0.21517083793878555,2.260315978527069,0.4335878863930702
482,19873.777405261993,0.7442160086551061,0.17766498426596325,0.13233385483423868,0.2315383344888687,0.49554049571355185,0.11472059239943823,0.08520636906226477,0.011246605729684233,0.21472059388955433,2.5899697303771974,0.6123042088001966,0.17659664154052734,0.12705158814787865,0.186090886592865,0.02147393301129341,0.07693519815802574,0.7117829918861389,0.21534185856580734,2.7736621856689454,0.4328266941010952
483,19880.66310930252,0.745647614231954,0.17768441239992777,0.13828569203615187,0.23151984016100566,0.4926566282908122,0.1150339608391126,0.08506875286499659,0.011237144252906244,0.21503396232922872,2.3604398568471274,0.6136825904250145,0.16855908930301666,0.13479255139827728,0.1888636127114296,0.021597529761493206,0.07565819844603539,0.717744380235672,0.2157001569867134,2.4743996262550354,0.4345303885638714
484,19887.524130105972,0.7428933004382998,0.17804533541202544,0.13777699073155722,0.23163245022296905,0.4861636579036713,0.11536338776350022,0.08517424116532007,0.011228130307669441,0.21536338925361634,2.127085733413696,0.6145802531391382,0.17366306483745575,0.12579574063420296,0.1890096589922905,0.021693173795938492,0.07655972987413406,0.715261697769165,0.21602801233530045,1.9403662919998168,0.4341905787587166
485,19894.2332572937,0.7436973074761529,0.17591126958529155,0.14051025360822678,0.23160947064558665,0.48870115677515663,0.11562494287888209,0.08526206662257513,0.01121863340958953,0.2156249443689982,2.0785961151123047,0.6168530657887459,0.17707333713769913,0.1256677806377411,0.1884729191660881,0.02168157324194908,0.07553480938076973,0.717025101184845,0.21638444811105728,2.2352722883224487,0.4340473599731922
486,19901.01351237297,0.742136266596693,0.1763627350330353,0.1339014286796252,0.2312842309474945,0.49183536966641744,0.11597905804713567,0.08505234271287918,0.011216585462292036,0.2159790595372518,2.074760595957438,0.6161924824118614,0.17099428921937943,0.14166608452796936,0.18718257546424866,0.0216004503890872,0.07575789093971252,0.712348997592926,0.21657319366931915,2.0800207018852235,0.43193238973617554
487,19907.79657435417,0.7389084772963542,0.17644869883855183,0.1303731376926104,0.23243047297000885,0.4874603589375814,0.11623350630203882,0.08525057633717854,0.011213882733136416,0.21623350779215494,2.023297317822774,0.609953859820962,0.17499888688325882,0.1260605789721012,0.18596234172582626,0.021598825231194496,0.0753525048494339,0.7085527181625366,0.2169007509946823,2.0815756797790526,0.4296288639307022
488,19914.479150295258,0.7457625963919176,0.17626430988311767,0.1460036228100459,0.23199492593606313,0.4860415577888489,0.11656331171592077,0.0851563220222791,0.01121269860304892,0.2165633132060369,2.052338163057963,0.6154284011572599,0.17136776447296143,0.13092824444174767,0.18929825723171234,0.021621854044497013,0.07548436149954796,0.7167180776596069,0.21724539250135422,2.0325681805610656,0.4338434003293514
489,19921.2196662426,0.7426505995293459,0.17607352236906687,0.13311871538559597,0.23169878721237183,0.4922431151072184,0.1168191189567248,0.08531748702128729,0.011211701078961293,0.21681912044684093,2.6911587874094645,0.6137595362961292,0.17069010436534882,0.13680893927812576,0.18733248114585876,0.02151855919510126,0.07525455579161644,0.7148389518260956,0.21744228154420853,2.7971925497055055,0.43267403170466423
490,19928.00559926033,0.7385439142507191,0.17618824243545533,0.12839438368876774,0.2312231292327245,0.4881919960180918,0.11712982704242071,0.0853457843263944,0.011224583722651005,0.21712982853253682,2.1536721070607503,0.6089128032326698,0.17053014039993286,0.12839560210704803,0.18709243088960648,0.021461271680891514,0.0756283700466156,0.712099552154541,0.21770380437374115,2.1179970383644102,0.4316781461238861
491,19934.744621038437,0.7395384046229689,0.17571690181891123,0.1339442973335584,0.2314030090967814,0.4859340190887451,0.11745269050200781,0.08516646871964137,0.011218390551706155,0.21745269199212391,2.17881178855896,0.6290984861552715,0.17716757953166962,0.14719625562429428,0.1891663894057274,0.021629368886351585,0.07542608678340912,0.7174950540065765,0.21798218041658401,2.2315929889678956,0.4341736137866974
492,19941.53089928627,0.7391737472692815,0.17710371216138204,0.13270063052574793,0.23117782572905224,0.48408055504163106,0.11775016337633133,0.08500278691450755,0.011206779861822724,0.21775016486644744,2.383903749783834,0.6098344437777996,0.17154709994792938,0.12363766878843307,0.18823425471782684,0.021547245793044567,0.07523777335882187,0.7131457030773163,0.2182965949177742,2.7076642155647277,0.43181062489748
493,19948.27061033249,0.7425254493932395,0.1774386336406072,0.1325159639120102,0.23118334313233693,0.488943874835968,0.11803401559591294,0.08526977797349294,0.011213255751257142,0.21803401708602904,2.398395069440206,0.6200854070484638,0.17287002503871918,0.14218581467866898,0.18806123733520508,0.02159649971872568,0.07521706819534302,0.7147850692272186,0.21869716048240662,2.1594432592391968,0.43260960280895233
494,19955.048350334167,0.7415205322516462,0.17461763819058737,0.13245312919219335,0.23226041893164318,0.49187255700429283,0.11832785457372666,0.0853339766462644,0.01121423786195616,0.21832785606384278,2.3323680559794107,0.6154132150113583,0.17454919964075089,0.12484411150217056,0.18922097980976105,0.021471751853823662,0.07557382062077522,0.7170839905738831,0.2188655585050583,2.320993971824646,0.43411581590771675
495,19961.884498357773,0.7428927300459084,0.1759637455145518,0.1383741279443105,0.2314814786116282,0.48600465257962544,0.11861745864152909,0.08530107786258062,0.011203625223909814,0.2186174601316452,2.381467668215434,0.6090163961052895,0.17182103544473648,0.12661263346672058,0.18694452196359634,0.02155759185552597,0.07508688420057297,0.7119159400463104,0.21924560517072678,2.224932849407196,0.4310448542237282
496,19968.65753030777,0.7394411980504325,0.1756741613149643,0.12921061664819716,0.23107728560765584,0.4886948585510254,0.1189424897233645,0.08527721216281255,0.011206023286407192,0.21894249121348064,2.398124265670776,0.6149538140743971,0.17335327714681625,0.12942780181765556,0.18844331800937653,0.021656897850334644,0.07514559850096703,0.714952826499939,0.219658263027668,2.501079499721527,0.4326220117509365
497,19975.42787718773,0.742423401530444,0.17388472358385723,0.14270111322402954,0.23152738312880197,0.4841208040714264,0.11921891222397486,0.08534222890933355,0.01120708502518634,0.219218913714091,2.0565590143203734,0.62223045155406,0.17140577733516693,0.14234831184148788,0.18982525914907455,0.021646051667630672,0.07512078434228897,0.7187015414237976,0.2198973447084427,2.1166881203651426,0.4344715550541878
498,19982.19573712349,0.7366252271497312,0.17427047789096833,0.13045236170291902,0.23136423130830128,0.48375242948532104,0.11955083558956782,0.08532944122950235,0.01121093671148022,0.21955083707968395,1.986157234509786,0.6108453329652548,0.1703188791871071,0.12251731380820274,0.18963389843702316,0.02151202131062746,0.07567217573523521,0.7172339856624603,0.2200964316725731,2.02914479970932,0.4342891685664654
499,19988.920481204987,0.7386999282539667,0.1749679833650589,0.13368840763966242,0.23079352875550588,0.4829791049162547,0.11985655178626378,0.08535517404476801,0.011201409917945663,0.2198565532763799,2.0824833949406942,0.6307204030454159,0.16940877586603165,0.16940877586603165,0.1883036196231842,0.021506955847144127,0.0750606432557106,0.7155866622924805,0.22043485939502716,2.3062352538108826,0.43285397440195084
500,19995.675418138504,0.7387039411871228,0.17374042967955272,0.12989720155795415,0.23109063307444255,0.488911505540212,0.12015613963206609,0.08534613202015559,0.011198386984566848,0.2201561411221822,2.375177431106567,0.6111918818205595,0.17047687619924545,0.12871725484728813,0.188178189098835,0.02157798781991005,0.07501956820487976,0.7134388983249664,0.22088175266981125,2.2790106773376464,0.431739017367363
501,20002.47288918495,0.7368087462654027,0.1744920790195465,0.13332887937625248,0.2313556065162023,0.48026671012242633,0.12042762488126754,0.08524495859940846,0.011197296328221758,0.22042762637138366,1.8360169887542725,0.6135640945285559,0.1709471121430397,0.12968581542372704,0.18888703733682632,0.021596983075141907,0.07514403015375137,0.7149784862995148,0.22102736681699753,1.8416285872459413,0.43263327330350876
502,20009.262416124344,0.7406643477831191,0.17363595267136891,0.14103876103957494,0.23157027463118235,0.4809899906317393,0.12074858744939168,0.08540136416753133,0.011199823534116148,0.22074858943621317,1.920646103223165,0.6078716181218624,0.17308729887008667,0.12538545578718185,0.1860457956790924,0.021570676937699318,0.07488502189517021,0.7103123962879181,0.22131092101335526,1.8684887051582337,0.43004122003912926
503,20016.003757238388,0.7400945017385917,0.17521828015645344,0.1364980032046636,0.2308519224325816,0.4822186509768168,0.12106743454933167,0.08510969479878744,0.011197374248877168,0.22106743653615316,2.325994539260864,0.6082756388932467,0.1687535047531128,0.1284034289419651,0.18766020983457565,0.021519113332033157,0.07478579506278038,0.7142106294631958,0.2215837761759758,2.2854832887649534,0.4318911097943783
504,20022.76893210411,0.7393759853303588,0.1746142158905665,0.13612321664889654,0.2309633006652196,0.4821766197681427,0.12133892178535462,0.08508348812659582,0.011193868843838573,0.22133892277876535,2.4235636790593467,0.6203430518507957,0.17291507869958878,0.1456550657749176,0.18730022013187408,0.021535496227443218,0.07493549957871437,0.7146227955818176,0.22183796763420105,2.4994838714599608,0.4322468973696232
505,20029.584458351135,0.7399293374076176,0.17264237801233928,0.13916634172201156,0.23154792884985606,0.4837182343006134,0.12168180296818415,0.0850849265853564,0.011194070506220063,0.22168180445830027,2.3374592781066896,0.6180129908025265,0.17267003655433655,0.13696502894163132,0.18843021988868713,0.021536199375987053,0.0748131163418293,0.7157888114452362,0.2222534790635109,2.3342397212982178,0.4327075220644474
506,20036.384832143784,0.7393545055141052,0.17210694551467895,0.1320042500893275,0.23199451267719268,0.4896365443865458,0.12198014159997304,0.0852790097395579,0.011197502786914507,0.22198014259338378,2.2756702740987143,0.6245165951550007,0.17580639570951462,0.14604192227125168,0.18784461915493011,0.021497517824172974,0.0748378299176693,0.7134208679199219,0.2224593684077263,2.338226878643036,0.43154826387763023
507,20043.165833234787,0.7368255423595352,0.17324331998825074,0.12947642654180527,0.2322997808456421,0.48427515029907225,0.12228808353344599,0.08532649328311284,0.011196133913472295,0.22228808403015138,2.373551940917969,0.6119973044842482,0.17088057100772858,0.12517237290740013,0.18926527351140976,0.02160836011171341,0.07511470466852188,0.7154181599617004,0.22284185141324997,2.378090524673462,0.4328237846493721
508,20049.80299115181,0.7360319130045051,0.17259287238121032,0.13361043184995652,0.23156689008076986,0.48133259812990825,0.1226215789715449,0.08491057107845942,0.011192693701013922,0.2226215809583664,2.1580864826838178,0.612749807536602,0.17010407894849777,0.1342022716999054,0.18777229636907578,0.02153606526553631,0.07455428689718246,0.7162122130393982,0.22313133627176285,2.1366326808929443,0.43266039341688156
509,20056.51145029068,0.7374215973327712,0.1729507436354955,0.12972950438658395,0.23154976566632587,0.4859754661719004,0.12287667741378148,0.08517304062843323,0.011193204096828897,0.2228766808907191,2.4209423383076984,0.6108708307147026,0.1732729747891426,0.12393400073051453,0.18781542778015137,0.02148719783872366,0.0745064802467823,0.7162443399429321,0.22348982095718384,2.5832107186317446,0.43262865021824837
510,20063.314840078354,0.7356521696065708,0.17162452638149261,0.1298261359333992,0.23236390550931293,0.4844889581203461,0.1231777345140775,0.08518322706222534,0.011189281552409133,0.2231777350107829,2.212196946144104,0.6163875386118889,0.17073700577020645,0.13474881649017334,0.18913806229829788,0.021595793776214123,0.07472684606909752,0.7195976078510284,0.2236151471734047,2.3589316606521606,0.43452564999461174
511,20070.08979034424,0.7375466091616545,0.17418742378552754,0.13354271600643794,0.23075433274110158,0.47901390393575033,0.12346473236878713,0.08529743254184723,0.011188032074520985,0.22346473336219788,2.112014365196228,0.6027662493288517,0.162986122071743,0.13124524801969528,0.18707875162363052,0.02153977658599615,0.07443047314882278,0.7117981314659119,0.2239437997341156,2.1593817830085755,0.4303295388817787
512,20076.82035303116,0.7420404314994812,0.17050528824329375,0.13694927444060642,0.23259397447109223,0.4909317632516225,0.12377707064151763,0.0853839248418808,0.011192334660639366,0.22377707262833912,2.3159493605295816,0.6070382054895163,0.16832470148801804,0.13353877887129784,0.18597205728292465,0.021484212949872017,0.07432155683636665,0.7119520008563995,0.224213108420372,2.3922780036926268,0.4302975572645664
513,20083.60725402832,0.735291366178232,0.17019752860069276,0.13331092298030853,0.23235808412233988,0.48270756999651593,0.12406125217676163,0.08507011284430822,0.011186211199189226,0.224061252673467,1.9383693615595499,0.6121046133339405,0.17611517012119293,0.12396914511919022,0.18700243532657623,0.02154312003403902,0.07437226176261902,0.7150847911834717,0.22454694658517838,1.9873786926269532,0.43191465735435486
514,20090.417708158493,0.7313442807489385,0.17229226330916086,0.12744176834821702,0.2313038170337677,0.4765508572260539,0.12433571914831797,0.08503980388243994,0.011185745739688476,0.2243357221285502,1.8338743885358175,0.609192868694663,0.1716148629784584,0.12627443298697472,0.18722039461135864,0.02158876694738865,0.07442563772201538,0.7130085229873657,0.22481073439121246,1.7195423781871795,0.43092989921569824
515,20097.200464248657,0.7357866220622479,0.17104484438896178,0.13011565605799358,0.23185134331385296,0.4843984067440033,0.12468435068925222,0.08514007280270258,0.011182111090359588,0.22468435366948444,2.356436586380005,0.6167463287711143,0.1748920977115631,0.1395413726568222,0.18604177236557007,0.02161863073706627,0.07442159205675125,0.7129762172698975,0.22512835264205933,2.4106834650039675,0.4309097006917
516,20103.902157068253,0.740433376552149,0.17152141729990641,0.13351189345121384,0.23203519781430562,0.4892491062482198,0.12493261446555455,0.08509174933036169,0.011187516727174322,0.22493261595567068,2.7102795680363974,0.607905637472868,0.16700226813554764,0.13161677867174149,0.1875474900007248,0.021507861092686653,0.07432737946510315,0.7140555083751678,0.2252659946680069,2.5302998423576355,0.4313551336526871
517,20110.74325323105,0.735048000314661,0.16956475774447125,0.13469401399294537,0.23207167088985442,0.48074984153111777,0.12520393629868826,0.08513705879449844,0.011186978748689095,0.22520393828550975,1.9033413569132487,0.6095670331269503,0.17111636698246002,0.1277811862528324,0.18728003650903702,0.02162705548107624,0.07446735724806786,0.7104793787002563,0.22566191852092743,1.956407868862152,0.42970704659819603
518,20117.468786239624,0.7356322739622556,0.17117164333661397,0.1329097107052803,0.2312702278296153,0.4795385201772054,0.12548757642507552,0.08534451673428217,0.011177740680674711,0.22548757592837015,2.1577210823694863,0.6086635161191225,0.16651013493537903,0.13262230530381203,0.18792111426591873,0.021589333191514015,0.07422184571623802,0.7157655954360962,0.225900299847126,2.0879894733428954,0.4321046434342861
519,20124.309251070023,0.7336137546963679,0.17166805068651836,0.12791784207026163,0.2313765952984492,0.4791637400786082,0.1258187895019849,0.08534043580293656,0.011179886292666197,0.22581879297892252,2.1162617286046346,0.6056380160152912,0.16590922325849533,0.13169600814580917,0.18694039434194565,0.021524694748222828,0.07464811578392982,0.7136121094226837,0.22619901597499847,2.2254138231277465,0.4314541704952717
520,20131.077337265015,0.7373629827673237,0.16964448789755504,0.13319211900234224,0.2315212498108546,0.4860483447710673,0.12611490984757742,0.08510607630014419,0.01117684346002837,0.22611491084098817,2.458620309829712,0.6119285263121128,0.16714410483837128,0.13866568356752396,0.18772578984498978,0.021540138870477676,0.07432570680975914,0.7174126505851746,0.22627069801092148,2.591867649555206,0.4330320321023464
521,20137.802418231964,0.7367887813074049,0.1693023383617401,0.1361205925544103,0.23141167163848878,0.48146190444628395,0.12636533776919048,0.08534742643435796,0.011176630994305015,0.22636534174283346,2.2132039229075113,0.6074994690716267,0.16857294738292694,0.13098690658807755,0.18671653419733047,0.02151701506227255,0.07408303022384644,0.7150847613811493,0.2266663759946823,2.061590874195099,0.4316254109144211
522,20144.487059354782,0.7389386465365533,0.16921500066916148,0.13902802964051564,0.23268104294935862,0.4825619399547577,0.12662071585655213,0.08533669958511989,0.01117866551503539,0.22662071486314136,2.217391777038574,0.6231618151068687,0.1652572602033615,0.1652572602033615,0.18763796240091324,0.021616959013044834,0.07422793656587601,0.7144743800163269,0.22705891728401184,2.2903356671333315,0.43146512657403946
523,20151.174335241318,0.737493350795315,0.16948718229929607,0.134552530447642,0.23165914316972097,0.48390316565831504,0.12693853080272674,0.08523369232813517,0.011171702605982622,0.226938529809316,2.3183319012324017,0.5954518467187881,0.1629559025168419,0.12007726728916168,0.1862286552786827,0.02157336287200451,0.07419908046722412,0.7117823958396912,0.22736775130033493,2.41348340511322,0.4300902783870697
524,20157.935355186462,0.7375080897259371,0.16918497880299885,0.1340376834074656,0.23230219384034476,0.4831307172775269,0.1273004045089086,0.08559106041987737,0.011175727114702265,0.22730040351549785,2.2482165177663167,0.5986012704670429,0.16484742611646652,0.1225828155875206,0.18623121827840805,0.021599234081804752,0.07410692051053047,0.7123346328735352,0.22761084884405136,2.350680434703827,0.43027423694729805
525,20164.663737297058,0.7338251904856103,0.16897094051043193,0.1292485440770785,0.23201787273089092,0.4813394566377004,0.1275590777397156,0.08545113553603491,0.011177675798535347,0.22755908171335856,2.2337753057479857,0.6023491378873587,0.16904395818710327,0.12464145943522453,0.18549222499132156,0.02151023130863905,0.07422759383916855,0.7124403715133667,0.22794997692108154,2.3034690618515015,0.4304477795958519
526,20171.393426179886,0.7371288767608348,0.16788473625977834,0.13493448942899705,0.23250315686066944,0.4833542009194692,0.1278377781311671,0.08562723994255066,0.011174063244834543,0.22783778111139932,2.374895167350769,0.6090862434357405,0.1724107638001442,0.13180680200457573,0.1853860393166542,0.021576127037405968,0.07478074356913567,0.71070995926857,0.22817103564739227,2.4101805090904236,0.43013572320342064
527,20178.168887138367,0.73574465502752,0.1701348195473353,0.13011260827382407,0.23244328399499256,0.48192976117134095,0.12813796649376552,0.0852995937069257,0.011174326731512944,0.22813796599706013,2.5827638546625775,0.614143181592226,0.16704865545034409,0.14287825673818588,0.1878276988863945,0.021557540632784367,0.07427457720041275,0.717025637626648,0.22855370491743088,2.2545305848121644,0.4327873960137367
528,20184.958297252655,0.7331281712123503,0.167057803273201,0.12945202191670735,0.232541157801946,0.4820102592309316,0.12844542016585667,0.08559354096651077,0.011168757857133945,0.22844542066256204,2.211861244837443,0.6120990514755249,0.1720060259103775,0.13860061764717102,0.18539635837078094,0.021512432023882866,0.07384970411658287,0.7097522020339966,0.22853951901197433,2.2911940932273867,0.42872580513358116
529,20191.645082235336,0.7347845684504136,0.16769559582074484,0.13014045258363088,0.23212473591168722,0.4830130159854889,0.12870773474375408,0.08563509533802668,0.011171460322414836,0.22870773573716482,2.3467796723047893,0.6043927576392889,0.16810666769742966,0.12445836886763573,0.1870284527540207,0.021556158550083637,0.07393069192767143,0.7146172821521759,0.22907337546348572,2.4005847811698913,0.4312393330037594
530,20198.344768047333,0.7355454570652606,0.16833359400431316,0.1342867061495781,0.23159000078837078,0.48017444809277854,0.12903027534484862,0.08531598945458731,0.011167781877641876,0.22903027435143788,2.2605846881866456,0.6075265202671289,0.1690128967165947,0.13064635172486305,0.18659522384405136,0.02150910533964634,0.0740286223590374,0.7115904092788696,0.22920002788305283,2.2821462631225584,0.4298238269984722
531,20205.056245088577,0.73189498258677,0.16765072743097942,0.12501066972812017,0.2323640594879786,0.4821456531683604,0.12930582364400228,0.08555071403582891,0.011168927978724241,0.22930582761764526,2.5164105176925657,0.5986973159015179,0.16868851333856583,0.11926735192537308,0.18518756330013275,0.021550150588154793,0.0738295465707779,0.7102568745613098,0.229642853140831,2.534206008911133,0.4289579838514328
532,20211.778220176697,0.7317697432629454,0.16874469816684723,0.12773868838946026,0.23179587423801423,0.4775721530119578,0.1295894627769788,0.0853599821527799,0.011169007187709213,0.22958946327368418,2.2129841566085817,0.6123254336416721,0.16590169072151184,0.14257273823022842,0.18756868690252304,0.021514766849577427,0.07378404214978218,0.7142740488052368,0.22997500002384186,2.161726689338684,0.4309210665524006
533,20218.50739312172,0.7322088106884621,0.16819648444652557,0.1275270809729894,0.23167928953965505,0.47911588350931805,0.12991775075594583,0.08544442355632782,0.011167978945498666,0.22991775174935658,2.317538022994995,0.6161708422005177,0.1649092361330986,0.1649092361330986,0.18440349400043488,0.021531768143177032,0.07386942207813263,0.705468088388443,0.2301894947886467,2.2881646037101744,0.4266034662723541
534,20225.263629198074,0.7300408933835569,0.16777115166187287,0.12490236163139343,0.23189801176389058,0.47779324849446614,0.1301527718702952,0.08548979610204696,0.011174363379056255,0.23015277783075969,2.1511433839797975,0.6184892319142818,0.17104680836200714,0.14317341893911362,0.18792785704135895,0.021636731922626495,0.07393733412027359,0.715882420539856,0.23044776171445847,2.1954490661621096,0.43187854439020157
535,20232.009362220764,0.7305986575083807,0.16706411341826122,0.126456714173158,0.23213368753592173,0.47740917205810546,0.13047336141268412,0.08573846220970154,0.011164222129931052,0.23047336240609487,2.1630468527475992,0.5943961516022682,0.1649419441819191,0.11803317070007324,0.18521881103515625,0.021520458161830902,0.07378464192152023,0.7099164724349976,0.23065726459026337,2.0589071393013,0.428742878139019
536,20238.687318086624,0.7354004908023247,0.1673850138982137,0.1367215891679128,0.23210127353668214,0.47677950461705526,0.1307849923769633,0.08549373000860214,0.011165696910272043,0.23078499337037403,2.2401803493499757,0.6031303312629461,0.1697838082909584,0.12595605477690697,0.18518424779176712,0.02148446161299944,0.07391077652573586,0.7099860608577728,0.23093267530202866,2.361539661884308,0.42890380695462227
537,20245.4900662899,0.7335834417453346,0.1669117550055186,0.12744142562150956,0.2320403903722763,0.4828637878100077,0.13104524811108906,0.08555891116460164,0.011163985216990113,0.23104524612426758,2.966152302424113,0.5975154675543308,0.16685885936021805,0.1202903613448143,0.1852557137608528,0.021487079560756683,0.07391943782567978,0.7094447612762451,0.2312387302517891,3.1186765909194945,0.42864181846380234
538,20252.21419119835,0.731152177004454,0.16682945986588796,0.13000703155994414,0.23238736788431805,0.47567177017529805,0.1313291514913241,0.08545052756865819,0.01119299124305447,0.23132915397485096,2.2564496676127117,0.6021460816264153,0.1662713885307312,0.12157978117465973,0.1875424012541771,0.021708869375288486,0.07443023100495338,0.7125640213489532,0.2316126674413681,2.1583946466445925,0.43071224167943
539,20258.99337911606,0.7343315909539039,0.16757212082544962,0.1298530305425326,0.23226732114950815,0.4794826090335846,0.13159770568211873,0.08569516589244207,0.01117153928304712,0.23159771064917248,2.462419883410136,0.6015132665634155,0.16678738594055176,0.11795920133590698,0.18787313997745514,0.021560324355959892,0.07394159212708473,0.7144285142421722,0.23175793141126633,2.5111461758613585,0.43115584924817085
540,20265.743088245392,0.7333464739921813,0.16662259697914122,0.134215813378493,0.23245823582013447,0.4753027081489563,0.13192599415779113,0.08554057528575261,0.011164286003137628,0.23192599614461262,2.21413304011027,0.596369069069624,0.16136369854211807,0.12312666326761246,0.18672101944684982,0.021506384015083313,0.07381565123796463,0.7114646434783936,0.23204032331705093,2.4017154932022096,0.4295479729771614
541,20272.478453159332,0.7305972614791244,0.1663487195968628,0.1230662281314532,0.2325068106253942,0.48043034474054974,0.1321510910987854,0.08574993163347244,0.011161107787241538,0.23215109606583914,2.5867664019266763,0.5931775979697704,0.15905149281024933,0.12212326377630234,0.18653223663568497,0.021571388468146324,0.0735841654241085,0.7111845910549164,0.23239193856716156,2.4663802862167357,0.4291764609515667
542,20279.33242917061,0.7332709117908962,0.16631870965162912,0.1260580246647199,0.23166813850402831,0.4829412579536438,0.13244829177856446,0.08569366484880447,0.011161760132138928,0.2324482947587967,2.6634124676386515,0.5984977930784225,0.16176094859838486,0.12760870158672333,0.186466246843338,0.021501703187823296,0.0736401192843914,0.712926596403122,0.23262137174606323,2.493646228313446,0.4301034174859524
543,20286.106903076172,0.7321311686614839,0.16761081020037333,0.12453785687685012,0.23212915956974028,0.478790146112442,0.13273116946220398,0.08580150604248046,0.011165601387619972,0.23273117144902547,2.716914407412211,0.5931385047733784,0.15832309424877167,0.12628928571939468,0.18583538383245468,0.021562750451266766,0.07357814162969589,0.7095071375370026,0.23299479484558105,2.9407112121582033,0.4283317103981972
544,20292.8737552166,0.735346921440214,0.1660191516081492,0.12405548294385274,0.2321719139814377,0.4884404043356578,0.13303770422935485,0.08583464175462723,0.011163374455645681,0.2330377072095871,2.7725372314453125,0.6016542129218578,0.16264232993125916,0.12804072350263596,0.18749576061964035,0.021456403657794,0.07329480722546577,0.7151753902435303,0.2331540584564209,2.6615039825439455,0.4308825023472309
545,20299.543760299683,0.7301976440493794,0.16428974767525992,0.12585010925928752,0.2325955957174301,0.48012014230092365,0.1332935094833374,0.08567057152589162,0.011168782987321416,0.2332935114701589,2.1949657281239827,0.6023895461112261,0.16717982292175293,0.12316018715500832,0.1868148148059845,0.021613724529743195,0.07390422746539116,0.7113573849201202,0.23359351605176926,2.20376570224762,0.4295829199254513
546,20306.20534825325,0.728254013764672,0.1672471433877945,0.12308474530776342,0.23167292873064677,0.472975359360377,0.13362624446551005,0.08566138794024786,0.011157542032500108,0.23362624645233154,2.193702975908915,0.5958153549581766,0.1624261885881424,0.12236322835087776,0.18610377609729767,0.021604353561997414,0.07360688969492912,0.7117670476436615,0.23379074782133102,2.1171529412269594,0.4294904135167599
547,20312.983261346817,0.7355127922123453,0.1665237585703532,0.12409303734699885,0.2319112777709961,0.4873376091321309,0.13389670252799987,0.0857300266623497,0.011161208680520455,0.23389670153458914,2.954526178042094,0.5915754437446594,0.16052351891994476,0.11938419938087463,0.18567991256713867,0.021461540833115578,0.07345576956868172,0.7123364210128784,0.23422270268201828,2.9591676950454713,0.4296239800751209
548,20319.790978193283,0.7301132658709927,0.16469767391681672,0.1275236596663793,0.23238612314065296,0.47593460281689964,0.13422829707463582,0.08583007206519445,0.011157054857661327,0.23422829806804657,2.160440365473429,0.5942072924226522,0.16087399423122406,0.1213141493499279,0.18633811175823212,0.021568513475358486,0.0733753852546215,0.710493415594101,0.2343888357281685,2.103696322441101,0.428622093051672
549,20326.518973350525,0.730792483309051,0.165746808052063,0.12461236715316773,0.23165010313193005,0.47768221696217855,0.13449207544326783,0.085907277961572,0.011151880320782463,0.23449207842350006,2.504270879427592,0.5915130916982889,0.16058054566383362,0.11909769847989082,0.18569184839725494,0.021531859412789345,0.07344796136021614,0.712308794260025,0.23477574437856674,2.672306752204895,0.42960235849022865
550,20333.269643068314,0.7346998282242566,0.16645678480466206,0.13110979447762172,0.23216116428375244,0.47703083356221515,0.13480539123217264,0.08594059397776922,0.011151510663330555,0.23480539321899413,2.8171706040700277,0.6104237139225006,0.15987733006477356,0.15987733006477356,0.18530385941267014,0.021486920304596424,0.07317725196480751,0.7120277285575867,0.23516026139259338,2.8352248907089233,0.42919111624360085
551,20339.980151176453,0.7324313426002239,0.1645966152350108,0.1285582939783732,0.23291603525479634,0.47815580169359845,0.13512624303499857,0.0859754055738449,0.011147607117891312,0.23512624601523083,2.534861143430074,0.5865267533808947,0.15994497388601303,0.11594723537564278,0.18430408090353012,0.021496293134987354,0.07317617535591125,0.7095107138156891,0.23534905910491943,2.5561362385749815,0.4279315322637558
552,20346.766364336014,0.7323890590613398,0.16479640503724416,0.1262296259403229,0.23255853354930878,0.4795329531033834,0.13539745807647705,0.08604173411925634,0.011155468396221597,0.23539746105670928,2.5676462411880494,0.5903291907161474,0.16241443157196045,0.12208504602313042,0.18343611806631088,0.02151587139815092,0.07336565107107162,0.7079022228717804,0.23569685220718384,2.438781440258026,0.4273167625069618
553,20353.544760227203,0.7309206303985168,0.16508757670720417,0.1280422881245613,0.23228004574775696,0.4747816602389018,0.135665363073349,0.08584389885266622,0.011150715375940005,0.235665363073349,2.1561737298965453,0.5902237333357334,0.16134930402040482,0.12108223885297775,0.18416665494441986,0.02156996075063944,0.07311029359698296,0.7073140740394592,0.23601160943508148,2.0770299077033996,0.42676733061671257
554,20360.33151626587,0.7276928135193884,0.1640948404868444,0.12195986211299896,0.23242399096488953,0.4755839625994364,0.13594726125399273,0.08596862902243932,0.011151842027902602,0.23594726423422496,2.247782524426778,0.6043283231556416,0.16733043640851974,0.1401505395770073,0.18346130847930908,0.021612978540360928,0.07349206134676933,0.7074518501758575,0.23616059869527817,2.2073732376098634,0.4272179864346981
555,20367.073236227036,0.727897926097891,0.1646373858054479,0.12544672886530558,0.2321324626604716,0.47101529836654665,0.13624305526415506,0.08601085791985194,0.011153584454829495,0.23624305725097655,2.2261558214823407,0.5880359429866076,0.1600571647286415,0.12240808084607124,0.1833873689174652,0.021564255468547344,0.07328909635543823,0.7073529958724976,0.23647960275411606,2.3538026094436644,0.426965594291687
556,20373.839604377747,0.7300841341881702,0.16517274578412375,0.1251990482211113,0.2318828652302424,0.47397656440734864,0.1365137775739034,0.08610166211922964,0.011167254516234,0.23651377856731415,2.3220959901809692,0.5926899034529924,0.16549552232027054,0.11863546445965767,0.18393832445144653,0.021452099084854126,0.07357880473136902,0.7073248326778412,0.23683372884988785,2.115809369087219,0.4272412210702896
557,20380.644111156464,0.7257519677339588,0.1640876740217209,0.12493867725133896,0.23264477849006654,0.4680036723613739,0.1367923140525818,0.08592930436134338,0.011159151357909044,0.23679231703281403,2.0217090050379434,0.600495919585228,0.16448888182640076,0.12702473998069763,0.1862473338842392,0.02164722327142954,0.07328115776181221,0.712699681520462,0.23698625713586807,2.102482855319977,0.42963099852204323
558,20387.383870363235,0.7329337788241295,0.16520244677861531,0.12829554776350657,0.23209482928117117,0.4755929986635844,0.1370811621348063,0.08618098646402358,0.011166759223366777,0.23708116114139557,2.508732485771179,0.5907436683773994,0.15785572677850723,0.12595400214195251,0.18495547026395798,0.021451552398502827,0.07324539497494698,0.7098376452922821,0.23729805648326874,2.3872042536735534,0.42816421762108803
559,20394.089604139328,0.7313001076787865,0.16323006451129912,0.12908619940280913,0.2336298296848933,0.47408616145451865,0.13737201293309528,0.08638100822766621,0.011152346711605787,0.23737201591332754,2.327396599451701,0.6032791547477245,0.1564943566918373,0.1564943566918373,0.18426880985498428,0.02146244700998068,0.07357553392648697,0.7073480188846588,0.23764311522245407,2.137141561508179,0.4272495433688164
560,20400.68000102043,0.7268681398573487,0.1632555584112803,0.1237524668375651,0.23265316883722942,0.47194117307662964,0.1376416007677714,0.08600303381681443,0.011157182340199748,0.2376416027545929,2.2612100919087728,0.59461441449821,0.1644407957792282,0.11920800432562828,0.1852848082780838,0.021633995696902275,0.07372710481286049,0.7086963057518005,0.23806245625019073,2.265561270713806,0.42807525768876076
561,20407.411741256714,0.7309088235604577,0.16378721992174786,0.12363415211439133,0.23225053747495014,0.47834672331809996,0.13792393406232198,0.08613473822673162,0.01116439695470035,0.2379239370425542,2.6089736541112263,0.587281970307231,0.15995772182941437,0.11704682931303978,0.18440041691064835,0.02149355597794056,0.07411102205514908,0.7086104154586792,0.23818016797304153,2.489457094669342,0.4284162297844887
562,20414.187091350555,0.730382584456432,0.16271990438302358,0.12097756763299307,0.2329395999511083,0.48157458305358886,0.13818364342053732,0.08616367628177007,0.011156438958520691,0.2381836454073588,2.7735645532608033,0.5956871751695871,0.15819387137889862,0.13331549242138863,0.1854177787899971,0.021649149246513844,0.07313185557723045,0.7103978097438812,0.2384849339723587,2.924363446235657,0.42833076044917107
563,20420.95993232727,0.7285884873883333,0.16311510999997456,0.12490555495023728,0.23271574079990387,0.4735023299853007,0.13849592804908753,0.08603932211796443,0.011141582392156124,0.23849593003590902,2.2418647130330402,0.6044427081942558,0.16369075328111649,0.1397998332977295,0.1854260191321373,0.021582162007689476,0.07306700199842453,0.7131067514419556,0.23876482248306274,2.1729239225387573,0.4296203777194023
564,20427.67974615097,0.7267332674081748,0.16310041745503742,0.12038203825553258,0.23304042120774587,0.4737546980381012,0.13878043492635092,0.08609966933727264,0.011139326822012663,0.23878043591976167,2.314340575536092,0.5946696065366268,0.1620112583041191,0.1270466223359108,0.18456751853227615,0.021602587774395943,0.07286662980914116,0.7115843594074249,0.23902495205402374,2.254798913002014,0.4286588095128536
565,20434.482456207275,0.7320819563387583,0.16224558552106222,0.1347048133611679,0.23193677365779877,0.47166744867960614,0.13907047311464946,0.08612502713998159,0.01114175459370017,0.23907047510147095,2.2429777145385743,0.5916506908833981,0.1594383269548416,0.12653370946645737,0.18447275459766388,0.02159662079066038,0.07297416031360626,0.7086097002029419,0.2392393872141838,2.2775633573532104,0.4272790104150772
566,20441.368710279465,0.7304782191757113,0.16188693245251973,0.1292618567744891,0.23249915341536204,0.47429818312327066,0.13937184810638428,0.08610224425792694,0.011139591007182996,0.23937185208002726,2.404771320025126,0.5994654968380928,0.16292428225278854,0.12832200527191162,0.18619010597467422,0.021565955132246017,0.07281981036067009,0.7135215401649475,0.23958879709243774,2.384248375892639,0.42958058044314384
567,20448.25786423683,0.7285731388585798,0.1627334197362264,0.12691499143838883,0.2327595680952072,0.4700150370597839,0.13961122035980225,0.08631109644969305,0.01113967301013569,0.2396112193663915,2.270063622792562,0.6119722500443459,0.16038094460964203,0.16038094460964203,0.1857004165649414,0.0215736273676157,0.07277089357376099,0.7117074728012085,0.2399720996618271,2.46163170337677,0.42862462997436523
568,20455.086705207825,0.7322500442969613,0.1641291836897532,0.12377610504627228,0.23231761356194813,0.4772242387135824,0.13989051381746928,0.0863855630159378,0.011150250739107529,0.23989051580429077,2.9478493769963583,0.5827591922134161,0.15346219390630722,0.125580545514822,0.18325336277484894,0.02146930806338787,0.07309453934431076,0.7074290812015533,0.2400859147310257,3.1394307136535646,0.42680907994508743
569,20461.816514253616,0.7282967766805086,0.16157830854256947,0.1205581193168958,0.2324016918738683,0.4775346259276072,0.1401502271493276,0.08634270628293356,0.011142704309895635,0.24015022814273834,2.625570805867513,0.5964894741773605,0.1602419689297676,0.1329386681318283,0.18488908559083939,0.021552900783717632,0.0733560249209404,0.7116905450820923,0.2404930517077446,2.340293264389038,0.42920129746198654
570,20468.7291431427,0.7279206661914941,0.16227031548817952,0.12225338319937389,0.23292141954104106,0.4735730210940043,0.14048638145128886,0.08626549045244852,0.01113893447133402,0.2404863824446996,2.308053723971049,0.5845534950494766,0.15823284536600113,0.11562298238277435,0.18425457924604416,0.021564308553934097,0.07282708212733269,0.7098307311534882,0.24057838320732117,2.3992825746536255,0.42774244770407677
571,20475.855312108994,0.7260417855693959,0.16212428013483685,0.12120974610249201,0.23235187828540801,0.47116472323735553,0.14071625073750813,0.08623280674219132,0.011142258097728093,0.24071625471115113,2.2487390995025636,0.5879345498979092,0.1604747250676155,0.12162304669618607,0.1833241507411003,0.02149145118892193,0.0726567730307579,0.7079886794090271,0.24095051735639572,2.226810836791992,0.42665111273527145
572,20484.194300174713,0.92098929862647,0.16552442113558452,0.5024028410514195,0.23322724799315134,0.47240681648254396,0.14101996620496113,0.08627855529387791,0.011134788300842047,0.24101996620496113,9.930371832847595,0.9047086834907532,0.15932972729206085,0.7455487251281738,0.1863022968173027,0.02155258320271969,0.0728222131729126,0.7152277231216431,0.24105532467365265,8.514937746524812,0.43043607473373413
573,20491.800114154816,0.8920842606845932,0.16486190954844157,0.43974310755729673,0.2382306118806203,0.4774864037831624,0.14127501050631205,0.0862380713224411,0.011139219518130024,0.2412750114997228,12.146650703748067,0.7830324545502663,0.16270536929368973,0.5144151151180267,0.18155976384878159,0.021473027765750885,0.07248494401574135,0.704520583152771,0.24154361337423325,15.048604774475098,0.42474523559212685
574,20499.099845170975,0.874383035414697,0.16764348844687144,0.406653759876887,0.23731284340222678,0.4688701848189036,0.14155121445655822,0.08640040556589762,0.011132472412039835,0.24155121544996896,5.704455677668253,0.9178638532757759,0.1645633801817894,0.7699804902076721,0.18415511399507523,0.021521450020372868,0.07254913449287415,0.7085165977478027,0.24173502624034882,6.291978406906128,0.4268074333667755
575,20506.184744358063,0.846990788630986,0.16494786739349365,0.35231823325157163,0.23705294330914814,0.4732846220334371,0.14184852043787638,0.08647083242734273,0.01113515825321277,0.24184852242469787,4.461186679204305,0.7203370556235313,0.16122299432754517,0.38395385444164276,0.1835685670375824,0.021573903039097786,0.07268726080656052,0.7089993953704834,0.2419421374797821,5.153083968162536,0.4271869584918022
576,20513.488826274872,0.8668959961738437,0.16541428367296854,0.3984519362449646,0.2385831425587336,0.4659850021203359,0.14208305676778157,0.08634552508592605,0.011148979747667908,0.24208306074142455,5.396103374163309,0.6735171750187874,0.1626165807247162,0.2817266434431076,0.1850186362862587,0.021415775641798973,0.07281895354390144,0.7133734822273254,0.24213768541812897,5.135887336730957,0.42950569465756416
577,20520.58641719818,0.8208214999021342,0.1657667358716329,0.3025863488515218,0.23724232216676075,0.46913631161053976,0.14234809080759683,0.08631256222724915,0.011133485504736503,0.24234809080759684,3.6664112488428753,0.8034743890166283,0.16338736563920975,0.5458431541919708,0.18358272314071655,0.021525275893509388,0.07239536941051483,0.7065833806991577,0.24250127375125885,4.081157517433167,0.4256870597600937
578,20527.637565135956,0.8673288892915783,0.16416152815024057,0.40015384256839753,0.23572416603565216,0.4677374005317688,0.14266422192255657,0.0863220140337944,0.011154585766295593,0.24266422390937806,4.732037250200907,0.8204220309853554,0.16837216168642044,0.5667895972728729,0.18432753533124924,0.021690156310796738,0.07365052402019501,0.7104282379150391,0.24287789314985275,4.452871191501617,0.42886464297771454
579,20534.71979212761,0.8340417345791745,0.165188725789388,0.32682281682888664,0.23685595293839773,0.47201387683550516,0.1429432471593221,0.08630334983269373,0.011138273340960344,0.24294325013955434,3.858346382776896,0.7388288900256157,0.1609371080994606,0.4187951683998108,0.18424709886312485,0.021515079773962498,0.07240953296422958,0.7110020220279694,0.24300967156887054,3.3991576194763184,0.42791054397821426
580,20541.91171002388,0.8508413415363368,0.16479344467322032,0.3669470936059952,0.2362529993057251,0.4659917732079824,0.14317116936047872,0.08634908497333527,0.011129406063507001,0.2431711713473002,4.6564240535100305,0.7758869230747223,0.16419898718595505,0.4832385331392288,0.18503433465957642,0.02153145894408226,0.07241936400532722,0.7110324203968048,0.2432868331670761,4.79180748462677,0.42793557420372963
581,20548.98954796791,0.8282864939402013,0.1642262468735377,0.32064832746982574,0.23679512838522593,0.4678430239359538,0.1434584935506185,0.08636793792247772,0.011132816892738144,0.24345849653085072,3.691865626970927,0.6017272435128689,0.1629011258482933,0.1432611420750618,0.18359777331352234,0.021497374400496483,0.07236304879188538,0.7090926766395569,0.24356968700885773,3.1951666712760924,0.4269093871116638
582,20556.195855140686,0.841278368269559,0.16501396795113882,0.34284983774026234,0.23530840873718262,0.46960671146710714,0.1437539577484131,0.08647938917080561,0.011130193745096524,0.24375395874182385,3.4608810901641847,0.6044672094285488,0.15947387367486954,0.15947387367486954,0.18262819945812225,0.021491157822310925,0.07222742214798927,0.7062085866928101,0.2438623085618019,3.151228129863739,0.4253317154943943
583,20563.26679611206,0.8545927795717337,0.1643185834089915,0.36916151146094006,0.236771230896314,0.47036317388216653,0.14399224122365314,0.0865846519668897,0.011128678638488054,0.2439922422170639,4.669815524419149,0.7145617231726646,0.16084300726652145,0.37539413571357727,0.18301082402467728,0.021504467353224754,0.07242532446980476,0.707863837480545,0.2442649006843567,4.439905953407288,0.4263572432100773
584,20570.490931034088,0.8387912391025263,0.16364949544270832,0.34262662132581073,0.23625364104906718,0.46662684679031374,0.14429519375165303,0.0865365743637085,0.011126145642871657,0.24429519573847452,3.4511542638142902,0.611916821449995,0.16007384657859802,0.17178579419851303,0.18297503888607025,0.021535302512347698,0.07225162535905838,0.7070549428462982,0.24451875686645508,3.4082820057868957,0.4257790967822075
585,20577.566070079803,0.8174886871459118,0.16362528800964354,0.30036635796229044,0.23622751832008362,0.46603267788887026,0.14450254837671916,0.08656017829974492,0.011129934573546052,0.2445025493701299,3.2427212476730345,0.6482533290982246,0.16207175701856613,0.23294806480407715,0.18485376983880997,0.021565822884440422,0.07242302224040031,0.7106911242008209,0.24473359435796738,3.1677562594413757,0.4277685843408108
586,20584.890194892883,0.819783998016889,0.16358104546864827,0.30072115262349447,0.2365427037080129,0.47040817538897195,0.14483707944552104,0.08644829442103703,0.011125878508513173,0.24483707845211028,4.274665904045105,0.7754067108035088,0.15760570764541626,0.5016730278730392,0.18348224461078644,0.021558791399002075,0.07247679308056831,0.7082575261592865,0.24496907740831375,4.881073689460754,0.42660555616021156
587,20592.014539003372,0.854076105998441,0.16283773879210153,0.3644463429848353,0.2367010106643041,0.475385187069575,0.1450696607430776,0.08672422021627427,0.011128197610378265,0.2450696607430776,4.602057377497355,0.6542726568877697,0.16414367407560349,0.2417435422539711,0.18462860584259033,0.02146269381046295,0.07207642123103142,0.7116580009460449,0.2452891319990158,4.917081141471863,0.4279054217040539
588,20599.075201034546,0.8190074853443851,0.16308003664016724,0.2948476165533066,0.23662105997403463,0.47308943470319115,0.14536447326342264,0.08697281181812286,0.011126406801243624,0.24536447525024413,3.232554618517558,0.7226844280958176,0.159535713493824,0.3947988599538803,0.1828746423125267,0.02149743866175413,0.0720905140042305,0.7076931893825531,0.24550903588533401,2.932287538051605,0.42593710869550705
589,20606.090215206146,0.7958876605494879,0.16234247982501984,0.25252052893241245,0.23641494313875835,0.47144744992256166,0.1456284701824188,0.0867176502943039,0.011134369609256586,0.2456284721692403,3.880590534210205,0.626024030148983,0.1583610475063324,0.1998005360364914,0.18388135731220245,0.021629823371767998,0.07252659276127815,0.7098896205425262,0.24585408717393875,4.212491703033447,0.4274714030325413
590,20613.16587328911,0.8224383063439745,0.1643434743086497,0.30847909847895305,0.23552363216876984,0.4652916351954142,0.14592561920483907,0.08651241958141327,0.011129701447983583,0.24592561920483907,3.504117711385091,0.590253435075283,0.15631844103336334,0.12929104268550873,0.18464473634958267,0.02165304683148861,0.07244106382131577,0.7097448706626892,0.24603904783725739,3.6567209482192995,0.42731349915266037
591,20620.221378087997,0.8311667021072935,0.16212068498134613,0.32596511046091714,0.23690069913864137,0.468110458056132,0.14617990056673685,0.08677954624096552,0.011127435602247715,0.2461799035469691,3.7525238672892254,0.6939621418714523,0.15863553434610367,0.33453746140003204,0.18402893841266632,0.02149062231183052,0.07212034240365028,0.7090280950069427,0.24623163044452667,3.4834922313690186,0.42663438990712166
592,20627.29387807846,0.7928286835337833,0.1630435625712077,0.24329579671223958,0.2365225851535797,0.471206396818161,0.14642659028371174,0.08699997415145239,0.011123507609590888,0.24642659227053323,3.3985517660776776,0.5833776742219925,0.15684296935796738,0.1204228550195694,0.1831616386771202,0.021495535969734192,0.0720774345099926,0.7078374326229095,0.24673224240541458,3.23654158115387,0.4259961508214474
593,20634.399970054626,0.8107679480609173,0.16336050232251484,0.27742072294155756,0.23561045626799265,0.47277084986368817,0.1467142403125763,0.08686175346374511,0.01113326904984812,0.24671424428621927,3.935129451751709,0.6167661920189857,0.15876219421625137,0.1801651120185852,0.1839607208967209,0.021447324194014072,0.07252924144268036,0.7087902426719666,0.2468264028429985,3.7948721408843995,0.42692436277866364
594,20641.41276526451,0.8225641055168429,0.1621793786684672,0.30633707294861473,0.23532044291496276,0.4688616593678792,0.1469554563363393,0.08705291201670964,0.011131784925237299,0.24695545832316082,3.275381835301717,0.7838042452931404,0.1626318097114563,0.5023549944162369,0.18499746918678284,0.021469080820679665,0.07195018231868744,0.7103642523288727,0.24721580743789673,3.4252110719680786,0.4271323084831238
595,20648.425993919373,0.8060831687413156,0.16285800337791442,0.27129465341567993,0.23631544212500255,0.4691515465577443,0.14718641042709352,0.08705452134211858,0.011121810056890051,0.24718641340732575,3.7386411666870116,0.7715656757354736,0.16230425238609314,0.47471216320991516,0.18595267087221146,0.021549010649323463,0.07231403142213821,0.7131113111972809,0.24733927845954895,4.362304091453552,0.42886968702077866
596,20655.444640159607,0.8005246864515356,0.16399702429771423,0.2593230828642845,0.23499876658121746,0.4678901155789693,0.14750933448473613,0.08699876765410106,0.011126522347331047,0.24750933349132537,3.524779542287191,0.5971199721097946,0.16190822422504425,0.13367286324501038,0.1841876581311226,0.021541432477533817,0.07208257168531418,0.7088565826416016,0.24773995578289032,3.6113574266433717,0.42651086300611496
597,20662.408157348633,0.8295751810364891,0.1625835657119751,0.3199568529923757,0.23594958186149598,0.46731701691945393,0.14777159690856934,0.08710296005010605,0.011120047482351462,0.2477715959151586,3.7073834419250487,0.6138485334813595,0.15445974469184875,0.177685908973217,0.1852729171514511,0.021577750332653522,0.07207831740379333,0.7130207717418671,0.2481004074215889,3.2815582513809205,0.42858870327472687
598,20669.359943151474,0.8208464232952489,0.1629384885231654,0.29846248030662537,0.2365649749835332,0.4704601486523946,0.14801687598228455,0.08705670287211736,0.011121774464845658,0.2480168730020523,3.7931535879770917,0.6144180148839951,0.1630340814590454,0.1630340814590454,0.18493344634771347,0.02150863129645586,0.07204562053084373,0.7096854150295258,0.24812662601470947,3.670663261413574,0.4268883280456066
599,20676.38873910904,0.7995610583321346,0.16104537149270376,0.2501916840672493,0.23779430290063222,0.47921717961629234,0.14829774101575216,0.0871073787411054,0.011121337783212464,0.24829774300257365,3.4982330799102783,0.6420233435928822,0.16259116679430008,0.21966492384672165,0.18479985743761063,0.021514601074159145,0.07191167399287224,0.7106755971908569,0.24849888682365417,3.418491506576538,0.4272494725883007
600,20683.415822029114,0.8268203621303353,0.16236716906229656,0.3099318822224935,0.23652655283610027,0.4710670650005341,0.14855072697003682,0.08717851241429647,0.011124560919900736,0.24855072597662609,3.681337912877401,0.6081310212612152,0.16718050092458725,0.1412305384874344,0.18516762554645538,0.02156727761030197,0.07196906581521034,0.7098918557167053,0.2486983835697174,3.9339168071746826,0.426914993673563
601,20690.376910209656,0.815781841231122,0.161722465356191,0.29161246021588644,0.2355807016293208,0.4691210130850474,0.14882416725158693,0.08702706297238667,0.01112239551730454,0.2488241672515869,3.4562852303187053,0.75836081802845,0.16288397461175919,0.45829378068447113,0.18316497653722763,0.021621807478368282,0.07233206555247307,0.7069237530231476,0.24909603595733643,3.310150384902954,0.42579394206404686
602,20697.357067108154,0.8105474969255738,0.16406348447004954,0.27578710665305456,0.2354432115952174,0.4681803782780965,0.14910340905189515,0.08736852904160818,0.01111451763038834,0.24910340905189515,3.836173439025879,0.7567599192261696,0.15447404235601425,0.4689215421676636,0.18391255289316177,0.02156524918973446,0.07176284119486809,0.7088837623596191,0.24928879737854004,4.272899746894836,0.42620472237467766
603,20704.35216832161,0.8152199911225276,0.1611054629087448,0.2931451857089996,0.23714516858259838,0.46612640817960105,0.1493614912033081,0.08720801621675492,0.011116250790655613,0.2493614912033081,3.541092626253764,0.5852577090263367,0.16050368547439575,0.12064197659492493,0.18221651762723923,0.021478972397744656,0.07166953012347221,0.70405313372612,0.24947138130664825,3.4856490969657896,0.4236960969865322
604,20711.40269422531,0.7974567514009929,0.16197495957215627,0.25480554103851316,0.23523272375265758,0.46694307724634804,0.1496252199014028,0.08730184435844421,0.011119299894198775,0.24962521692117054,2.9455756823221844,0.7576247900724411,0.16408780962228775,0.45867688953876495,0.18209926784038544,0.021415947005152702,0.07163364440202713,0.70649653673172,0.2498617172241211,2.9516881704330444,0.4248819127678871
605,20718.36315011978,0.8151608671934809,0.16255695621172586,0.2851938640077909,0.23638751804828645,0.46998218695322674,0.14985926747322081,0.0873902623852094,0.011113163720195492,0.24985926349957785,3.8925817012786865,0.8004008457064629,0.16698525100946426,0.5276705920696259,0.18479014933109283,0.021445492282509804,0.07161150500178337,0.7104547321796417,0.25009992718696594,4.155240750312805,0.42683887109160423
606,20725.381993055344,0.8047535226893766,0.1622129907210668,0.2668187215924263,0.2349452257156372,0.4679725170135498,0.15015104413032532,0.08745369613170624,0.01111654785151283,0.25015104313691455,3.5528731107711793,0.6993059888482094,0.1608441099524498,0.3364885747432709,0.18510879576206207,0.021516863256692886,0.0719091035425663,0.712935596704483,0.25041817873716354,2.929264998435974,0.4283769018948078
607,20732.503806114197,0.7975874775380362,0.16203245719273884,0.2539992054303487,0.23502090771993,0.4665972093741099,0.15043755571047465,0.08743365406990052,0.011124288368349274,0.25043755273024243,3.0952838102976483,0.7489749565720558,0.16287550330162048,0.43487973511219025,0.1843297928571701,0.02153909858316183,0.07188279181718826,0.7099974155426025,0.2505614086985588,3.3953937292099,0.42688149958848953
608,20739.882694244385,0.7954713645255348,0.16140109697977703,0.25177651445070903,0.23568616509437562,0.4647777318954468,0.15068028569221498,0.08760867069164911,0.011113664880394936,0.2506802827119827,2.9771185477574664,0.6732003539800644,0.16049864143133163,0.299582377076149,0.18145526200532913,0.021472327411174774,0.07166915386915207,0.706731528043747,0.25074904412031174,2.625484573841095,0.42503491789102554
609,20747.028846025467,0.8083679608108165,0.161788014570872,0.27938175449768704,0.2352157930533091,0.4622208595275879,0.15090782642364503,0.0875682199994723,0.011111366081361969,0.25090782543023427,3.2993345737457274,0.6116472743451595,0.16095475107431412,0.16095475107431412,0.18510757386684418,0.021505099721252918,0.07164839655160904,0.7109844088554382,0.2511540353298187,3.3535656213760374,0.42714060097932816
610,20753.97773694992,0.8472126219693261,0.16055536071459453,0.34583076934019724,0.23676052590211233,0.4756480892499288,0.15119032462437948,0.08748897363742193,0.011124480655416847,0.25119032164414723,4.4951486428578695,0.6430042423307896,0.166396364569664,0.22132394462823868,0.1829729527235031,0.021621163934469223,0.07213712111115456,0.7066091001033783,0.2513844519853592,3.8567657232284547,0.4254416711628437
611,20761.021895885468,0.8129828215906552,0.1619424730539322,0.2858537435531616,0.235202685991923,0.4649105509122213,0.1514538884162903,0.08737201541662216,0.011113001530369123,0.2514538834492365,3.0613254626592,0.6080388352274895,0.15997932106256485,0.16636791825294495,0.18243777751922607,0.021487592719495296,0.07182604447007179,0.7056686282157898,0.2516491115093231,2.838724601268768,0.4246603585779667
612,20768.006331205368,0.8201228224478352,0.16259177923202514,0.29881097972393034,0.2351138154665629,0.46446159879366555,0.15173997084299723,0.08742307474215825,0.011114936772113044,0.25173996488253275,3.427854084968567,0.6052440740168095,0.1582368165254593,0.1714458242058754,0.18064217269420624,0.021534417755901814,0.0719989575445652,0.7019399106502533,0.25190748274326324,2.9356404423713682,0.42296891286969185
613,20775.1056330204,0.8352578358006819,0.16229292651017507,0.3338627686103185,0.2357748051484426,0.45910855929056804,0.151937069495519,0.08763329933087032,0.011110812813664475,0.25193706452846526,3.436593437194824,0.7587137222290039,0.160067580640316,0.46147294342517853,0.18395483493804932,0.02150661125779152,0.07151438295841217,0.7078836560249329,0.25209082663059235,3.3733091831207274,0.4254562109708786
614,20782.12068295479,0.814705205586506,0.16254459818204245,0.2727710167566935,0.23556318283081054,0.47876994411150614,0.15219944318135578,0.0875331073999405,0.011119038161511222,0.25219943722089133,4.2697535991668705,0.595175251364708,0.15625373274087906,0.1436416655778885,0.18355034291744232,0.0215136194601655,0.07153623178601265,0.7070002555847168,0.25238148868083954,4.438483357429504,0.42503635957837105
615,20789.085088968277,0.8249002516599527,0.16090882321198782,0.3029969612757365,0.23633441229661306,0.47143442630767823,0.15243463118871053,0.08762894918521245,0.011113835390036304,0.25243462522824606,3.3885051250457763,0.6739915907382965,0.16605662554502487,0.2773135155439377,0.1846391037106514,0.021571571938693523,0.07180267572402954,0.7076429426670074,0.25263939797878265,3.5995104193687437,0.42562414705753326
616,20796.083814144135,0.8273802463430912,0.16097399791081746,0.3148573736349742,0.2359211246172587,0.46407385071118673,0.152670955657959,0.08767259071270625,0.011119043361395598,0.2526709506909052,4.033555698394776,0.7644045799970627,0.16094337403774261,0.467867374420166,0.18476375937461853,0.021397165022790432,0.0714755430817604,0.7092487215995789,0.252808541059494,4.406980347633362,0.42609990388154984
617,20803.131674051285,0.8220692155960326,0.16133378843466442,0.29608717958132424,0.23612531423568725,0.470524533589681,0.1529538333415985,0.08783625314633052,0.011117436969652773,0.2529538293679555,3.8111695925394695,0.7610140442848206,0.15549324452877045,0.4749698340892792,0.18401794135570526,0.021396540105342865,0.07257252931594849,0.707896500825882,0.25324736535549164,4.074063801765442,0.42652077972888947
618,20810.16437292099,0.8348642784675273,0.16185385485490164,0.32218476633230847,0.23559597631295523,0.46967098911603294,0.15320236881573995,0.0876268098751704,0.011120993302514155,0.25320236484209696,4.7047657171885175,0.746640145778656,0.16145988553762436,0.43418948352336884,0.18404275923967361,0.021573022939264774,0.07226360961794853,0.7063639760017395,0.2535015642642975,5.238586807250977,0.4254455976188183
619,20817.245074272156,0.818869846764331,0.1604090025027593,0.2909609913825989,0.23538134296735128,0.471293572584788,0.1534691870212555,0.08769651154677073,0.011118780511120955,0.253469181060791,3.9728692690531413,0.6536399200558662,0.1639154776930809,0.24136477708816528,0.18452102690935135,0.021484683267772198,0.07142498344182968,0.7080483138561249,0.25355201959609985,3.2288761377334594,0.4254491403698921
620,20824.165141105652,0.7854745204832094,0.16115168631076812,0.22770861238241197,0.23600937922795615,0.4651281456152598,0.15373579065004986,0.08788460542758306,0.011109434875349204,0.2537357856829961,2.79164236386617,0.6462007649242878,0.15664257109165192,0.23607391864061356,0.18576061725616455,0.02156430296599865,0.07161717861890793,0.7085875868797302,0.2538396269083023,2.784728455543518,0.42591097205877304
621,20831.169005155563,0.8282713575987145,0.16234019994735718,0.3104299505551656,0.2348856310049693,0.4664519647757212,0.15398194193840026,0.0876718873778979,0.011112645594403147,0.2539819369713465,3.780207363764445,0.6932351291179657,0.1559685617685318,0.3403819501399994,0.1835377961397171,0.021481485106050968,0.07163877412676811,0.7066604495048523,0.2542854845523834,4.098028254508972,0.42496899887919426
622,20838.175540924072,0.8263246832318448,0.16130001842975616,0.30616389513015746,0.23665680587291718,0.467739470799764,0.1542304793993632,0.08781247586011887,0.011114045946548383,0.25423047443230945,3.6015254259109497,0.6278429962694645,0.15505485981702805,0.20570536702871323,0.18496772646903992,0.021615134552121162,0.07164855301380157,0.7086289525032043,0.2546140253543854,4.023308300971985,0.42596302926540375
623,20845.29839015007,0.8182162682991475,0.16041021049022675,0.29115861157576245,0.23654573758443195,0.46773327390352887,0.15446338256200154,0.08790350059668223,0.011112226344024142,0.25446337660153706,3.5903839747111004,0.5882703624665737,0.156494140625,0.12692739814519882,0.18415626138448715,0.021466456353664398,0.07140565663576126,0.7087165415287018,0.2545282244682312,3.700799822807312,0.42576392740011215
624,20852.303217172623,0.8189887998936077,0.15867094894250233,0.28909139285484947,0.23770706752936047,0.47420446276664735,0.15473356246948242,0.08793350706497828,0.011102721374481917,0.2547335575024287,4.06970461209615,0.6379037089645863,0.16026699542999268,0.22349748760461807,0.18294398486614227,0.021496296860277653,0.07144971936941147,0.7052124738693237,0.25487658381462097,3.8037471532821656,0.42405595630407333
625,20859.269091129303,0.8129248219076544,0.16078123052914936,0.2786233926812808,0.23625991344451905,0.4684810797373454,0.15498709678649902,0.08790224889914194,0.011115429550409317,0.25498709082603455,3.4913631439208985,0.71122857183218,0.16084130853414536,0.36518895626068115,0.18389639258384705,0.021387748420238495,0.07115474715828896,0.7082715332508087,0.254962682723999,3.5368008613586426,0.4252905137836933
626,20866.266795158386,0.8071022469511566,0.1581583797931671,0.25415398329496386,0.23700962464014688,0.48633960882822674,0.15526444117228191,0.0878484770655632,0.011112920505305131,0.25526443620522815,3.7726784626642864,0.5926613509654999,0.15345489233732224,0.14328034222126007,0.1837831437587738,0.0216129831969738,0.07146896049380302,0.7074524164199829,0.255452424287796,3.87930189371109,0.4251951687037945
627,20873.293303012848,0.8220717926975339,0.16091964542865753,0.2896441206336021,0.2362191528081894,0.4753835141658783,0.15552143653233846,0.08779274821281433,0.011134584341198206,0.255521430571874,3.5765020132064818,0.7391358464956284,0.1605934053659439,0.42878761887550354,0.18207431584596634,0.02136190515011549,0.07185973599553108,0.7045702934265137,0.25557954609394073,3.581105411052704,0.4241448827087879
628,20880.342979192734,0.8271916505803044,0.1602213015158971,0.3074963063001633,0.23641426463921864,0.4680566430091858,0.15577290058135987,0.0879994069536527,0.011114548736562332,0.25577289462089536,3.924931009610494,0.7656017541885376,0.15787559747695923,0.4668794572353363,0.1871432140469551,0.021579300984740257,0.07135208323597908,0.7160759568214417,0.2559603452682495,3.862814152240753,0.4293900616466999
629,20887.38651227951,0.8267585978804467,0.15990541179974874,0.30429159353176755,0.23670476973056792,0.47129117250442504,0.15601758162180582,0.08785845239957174,0.011104282674690087,0.25601757566134137,4.384527317682902,0.5920437220484018,0.16467632353305817,0.12187131121754646,0.18321587145328522,0.021581043489277363,0.0716588944196701,0.7064748406410217,0.25627610087394714,4.509701418876648,0.42489631474018097
630,20894.580054044724,0.8139533220518691,0.1593922843535741,0.28592944393555325,0.23723320960998534,0.46499826113382975,0.15627496441205344,0.08778503090143204,0.011108734939868251,0.25627495845158893,3.6227144877115887,0.6629076115787029,0.16021231561899185,0.2616826966404915,0.18592697381973267,0.021598638035357,0.07170189917087555,0.7116008102893829,0.2564913481473923,3.5457573175430297,0.427502304315567
631,20901.79806613922,0.8428713966044598,0.16031929155190786,0.34175054331620536,0.23602525095144908,0.4656256596247355,0.15649702548980712,0.08767346094051996,0.011106979862476388,0.2564970195293427,3.559877038002014,0.6944920942187309,0.15946637094020844,0.3431641608476639,0.18172182142734528,0.02155077364295721,0.07165183126926422,0.7028652429580688,0.2568456530570984,3.533340847492218,0.42308445274829865
632,20908.83146214485,0.8252389523142483,0.1604650487502416,0.29839969525734583,0.2369680444399516,0.47137573957443235,0.15675233602523803,0.08807292679945627,0.011115757701918482,0.25675233006477355,3.5380849679311117,0.7338399514555931,0.1524406522512436,0.42803482711315155,0.18369094282388687,0.021504382602870464,0.07173659279942513,0.7071776688098907,0.2568915784358978,3.749589467048645,0.4253254272043705
633,20915.87498497963,0.7954729073564522,0.16032683451970417,0.2421764890352885,0.23701109091440836,0.46854236324628196,0.1569881796836853,0.0879627525806427,0.01110624788949887,0.2569881737232208,3.0754902680714924,0.6224498637020588,0.16010630875825882,0.19823657721281052,0.18161263316869736,0.021561427041888237,0.07125841826200485,0.7005164623260498,0.2573561370372772,3.1020555019378664,0.42151664942502975
634,20922.823359012604,0.82195724118889,0.15875285863876343,0.29893961499134697,0.23781441152095795,0.46698598861694335,0.15724626183509827,0.0880857636531194,0.011103236861526967,0.2572462558746338,3.5770314852396647,0.7369623482227325,0.16447769105434418,0.4216081500053406,0.18084029108285904,0.02154170721769333,0.07102445513010025,0.7005124986171722,0.25763362646102905,3.995561182498932,0.42128070443868637
635,20929.921875,0.8140534809868162,0.16061356564362844,0.27663167168696723,0.23695349097251892,0.4687917987505595,0.15749903321266173,0.0883083239197731,0.01111108787978689,0.25749902725219725,3.549564258257548,0.687678337097168,0.15672189742326736,0.33062149584293365,0.1828228458762169,0.021642896346747875,0.07166808843612671,0.7040124535560608,0.2579164355993271,3.532566452026367,0.4236743152141571
636,20936.926000118256,0.8101261147938204,0.15970010260740916,0.269490946829319,0.23652816812197366,0.470956285794576,0.15771701733271282,0.08801307777563731,0.011099436754981677,0.25771701137224834,3.4624672253926594,0.5832468923181295,0.1579882577061653,0.12788566574454308,0.18065790086984634,0.021603518165647984,0.07123194262385368,0.6989247798919678,0.25817620754241943,3.310294032096863,0.42069433256983757
637,20943.99533009529,0.8290002923555827,0.1596504807472229,0.30406710306803386,0.23641738692919415,0.4738444685935974,0.15801573793093363,0.08803983082373937,0.011098378741492828,0.2580157319704692,4.671134535471598,0.7591351568698883,0.15501470118761063,0.46989597380161285,0.18458623439073563,0.021532404236495495,0.07126397639513016,0.707205057144165,0.258240208029747,4.1951751708984375,0.4248665049672127
638,20951.120036125183,0.8111667802208103,0.15928487181663514,0.27148149808247884,0.2367289900779724,0.4717191259066264,0.15827067693074545,0.08790424267450968,0.01109913297307988,0.25827067097028095,3.8307002782821655,0.6985167935490608,0.1568731740117073,0.3490752577781677,0.18355299532413483,0.021555189043283463,0.07098524272441864,0.7072040140628815,0.2585609704256058,3.2695144057273864,0.4245872497558594
639,20958.202214241028,0.8052941442777714,0.15819291174411773,0.2546682382623355,0.23835529088974,0.4779435495535533,0.15844993193944296,0.08803457419077555,0.011104637042929728,0.2584499259789785,3.7772406339645386,0.6301396526396275,0.15358702838420868,0.21564698964357376,0.18436456471681595,0.02148417104035616,0.07098574191331863,0.7037454843521118,0.2584694176912308,4.202388536930084,0.42285848408937454
640,20965.175189971924,0.7993612815121499,0.15750845770041147,0.24477435598770778,0.23739023506641388,0.47703905900319415,0.15869765082995096,0.08809637327988942,0.01110351652217408,0.2586976448694865,3.3566898187001546,0.739959292113781,0.15713607519865036,0.4320693612098694,0.18339426815509796,0.02143063209950924,0.07090150564908981,0.7031103670597076,0.25878092646598816,3.252419352531433,0.42245668917894363
641,20972.264728069305,0.8108070462166022,0.15905911922454835,0.27421587010224663,0.23662756383419037,0.4665259480476379,0.15893381237983703,0.08829076588153839,0.011105423824240764,0.2589338064193726,3.238818717002869,0.7354555279016495,0.15843237191438675,0.41526417434215546,0.1846955344080925,0.021512111648917198,0.07113773748278618,0.7046851813793182,0.2591955065727234,3.287138783931732,0.4234803281724453
642,20979.396014213562,0.8231429430908368,0.1600421021382014,0.3031094640493393,0.2359627107779185,0.46127655506134035,0.15917904178301492,0.08802851587533951,0.011100068595260382,0.2591790358225505,3.261591831843058,0.7530319169163704,0.15449603646993637,0.4573360085487366,0.18493393808603287,0.021485090255737305,0.07100646942853928,0.7060046494007111,0.2592797875404358,3.1233245968818664,0.4240087941288948
643,20986.469789266586,0.7874078039623176,0.1593183199564616,0.2220368504524231,0.23709493080774943,0.4709356049696604,0.15938727259635926,0.08826706210772196,0.011106652564679582,0.2593872666358948,3.2948549429575604,0.5968457721173763,0.15079111605882645,0.15079111605882645,0.18532954901456833,0.021488827653229237,0.07136774435639381,0.7066208720207214,0.25951677560806274,3.371315085887909,0.42467818036675453
644,20993.49223804474,0.8253210219011332,0.15879523555437725,0.2890588159362475,0.23666305243968963,0.4806444307168325,0.15966428319613138,0.08825518041849137,0.011102333012968302,0.25966427723566693,4.1919884045918785,0.7606130689382553,0.1521984189748764,0.47574228048324585,0.185271754860878,0.02146435435861349,0.0713428184390068,0.7078754305839539,0.2598259598016739,4.07033634185791,0.42528053373098373
645,21000.462279319763,0.798606317639739,0.15778622527917227,0.24687588860591253,0.23650695284207662,0.4704086422920227,0.15990262230237326,0.08845529357592265,0.011101519440611203,0.25990261634190875,3.167574723561605,0.5836743544787169,0.15594425052404404,0.11698586866259575,0.18461858481168747,0.021449023857712746,0.0708390511572361,0.7052329480648041,0.26002779603004456,2.7549983978271486,0.42345552518963814
646,21007.460666179657,0.8118004620327459,0.15777192612489063,0.2750804757078489,0.23781976103782654,0.4678758124510447,0.16016851862271628,0.08850992123285929,0.011095457306752602,0.26016851266225177,3.2534574111302694,0.6256639808416367,0.15901455283164978,0.1975468099117279,0.18393801152706146,0.02155851572751999,0.07104445621371269,0.7057362794876099,0.2602563500404358,2.8948635816574098,0.4239125959575176
647,21014.494363069534,0.8031570519456485,0.15828179816404978,0.25279057572285335,0.23681250909964244,0.4727109968662262,0.16040245493253072,0.08828686624765396,0.011121627300356825,0.26040244897206627,3.6244569778442384,0.6126046031713486,0.1553431898355484,0.17728334665298462,0.18430987000465393,0.021672509610652924,0.072159294039011,0.7049654126167297,0.260836586356163,3.926006579399109,0.42464200034737587
648,21021.59565114975,0.8441462088512102,0.15869121352831522,0.33467588424682615,0.23728063901265461,0.471539173523585,0.1606247345606486,0.08832140515247981,0.011094847096440692,0.2606247286001841,4.205688921610514,0.7317708656191826,0.15603910386562347,0.4210010915994644,0.18261560797691345,0.02151447255164385,0.07084057852625847,0.7046791613101959,0.2608061283826828,4.021094584465027,0.42318015918135643
649,21028.62551498413,0.8065100456258126,0.15889727274576823,0.26017119487126666,0.23829165001710256,0.46856419841448466,0.16088135639826456,0.08865472922722499,0.011105149472132324,0.2608813504378001,3.2992763996124266,0.5839306451380253,0.15290731936693192,0.12219008058309555,0.1849641427397728,0.02143782563507557,0.07164356485009193,0.7080536484718323,0.26101307570934296,3.0978702545166015,0.42567038908600807
650,21035.734332323074,0.8098172403057106,0.15822186172008515,0.27027626484632494,0.23722852766513824,0.46800799171129864,0.16113753914833068,0.08824870785077413,0.011094819319744905,0.2611375331878662,3.195832681655884,0.6154982075095177,0.15373164415359497,0.19385339319705963,0.18241993337869644,0.02150893211364746,0.07089146599173546,0.7019170224666595,0.2612730711698532,2.9680840492248537,0.42184997722506523
651,21043.10026907921,0.8180812669510488,0.15751532117525738,0.2826780905326208,0.23881814082463582,0.47265818119049074,0.16137668689092,0.0883311261733373,0.011102604943638046,0.2613766809304555,3.757473039627075,0.7229768335819244,0.1529984474182129,0.40489885210990906,0.1837644800543785,0.02164069190621376,0.07111192122101784,0.7050942778587341,0.2615731358528137,3.9613016843795776,0.4236590601503849
652,21050.16474699974,0.8133850285686397,0.15880753695964814,0.2761519804596901,0.23650473952293397,0.46711674332618713,0.16164127786954244,0.0884036640326182,0.011097926956911882,0.261641271909078,3.584705130259196,0.5917365774512291,0.15583786368370056,0.12607203423976898,0.18643134832382202,0.021551715210080147,0.07137013971805573,0.7092961966991425,0.2617245763540268,3.4462947130203245,0.42601823806762695
653,21057.32096004486,0.8072324687226986,0.15634915033976238,0.2518967534104983,0.2382002373536428,0.48325241009394326,0.1618489106496175,0.08844958394765853,0.011100585681075852,0.26184890468915306,3.8295096079508464,0.6854908689856529,0.15367048233747482,0.3241795301437378,0.1848653107881546,0.021420281380414963,0.07090914621949196,0.7067679464817047,0.2618604004383087,3.075487518310547,0.4242931194603443
654,21064.321557044983,0.8148286435714301,0.15765368640422822,0.2825086146593094,0.2379138231277466,0.4652660032113393,0.16208029985427858,0.08839566757281621,0.011098466270292798,0.2620802938938141,3.5084511439005532,0.7001969441771507,0.15304990112781525,0.3603222221136093,0.1834929659962654,0.021529550664126873,0.07085774466395378,0.703314483165741,0.26231957972049713,3.279487681388855,0.42251498624682426
655,21071.349120140076,0.800906060548732,0.15698727667331697,0.2506788770357768,0.23735546271006266,0.46998675068219503,0.1623457133769989,0.08850688089927038,0.01109199623266856,0.2623457074165344,3.3416477044423423,0.591123852878809,0.15104415267705917,0.15104415267705917,0.1822788119316101,0.021481717005372047,0.07076879218220711,0.7008706331253052,0.2624455392360687,3.3760952234268187,0.4212041087448597
656,21078.413599014282,0.8274160659561555,0.1581220140059789,0.3093494753042857,0.23746975461641948,0.46166948676109315,0.16258833010991414,0.08853961080312729,0.011094798908258478,0.26258832414944966,3.509509229660034,0.759728915989399,0.15296214818954468,0.4781276434659958,0.1838514730334282,0.021547049283981323,0.07085712626576424,0.7048087120056152,0.26273494958877563,3.658525538444519,0.42326148226857185
657,21085.4432451725,0.8154687996332844,0.15832579731941224,0.279521802564462,0.23723986248175302,0.46672927935918174,0.16283106207847595,0.08860624134540558,0.011103083674485485,0.2628310561180115,3.500347868601481,0.7442736625671387,0.1533489152789116,0.4496407061815262,0.183052197098732,0.021376775577664375,0.07067018002271652,0.7028570473194122,0.26289626955986023,3.64543936252594,0.42209870368242264
658,21092.48337507248,0.816762528816859,0.15737994909286498,0.2735407963395119,0.23739643295605978,0.47719236413637794,0.16307183702786762,0.08853780726591746,0.011098755259687702,0.2630718310674032,3.9095433553059897,0.6639567911624908,0.15576591342687607,0.28857438266277313,0.1819518432021141,0.02153609413653612,0.07075613364577293,0.7018052637577057,0.26317451894283295,3.8572233438491823,0.4216587655246258
659,21099.56610918045,0.8084365670491631,0.15734020272890728,0.266201946636041,0.23639099895954133,0.46794138153394066,0.16329395373662312,0.08853739351034165,0.01109222179899613,0.26329394777615867,3.8157576084136964,0.7685679271817207,0.1581493690609932,0.4837634265422821,0.18426842242479324,0.021519684232771397,0.070929616689682,0.7062804102897644,0.2634083181619644,3.6428690910339356,0.4240698218345642
660,21106.585104227066,0.8342635548867595,0.1567992647488912,0.3209404518206914,0.23835645814736683,0.46479520003000896,0.16356999476750692,0.08865608672300974,0.011090951490526397,0.26356998880704247,3.7849893808364867,0.7289504855871201,0.15863002091646194,0.41138987243175507,0.1823127642273903,0.02150888368487358,0.07069836184382439,0.7021339237689972,0.2638087570667267,3.8351993560791016,0.421765323728323
661,21113.6351211071,0.8150660185803038,0.1570487290620804,0.27821291039387386,0.23799165884653728,0.4690491358439128,0.1638011117776235,0.08851095686356227,0.011097549212475617,0.26380110581715904,3.8888208071390786,0.6632172986865044,0.15458378195762634,0.28847695887088776,0.18219751864671707,0.0214122598990798,0.07073554769158363,0.7021214663982391,0.26385165750980377,3.853871154785156,0.4217962808907032
662,21120.601389169693,0.7791624471331792,0.1558032641808192,0.20952786256869635,0.23897136350472767,0.4677465478579203,0.16406429608662923,0.08856462389230728,0.011089678745095928,0.2640642901261648,3.040934769312541,0.6530156806111336,0.15463780611753464,0.2689182162284851,0.1819593831896782,0.021512526087462902,0.07063541188836098,0.7050433456897736,0.26420608162879944,3.082204532623291,0.42315708473324776
663,21127.636949062347,0.8105124070774764,0.15744030276934307,0.2709055468440056,0.23766142825285594,0.46556121309598286,0.16426937182744344,0.0886367380619049,0.011096182155112426,0.26426936586697897,3.571204725901286,0.6028643138706684,0.14969582855701447,0.18093926459550858,0.18134942650794983,0.021496368572115898,0.0705912634730339,0.7010369896888733,0.2643009424209595,3.565588092803955,0.42110975831747055
664,21134.662166118622,0.8161412281605105,0.15647373497486114,0.27223712801933286,0.238422225912412,0.47714765469233195,0.16454509099324544,0.08859782169262569,0.011097889595354597,0.26454508503278096,4.07681082089742,0.6374935321509838,0.15105030685663223,0.2498459294438362,0.18076013028621674,0.02155584655702114,0.07106248661875725,0.7019340395927429,0.26474231481552124,4.028777861595154,0.4220295064151287
665,21141.764930009842,0.8137861315471431,0.1570970445871353,0.27713635563850403,0.23772447605927785,0.46646492878595985,0.1647583067417145,0.08853492041428884,0.01111327507533133,0.26475830078125,3.7515826066335043,0.7023051083087921,0.15521834790706635,0.3581782579421997,0.18399881571531296,0.021712561137974262,0.07187806069850922,0.7073659598827362,0.265078529715538,3.4416603803634644,0.4255610406398773
666,21148.823258161545,0.8177132868984093,0.15541277428468067,0.2866656040151914,0.2386101206143697,0.4671537419160207,0.16498042345046998,0.08868820319573084,0.011088115442544223,0.2649804174900055,3.38304070631663,0.5737581644207239,0.1541299745440483,0.11403653398156166,0.1813049614429474,0.021558922715485096,0.07052617147564888,0.7008589506149292,0.26509958505630493,3.5019546031951903,0.4209556467831135
667,21155.850510120392,0.8394583253539167,0.15655934711297353,0.3265857398509979,0.2392257769902547,0.4681013345718384,0.16526145339012147,0.08866889476776123,0.011095780630906422,0.26526144742965696,3.683663018544515,0.7506192922592163,0.1573079377412796,0.45741546154022217,0.1823018118739128,0.0214104438200593,0.07073235139250755,0.701939046382904,0.26525576412677765,3.5411068201065063,0.4217018745839596
668,21162.88525414467,0.832397101437285,0.15502426028251648,0.3174048935373624,0.23926970660686492,0.4666812062263489,0.16544472575187683,0.08850825130939484,0.011093007354065775,0.2654447197914124,3.23470040957133,0.6428409144282341,0.15619704127311707,0.24952645599842072,0.18094032257795334,0.02148527279496193,0.07051204517483711,0.7003116309642792,0.2656134217977524,2.9774856567382812,0.4206678606569767
669,21169.856981039047,0.8012299293962618,0.1567532926797867,0.24723593046267828,0.23854394853115082,0.47035154700279236,0.16570106546084087,0.08865728676319122,0.011089281287665169,0.26570105950037637,3.3453981479008994,0.62062082067132,0.15725118666887283,0.19888266175985336,0.18196415156126022,0.02150905132293701,0.07052488997578621,0.7052050232887268,0.26580652594566345,3.4135576128959655,0.4231274016201496
670,21176.975447177887,0.8163903569763836,0.15513726671536762,0.273199384411176,0.2389756331841151,0.4769179284572601,0.16599761644999186,0.08881645947694779,0.011100918008014559,0.26599761048952736,3.6946273962656657,0.7360008731484413,0.15252111852169037,0.43486009538173676,0.18302485346794128,0.021383751183748245,0.07074615731835365,0.7061572372913361,0.26609957218170166,3.8299683570861816,0.4238247759640217
671,21184.35622191429,0.8075414046664567,0.15622283816337584,0.26261516064405444,0.23928841749827068,0.46701243917147317,0.16612223982810975,0.08892542123794556,0.011093102628365159,0.2661222338676453,3.2760803143183392,0.6096464730799198,0.15298835188150406,0.19036277383565903,0.18073836714029312,0.0213923966512084,0.0708395391702652,0.7012249827384949,0.26620373129844666,3.4135065197944643,0.42145203053951263
672,21191.50481414795,0.8214453211500464,0.15607732037703195,0.2905939315756162,0.23894959489504497,0.46662404934565227,0.16642090280850727,0.08899463266134262,0.0110955903151383,0.2664208968480428,4.080987612406413,0.7129054218530655,0.15195275843143463,0.3987758159637451,0.18078237771987915,0.021630425937473774,0.07105132937431335,0.7007595300674438,0.26683245599269867,4.346347308158874,0.4214310944080353
673,21198.53710412979,0.7900683722342364,0.1556042989095052,0.22677893688281378,0.23900052309036254,0.46971928477287295,0.16662484407424927,0.08866866777340571,0.01110101460168759,0.2666248381137848,3.766163444519043,0.5770555324852467,0.1536855474114418,0.12046968191862106,0.18156757205724716,0.021535535342991352,0.0708734393119812,0.7024134993553162,0.26687587797641754,3.2011611461639404,0.4220801889896393
674,21205.590215206146,0.8252896249837552,0.15546354154745737,0.3015518069267273,0.23857464293638866,0.4656154175599416,0.16688612898190816,0.08863944510618846,0.011087099617968003,0.2668861230214437,4.084532467524211,0.5845566913485527,0.1549522876739502,0.1398230344057083,0.17984644323587418,0.02156820148229599,0.07050342112779617,0.700318843126297,0.2672234922647476,4.380042815208435,0.42066284269094467
675,21212.5974881649,0.8021971824675954,0.15597543319066365,0.25526469151178993,0.23808827499548593,0.4639427880446116,0.16709174712498984,0.08880018343528112,0.011086233658716083,0.26709174116452533,3.712353579203288,0.6380106769502163,0.15462911128997803,0.24470975250005722,0.18051334470510483,0.021532025188207626,0.07073299214243889,0.6996231377124786,0.26736031472682953,3.2550723791122436,0.4205445609986782
676,21219.592353105545,0.7916192291226859,0.15487652321656545,0.23257798552513123,0.23920307556788126,0.4651139219601949,0.16733100414276122,0.08932282477617264,0.011101939498136442,0.2673309981822968,3.1066442330678306,0.5915975198149681,0.14965170621871948,0.15985094010829926,0.1810101717710495,0.021656041964888573,0.07086518406867981,0.7030946314334869,0.2676406800746918,2.6559098243713377,0.4224124997854233
677,21226.586685180664,0.8077408975126067,0.15475108126799267,0.26008545607328415,0.24001330236593882,0.47161437273025514,0.16751742164293926,0.08885694841543833,0.01110636197651426,0.2675174156824748,3.7927072127660115,0.7258880510926247,0.1532839760184288,0.4153977632522583,0.18245259672403336,0.021428351290524006,0.0712357945740223,0.704640120267868,0.2676585167646408,3.710366451740265,0.4235558547079563
678,21233.581213235855,0.7861757652174372,0.15481724739074706,0.22223796794811884,0.23905417323112488,0.4657440106074015,0.16781027913093566,0.08894716153542201,0.011084374847511451,0.2678102731704712,3.3019012451171874,0.7285028845071793,0.1485443040728569,0.4202009290456772,0.18492905795574188,0.021458247676491737,0.07047438621520996,0.7107444107532501,0.26804862916469574,3.170887303352356,0.425846591591835
679,21240.56630206108,0.7805051767403105,0.1543619453907013,0.20947705109914144,0.23975613713264465,0.467191348473231,0.1679865002632141,0.08908873498439789,0.011084598038966458,0.2679864943027496,3.0526156584421793,0.6818843558430672,0.15454663336277008,0.3229096978902817,0.18294143676757812,0.02152103651314974,0.0703139565885067,0.7048438787460327,0.2683243751525879,3.280270290374756,0.42273589596152306
680,21247.622057914734,0.8143589632003568,0.1549284706513087,0.27673418720563253,0.24014174342155456,0.4671994626522064,0.16823433041572572,0.08883401105801264,0.011095355373496811,0.26823432445526124,3.402039575576782,0.5756172575056553,0.15427245199680328,0.11661318689584732,0.18151910603046417,0.021658947691321373,0.07079428806900978,0.7021500766277313,0.26866090297698975,3.258952236175537,0.42186932638287544
681,21254.660175085068,0.824043943339105,0.1548205405473709,0.3003699426849683,0.239650629957517,0.4633343319098155,0.16850846807161968,0.0887441247701645,0.011091442732140421,0.2685084621111552,3.649469741185506,0.7334587201476097,0.15022753924131393,0.4433703124523163,0.18077301234006882,0.021644266322255135,0.07075239717960358,0.7020300328731537,0.26880353689193726,3.621143674850464,0.4217674136161804
682,21261.75558924675,0.8037141811471277,0.15511717895666757,0.25835006634394325,0.2388465036948522,0.4635019878546397,0.1686947762966156,0.08888758967320125,0.011091723122323554,0.26869477033615113,3.5166743675867718,0.6275606192648411,0.15502606332302094,0.213906891644001,0.18279055505990982,0.021638784557580948,0.07134123146533966,0.7053016424179077,0.26920364797115326,3.9115364074707033,0.4239920526742935
683,21268.799367904663,0.8366801019175909,0.15494530896345773,0.32160578270753226,0.2397322326898575,0.4656828959782918,0.16893566449483235,0.08899329503377279,0.011085454033066829,0.2689356585343679,3.7152068932851154,0.7033200189471245,0.15670493245124817,0.3642395883798599,0.18224764615297318,0.021467452868819237,0.07068076357245445,0.7044550776481628,0.26918718218803406,4.138002228736878,0.4229083023965359
684,21275.8976790905,0.8010496706915243,0.1548353930314382,0.256598965326945,0.23949325184027354,0.4595261077086131,0.16911073525746664,0.0889900396267573,0.011113133964439232,0.26911072929700214,2.8298933426539103,0.6182037070393562,0.14973925799131393,0.2107469141483307,0.18154549598693848,0.021279988810420036,0.07098506391048431,0.7028212249279022,0.2691378891468048,2.9909916639328005,0.4223956763744354
685,21282.899888277054,0.8000856380948487,0.15609725415706635,0.24932914475599924,0.23898778061072032,0.46145195960998536,0.1693235198656718,0.08918782522281012,0.01107762303824226,0.2693235139052073,3.4307010412216186,0.6406154185533524,0.15179016441106796,0.24949337542057037,0.1820392832159996,0.021465801633894444,0.07018931210041046,0.701786994934082,0.26945702731609344,3.28825980424881,0.4210828095674515
686,21289.988934278488,0.8246848521172069,0.15531138877073924,0.3026953885952632,0.2390491098165512,0.45964237252871193,0.16961610913276673,0.0889145905772845,0.011082958352441588,0.2696161031723022,3.8416923840840655,0.7319448366761208,0.15361064672470093,0.4281883090734482,0.18212001770734787,0.02150586061179638,0.07021568343043327,0.7047033309936523,0.26985612511634827,3.8236762046813966,0.42256734892725945
687,21297.0043592453,0.790485473285662,0.15513703525066375,0.23334910621245702,0.23866161704063416,0.4604164759318034,0.16982200145721435,0.08901294271151225,0.011083919135853649,0.2698219954967499,3.5435696919759114,0.636354748159647,0.1508924514055252,0.24064428359270096,0.18257007747888565,0.02154463902115822,0.07031679153442383,0.7035060822963715,0.27013392746448517,3.29752037525177,0.42206983268260956
688,21304.02437520027,0.8405343680506727,0.15572465459505716,0.3309706827004751,0.23896182874838512,0.46197094122568766,0.1700354854265849,0.08888074407974879,0.01108986691882213,0.2700354794661204,4.279125197728475,0.6995826885104179,0.152798630297184,0.3618120551109314,0.18293901532888412,0.021641338244080544,0.07061630487442017,0.7051871418952942,0.27044108510017395,4.446763134002685,0.42320987582206726
689,21311.160977125168,0.8033135303043916,0.1525993178288142,0.2539461622635523,0.24064715603987377,0.47006200551986693,0.1701948861281077,0.088942522307237,0.011086250422522426,0.2701948801676432,3.229499101638794,0.5981999784708023,0.15711697190999985,0.15061695873737335,0.1828872635960579,0.021557352505624294,0.07047611102461815,0.7042995989322662,0.2705775052309036,2.9087514877319336,0.42262591049075127
690,21318.182074069977,0.8102820354610837,0.154132080078125,0.27034402787685397,0.24017601907253266,0.4636070728302002,0.17047016421953837,0.08912906050682068,0.011090647599970301,0.2704701582590739,3.774018144607544,0.6528793051838875,0.1529233232140541,0.27705347537994385,0.18071462213993073,0.02140757627785206,0.07003074511885643,0.7030065059661865,0.27063924074172974,4.084974551200867,0.4215339981019497
691,21325.23411822319,0.8041453956005474,0.1554353435834249,0.25675796866416933,0.23874162832895915,0.4631534496943156,0.17067297101020812,0.0889405424396197,0.011084058415144682,0.27067296504974364,3.49176082611084,0.7556886896491051,0.156439408659935,0.4663664847612381,0.1830330193042755,0.021494349464774132,0.07048388570547104,0.7054885029792786,0.27119629085063934,3.8243598461151125,0.4232281371951103
692,21332.165781021118,0.8202155405655503,0.15351195732752482,0.2775900666912397,0.23976595997810363,0.47744859258333844,0.1708664874235789,0.0890562911828359,0.011078843629608552,0.27086648146311443,4.1770144621531164,0.7460404857993126,0.16065547615289688,0.4424205720424652,0.18208736181259155,0.021513081155717373,0.07032695040106773,0.7020768523216248,0.27136190235614777,4.225996327400208,0.4213653765618801
693,21339.37218928337,0.8128407232948424,0.1553104728460312,0.2651136090358098,0.24051485160986583,0.4709895193576813,0.17113922238349916,0.08909681141376495,0.01109309474316736,0.2711392164230347,4.340477005640666,0.6050667241215706,0.1473643034696579,0.18287886679172516,0.18313149362802505,0.021605905145406723,0.07075374573469162,0.705949068069458,0.27158354222774506,4.555036878585815,0.4237282797694206
694,21346.55823302269,0.7929586547834333,0.1544808010260264,0.2309147869547208,0.24027756949265797,0.4666777431964874,0.17138021787007648,0.08914988934993744,0.011092952638864517,0.27138021190961203,3.7504278500874837,0.5944369770586491,0.15205072611570358,0.15205072611570358,0.18318044394254684,0.021527734585106373,0.07043550163507462,0.70634925365448,0.27181071043014526,3.6450026750564577,0.4236101284623146
695,21353.547786951065,0.816923965079089,0.15261390507221223,0.2766609311103821,0.24025950233141583,0.47267820437749225,0.1715842584768931,0.0890798235932986,0.011085006982708971,0.27158425251642865,3.6649318377176923,0.6608364880084991,0.15335342288017273,0.2797897756099701,0.18379408866167068,0.021595392376184464,0.07048394158482552,0.7065580785274506,0.2721048444509506,3.76323025226593,0.4237629808485508
696,21360.485033988953,0.8159730541228782,0.15285803377628326,0.273366733888785,0.24121990501880647,0.4730911711851756,0.1717770238717397,0.08910660296678544,0.01108232925956448,0.27177701791127523,3.594313303629557,0.6207732260227203,0.15654198825359344,0.20921102166175842,0.17981286346912384,0.02146014664322138,0.07015068084001541,0.6962859332561493,0.2722713202238083,3.70132372379303,0.41829364746809006
697,21367.52622628212,0.7954210456596532,0.15420637726783754,0.23467456996440889,0.2406125952800115,0.46747315128644307,0.17201345960299175,0.08920504997173945,0.011084865018104514,0.27201345364252727,3.4567583004633584,0.7221667692065239,0.1510094329714775,0.4065370261669159,0.18394441157579422,0.021546090953052044,0.07027275487780571,0.7059606313705444,0.2725602686405182,3.3737462162971497,0.4232530705630779
698,21374.51234102249,0.8043824747301793,0.1536645213762919,0.2535697415471077,0.24089653889338175,0.46780746380488075,0.1722617785135905,0.08907311111688614,0.011083923854554693,0.272261772553126,3.74372562567393,0.5770734306424856,0.15642543882131577,0.12493568286299706,0.17909007519483566,0.021574885584414005,0.07048533111810684,0.6950577795505524,0.27268990874290466,4.26505138874054,0.418014220893383
699,21381.52995300293,0.801426389112991,0.15338430404663086,0.2429989998539289,0.24042031764984131,0.47301450769106546,0.17244526147842407,0.08905412505070369,0.011082697038849195,0.2724452555179596,3.664008299509684,0.5988884456455708,0.15726933628320694,0.15309908241033554,0.18253478407859802,0.02146563958376646,0.07016757875680923,0.704394519329071,0.2728503346443176,3.53284695148468,0.42236483842134476
700,21388.588932037354,0.8698843902559019,0.15371474226315815,0.3813177481293678,0.24084562758604686,0.47076157728830975,0.17265137434005737,0.0890289584795634,0.01107877188672622,0.2726513683795929,4.416860628128052,0.7146300747990608,0.15203487873077393,0.40864892303943634,0.17913536727428436,0.02151242457330227,0.07006682455539703,0.6954944133758545,0.2731048911809921,4.436423206329346,0.4178140312433243
701,21395.654686927795,0.83291545319953,0.15455384850502013,0.31628279089927674,0.24077041149139405,0.45954602559407554,0.17288373907407126,0.08913304011027018,0.0110813247350355,0.27288373311360675,3.388664197921753,0.7148976176977158,0.1482520028948784,0.4125817269086838,0.18017737567424774,0.021411022171378136,0.06982068344950676,0.7003632485866547,0.2732364237308502,3.4200206279754637,0.4200023077428341
702,21402.697058200836,0.7817452343433009,0.15266276995340983,0.20672012120485306,0.24078176021575928,0.46992394924163816,0.17312131722768148,0.08922969400882722,0.011081358836963772,0.273121311267217,3.090312433242798,0.5731956120580435,0.15307694673538208,0.1148948185145855,0.18133562803268433,0.02152193896472454,0.07017217203974724,0.7025617063045502,0.27350109815597534,2.9713157653808593,0.4214530251920223
703,21409.601263046265,0.8366680598972986,0.15293136537075042,0.31596587200959525,0.24178313612937927,0.46993191639582316,0.17336187561353048,0.08913357555866241,0.011075970887516936,0.273361869653066,4.721595541636149,0.5919056050479412,0.15086141228675842,0.1555645689368248,0.1816309541463852,0.021522389724850655,0.07004973292350769,0.7005704045295715,0.27383632957935333,4.491996574401855,0.42033493518829346
704,21416.62402820587,0.804287961080748,0.15462051431337992,0.24868467450141907,0.240915443499883,0.4683012088139852,0.17358898520469665,0.08931320557991664,0.011080277524888516,0.2735889792442322,4.26396746635437,0.5735606253147125,0.14656895399093628,0.11337396502494812,0.1851523444056511,0.02157324180006981,0.06999962776899338,0.7079102098941803,0.2740870863199234,4.286433315277099,0.4239547327160835
705,21423.659800052643,0.8222327642627837,0.15429766674836476,0.2846180448929469,0.24100529948870342,0.46873118678728737,0.1738121271133423,0.08929604242245356,0.011078743450343608,0.2738121211528778,3.8168907960255942,0.6337746381759644,0.15137482434511185,0.23445375263690948,0.18258646875619888,0.021448759362101555,0.0699455626308918,0.7019545137882233,0.27415551245212555,3.5960100412368776,0.42092281952500343
706,21430.824918031693,0.8215752215473913,0.1524221767981847,0.2799326777458191,0.2410428285598755,0.47536493142445885,0.17401248415311177,0.08936596761147181,0.01107843774370849,0.2740124781926473,3.8355035305023195,0.7441669926047325,0.15566522628068924,0.44649216532707214,0.1826278418302536,0.021506437100470066,0.07003055885434151,0.70442795753479,0.27432385087013245,3.7727356433868406,0.4222445376217365
707,21437.876402139664,0.830124888359569,0.15246573189894358,0.2913493538896243,0.24118877549966175,0.48166789213816324,0.17421691020329794,0.08913039614756903,0.011082705358664196,0.27421690424283346,4.456758244832357,0.5854111909866333,0.15249484777450562,0.13296130299568176,0.1832178458571434,0.021440614946186543,0.06983628123998642,0.7035034894943237,0.274717316031456,4.507131218910217,0.4215880259871483
708,21444.983741998672,0.8254624662726807,0.15253245929876963,0.30154203524192175,0.24064543843269348,0.4613185147444407,0.17446121374766033,0.08927115152279536,0.011081740135947864,0.27446120778719585,3.442482010523478,0.5708364099264145,0.14894253015518188,0.11875137686729431,0.18125909566879272,0.021545096300542355,0.0700419656932354,0.702094316482544,0.27496494352817535,3.374575614929199,0.42108912393450737
709,21452.009209156036,0.8007170724740718,0.15327820281187693,0.2517433077096939,0.24042068819204968,0.4599827229976654,0.17468115488688152,0.08926488161087036,0.01108967411952714,0.27468114892641704,2.9611387650171914,0.6042396798729897,0.1502871885895729,0.17587387561798096,0.18300777673721313,0.02153315767645836,0.06993833184242249,0.705845445394516,0.2752535045146942,2.546974003314972,0.4228610545396805
710,21459.08631014824,0.8193221256563751,0.15322148005167643,0.2859372690320015,0.24114790856838225,0.4613271673520406,0.17488591074943544,0.08962399512529373,0.011084645691638192,0.27488590478897096,3.6259684801101684,0.74612657725811,0.15563184767961502,0.4440425783395767,0.18423672020435333,0.0213861633092165,0.06981783732771873,0.7071884274482727,0.2752956449985504,4.263158977031708,0.4234120510518551
711,21466.161521196365,0.8173865023127291,0.15384686589241028,0.2744021485249201,0.24029910961786907,0.46881406704584755,0.17512598435084026,0.08933838804562887,0.01107911419433852,0.2751259783903758,4.096739935874939,0.6388339437544346,0.15148919820785522,0.23989442735910416,0.18369876593351364,0.021441305056214333,0.06989524140954018,0.7058479487895966,0.27559320628643036,4.719106507301331,0.42281921580433846
712,21473.239571094513,0.8214303005195689,0.15341279407342276,0.2850550840298335,0.2416774700085322,0.46684846679369607,0.1752924899260203,0.08929378837347031,0.011094449507072567,0.27529248396555583,4.035387031237284,0.5947103872895241,0.15085361897945404,0.15414433181285858,0.18339230120182037,0.021338474936783314,0.07041476666927338,0.7034103274345398,0.27576571702957153,3.793998730182648,0.4221199303865433
713,21480.31153321266,0.8286343136356057,0.15179463326931,0.2975843091805776,0.24053931534290313,0.4721321662267049,0.17552230556805928,0.08925268997748693,0.011073117889463902,0.27552229960759483,3.7091805775960287,0.7207081541419029,0.15107016265392303,0.4107244163751602,0.1821378916501999,0.021494830958545208,0.06983201950788498,0.702364981174469,0.2760581076145172,3.8832919120788576,0.4210145100951195
714,21487.425563097,0.8097946712960644,0.15397558212280274,0.23975148548682532,0.24100298583507537,0.4876212219397227,0.17573921084403993,0.08925053129593531,0.011078502718980114,0.27573920488357545,4.7262890338897705,0.5995551906526089,0.16311928629875183,0.141381673514843,0.18287253379821777,0.02161418739706278,0.07033675909042358,0.7038467228412628,0.276352196931839,4.935147023200988,0.422260120511055
715,21494.828065156937,0.7905581635423005,0.15280314783255258,0.20867084314425785,0.2414341668287913,0.4816516558329264,0.17598085403442382,0.08939872731765111,0.011083213208864132,0.27598084807395934,3.761580801010132,0.632809292525053,0.15007607638835907,0.2407979890704155,0.1811671108007431,0.02150153648108244,0.07022055983543396,0.7000243365764618,0.2764314264059067,3.4637898206710815,0.42023272812366486
716,21501.905796051025,0.7761612114438321,0.1516275366147359,0.1951777065793673,0.24188299278418224,0.4688914517561595,0.17614562114079793,0.08928822676340739,0.011076858608673017,0.2761456151803335,2.9781098922093707,0.6126842424273491,0.14799629151821136,0.20175801217556,0.18190447241067886,0.02153734676539898,0.06995641440153122,0.7016522884368896,0.2767038643360138,3.004735791683197,0.42078255861997604
717,21508.860923290253,0.8077651198487729,0.1515645076831182,0.25726597805817925,0.2415440320968628,0.4700226445992788,0.1763584077358246,0.08928040613730749,0.011079195576409498,0.2763584017753601,3.591207488377889,0.6985102966427803,0.14900167286396027,0.3651376813650131,0.18346989154815674,0.021566003561019897,0.06998096406459808,0.7049953639507294,0.2769073098897934,3.4321130752563476,0.42247864603996277
718,21515.911933898926,0.8151560899141865,0.15249674220879872,0.2692900578180949,0.24122193058331806,0.4703815559546153,0.1766219675540924,0.08936421672503153,0.011079573701135815,0.27662196159362795,3.7668848276138305,0.7328860610723495,0.15405072271823883,0.42617884278297424,0.1828729584813118,0.021536563523113728,0.0706469677388668,0.7047127783298492,0.2770291566848755,3.4613940834999086,0.4230033569037914
719,21522.898375988007,0.811103522971583,0.1502699871857961,0.2699100474516551,0.24197078545888265,0.4653342664241791,0.17680355707804363,0.08947542905807496,0.011077855123827855,0.27680355111757915,3.629578193028768,0.648843914270401,0.1513102576136589,0.26873378455638885,0.18158338218927383,0.021506231278181076,0.06986285001039505,0.701167643070221,0.2773497402667999,3.4071471452713014,0.4204466715455055
720,21529.910091161728,0.811760862127024,0.15091141959031423,0.26792311171690625,0.241478634874026,0.4678918202718099,0.17701361974080404,0.08931224445501963,0.011085466528311372,0.27701361378033956,3.676043637593587,0.6834117844700813,0.15027449280023575,0.33802106976509094,0.18206337839365005,0.021628163754940033,0.07029567286372185,0.7020323872566223,0.27757830917835236,3.7899365425109863,0.421311866492033
721,21536.927317142487,0.8033146663704732,0.15262050330638885,0.24810081968704858,0.24178612232208252,0.4663041472434998,0.17720828652381898,0.08952363183101018,0.011077691288664936,0.2772082805633545,3.4214015642801923,0.5700191128998995,0.1490711197257042,0.11409043148159981,0.1819513887166977,0.021510918624699116,0.0698029100894928,0.701415091753006,0.2777460515499115,3.5064412355422974,0.4205104559659958
722,21543.9701461792,0.8370075148704927,0.15115121205647786,0.31697810888290406,0.24279293417930603,0.4674935599168142,0.17741645773251852,0.08948602279027303,0.011072742597510418,0.27741645177205404,3.8926287651062013,0.6994580924510956,0.14898080378770828,0.36718784272670746,0.18344168365001678,0.02154992427676916,0.06974950805306435,0.7032035887241364,0.27792003750801086,3.6555307865142823,0.4213513024151325
723,21551.00097990036,0.8433853488687115,0.15191370248794556,0.33017487078905106,0.24217705031236011,0.4646035571893056,0.17761290868123372,0.08969750354687372,0.011088471083591381,0.2776129027207693,3.7780055522918703,0.6763689443469048,0.15051723271608353,0.32807454466819763,0.1809072196483612,0.02141911443322897,0.07013582810759544,0.7016143500804901,0.27813756465911865,3.7118865251541138,0.4209430031478405
724,21558.051332235336,0.7841028861546268,0.1517168511946996,0.2122627074519793,0.24193969269593557,0.46494391560554504,0.17790093819300334,0.08948752681414286,0.011088220216333867,0.27790093223253887,3.03313729763031,0.7335015907883644,0.14550592005252838,0.4482923597097397,0.1819247454404831,0.021594173274934292,0.07028770446777344,0.7008709013462067,0.2784319072961807,3.233963930606842,0.42072315514087677
725,21565.07582426071,0.8098938691817845,0.15068377753098805,0.26510953456163405,0.2418030728896459,0.4660072326660156,0.1780588686466217,0.08939042190710704,0.01107417706710597,0.2780588626861572,3.427729606628418,0.6513433158397675,0.14947839826345444,0.27831508219242096,0.18135368824005127,0.02146356925368309,0.06964978203177452,0.7020013928413391,0.27854782342910767,3.3788999557495116,0.4206504784524441
726,21572.06986117363,0.8086513338300089,0.15113065441449483,0.26358410716056824,0.242596768339475,0.4627873440583547,0.17826568881670635,0.08963797688484192,0.01110976079168419,0.27826568285624187,3.4946962197621665,0.7264001071453094,0.15369821339845657,0.41624997556209564,0.18228845298290253,0.02135277818888426,0.07101013511419296,0.7028822302818298,0.2786027044057846,3.2759739637374876,0.4224512502551079
727,21579.053343057632,0.7998492864930692,0.1517900248368581,0.23840458144744237,0.24115095833937328,0.4688785135746002,0.17850337227185567,0.08969338685274124,0.011094330251216889,0.2785033663113912,3.992028792699178,0.5783719830214977,0.1464654877781868,0.14005491882562637,0.18093951791524887,0.021629241295158863,0.07022187858819962,0.7002695202827454,0.2789979726076126,4.348525834083557,0.4203566387295723
728,21586.136312007904,0.8271657201015236,0.15090089042981467,0.2863344192504883,0.24290680785973867,0.4774677515029907,0.1786800722281138,0.08953581849733988,0.011075954666982095,0.27868006626764935,5.009415340423584,0.7198199927806854,0.14891835302114487,0.41566579043865204,0.18153437227010727,0.02153228037059307,0.06999800726771355,0.7025106549263,0.27921299636363983,5.415434551239014,0.42125333473086357
729,21593.213207006454,0.798266324934472,0.15091308653354646,0.23945839752753575,0.24313547710577646,0.46582008798917135,0.1788804868857066,0.08964941153923671,0.011075870661685864,0.2788804809252421,3.913518031438192,0.605653777718544,0.1480146422982216,0.18207792937755585,0.18330008536577225,0.021630465984344482,0.07007545977830887,0.703453004360199,0.27961699664592743,3.8975443124771116,0.42180196195840836
730,21600.27442932129,0.839084001428758,0.15043679475784302,0.3195142736037572,0.24350737929344177,0.4672747929890951,0.17913070519765217,0.08983715772628784,0.011081854145353039,0.2791306992371877,4.44178466796875,0.7316009178757668,0.14788507670164108,0.44175955653190613,0.1814180314540863,0.02146439626812935,0.07024253904819489,0.7023720741271973,0.2796086221933365,4.116467690467834,0.4214285761117935
731,21607.28459429741,0.7924176720553078,0.15205989678700765,0.2302148441473643,0.2430556913216909,0.46066335240999856,0.17927658955256146,0.08965604156255721,0.011084938716764251,0.27927658359209695,3.277807633082072,0.6714309677481651,0.147686667740345,0.32303452491760254,0.18111351877450943,0.0216536158695817,0.07004046067595482,0.7004714012145996,0.2800172120332718,3.4415667057037354,0.4202761612832546
732,21614.299066066742,0.8156862562949149,0.15063006381193797,0.27771560549736024,0.24296820362408955,0.46213772098223366,0.17944325606028239,0.0897251009941101,0.011072413995862007,0.2794432500998179,3.2875916322072345,0.5933092124760151,0.15059741586446762,0.1552233323454857,0.1825500652194023,0.02153383009135723,0.06978821381926537,0.7047789990901947,0.2800830155611038,3.62643415927887,0.4221777133643627
733,21621.470075130463,0.8023703052410079,0.1513553371032079,0.2524897689620654,0.24198099374771118,0.45945751468340557,0.17972114086151122,0.08966000179449717,0.011084379892175396,0.2797211349010468,3.3991754134496053,0.7034219652414322,0.15328846871852875,0.3797553777694702,0.18012790381908417,0.021398527547717094,0.06970811635255814,0.6968658268451691,0.28013521432876587,3.6132880210876466,0.41814102977514267
734,21628.486317157745,0.8065765759247976,0.1518677741289139,0.2554793357849121,0.24225796262423197,0.46271123687426247,0.1798557996749878,0.08989859322706859,0.01108418592872719,0.2798557937145233,3.83392809232076,0.5881421528756618,0.15544359385967255,0.1334499940276146,0.182986781001091,0.021574550308287144,0.07032106071710587,0.705196350812912,0.2805558294057846,3.9777666091918946,0.42291923612356186
735,21635.499804258347,0.7964603639654039,0.15122296611467997,0.23562247256437938,0.24275394380092621,0.46391016244888306,0.180070428053538,0.08974969039360682,0.011073937732726335,0.28007042209307353,3.468261448542277,0.6423221379518509,0.14999986439943314,0.2605742961168289,0.18101756274700165,0.021553478203713894,0.07008157297968864,0.7001534104347229,0.28071340918540955,3.503217077255249,0.4201582781970501
736,21642.553450107574,0.822755156744582,0.1515172173579534,0.28370648324489595,0.2435971736907959,0.467175034681956,0.18027024269104003,0.08982104659080506,0.011068309129526218,0.28027023673057555,3.711563555399577,0.6687521263957024,0.14986785501241684,0.3131102919578552,0.18116456270217896,0.02149677462875843,0.06971514225006104,0.6995193660259247,0.2809014618396759,3.2082947492599487,0.4194748252630234
737,21649.91716313362,0.8216777603588222,0.15042523741722108,0.2850208322207133,0.24307093024253845,0.465200799703598,0.1804794430732727,0.0899667705098788,0.01107580796815455,0.2804794371128082,3.692009933789571,0.5766283106058836,0.14892879128456116,0.1246371828019619,0.18269046396017075,0.02156659495085478,0.07036476954817772,0.7020724713802338,0.2812002897262573,3.492663264274597,0.4214010052382946
738,21657.11207509041,0.7936512079788371,0.1513394981622696,0.2189527913928032,0.24320909281571707,0.4739561001459757,0.18068571289380392,0.08976656595865885,0.011069116477544109,0.28068570693333944,4.054930798212687,0.7204685136675835,0.14610720425844193,0.41917088627815247,0.18238793313503265,0.021541902795433998,0.06962844729423523,0.7013993859291077,0.2813943326473236,4.091618537902832,0.42032814025878906
739,21664.101659297943,0.8097383781258638,0.15047633548577627,0.2568006346623103,0.24288046459356943,0.46962688167889916,0.18084885676701865,0.08983695954084396,0.011079333412150541,0.28084885080655414,3.377209266026815,0.5875701792538166,0.15077950805425644,0.13983627408742905,0.18343626707792282,0.021515528671443462,0.0704289972782135,0.7036868333816528,0.2814861238002777,3.204800820350647,0.4222724139690399
740,21671.13000011444,0.8381934454878016,0.14983822802702587,0.3098503758509954,0.2439152588446935,0.47358269095420835,0.18103434840838115,0.09003452608982722,0.011072887340560555,0.28103434244791664,4.219449869791666,0.7223142683506012,0.15068259090185165,0.41116751730442047,0.18302395939826965,0.021491048857569695,0.06957807764410973,0.7036792933940887,0.2817388027906418,3.904221439361572,0.4214177243411541
741,21678.138944149017,0.8281117387950265,0.1516243427991867,0.2971435209115346,0.24257295231024426,0.4627210060755412,0.18124344150225322,0.09000766674677531,0.01107183275744319,0.2812434355417887,3.7815667231877645,0.5991078317165375,0.146432526409626,0.17112143337726593,0.18355729430913925,0.02147872094064951,0.06950287893414497,0.7043948769569397,0.2819138914346695,3.757922923564911,0.4217003174126148
742,21685.150218963623,0.8025662266629904,0.1499708851178487,0.24730882942676544,0.24377936025460561,0.46451932191848755,0.18144933183987935,0.08995896379152933,0.011071630815664927,0.2814493258794149,3.2053902467091877,0.7221601530909538,0.15724512934684753,0.40043123066425323,0.18234970420598984,0.021433196030557156,0.06975260004401207,0.7033307254314423,0.28206007182598114,3.2139392137527465,0.4214179627597332
743,21692.20558810234,0.8088885318681908,0.1508882850408554,0.24486758162577946,0.24280630747477214,0.4775464693705241,0.18166727026303608,0.09000763644774755,0.011091219556207458,0.2816672643025716,3.90763631661733,0.5958376452326775,0.14842700958251953,0.16970695555210114,0.18127857893705368,0.021334832534193993,0.07018040865659714,0.7010498344898224,0.28211066126823425,3.696319019794464,0.42070532590150833
744,21699.25956916809,0.7775078714999836,0.15044226745764414,0.195438888669014,0.24264091948668162,0.4651424547036489,0.18187142411867777,0.08995702415704727,0.01107384789114197,0.2818714181582133,3.1195005734761554,0.6215838231146336,0.14956487715244293,0.21222073584794998,0.18295428901910782,0.021564052440226078,0.07024817913770676,0.7018401026725769,0.2825724929571152,3.1104336977005005,0.4211682304739952
745,21706.256592273712,0.8074190742083981,0.1497598856687546,0.25780769139528276,0.24372463226318358,0.4631364941596985,0.18207151492436727,0.0900595098733902,0.011065738555043936,0.2820715089639028,3.25519589583079,0.6456828564405441,0.14781352877616882,0.26477012038230896,0.1827421337366104,0.02154744789004326,0.06995683535933495,0.702880859375,0.2827720493078232,2.9240773558616637,0.42139726504683495
746,21713.276589155197,0.8052374690208429,0.1500147173802058,0.2544114237030347,0.24375756680965424,0.46130817929903667,0.18224002321561178,0.0901033028960228,0.011070542053009074,0.2822400172551473,3.0869002978007,0.6096352748572826,0.14789219945669174,0.19690028578042984,0.181646466255188,0.021513848565518856,0.06941208988428116,0.700940728187561,0.2828749269247055,3.0748778343200684,0.4198824539780617
747,21720.29500102997,0.7940524331779064,0.14906226793924968,0.23070233315229416,0.2439865400393804,0.46468351085980736,0.18246745467185974,0.09000227799018225,0.011068742520486315,0.2824674487113953,3.2794657309850055,0.6892229616641998,0.1485225409269333,0.3554331064224243,0.1814919337630272,0.02157015074044466,0.0697687603533268,0.7008575797080994,0.28317132592201233,3.4874531984329225,0.4201975502073765
748,21727.326095104218,0.8214407239419719,0.15005292892456054,0.28573306848605473,0.24331131875514983,0.46223509112993877,0.1826790948708852,0.09003634403149287,0.011068902568270762,0.28267908891042076,4.040275065104167,0.713204488158226,0.14770131558179855,0.4041648954153061,0.1817103624343872,0.02152583934366703,0.0697622038424015,0.6997050046920776,0.28332996368408203,4.511882781982422,0.4196147061884403
749,21734.29634308815,0.8004033299337607,0.14875010152657828,0.238814315199852,0.24345550139745076,0.46915843288103737,0.18283371925354003,0.09012119670708975,0.011080259410664439,0.28283371329307555,3.790599219004313,0.6742614582180977,0.15125206112861633,0.32430608570575714,0.1804281771183014,0.021457758732140064,0.07016229629516602,0.698270171880722,0.2834855616092682,4.115192651748657,0.41929738223552704
750,21741.410469055176,0.806531559167585,0.15047144989172617,0.24741286387046177,0.24398405253887176,0.4684554894765218,0.18304004669189453,0.09027362714211146,0.011068302237739166,0.2830400407314301,4.498458115259806,0.7231499180197716,0.14409837126731873,0.4301004260778427,0.18200066685676575,0.02155050914734602,0.06974095478653908,0.7000464200973511,0.28378744423389435,4.220907878875733,0.4197641648352146
751,21748.521690130234,0.8241399674191295,0.15092459321022034,0.2878813227017721,0.24271850188573202,0.46197727918624876,0.18323139548301698,0.09036867370208104,0.011074515245854854,0.2832313895225525,3.407131385803223,0.6182452850043774,0.15100985765457153,0.2037702426314354,0.18267515301704407,0.02143762819468975,0.06949760019779205,0.7035260796546936,0.2840062230825424,3.3858081102371216,0.42126064002513885
752,21755.54101204872,0.8182237468194217,0.14822691480318706,0.2770646949609121,0.24460037549336752,0.465949942668279,0.1834372361501058,0.09032530436913172,0.011068364962314566,0.28343723018964134,3.2665116945902506,0.6678071171045303,0.15069618821144104,0.30544692277908325,0.18219373375177383,0.021481042727828026,0.07021525129675865,0.7022117674350739,0.28407441079616547,3.49374783039093,0.4213211350142956
753,21762.50446009636,0.8396551155718044,0.15071711043516794,0.3217208296060562,0.24370149075984954,0.4603364070256551,0.18362099329630535,0.09003433734178543,0.011067147537445029,0.28362098733584085,4.010656054814657,0.7186656519770622,0.14702945947647095,0.4152374714612961,0.18200872838497162,0.02152608335018158,0.06956111267209053,0.7017785310745239,0.284315824508667,3.8985951423645018,0.4204503782093525
754,21769.50019812584,0.8017318985095092,0.15117251873016357,0.24106861899296442,0.24357122977574666,0.4631999452908834,0.18382585644721985,0.09024620602528254,0.011084232339635491,0.28382585048675535,3.8742786089579266,0.5752333533018827,0.1450587809085846,0.1338946782052517,0.18161361664533615,0.02135171927511692,0.06973399966955185,0.6994160711765289,0.28438837826251984,3.6500223875045776,0.4194420352578163
755,21776.506395101547,0.8269310653481322,0.14873252113660176,0.297124046087265,0.24403753578662873,0.4624437133471171,0.18401530782381695,0.0901716301838557,0.011066568968817591,0.28401530186335244,3.4762975056966146,0.5893025659024715,0.14817553758621216,0.16082840412855148,0.18035641312599182,0.02145526185631752,0.06953920423984528,0.6981061100959778,0.2845974564552307,3.6817227363586427,0.41859225928783417
756,21783.553640127182,0.8270464444804626,0.14878175556659698,0.28922218283017476,0.24570320745309193,0.47033183375994364,0.18423052827517192,0.09006819625695546,0.011104586347937585,0.2842305223147074,4.125577211380005,0.7719114273786545,0.1480921432375908,0.5147064477205276,0.18323303014039993,0.021749448031187057,0.07139889150857925,0.7037118971347809,0.2850494086742401,3.890832304954529,0.4232548400759697
757,21790.60734629631,0.8277243728361403,0.14993498822053272,0.28760329087575276,0.24404125412305197,0.4691735804080963,0.1844468891620636,0.09055651326974233,0.011069042235612869,0.2844468832015991,4.305638106664022,0.77683225274086,0.149198479950428,0.523525282740593,0.18293556571006775,0.021571701392531395,0.06954553723335266,0.7037570774555206,0.28509561717510223,4.090876173973084,0.421424075961113
758,21797.6535449028,0.8317218886940585,0.14968930383523305,0.28289860089619956,0.24456895887851715,0.4827253142992655,0.18460579911867778,0.09039842387040456,0.01109319698686401,0.28460579315821327,4.87779491742452,0.6812033578753471,0.14213146269321442,0.3525437265634537,0.18140001595020294,0.02141187433153391,0.07171770930290222,0.699052631855011,0.2851755619049072,4.775677156448364,0.4212440252304077
759,21804.7428650856,0.8140282924306423,0.14887339174747466,0.26906523009141287,0.24470264812310535,0.46409627397855124,0.18480713963508605,0.090018892288208,0.011083533149212598,0.28480713367462157,3.8341208616892497,0.7146990895271301,0.15060610324144363,0.40147896111011505,0.18167675286531448,0.02166244573891163,0.06980424001812935,0.700993686914444,0.28554612398147583,3.877592658996582,0.42030108347535133
760,21812.17360520363,0.8138879321826001,0.1487996608018875,0.2672724525133769,0.24365621010462443,0.4649100244045258,0.18504807154337566,0.09022382448116938,0.011064921598881483,0.2850480655829112,3.6247103850046796,0.7110120207071304,0.15130700170993805,0.395088791847229,0.18108031153678894,0.021636332385241985,0.06953077018260956,0.7018144130706787,0.28573259711265564,3.699953389167786,0.4204379767179489
761,21819.25478029251,0.8018928765959572,0.148544912536939,0.23593135575453442,0.24495489299297332,0.4726032237211863,0.1852549413839976,0.0901485542456309,0.011070727634554108,0.28525493542353314,3.853961141904195,0.5687376782298088,0.1483517587184906,0.11803199350833893,0.18068496137857437,0.021502304822206497,0.07025378942489624,0.6987349689006805,0.2859020531177521,3.8418541431427,0.4196212738752365
762,21826.331690073013,0.8261985583618904,0.14970968365669252,0.28278595904509224,0.24560411274433136,0.47091240088144937,0.18540668686230977,0.09035773873329163,0.011069697017470995,0.2854066809018453,4.033184846242269,0.6134450659155846,0.14588063955307007,0.21176986396312714,0.18083974719047546,0.021593433804810047,0.06950482353568077,0.6985109746456146,0.28601498901844025,3.8265607833862303,0.4187603108584881
763,21833.382687091827,0.8153005438740365,0.1477733612060547,0.26236314872900646,0.24420751134554544,0.47454578479131065,0.1855954388777415,0.09009728382031122,0.011064639951412877,0.285595432917277,3.7818468888600667,0.5865825787186623,0.15084677934646606,0.1453603059053421,0.18152782320976257,0.021588324569165707,0.06946386396884918,0.7007554173469543,0.28631196916103363,3.637917947769165,0.41984157264232635
764,21840.419838905334,0.7990897584046858,0.149404372771581,0.22832865367333094,0.24492295384407042,0.47220946153004967,0.18579997618993124,0.09018214891354243,0.01106504425406456,0.28579997022946674,3.905828921000163,0.6627175062894821,0.14086227118968964,0.314435750246048,0.18231867998838425,0.02149862702935934,0.06932660937309265,0.7022792398929596,0.28644949197769165,3.9868943214416506,0.42046622931957245
765,21847.411642074585,0.8185102244218191,0.1493906835714976,0.2593267465631167,0.24475728174050648,0.47994285027186073,0.18595323959986368,0.09018483062585195,0.011084821075201035,0.28595323363939923,4.011385726928711,0.7083690389990807,0.1456654891371727,0.405635267496109,0.17994295805692673,0.02143416740000248,0.07084896042943001,0.6963867545127869,0.2865113466978073,4.115317153930664,0.41904233768582344
766,21854.437167167664,0.8253947735143204,0.147579954067866,0.27877244849999744,0.2453869084517161,0.4771798253059387,0.18614019950230917,0.09028514971335729,0.011063926511754592,0.28614019354184467,4.188207467397054,0.635465744882822,0.1482831910252571,0.2543475851416588,0.18000438064336777,0.02143179625272751,0.06951268389821053,0.6988427042961121,0.2867496758699417,4.121556305885315,0.41893403604626656
767,21861.437532186508,0.787133182263157,0.14880180756251019,0.21163356602191924,0.2444736748933792,0.46544819275538124,0.18632368048032125,0.0902606392900149,0.011066702334210277,0.2863236745198568,3.237682755788167,0.6355360932648182,0.14834678173065186,0.2533842399716377,0.18024859577417374,0.021517591550946236,0.06972889229655266,0.6973274350166321,0.28688639402389526,3.238729739189148,0.4183926098048687
768,21868.44096302986,0.8182426468993071,0.14745625853538513,0.2692702502012253,0.24570254981517792,0.4720375378926595,0.18656755089759827,0.0903092235326767,0.011066778314610322,0.28656754493713377,3.712383588155111,0.5986486375331879,0.14819970726966858,0.17398691177368164,0.18172773718833923,0.021467730402946472,0.06961456313729286,0.7014010548591614,0.2871670424938202,3.9501835823059084,0.42031509056687355
769,21875.43969321251,0.8281159896151318,0.1486404597759247,0.2866717557112376,0.24549596508344015,0.47242369651794436,0.186763733625412,0.09016771763563156,0.011072667253514131,0.2867637276649475,3.9289701620737714,0.7262268587946892,0.14672087877988815,0.43324118852615356,0.18144269287586212,0.02160495240241289,0.06993331015110016,0.7011428773403168,0.2873990833759308,3.990022349357605,0.42050474882125854
770,21882.450174093246,0.8179567247008284,0.14837673008441926,0.26456953088442486,0.24481101036071778,0.4743520001570384,0.18688167730967203,0.09026778340339661,0.011078191238145034,0.28688167134920756,3.7283576011657713,0.6769673600792885,0.1472163200378418,0.33769358694553375,0.1804521232843399,0.021410256624221802,0.06942246481776237,0.6968080103397369,0.28754301369190216,3.935339641571045,0.41782646998763084
771,21889.464989185333,0.8421546323380122,0.14897867143154145,0.32179976801077526,0.2447394331296285,0.4632261017958323,0.18710363109906514,0.09048842738072077,0.011069398885592819,0.28710362513860066,4.119964424769083,0.7230293229222298,0.14332716912031174,0.4332362115383148,0.1815420240163803,0.021399944089353085,0.06983533501625061,0.6996311843395233,0.2876328229904175,4.025943279266357,0.41965092718601227
