epoch,elapsed_time,total_loss,l_pred,l_multi,l_probe,l_coord,spike_rate,grad_norm,val_total_loss,val_l_pred,val_l_multi,val_l_probe,val_l_coord,val_pos_err,val_vel_err,val_spike_rate,grad_norm_recent
1,5.5711588859558105,6.1264430920283,5.393186696370443,0.0,0.36662819782892864,0.23406966924667358,0.11180957059065501,2.5522369594468426,6.113491170108318,5.278822183609009,0.3035989850759506,0.3414347469806671,0.24549944698810577,0.6799435019493103,0.820973813533783,0.10821806639432907,2.2631630593677983
2,10.770632028579712,5.931797941525777,5.290076065063476,0.0,0.3208609382311503,0.23406966825326284,0.10694835036993026,1.708868481280903,6.115692920982838,5.323597431182861,0.225071981549263,0.3397797495126724,0.24549944698810577,0.6737211346626282,0.8176010549068451,0.10617141053080559,1.721130364947021
3,15.741883993148804,5.9015238881111145,5.293424479166666,0.0,0.3040497044722239,0.23406966427961987,0.10494786252578099,1.3140854270585502,6.072303686290979,5.286901950836182,0.2221454456448555,0.337164506316185,0.24549944698810577,0.6678659319877625,0.818707674741745,0.10410499200224876,1.2346390363178217
4,20.753002166748047,5.845964459578196,5.266266250610352,0.0,0.2898491044839223,0.23406966229279835,0.10316319366296132,1.0046253054635599,5.985355626791716,5.225053787231445,0.21701832860708237,0.32589633762836456,0.24549944698810577,0.6622887253761292,0.8043288290500641,0.10150175541639328,0.9875021388928872
5,25.732897996902466,5.773070667187373,5.208467197418213,0.0,0.28230173488458,0.23406966924667358,0.10155702034632365,0.8895868431427516,5.86895739287138,5.1346800327301025,0.2095891684293747,0.314741387963295,0.24549944698810577,0.656824141740799,0.7831636965274811,0.09934832155704498,0.8844837774697225
6,30.794540882110596,5.6644354621569315,5.117493406931559,0.0,0.27347102761268616,0.23406966427961987,0.09972130010525386,0.8223362152503493,5.783579755574465,5.062972784042358,0.20364800840616226,0.30939148366451263,0.24549944698810577,0.6516067385673523,0.7773177623748779,0.09829874709248543,0.839799061533995
7,35.762932777404785,5.56722481250763,5.031664435068766,0.0,0.26778018871943154,0.2340696672598521,0.09889881710211436,0.7214098000743737,5.697787459939718,4.981848478317261,0.19704150408506393,0.30870911478996277,0.24549944698810577,0.6464052498340607,0.7746910154819489,0.0979393944144249,0.7264874324435369
8,40.75121593475342,5.463674424091975,4.9324567476908365,0.0,0.26560883820056913,0.23406967024008432,0.09780870229005814,0.65884158842188,5.547388412058353,4.852545499801636,0.18660993874073029,0.30076897144317627,0.24549944698810577,0.6412679255008698,0.7598938047885895,0.09644746035337448,0.6451918566890527
9,45.70486378669739,5.348732550938924,4.821336428324382,0.0,0.2636980613072713,0.2340696652730306,0.09708767284949621,0.6193416014895774,5.404694572091103,4.731747388839722,0.1772824227809906,0.2921529859304428,0.24549944698810577,0.6362689435482025,0.7494661509990692,0.09603823721408844,0.6077041635580827
10,50.65765380859375,5.2226640522480015,4.697200711568197,0.0,0.26273167033990225,0.23406967123349506,0.09633702238400778,0.593057731205287,5.2976325787603855,4.621462345123291,0.16935349255800247,0.29574674367904663,0.24549944698810577,0.6313370168209076,0.7615255117416382,0.09629976004362106,0.5805744367244188
11,55.63665795326233,5.065442369381587,4.548311614990235,0.0,0.2585653771956762,0.2340696612993876,0.0957676316301028,0.5729216267975669,5.070083163678646,4.406591892242432,0.15417717397212982,0.29320134222507477,0.24549944698810577,0.6264697015285492,0.7562848925590515,0.09475992992520332,0.5678479245107155
12,60.643600940704346,4.900287491083145,4.387679958343506,0.0,0.25630376636981966,0.23406966626644135,0.09466064423322677,0.5464031073846854,4.906587854027748,4.266895532608032,0.1446264088153839,0.28368955850601196,0.24549944698810577,0.6215891242027283,0.7431497275829315,0.09407214820384979,0.5564425241725985
13,65.61524105072021,4.753776639699936,4.248009554545084,0.0,0.2528835425774256,0.23406967421372732,0.09379486739635468,0.5159218184455919,4.740541771054268,4.1151885986328125,0.1347423493862152,0.2789909988641739,0.24549944698810577,0.6167668700218201,0.7419642508029938,0.0926252081990242,0.5106979053060059
14,70.62156891822815,4.624634152650833,4.120763079325358,0.0,0.25193553666273755,0.23406966825326284,0.09289952218532563,0.49588808498810977,4.633911997079849,4.0040892362594604,0.12768161296844482,0.2829909771680832,0.24549944698810577,0.6120103001594543,0.7516515552997589,0.09228242188692093,0.4849352962162811
15,75.62930607795715,4.492624068260193,3.997024329503377,0.0,0.24779986937840778,0.23406966924667358,0.09217051963011423,0.4596972132528511,4.523658653721213,3.9018728733062744,0.12138507887721062,0.2805466204881668,0.24549944698810577,0.6074086129665375,0.7516575455665588,0.09198655188083649,0.4649799037259072
16,80.71046590805054,4.394936374823252,3.9037291685740154,0.0,0.24560360312461854,0.2340696652730306,0.0917293295264244,0.4374986143937955,4.4307269882410765,3.805774688720703,0.11556139215826988,0.2835858017206192,0.24549944698810577,0.6027212142944336,0.7577998638153076,0.0911460667848587,0.43831157046370206
17,85.71279406547546,4.316193109750747,3.832127030690511,0.0,0.24203303953011832,0.23406967421372732,0.09125298460324606,0.4469930053766196,4.353756029158831,3.756619930267334,0.11281011253595352,0.27036552131175995,0.24549944698810577,0.5980230569839478,0.7310868501663208,0.09097830578684807,0.45735485868062825
18,90.68985199928284,4.255331190427144,3.7730360984802247,0.0,0.2411475459734599,0.2340696672598521,0.09086631933848063,0.4460845100848625,4.31206014752388,3.7162123918533325,0.11023655533790588,0.27036473900079727,0.24549944698810577,0.5933758616447449,0.7378787100315094,0.09020566195249557,0.43915873357327656
19,95.65250611305237,4.20655669371287,3.728001324335734,0.0,0.2392776846885681,0.23406966626644135,0.09060378670692444,0.4094071170121121,4.276748348027468,3.6918143033981323,0.10896233469247818,0.26522643864154816,0.24549944698810577,0.588962197303772,0.7290346026420593,0.09052164480090141,0.40627562326262706
20,100.66955780982971,4.153375202417374,3.6776740233103435,0.0,0.23785058955351512,0.2340696672598521,0.09027316719293595,0.4037095463873508,4.2703585755079985,3.683693289756775,0.10860231146216393,0.2661820650100708,0.24549944698810577,0.584379255771637,0.734614372253418,0.09030889719724655,0.39614223351236433
21,105.61488604545593,4.124844906727473,3.6494160970052083,0.0,0.2377144048611323,0.23406966924667358,0.09009819974501927,0.45742058695759624,4.256918927654624,3.6726365089416504,0.10807959362864494,0.26512131094932556,0.24549944698810577,0.5799086093902588,0.7386512756347656,0.09020612388849258,0.4727151692379266
22,110.60201692581177,4.106208934386571,3.633732000986735,0.0,0.2362384666999181,0.23406966924667358,0.08997846096754074,0.38282396165886895,4.184676663950086,3.613336205482483,0.10439235344529152,0.2595721408724785,0.24549944698810577,0.5753880441188812,0.7290436327457428,0.08980288729071617,0.38876507930690424
23,115.60514497756958,4.097378466526667,3.627284812927246,0.0,0.2350468267997106,0.23406967322031658,0.08994390219449996,0.39129947611751653,4.20582278072834,3.6392658948898315,0.10600987076759338,0.25677597522735596,0.24549944698810577,0.5709808468818665,0.7245485484600067,0.08996471762657166,0.38697623249609026
24,120.61688494682312,4.080172590414683,3.614677969614665,0.0,0.23274731040000915,0.23406967123349506,0.08980848491191865,0.3853359878567668,4.171124676242471,3.5987995862960815,0.10375653579831123,0.2602234110236168,0.24549944698810577,0.5666597485542297,0.7311379313468933,0.0897885262966156,0.3746486042509787
25,125.64449906349182,4.078227676947912,3.6119682947794596,0.0,0.23312969108422596,0.23406966427961987,0.08978591610987981,0.3787613077166801,4.191579207777977,3.6157532930374146,0.10466364026069641,0.2617470473051071,0.24549944698810577,0.5622565150260925,0.7374523282051086,0.08970104157924652,0.3714546307339333
26,130.6553361415863,4.106970417499542,3.640603717168172,0.0,0.233183350165685,0.23406966427961987,0.08983778258164724,0.4078669086758358,4.17759451456368,3.6021790504455566,0.10400563850998878,0.26170632243156433,0.24549944698810577,0.5579932332038879,0.7412495017051697,0.0894601009786129,0.40983492527157067
27,135.7158350944519,4.123944514989853,3.6572215716044107,0.0,0.23336147169272106,0.23406966924667358,0.08994531234105428,0.39732065524052207,4.236754152923822,3.656689167022705,0.1072157695889473,0.26322855055332184,0.24549944698810577,0.5536435842514038,0.7505959272384644,0.09000877663493156,0.4031598191242665
28,140.77311086654663,4.128460419178009,3.664743487040202,0.0,0.23185846606890362,0.2340696612993876,0.0901571715871493,0.38549960798506316,4.229246849194169,3.6558709144592285,0.10704835131764412,0.25992587953805923,0.24549944698810577,0.5494058132171631,0.7460967004299164,0.08974237367510796,0.39034801872912794
29,145.71350693702698,4.170455686251322,3.7080121994018556,0.0,0.23122174342473348,0.2340696672598521,0.09041482210159302,0.3929821411419349,4.269866658374667,3.6874600648880005,0.10889342054724693,0.2639799416065216,0.24549944698810577,0.5451856255531311,0.7601845860481262,0.09043945372104645,0.415206412068801
30,150.68812799453735,4.1945349156856535,3.729536215464274,0.0,0.2324993501106898,0.23406966030597687,0.09064681033293406,0.3994094110559672,4.318442303687334,3.734740376472473,0.11154798418283463,0.2639639675617218,0.24549944698810577,0.5409573316574097,0.7619236707687378,0.09079496935009956,0.4050319261092227
31,155.66299104690552,4.246523447831472,3.7810729503631593,0.0,0.2327252487341563,0.23406966924667358,0.09107161462306976,0.4021428841243809,4.333540307357907,3.7525933980941772,0.11256000772118568,0.2623334527015686,0.24549944698810577,0.5367351174354553,0.759196937084198,0.09077979624271393,0.3949459407420363
32,160.66706800460815,4.2556156357129415,3.7918565114339193,0.0,0.2318795621395111,0.2340696652730306,0.09110888689756394,0.38534004621906204,4.331659235060215,3.761576771736145,0.1131533831357956,0.2567528858780861,0.24549944698810577,0.5325992703437805,0.7535666525363922,0.09120343998074532,0.3945616127399262
33,165.6875,4.267081807057063,3.805698601404826,0.0,0.23069160282611847,0.23406967024008432,0.09120068401098251,0.41221764671693867,4.39793929643929,3.8268409967422485,0.11704165115952492,0.2562887370586395,0.24549944698810577,0.5284869372844696,0.7530064880847931,0.09092366322875023,0.4007143081689719
34,170.69521284103394,4.282619804143906,3.821635437011719,0.0,0.23049218356609344,0.23406966626644135,0.09131277153889338,0.39265823978930714,4.377180702984333,3.8063966035842896,0.11570341885089874,0.25646619498729706,0.24549944698810577,0.524327278137207,0.7553456723690033,0.0907827615737915,0.39677784410887396
35,175.73690009117126,4.315877201159795,3.8523353099823,0.0,0.23177094558874767,0.2340696672598521,0.09204926242431005,0.3895385318164093,4.450486524030566,3.864604949951172,0.11915316805243492,0.26315249502658844,0.24549944698810577,0.5202979743480682,0.7714744806289673,0.09206048771739006,0.40402701554703524
36,180.72120904922485,4.327917770544688,3.868770376841227,0.0,0.22957369685173035,0.23406967322031658,0.0923409288128217,0.4010223326389678,4.392103770747781,3.8148069381713867,0.11590452864766121,0.25967228412628174,0.24549944698810577,0.5162379145622253,0.7676782310009003,0.09178315848112106,0.3965241157624405
37,185.6836121082306,4.314952119191488,3.860814682642619,0.0,0.2270687182744344,0.2340696672598521,0.09185026039679846,0.4036866477768247,4.3943175952881575,3.8248026371002197,0.1166585348546505,0.25559284538030624,0.24549944698810577,0.5121765732765198,0.7633472979068756,0.09161923453211784,0.40072110782493836
38,190.7813069820404,4.304161711533864,3.852347246805827,0.0,0.22590723236401875,0.23406967520713806,0.09191623230775198,0.3856476129265502,4.382596675306559,3.8183215856552124,0.11635676771402359,0.2530483528971672,0.24549944698810577,0.508155107498169,0.762393593788147,0.0909990556538105,0.38777170777902936
39,195.82300400733948,4.259515690803528,3.8075790882110594,0.0,0.22596830129623413,0.23406967123349506,0.09145703216393788,0.3856444790881748,4.318778147920966,3.769622564315796,0.11343620344996452,0.246218740940094,0.24549944698810577,0.5042199194431305,0.7452170252799988,0.09083937853574753,0.3842117566149682
40,200.81827592849731,4.232258139053981,3.785331376393636,0.0,0.2234633813301722,0.23406966924667358,0.09138167301813761,0.37960175653376305,4.252782536670566,3.7043412923812866,0.10956725105643272,0.2468288093805313,0.24549944698810577,0.5002232640981674,0.7490595281124115,0.09005237743258476,0.3831189035787247
41,205.8076150417328,4.1883281429608665,3.7451045513153076,0.0,0.22161179582277934,0.2340696652730306,0.09080805083115896,0.35068740834249185,4.239103911444545,3.6885894536972046,0.10867178067564964,0.2480892837047577,0.24549944698810577,0.4963037967681885,0.751707911491394,0.08973342180252075,0.35237252120277845
42,210.74734711647034,4.148354323705037,3.705175272623698,0.0,0.22158952554066977,0.23406966626644135,0.09037434905767441,0.36030518511155,4.241274140775204,3.6883851289749146,0.10874645411968231,0.249257892370224,0.24549944698810577,0.49232231080532074,0.7578209936618805,0.09031732380390167,0.36414725026115774
43,215.73936295509338,4.092756239573161,3.6553106784820555,0.0,0.21872278054555258,0.23406966825326284,0.09000916928052902,0.36367652817474055,4.177516918629408,3.6287477016448975,0.10533099621534348,0.24805185943841934,0.24549944698810577,0.4883916676044464,0.7630586326122284,0.09024763107299805,0.36087229636032137
44,220.75008606910706,4.082076078653335,3.6446721076965334,0.0,0.2187019854784012,0.23406966427961987,0.0898113618294398,0.3672330431213292,4.180189369246364,3.639280915260315,0.10590862855315208,0.24397706985473633,0.24549944698810577,0.4846019446849823,0.7552459239959717,0.08988717198371887,0.3737697283097077
45,225.73326992988586,4.068570552269618,3.628949022293091,0.0,0.21981076498826344,0.23406966924667358,0.08968185782432556,0.37991587856862075,4.149436924606562,3.615216612815857,0.10458628088235855,0.24096358567476273,0.24549944698810577,0.48076729476451874,0.749962568283081,0.08999441936612129,0.37127152049797585
46,230.76482915878296,4.050572721163432,3.616141939163208,0.0,0.2172153910001119,0.23406967123349506,0.08968229244152705,0.3640420118502031,4.133859001100063,3.591970682144165,0.10305257141590118,0.24518101662397385,0.24549944698810577,0.4770417660474777,0.7618979215621948,0.08972446992993355,0.3677515641786158
47,235.78962016105652,4.044856562217077,3.615677483876546,0.0,0.2145895391702652,0.23406966427961987,0.08977783222993214,0.380710859313452,4.110796431079507,3.5768274068832397,0.10222076252102852,0.24142932146787643,0.24549944698810577,0.47322703897953033,0.7525469660758972,0.08916876092553139,0.3904193272814155
48,240.8324589729309,4.027609757582346,3.5990936597188314,0.0,0.21425804893175762,0.2340696672598521,0.0893921434879303,0.3504340356138224,4.091332187876105,3.5568772554397583,0.1010676734149456,0.2419605478644371,0.24549944698810577,0.46932950615882874,0.7550357282161713,0.08874320238828659,0.36101508969441054
49,245.83610892295837,4.011739979187648,3.5821550687154136,0.0,0.21479245523611704,0.23406967123349506,0.08926730652650197,0.339083071910621,4.09101003780961,3.564068555831909,0.10137251764535904,0.23812761157751083,0.24549944698810577,0.46562787890434265,0.746072918176651,0.08860212191939354,0.3342576146533247
50,250.8352370262146,3.9971448202927906,3.5710392793019614,0.0,0.21305277049541474,0.2340696672598521,0.0891160473227501,0.3795458420839471,4.065314944833517,3.5392030477523804,0.09998803585767746,0.238058939576149,0.24549944698810577,0.4619589000940323,0.750382125377655,0.08896647021174431,0.37629105921369044
51,255.75296807289124,3.9909745196501416,3.5643699804941815,0.0,0.21330226957798004,0.23406967322031658,0.08923307359218598,0.3650908290563772,4.061676828190684,3.538351058959961,0.10001760348677635,0.2366584837436676,0.24549944698810577,0.4582306295633316,0.7490022480487823,0.08880440518260002,0.35275311742443594
52,260.71629881858826,3.9792919317881266,3.5563814640045166,0.0,0.211455233891805,0.2340696632862091,0.08914040724436442,0.36717994989982494,4.069332845509052,3.5429221391677856,0.1003611832857132,0.23811505734920502,0.24549944698810577,0.4545864462852478,0.7556320428848267,0.08944219723343849,0.3541443038964644
53,265.71733498573303,3.9930442929267884,3.569755490620931,0.0,0.21164440115292868,0.2340696652730306,0.08941390017668406,0.37292815634670357,4.071037419140339,3.5470569133758545,0.10052661597728729,0.23685859888792038,0.24549944698810577,0.4509390890598297,0.758033961057663,0.08927449584007263,0.37459397200727834
54,270.694149017334,3.9712549348672233,3.5490087350209554,0.0,0.21112309992313386,0.2340696672598521,0.08947759320338568,0.3567238399332079,4.061924044042826,3.540576934814453,0.10016552358865738,0.23563217371702194,0.24549944698810577,0.4473372995853424,0.757099062204361,0.08942871168255806,0.367676890688017
55,275.67562890052795,3.9716688712437946,3.551290496190389,0.0,0.21018918752670288,0.23406966427961987,0.08956618855396907,0.37333746374739957,4.066743073984981,3.543729543685913,0.10037347301840782,0.2364133968949318,0.24549944698810577,0.4437766671180725,0.7592150866985321,0.08916399255394936,0.3719753103097901
56,280.7061789035797,3.9846515893936156,3.5705711682637533,0.0,0.20704021056493124,0.23406966825326284,0.08951535473267237,0.3671725264478785,4.0916362795978785,3.5706675052642822,0.10197733715176582,0.23499005287885666,0.24549944698810577,0.44023439288139343,0.7552826702594757,0.08945998176932335,0.3712382124911528
57,285.72466588020325,3.9698124607404073,3.5540366331736246,0.0,0.2078879137833913,0.23406966825326284,0.08975699792305629,0.35218730674047644,4.098665742203593,3.5805329084396362,0.10256689414381981,0.23342469334602356,0.24549944698810577,0.436651349067688,0.7559903264045715,0.09008050709962845,0.35615126373013484
58,290.8304879665375,3.97188321352005,3.5603283246358237,0.0,0.20577744444211324,0.2340696652730306,0.08976828257242839,0.3398978502023965,4.095474706962705,3.575823187828064,0.10229850187897682,0.23425113409757614,0.24549944698810577,0.43313901126384735,0.7582428455352783,0.0900169163942337,0.33707626785617323
59,295.8505051136017,3.9813502649466197,3.569192314147949,0.0,0.20607897539933523,0.23406966427961987,0.08968771745761235,0.3557087302945244,4.090901060029864,3.578391432762146,0.10240614041686058,0.230653278529644,0.24549944698810577,0.42968620359897614,0.7510171234607697,0.08998488634824753,0.36280568333459084
60,300.83996510505676,3.9876325488090516,3.5765310287475587,0.0,0.20555076003074646,0.23406966427961987,0.09010270138581594,0.373375363019295,4.115353109315038,3.5983515977859497,0.1035524345934391,0.23261264711618423,0.24549944698810577,0.42620818316936493,0.7541575133800507,0.09076747670769691,0.3768550230073743
61,305.8925940990448,3.9802438696225484,3.5725279331207274,0.0,0.20385796825091043,0.23406966825326284,0.09038682729005813,0.366903628106229,4.114902701228857,3.5956743955612183,0.10346394032239914,0.2337481677532196,0.24549944698810577,0.4227532148361206,0.76213139295578,0.09006039798259735,0.37187557090073825
62,310.98883390426636,3.9824486712614697,3.577462911605835,0.0,0.20249287982781727,0.23406966924667358,0.09046853284041087,0.3546942425503706,4.079137731343508,3.5691769123077393,0.1018364205956459,0.22952130436897278,0.24549944698810577,0.4194302558898926,0.7539029717445374,0.0902884341776371,0.34531157150049696
63,315.99285221099854,3.965846453110377,3.5629323800404866,0.0,0.20145703653494518,0.23406967322031658,0.09046761095523834,0.33799882241679974,4.059777103364468,3.5578113794326782,0.1013399213552475,0.22564788162708282,0.24549944698810577,0.41600045561790466,0.7463704347610474,0.09009358659386635,0.3450231861555949
64,320.9540219306946,3.977517471710841,3.576507329940796,0.0,0.20050507088502248,0.23406966626644135,0.09053933372100194,0.35543168251557894,4.05565663985908,3.548147678375244,0.100692268460989,0.22858141362667084,0.24549944698810577,0.4126244932413101,0.7497081160545349,0.09059273824095726,0.3628342722309753
65,326.0067050457001,3.966169528166453,3.5667534192403156,0.0,0.19970805446306863,0.2340696652730306,0.09052566140890121,0.370402920509999,4.081619439646602,3.575492262840271,0.10241567716002464,0.22745966911315918,0.24549944698810577,0.4092487245798111,0.7507421374320984,0.0904817134141922,0.3633538016118109
66,331.01253604888916,3.9816903750101726,3.5814393361409507,0.0,0.20012551943461102,0.23406967421372732,0.09077224383751552,0.3524904185712027,4.098474903032184,3.5971566438674927,0.10359668359160423,0.22475995868444443,0.24549944698810577,0.4059472978115082,0.7489176690578461,0.09125657007098198,0.35174561439780516
67,336.0041790008545,3.9708511968453726,3.57391349474589,0.0,0.1984688510497411,0.23406966427961987,0.09097536951303482,0.3607605459711825,4.1003933269530535,3.593485951423645,0.1033490039408207,0.22761643677949905,0.24549944698810577,0.40276122093200684,0.7572628259658813,0.09152745082974434,0.35198926671873776
68,340.9915759563446,3.9873741110165914,3.591062291463216,0.0,0.19815590977668762,0.2340696652730306,0.09099679887294769,0.3697634484230851,4.130923455581069,3.6251559257507324,0.10519019886851311,0.22658621519804,0.24549944698810577,0.39951321482658386,0.7582986354827881,0.09207437932491302,0.3565466194064356
69,346.0599992275238,3.977159374952316,3.580131260553996,0.0,0.19851405719916027,0.23406966924667358,0.09107020447651545,0.3796901858334119,4.131546115502715,3.621803402900696,0.1049824170768261,0.22862575203180313,0.24549944698810577,0.39629507064819336,0.7557619512081146,0.09232346341013908,0.38229771092301235
70,351.0847342014313,3.988098216056824,3.593800989786784,0.0,0.19714861313501994,0.23406966427961987,0.09139539947112402,0.3484577812914116,4.132527764886618,3.628017783164978,0.1054847463965416,0.22588380426168442,0.24549944698810577,0.3931571841239929,0.7545100748538971,0.09215832129120827,0.3481773070350755
71,357.3450629711151,4.0783105827867985,3.654160499572754,0.106843534608682,0.18536415795485178,0.22925316592057546,0.0924755314985911,0.4642775436320221,4.1317927446216345,3.6689934730529785,0.10759155079722404,0.20450174808502197,0.23483561724424362,0.2903575301170349,0.7383361160755157,0.09328851848840714,0.4740038214490789
72,363.5844919681549,4.093077579389016,3.704090627034505,0.12773596694072087,0.1625594844420751,0.2164402554432551,0.09304763376712799,0.5042625970007526,4.192173812538385,3.729476809501648,0.12897900491952896,0.19910375028848648,0.2247510850429535,0.2504759505391121,0.7413805723190308,0.09278558567166328,0.49574031074449315
73,369.7355580329895,4.139918812115988,3.7578861872355143,0.12998406092325845,0.1585202972094218,0.20584859152634938,0.09399636536836624,0.5302883302539965,4.254975013434887,3.7784132957458496,0.13130860030651093,0.20545370876789093,0.21477031707763672,0.2732798904180527,0.7449367344379425,0.09428420290350914,0.5267909460460449
74,375.8684079647064,4.204006476700306,3.8045895099639893,0.1322353313366572,0.16664965053399403,0.19535005788008372,0.0947522242863973,0.5394670497437156,4.288196943700314,3.808048367500305,0.13252995908260345,0.20694179832935333,0.20396022498607635,0.3377179950475693,0.7246393859386444,0.0949200727045536,0.5592905712599039
75,382.024621963501,4.2775953983267145,3.839057286580404,0.1337557186683019,0.1858301262060801,0.18369314670562745,0.09634505261977513,0.6126173728274764,4.35405083373189,3.8236136436462402,0.13211864978075027,0.23218893259763718,0.1919325441122055,0.42480431497097015,0.7356145679950714,0.09671323001384735,0.6266422772780513
76,388.46567010879517,4.335107909142971,3.8574321269989014,0.1340754916270574,0.20531901816527048,0.1721045066912969,0.0977338323990504,0.653165291399439,4.405453726649284,3.850632429122925,0.13282573223114014,0.24420421570539474,0.18016379326581955,0.5031881183385849,0.7099726498126984,0.09826154634356499,0.655519170184961
77,394.7230098247528,4.4188380296031635,3.8778799215952557,0.1349431425333023,0.23674326837062837,0.15812149345874787,0.09922200491031011,0.7331717101634523,4.484721209853888,3.8612715005874634,0.13311337679624557,0.2784465104341507,0.16436536610126495,0.6140215396881104,0.70505291223526,0.10062488541007042,0.7574294163431804
78,400.97897696495056,4.499077188471953,3.8854830423990885,0.13473989069461823,0.2731121003627777,0.14202752312024433,0.10135861585537592,0.8561155545542293,4.551975268870592,3.8782490491867065,0.13455776125192642,0.3032236695289612,0.14893926680088043,0.6835694313049316,0.7003381550312042,0.10197846964001656,0.9139898130987365
79,407.3038740158081,4.52906361669302,3.8844531377156577,0.13423807322978973,0.2887457211812337,0.12687706748644512,0.10296375950177511,0.9190288348803096,4.577985916286707,3.897344946861267,0.13531745225191116,0.3064911216497421,0.1333942636847496,0.714364767074585,0.6839853227138519,0.10344650968909264,0.9435447862331856
80,413.6085960865021,4.522865674396356,3.8800814787546796,0.1338417480389277,0.2879316608111064,0.11185761938492457,0.10409554143746694,0.9381506970153267,4.5155159421265125,3.872008442878723,0.1333623304963112,0.2884131669998169,0.1201901026070118,0.6831090152263641,0.6762745678424835,0.10491390898823738,0.9573224380302865
81,420.00970697402954,4.46759220212698,3.877227608362834,0.13344960312048595,0.2618198961019516,0.09764929364124934,0.10527305752038955,0.9376492640734494,4.47415379062295,3.8759459257125854,0.1335388496518135,0.2657192200422287,0.1043815016746521,0.629306972026825,0.6816752552986145,0.10593011975288391,0.9530524473464957
82,426.24220609664917,4.402005190650622,3.8793185551961265,0.1335313141345978,0.22796048919359843,0.08245456864436468,0.10676513661940892,0.8788258055926564,4.408232804387808,3.8835666179656982,0.13426216691732407,0.22876755148172379,0.08897177502512932,0.5315369367599487,0.6741448640823364,0.1059974879026413,0.8547048104937922
83,432.58294701576233,4.309054964780808,3.873389482498169,0.13327269156773885,0.18451456824938456,0.06840300659338633,0.10776953101158142,0.8101585872695498,4.331409230828285,3.890621066093445,0.13452693819999695,0.18676234781742096,0.07578378915786743,0.38753822445869446,0.6658327281475067,0.10773925483226776,0.8041713132271756
84,438.76456904411316,4.238233452041944,3.871776803334554,0.1331512232621511,0.14994051853815715,0.05639848237236341,0.10877463122208914,0.6882760775591393,4.291869733482599,3.9070093631744385,0.1369522586464882,0.15819212049245834,0.06421928107738495,0.2407699152827263,0.657597154378891,0.10829014703631401,0.6962039587663054
85,444.9367468357086,4.211811791857084,3.8826590379079184,0.13415293097496034,0.1310381442308426,0.04631125728289286,0.10961876064538956,0.5629682110965457,4.292863991111517,3.9173858165740967,0.137513630092144,0.15336067974567413,0.05568455159664154,0.19326825439929962,0.6608778238296509,0.10927914828062057,0.5616871067723056
86,451.25309801101685,4.224900544186434,3.8831546783447264,0.16208873689174652,0.13035074869791666,0.039007161060969034,0.11032568365335464,0.675829502099821,4.313315365463495,3.920291781425476,0.16646931320428848,0.15489446371793747,0.04836253821849823,0.22407416254281998,0.6560558080673218,0.10922060906887054,0.7127084701717045
87,457.39208698272705,4.218090742329756,3.887097978591919,0.13447743554910024,0.13187702298164367,0.0334373922397693,0.11057741940021515,0.6471078980943417,4.280354768037796,3.9105618000030518,0.1365518569946289,0.1507585197687149,0.04403829947113991,0.22450046986341476,0.6439982056617737,0.10938116163015366,0.6456001653707241
88,463.62608909606934,4.213089060286681,3.885324970881144,0.13422498007615408,0.13032579968372981,0.029989018042882284,0.11084255675474802,0.636719873966841,4.263821329921484,3.898555874824524,0.13622211664915085,0.14857719838619232,0.040870675817131996,0.20505358278751373,0.6410077810287476,0.10950067639350891,0.6391382672121779
89,469.80848598480225,4.2009989435474075,3.881863594055176,0.13423254191875458,0.12600953926642736,0.027477802087863285,0.11111382395029068,0.6079909635256373,4.28660424798727,3.9258313179016113,0.13867221772670746,0.14571841061115265,0.038120102137327194,0.18493008613586426,0.6418696343898773,0.11019345372915268,0.5955372094837317
90,476.07563519477844,4.218961129585902,3.8886627197265624,0.16288335919380187,0.12442836513121923,0.02570407378176848,0.1113225907087326,0.6194096359544558,4.287960208952427,3.9177662134170532,0.16654445230960846,0.14346088469028473,0.036592619493603706,0.17070642858743668,0.6402074992656708,0.11028849333524704,0.6253990825185856
91,482.23969078063965,4.219736322263876,3.8928733030954996,0.16277917325496674,0.12273671627044677,0.024536358440915743,0.11138530870278676,0.5894416386279439,4.288974314928055,3.914306640625,0.16615349054336548,0.14579546451568604,0.03561820648610592,0.16075774282217026,0.6452250182628632,0.11015857383608818,0.6024880309827112
92,488.32594895362854,4.214331298569838,3.8915926138559978,0.1616901884476344,0.12094679524501165,0.023657984348634878,0.11131271719932556,0.5486019965215728,4.282469984143972,3.916061282157898,0.1667621061205864,0.14151382446289062,0.034529922530055046,0.15677367895841599,0.6370404362678528,0.10984287783503532,0.5329878939888912
93,494.49847316741943,4.210151661435763,3.889624659220378,0.16125529408454894,0.11994967758655548,0.022928442371388278,0.11132307897011438,0.5411830850457964,4.283838126808405,3.9117616415023804,0.16594142466783524,0.14455288648605347,0.03390990197658539,0.15472181886434555,0.6450262069702148,0.11000029370188713,0.5357151864131936
94,500.7497980594635,4.20617056041956,3.886491600672404,0.16092542310555777,0.11960812409718831,0.022370999616881212,0.11131136119365692,0.5202181268053009,4.288425654172897,3.919530749320984,0.16567900776863098,0.14302770048379898,0.03329767286777496,0.15335668623447418,0.6393075585365295,0.10993239656090736,0.5328782536025954
95,506.9029800891876,4.192768720289071,3.8769971052805583,0.1598257134358088,0.11792937914530437,0.02190284462024768,0.11129975020885467,0.5592468392557384,4.285140439867973,3.912288546562195,0.16664400696754456,0.1447649449110031,0.032791927456855774,0.15210869908332825,0.6457721292972565,0.11004284024238586,0.561073815056796
96,513.0987460613251,4.2019980957110725,3.8850066026051837,0.16063527266184488,0.11833692838748296,0.021449049189686775,0.11132622559865316,0.5456635011893095,4.26272801309824,3.896100878715515,0.1639895886182785,0.14231617003679276,0.03241869620978832,0.15144594758749008,0.6392023861408234,0.10995925217866898,0.5580034186309157
97,519.2831799983978,4.194506758451462,3.8799480120340983,0.16021799246470134,0.11722487509250641,0.02104148796449105,0.11117854764064153,0.5522869521439417,4.276551067829132,3.904559016227722,0.16586843132972717,0.14452891796827316,0.03200859762728214,0.15056130290031433,0.6432132422924042,0.10953903570771217,0.5645184913705472
98,525.4489738941193,4.1969484547774,3.8821197509765626,0.16040334502855938,0.11731351564327876,0.020700125892957052,0.11116596162319184,0.5340901724708806,4.2477113008499146,3.8888187408447266,0.16254210472106934,0.13881075382232666,0.03141249995678663,0.14947516471147537,0.6292165219783783,0.11037179082632065,0.5502671897103537
99,531.6386389732361,4.188058532774448,3.8745662689208986,0.15954874455928802,0.11685894578695297,0.020358761462072533,0.11118348439534505,0.5000511264094633,4.239478439092636,3.876141667366028,0.16193920373916626,0.14118358492851257,0.031200634315609932,0.1492336541414261,0.6333669126033783,0.11040643602609634,0.4967884943911476
100,537.8002049922943,4.192357720434666,3.878768539428711,0.15996266504128773,0.11680392424265544,0.020044040493667127,0.11114512781302134,0.48682183561646236,4.250246223062277,3.891709089279175,0.16467949002981186,0.13809869438409805,0.03095899522304535,0.14887946099042892,0.625752180814743,0.10999581590294838,0.4814145809735207
101,543.9948151111603,4.184949217240016,3.871838855743408,0.1591540217399597,0.1167666753133138,0.019793605990707876,0.11106814195712407,0.49344287642298207,4.261284779757261,3.8966578245162964,0.1643766686320305,0.14121931046247482,0.030556113459169865,0.14785389602184296,0.63407763838768,0.10988031327724457,0.4892311347676652
102,550.2123560905457,4.1862831239899,3.873049736022949,0.15913373132546743,0.11683326115210851,0.01951528824865818,0.11117268900076548,0.5005679559130553,4.241231121122837,3.881033420562744,0.163640096783638,0.13918882608413696,0.03037424013018608,0.1478741690516472,0.6299099624156952,0.11027221754193306,0.4929529834696811
103,556.2168929576874,4.177517117063204,3.8654666741689048,0.15890164971351622,0.11629980901877085,0.019306542910635473,0.11125016262133916,0.5217723580543635,4.24375868961215,3.883101463317871,0.16312553733587265,0.1395472288131714,0.03016084711998701,0.14745552092790604,0.6315812170505524,0.1099100150167942,0.5333537223026512
104,562.287181854248,4.17883067727089,3.867011864980062,0.15876087943712872,0.11621918628613154,0.019080924863616625,0.11107031206289927,0.4945595015374115,4.2470405250787735,3.8845725059509277,0.16224098205566406,0.14067376405000687,0.029980377294123173,0.14668632298707962,0.6333132982254028,0.10984968021512032,0.4829197781849204
105,568.4725470542908,4.171280173460643,3.8618984540303547,0.15792646408081054,0.1152092436949412,0.018939808507760367,0.11116097023089727,0.48435086373051195,4.243365749716759,3.8795031309127808,0.16273987293243408,0.14124634116888046,0.02987908571958542,0.1464039832353592,0.6340503692626953,0.11001604422926903,0.48469526192411444
106,574.6257808208466,4.163252079983552,3.8535873254140216,0.15739664336045583,0.11548321644465129,0.01874564749499162,0.11120339632034301,0.4727732527645276,4.243826981633902,3.8839622735977173,0.16313540190458298,0.1391485035419464,0.02944124862551689,0.14511791616678238,0.6309722363948822,0.10999273136258125,0.4699733571808121
107,580.7911319732666,4.170878928899765,3.8615458806355796,0.15823097626368204,0.11510878006617228,0.018517391507824263,0.11096061269442241,0.489139475635013,4.243138872087002,3.8803502321243286,0.1637016087770462,0.14046891778707504,0.029380193911492825,0.1450638696551323,0.633862167596817,0.1100752167403698,0.4984394965230388
108,587.103423833847,4.165675271054109,3.857072114944458,0.15801362494627635,0.11479817181825638,0.01839014484236638,0.11118462483088175,0.4893157914331595,4.230474889278412,3.8682785034179688,0.16187050938606262,0.1406305655837059,0.029176647774875164,0.14441245049238205,0.6353886425495148,0.1101352646946907,0.5021876079546203
109,593.3244650363922,4.15933074404796,3.8498090744018554,0.15733379423618316,0.1154273862640063,0.01825953871011734,0.11106277058521906,0.5098539968843461,4.230819568037987,3.8751503229141235,0.16172534227371216,0.13740328699350357,0.029024030081927776,0.14394354075193405,0.6256058216094971,0.10996349528431892,0.5093040828891977
110,599.5974459648132,4.148860623439153,3.841235891977946,0.15611610611279805,0.11478333920240402,0.018127727198104064,0.11110812773307165,0.49697404360827574,4.230135791003704,3.8634713888168335,0.1618949919939041,0.14285845309495926,0.028975218534469604,0.1437210738658905,0.6397880017757416,0.10986543074250221,0.508600853439876
111,605.83642411232,4.158954598506292,3.8505868275960284,0.15725353757540386,0.11487050106128056,0.01797218353797992,0.11101340005795161,0.48454458106670156,4.244228828698397,3.881838798522949,0.16381943970918655,0.1402401551604271,0.028721535578370094,0.1426704153418541,0.6310912370681763,0.11013154685497284,0.4999618684854946
112,612.0699849128723,4.155691251158714,3.8489566802978517,0.15693581700325013,0.11413333117961884,0.017817045375704766,0.11112668265899023,0.508781651112936,4.210424404591322,3.8511117696762085,0.1604759618639946,0.13953732699155807,0.028681686148047447,0.14289700984954834,0.6277799904346466,0.10972865670919418,0.5079977035219821
113,618.1675679683685,4.146659628053507,3.840534782409668,0.15634497702121736,0.11397617856661478,0.01771978276471297,0.11088086018959681,0.46965091045833146,4.196795903146267,3.8454326391220093,0.1589597910642624,0.13594168424606323,0.028495543636381626,0.1420269012451172,0.6206319332122803,0.11000081524252892,0.48143496170535194
114,624.3700001239777,4.144354187945525,3.839634927113851,0.15620916187763215,0.11330733994642893,0.017556684526304402,0.11113954037427902,0.47904603008638574,4.216070152819157,3.8563625812530518,0.16059733927249908,0.13970445096492767,0.028233641758561134,0.14171697944402695,0.6293725371360779,0.10970034450292587,0.47518942119639673
115,630.743921995163,4.153025727470716,3.845911900202433,0.1569454809029897,0.11432054340839386,0.017469226941466333,0.11108295420805613,0.4526523487082619,4.212753813713789,3.8575557470321655,0.1601366326212883,0.13756487518548965,0.028333141468465328,0.1418226659297943,0.6278482675552368,0.10983334481716156,0.47093508888920843
116,637.0510129928589,4.143869123359521,3.8371408780415854,0.15595615804195403,0.11437508314847947,0.017365220313270886,0.11100656390190125,0.5226208755796103,4.1948576755821705,3.839293599128723,0.1593712642788887,0.1379392221570015,0.028215114027261734,0.1412215381860733,0.6272681951522827,0.10981642827391624,0.5421834571243831
117,643.4150769710541,4.135684688886006,3.831323766708374,0.15555287996927897,0.11329224109649658,0.017217387445271015,0.11112798353036245,0.46574901135433616,4.195753548294306,3.8377416133880615,0.15979669243097305,0.13905679434537888,0.027841717004776,0.14010760933160782,0.6318838596343994,0.10967506095767021,0.4838970685304485
118,649.6780698299408,4.140704474349817,3.836320082346598,0.15581464469432832,0.1132385348280271,0.01708809776852528,0.1110781247417132,0.46639413866437945,4.213052436709404,3.851454734802246,0.16052517294883728,0.14066755771636963,0.02793749514967203,0.13993561267852783,0.6310837268829346,0.1100260429084301,0.4732063787714164
119,655.9486989974976,4.1308024679621065,3.8283196608225505,0.1551152378320694,0.11246259411176046,0.016991929337382316,0.11125808258851369,0.4629471834939934,4.196584418416023,3.8422855138778687,0.15865927934646606,0.13748463243246078,0.027618409134447575,0.13922131806612015,0.6240027248859406,0.11027803272008896,0.4579471595433193
120,662.1154987812042,4.133890044689179,3.8298642953236897,0.15551463961601258,0.11313421477874121,0.016866250584522884,0.11104937096436819,0.4821688688874494,4.195541899651289,3.840172052383423,0.15962498635053635,0.13777867704629898,0.027553598396480083,0.1389857530593872,0.6271379292011261,0.10952717810869217,0.4819496069371936
121,668.3524799346924,4.123502027491728,3.819419542948405,0.15469209055105845,0.11336821963389715,0.01680206451565027,0.11097634583711624,0.5315680313531378,4.204509671777487,3.8512378931045532,0.15948673337697983,0.13676420599222183,0.02743337582796812,0.13906501233577728,0.6225665807723999,0.10984601825475693,0.5122927341911803
122,674.6005449295044,4.125036811331908,3.8215994675954184,0.154752982656161,0.11303042620420456,0.01666491540769736,0.11103634883960088,0.513641334710316,4.195530973374844,3.837424397468567,0.15951158106327057,0.1391753926873207,0.027265899814665318,0.13821371644735336,0.6312233805656433,0.10996215790510178,0.5319871501369844
123,680.9214308261871,4.119769923388958,3.817792288462321,0.15410140852133433,0.11246346533298493,0.01655688602477312,0.11103857407967249,0.4822271494991685,4.197097789496183,3.8404709100723267,0.15880262106657028,0.1386127844452858,0.027152874507009983,0.13746331632137299,0.6276514530181885,0.10996576398611069,0.48341475570271486
124,687.2717227935791,4.1194036424160005,3.8162657419840493,0.1542695701122284,0.11300155768791835,0.016480212286114692,0.11120193103949229,0.48674365371096484,4.218326009809971,3.8585355281829834,0.1611977070569992,0.13959581404924393,0.027049772441387177,0.13676206022500992,0.6311380565166473,0.10976928472518921,0.4950962662136781
125,693.5630919933319,4.115041359265645,3.8124923706054688,0.15352367758750915,0.112893574933211,0.016368766625722248,0.11109950045744578,0.4948125049566488,4.174071319401264,3.8203768730163574,0.15760420262813568,0.13744617253541946,0.026869765482842922,0.1367216855287552,0.624550998210907,0.10975928977131844,0.47897029283606535
126,699.7908761501312,4.119848645230134,3.8166189988454184,0.15453409055868786,0.11298130055268606,0.016312915769716104,0.1111269528667132,0.459998876610398,4.184492036700249,3.8257884979248047,0.15808561444282532,0.13983036577701569,0.027032865211367607,0.13697736710309982,0.6327472925186157,0.11002011224627495,0.45797883317681354
127,706.0424869060516,4.120518952111403,3.817755603790283,0.15452957252661387,0.11274928102890651,0.016225623277326424,0.1112292210261027,0.5132145239074152,4.204725861549377,3.844541072845459,0.16076147556304932,0.1399020254611969,0.026762506924569607,0.13582627475261688,0.6315338909626007,0.10939738154411316,0.506929965473322
128,712.4123408794403,4.112671366333961,3.8105311234792074,0.15376057227452597,0.11262997835874558,0.016101610256979863,0.11085834403832753,0.46205755289141,4.1698914244771,3.8200185298919678,0.1571488082408905,0.13564924523234367,0.026845380663871765,0.13620875775814056,0.6161427795886993,0.10982410237193108,0.4662366128415549
129,718.7532329559326,4.107691919803619,3.806629689534505,0.15308706561724345,0.11225934873024622,0.01602159800628821,0.11108403901259105,0.45241073120023817,4.182867594063282,3.8232412338256836,0.15685446560382843,0.1405995637178421,0.026651930063962936,0.1352228820323944,0.6335049569606781,0.11009172722697258,0.4734210203994563
130,725.0215678215027,4.097115862866243,3.796745506922404,0.15257128377755483,0.11204235702753067,0.01594257177785039,0.11095551153024037,0.4858218009844831,4.171048559248447,3.8143848180770874,0.1574564129114151,0.13896776735782623,0.026455056853592396,0.13503123819828033,0.6308026015758514,0.1095203198492527,0.4907171715443354
131,731.2404971122742,4.099355341990789,3.7992715358734133,0.15266606211662292,0.11187538752953212,0.015830803538362186,0.11120193153619766,0.45397130724452395,4.172794733196497,3.8138070106506348,0.1575765386223793,0.14009972661733627,0.02639188803732395,0.1344449818134308,0.6318952739238739,0.10954229533672333,0.4524820155043502
132,737.4959540367126,4.0956956853469215,3.7957910537719726,0.15239627162615457,0.11185324788093567,0.01575240809470415,0.11101057926813761,0.4682339080088967,4.1663378067314625,3.8091903924942017,0.15645674616098404,0.1394595205783844,0.02625185437500477,0.1339241787791252,0.632096529006958,0.10951875150203705,0.47763244746392675
133,743.752681016922,4.089670999844869,3.789079030354818,0.1518827517827352,0.11232529679934183,0.015700544944653907,0.11100157350301743,0.4778032996831306,4.189568132162094,3.8298195600509644,0.15889668464660645,0.14015011489391327,0.02626791037619114,0.13390397280454636,0.633489727973938,0.10963675379753113,0.48531408182056895
134,749.9915738105774,4.093549467623234,3.7951749483744304,0.15246779223283133,0.1110703115661939,0.015597386937588453,0.11097564001878103,0.4824469895978412,4.170350730419159,3.817694067955017,0.1581711769104004,0.13678553700447083,0.026006334461271763,0.13316502422094345,0.6204431056976318,0.10956525430083275,0.4883965158599787
135,756.3421189785004,4.086680880188942,3.787599722544352,0.15173647006352742,0.11160646130641301,0.015543154627084731,0.1110162764787674,0.4783204995434073,4.165309015661478,3.8099361658096313,0.15590114146471024,0.1387111395597458,0.02603607438504696,0.13305949419736862,0.6283333897590637,0.10984775796532631,0.47385202743636895
136,762.6108598709106,4.088938708603382,3.789294974009196,0.15194879869620007,0.11183466762304306,0.01546843871474266,0.11108767290910085,0.49995977175962786,4.169554866850376,3.8125566244125366,0.1568542867898941,0.13928554952144623,0.026030363515019417,0.13270915299654007,0.632121741771698,0.1096654124557972,0.4995608877589676
137,768.8386399745941,4.080272569755713,3.7820135752360025,0.15094767312208812,0.11139257897933325,0.015386924364914496,0.11092458715041478,0.443307405664177,4.162989251315594,3.802841305732727,0.1550300568342209,0.1413164585828781,0.025802156887948513,0.13210353255271912,0.633743941783905,0.10992472618818283,0.4379924921063602
138,775.0902318954468,4.083104898532231,3.785556427637736,0.1514106531937917,0.1109215721487999,0.015298691174636284,0.11106700350840887,0.47427326582509544,4.161433547735214,3.8078906536102295,0.15626809000968933,0.13770442456007004,0.02578831370919943,0.13181428611278534,0.6242305636405945,0.10972074791789055,0.4812947488350896
139,781.345113992691,4.078909418483575,3.7812787691752114,0.15128192404905955,0.1109948436419169,0.015242148966838917,0.11097021450599034,0.4763902621199039,4.168902352452278,3.8126533031463623,0.15681976079940796,0.13891958445310593,0.02567028533667326,0.1311057135462761,0.6295900642871857,0.10935471579432487,0.49015276504044064
140,787.6053500175476,4.08252582103014,3.7832966963450114,0.15132794678211212,0.11178257564703624,0.015169046508769194,0.11109630018472672,0.46442605483449984,4.151328157633543,3.795736312866211,0.15476446598768234,0.13910480588674545,0.025603813119232655,0.1308346465229988,0.6301485598087311,0.10961059480905533,0.4638434057218756
141,793.8730342388153,4.082251438995202,3.783903217315674,0.1513229082028071,0.1113433837890625,0.015121927360693614,0.11109147220849991,0.46779074941547044,4.16580294072628,3.8050426244735718,0.15668269991874695,0.14120948314666748,0.02541135437786579,0.13001596927642822,0.635741651058197,0.10943835973739624,0.4843690733921461
142,800.1401309967041,4.072460756202539,3.7754297574361164,0.1509266306956609,0.11078384170929591,0.015053621493279934,0.11097607364257177,0.4643127237850887,4.156754847615957,3.805130124092102,0.15574558824300766,0.1368759647011757,0.02555728517472744,0.13017503172159195,0.6242303550243378,0.10983160138130188,0.4654734112805725
143,806.4295949935913,4.074124322334925,3.777689536412557,0.150906236966451,0.11049083371957143,0.015009638201445342,0.11105040113131205,0.48088858213651553,4.167358264327049,3.8147029876708984,0.15766659379005432,0.13691098988056183,0.025479705072939396,0.12973693013191223,0.6235999166965485,0.10999587178230286,0.49429832504539933
144,812.614758014679,4.071321365733941,3.7745499134063722,0.1506475379069646,0.11072384168704351,0.014953828882426023,0.11108881384134292,0.474095854732792,4.15925557166338,3.807167172431946,0.1577841192483902,0.13659816980361938,0.025334891863167286,0.12881649285554886,0.6259995996952057,0.10969237983226776,0.4680632854881076
145,819.0031950473785,4.066809913516044,3.7696343739827474,0.15013656814893087,0.11105362772941589,0.014866028012086948,0.11106385638316472,0.4947950799260905,4.132947411388159,3.782621741294861,0.15458913892507553,0.1365155503153801,0.025316310115158558,0.12825258076190948,0.6240394115447998,0.10964837670326233,0.49183924180952554
146,825.4064888954163,4.0689688816666605,3.771625359853109,0.15040357609589894,0.11107086688280106,0.014839881844818593,0.1113076721628507,0.4988359393417426,4.140320867300034,3.7875133752822876,0.15463390946388245,0.13774526864290237,0.025250745005905628,0.12788357585668564,0.6286610960960388,0.10960222408175468,0.5042986838800614
147,831.727236032486,4.071439287563165,3.775084638595581,0.15066686570644378,0.11051060805718103,0.014760706542680661,0.11121446390946706,0.4546961660515062,4.153247319161892,3.7965954542160034,0.15568886697292328,0.13940371572971344,0.02514749951660633,0.12783294916152954,0.6314675211906433,0.10944004729390144,0.447838262368004
148,838.004980802536,4.066193136076133,3.770607423782349,0.1501331200202306,0.11025957614183426,0.014730758219957351,0.11118147820234299,0.4730008529056445,4.1517414301633835,3.791203498840332,0.15498793125152588,0.14152198284864426,0.025160888209939003,0.12769197672605515,0.6372087597846985,0.1096276268362999,0.49094426112542744
149,844.2435400485992,4.065918870766958,3.772348721822103,0.15045769810676574,0.10917064994573593,0.014677771056691805,0.11120529522498449,0.4768424812104903,4.161833878606558,3.802069067955017,0.15615298599004745,0.14084415882825851,0.02510236669331789,0.12695858627557755,0.6344408392906189,0.1102018803358078,0.4872614614559357
150,850.5045228004456,4.053079767028491,3.7585424264272054,0.1491142253081004,0.10999011397361755,0.014634228342523177,0.11144471565882365,0.45220339019346606,4.1512551456689835,3.802717685699463,0.1558009386062622,0.13531849533319473,0.024987943470478058,0.1262294091284275,0.620377391576767,0.11009358987212181,0.4329048794285054
151,856.7805569171906,4.061924196779728,3.7675640106201174,0.14969134231408437,0.10975725750128427,0.014568189562608799,0.11128580719232559,0.4665940139258831,4.157035518437624,3.793260335922241,0.15605951100587845,0.14287271350622177,0.024956585839390755,0.12614770978689194,0.6409398317337036,0.10953683033585548,0.4722667836326348
152,863.0556890964508,4.063480235636234,3.768490203221639,0.1499938279390335,0.10999655922253927,0.014535859910150368,0.11128108700116475,0.46331427314199586,4.1576428189873695,3.799827456474304,0.15677283704280853,0.13971447199583054,0.02483467198908329,0.125717431306839,0.6308281123638153,0.11008911207318306,0.48360036967484826
153,869.3666160106659,4.058120489120483,3.764021635055542,0.14974443912506102,0.10961331725120545,0.014512016717344523,0.11139095077912013,0.5000347976293497,4.155241820961237,3.7988975048065186,0.15609747916460037,0.1391477882862091,0.02491886168718338,0.12589813023805618,0.6290105581283569,0.10983439162373543,0.5171569400753826
154,875.5953209400177,4.057756341993809,3.763583294550578,0.14980153739452362,0.10963613937298457,0.014444718044251204,0.11127452204624812,0.48280803558162805,4.148061782121658,3.791319727897644,0.155245840549469,0.1395595669746399,0.024776266887784004,0.12473274022340775,0.631304919719696,0.1094449870288372,0.48608883118569696
155,881.8698861598969,4.062699654698372,3.7674880186716715,0.15027127067248028,0.1100380003452301,0.01439412667726477,0.11129584362109503,0.47549744756154466,4.164132587611675,3.8004597425460815,0.15685729682445526,0.14262209832668304,0.02483275532722473,0.12516489997506142,0.6402621865272522,0.10984712466597557,0.46379784796899387
156,888.2516860961914,4.05104265610377,3.756801239649455,0.14897224108378093,0.10987764795621237,0.014370378665626049,0.11145393947760264,0.45002975940158724,4.152545042335987,3.795831322669983,0.15471993386745453,0.13967687636613846,0.02468227595090866,0.12488879263401031,0.6323867738246918,0.11013422161340714,0.4551407347209464
157,894.5859899520874,4.048586578667164,3.7560946464538576,0.14894582331180573,0.10900951027870179,0.014335343365867932,0.11135183374087015,0.4855143699693491,4.114384096115828,3.7643545866012573,0.15209659188985825,0.13699060678482056,0.024751306511461735,0.12470816448330879,0.6243510544300079,0.1100141815841198,0.4890274592821354
158,900.8904800415039,4.051672639946143,3.758514928817749,0.1492089956998825,0.10927660663922628,0.014272963410864275,0.11157801747322083,0.46749937792140767,4.132411412894726,3.7724034786224365,0.1530510038137436,0.14174121618270874,0.024645406752824783,0.12458010017871857,0.6374217569828033,0.11012985929846764,0.46256946068603355
159,907.2427649497986,4.0396011461814245,3.749169619878133,0.14818220535914103,0.1081702118118604,0.014257798654337723,0.11146565675735473,0.4860178745387601,4.1341303288936615,3.781346917152405,0.15364286303520203,0.13798099011182785,0.024528466165065765,0.12430180236697197,0.626882791519165,0.10990914329886436,0.5141252068552941
160,913.5195307731628,4.052465847631296,3.760248406728109,0.14912648499011993,0.10882709920406342,0.01420400155087312,0.11152202636003494,0.4699005077347173,4.132330324500799,3.7838327884674072,0.1543658897280693,0.13565729558467865,0.02465877588838339,0.1236875057220459,0.6199072897434235,0.11001860350370407,0.4744822532990451
161,919.8430240154266,4.044327181080977,3.7517061710357664,0.1486207773288091,0.10915531069040299,0.014165192345778147,0.11162255853414535,0.4926345359761964,4.154673710465431,3.7899054288864136,0.15532186627388,0.14355367422103882,0.024598415940999985,0.12409058958292007,0.6398252844810486,0.11028977110981941,0.4892470876314441
162,926.2068178653717,4.041364637513955,3.748383871714274,0.1480381280183792,0.10948085089524587,0.014164135077347357,0.11162793040275573,0.48928685947143996,4.131030049175024,3.7790327072143555,0.15293069928884506,0.13776599615812302,0.02444641198962927,0.1236368715763092,0.6284532248973846,0.11026035994291306,0.5006921883963324
163,932.7093548774719,4.047323888043563,3.7555135091145835,0.14868774513403574,0.10873325318098068,0.014113215419153372,0.11160606543223063,0.4784644520212996,4.145203895866871,3.788058280944824,0.15466298162937164,0.13990706205368042,0.02441098727285862,0.12331489101052284,0.630532830953598,0.11014508828520775,0.4962849238341315
164,939.0323040485382,4.044227602084478,3.752737124760946,0.1488007148106893,0.10854505995909373,0.014081240134934584,0.11166395346323649,0.45562118146002034,4.140224054455757,3.781748414039612,0.1540423035621643,0.14072724431753159,0.024416410364210606,0.12241880595684052,0.6325611472129822,0.10998168960213661,0.44894675583896326
165,945.3466730117798,4.041593245168527,3.750561237335205,0.14834170440832775,0.10843057781457902,0.014031739936520656,0.11158279031515121,0.46222576923628544,4.131889391690493,3.774528980255127,0.153422512114048,0.14032457768917084,0.02437238208949566,0.12238088622689247,0.6315270066261292,0.11045991629362106,0.4776294355966134
166,951.6447651386261,4.048601718743642,3.7558634916941327,0.1490615208943685,0.10910373330116271,0.01400167252868414,0.11171950995922089,0.5142143972433678,4.128494914621115,3.7756776809692383,0.15273072570562363,0.13822593539953232,0.02442385721951723,0.12216006964445114,0.6274848282337189,0.11042742058634758,0.5007267696619659
167,957.992821931839,4.0539748201767605,3.7623369534810385,0.14952404896418253,0.10843792110681534,0.013971138062576454,0.11159336964289347,0.4601102209266523,4.117615442723036,3.7673439979553223,0.15194695442914963,0.13714898377656937,0.024382186122238636,0.12206075713038445,0.6227877736091614,0.11027291417121887,0.4534600283141164
168,964.4422979354858,4.0373665109276775,3.7463797410329183,0.14788282612959544,0.10852267841498058,0.013942418340593576,0.11175542424122492,0.44125595623686586,4.1171164363622665,3.75879967212677,0.1515967845916748,0.14125918596982956,0.024321043863892555,0.12177025526762009,0.6335304975509644,0.11016979441046715,0.43172102888805697
169,970.7734150886536,4.052460527916749,3.7593252182006838,0.149125533302625,0.1092862715323766,0.013917488263299067,0.1118736982345581,0.46418557512870945,4.127585753798485,3.7757545709609985,0.15318545699119568,0.1376192271709442,0.024196605198085308,0.12163831293582916,0.6267445981502533,0.1103982999920845,0.4781124499633866
170,977.101401090622,4.039154046277205,3.747868124643962,0.14804893831411997,0.1086307262380918,0.0138855854049325,0.11179172148307165,0.4702171159627721,4.112569812685251,3.7583515644073486,0.15162871032953262,0.13920194655656815,0.024318884126842022,0.12133318185806274,0.6288260221481323,0.11010771244764328,0.45291371836855987
171,983.4213600158691,4.045026766260465,3.7517388184865315,0.14845277667045592,0.10953077971935272,0.013842349220067263,0.11181987822055817,0.48400515851073755,4.123151037842035,3.7683141231536865,0.15227509289979935,0.13934968411922455,0.024253934621810913,0.12117327377200127,0.6293456852436066,0.11007045209407806,0.5042044232903298
172,989.7199649810791,4.040373890101909,3.7472923755645753,0.14797076682249705,0.10954806556304296,0.013813513082762558,0.11178005536397298,0.4729411862624465,4.124653909355402,3.767615556716919,0.15254435688257217,0.14038308709859848,0.024164680391550064,0.12099818512797356,0.6336914002895355,0.11007620766758919,0.4871060940913273
173,996.0046999454498,4.044855709373951,3.7530532677968345,0.14835714797178903,0.10881193379561106,0.013808099584033092,0.11188509116570154,0.4602074811200657,4.1333971209824085,3.768439292907715,0.1526314988732338,0.1443210393190384,0.024091418832540512,0.12054919451475143,0.6427522897720337,0.11013881117105484,0.4729018795757204
174,1002.2819728851318,4.034079993267854,3.742281977335612,0.1477883090575536,0.10895193070173263,0.013781787144641082,0.11195204009612401,0.4588496653069737,4.1381459683179855,3.7819223403930664,0.1538638174533844,0.13964585959911346,0.02403524424880743,0.12021999061107635,0.6319743394851685,0.1106434278190136,0.46594030214004023
175,1008.5074920654297,4.044482079148293,3.7532826900482177,0.14846036235491436,0.1084846039613088,0.013751073988775413,0.11193104386329651,0.4741431281567,4.130386687815189,3.773689866065979,0.15313278138637543,0.14006521552801132,0.02424443792551756,0.120333731174469,0.6334559619426727,0.10994367301464081,0.47402666838018315
176,1014.7641859054565,4.038983540733655,3.7483654181162516,0.1477692723274231,0.10836674322684606,0.01373087071503202,0.1119946837425232,0.4593304870776179,4.144092943519354,3.7860742807388306,0.1535351499915123,0.14062554389238358,0.024068612605333328,0.11997325345873833,0.6341303288936615,0.11044276505708694,0.46498117417916146
177,1021.248831987381,4.054488324622313,3.7472765763600666,0.18110633194446563,0.10832929114500682,0.0137034237695237,0.11201394349336624,1.09909300745809,4.144042264670134,3.7705564498901367,0.1874813660979271,0.13987256586551666,0.024074767716228962,0.11982406675815582,0.6288417279720306,0.11105073243379593,1.1474267339201012
178,1027.7300589084625,4.062933156390985,3.7541918913523356,0.18270789881547292,0.1086936578154564,0.013690990892549356,0.11227186421553294,1.1303902636703038,4.128919340670109,3.7583082914352417,0.1851852685213089,0.13900920748710632,0.02400194015353918,0.11967476829886436,0.6306125223636627,0.11093569919466972,1.1082233104415191
179,1034.029995918274,4.058984130620956,3.7512896060943604,0.1815227150917053,0.1084665834903717,0.013654038868844509,0.11227544496456782,1.034010136703535,4.150209128856659,3.775587558746338,0.1871575117111206,0.14052140712738037,0.023970214650034904,0.11892738193273544,0.6351198256015778,0.11076822876930237,0.9867721743964184
180,1040.3441619873047,4.056094928085804,3.7484957059224446,0.18114578227202097,0.10851316551367442,0.013639631091306607,0.11213905165592829,0.999032859442523,4.129004720598459,3.7591137886047363,0.18559149652719498,0.1385475918650627,0.023956527933478355,0.11934347078204155,0.6277213990688324,0.11091512069106102,1.038960645944093
181,1046.693547964096,4.062180623908838,3.754944181442261,0.18107620775699615,0.10834916929403941,0.013621969521045685,0.1123415802915891,0.992419926371919,4.147186119109392,3.7697227001190186,0.18482375890016556,0.14252576977014542,0.02396902907639742,0.11948014423251152,0.6409274637699127,0.11073927953839302,0.980434055017301
182,1053.0340449810028,4.062586661676566,3.7540555159250895,0.1792707274357478,0.1094478910168012,0.013582397283365329,0.11224289188782374,0.8317226682605345,4.153956905007362,3.7804219722747803,0.18496522307395935,0.1405261605978012,0.023959534242749214,0.11849742755293846,0.6361321210861206,0.1104782223701477,0.7993759016277446
183,1059.3871531486511,4.052730403343836,3.7462134838104246,0.1774659256140391,0.10889197836319606,0.013564797552923362,0.11225303759177525,0.7365240664470754,4.146400395780802,3.7734662294387817,0.1844017282128334,0.14036665111780167,0.023831442929804325,0.11856924369931221,0.6353717744350433,0.11072736606001854,0.7225149913094742
184,1065.7057371139526,4.054624084134897,3.7488739172617596,0.17861866454283395,0.10822041730086009,0.013538208914299805,0.11225992838541667,0.8205918872762494,4.16445741802454,3.7882063388824463,0.18498043715953827,0.14188043028116226,0.023873163387179375,0.11855741962790489,0.6383596658706665,0.11137759312987328,0.8204467715400643
185,1072.070186138153,4.0536882748206455,3.7478970368703206,0.17731940348943073,0.10856576810280481,0.013514856994152068,0.1124676098426183,0.7739483494237469,4.148285008966923,3.775908589363098,0.18341444432735443,0.1403345987200737,0.023801415227353573,0.11794998869299889,0.6317178308963776,0.11114740371704102,0.7574270049809357
186,1078.3791148662567,4.055035643776258,3.748931137720744,0.17812881469726563,0.1085200493534406,0.013508837887396414,0.11242127766211828,0.791027925229836,4.125969260931015,3.7599456310272217,0.18112730979919434,0.13772998750209808,0.023817017674446106,0.11794298887252808,0.6253663301467896,0.11126615852117538,0.7904052469628742
187,1084.721470117569,4.05666629076004,3.751108694076538,0.17766282359759014,0.10836309244235356,0.013486236954728762,0.11239946881930034,0.7803270720447884,4.118007551878691,3.7524434328079224,0.18009894341230392,0.1377573236823082,0.023947122506797314,0.11780323088169098,0.6269208192825317,0.11110572516918182,0.8002182487678035
188,1091.0443360805511,4.05691925038894,3.750706195831299,0.17724501391251882,0.10879527380069097,0.013439810927957296,0.11259575784206391,0.7649375479708674,4.1340770199894905,3.764673113822937,0.1815422624349594,0.1393163874745369,0.023673574440181255,0.11713624000549316,0.6302729547023773,0.11139898374676704,0.7686011268628727
189,1097.4122998714447,4.056035596132278,3.750245475769043,0.1774444858233134,0.10853393872578938,0.013413657620549201,0.11261132756868998,0.7895215424158963,4.15603194385767,3.778800368309021,0.18378694355487823,0.14266905188560486,0.023720632307231426,0.1171594001352787,0.6370053291320801,0.11139235645532608,0.7834612212443498
190,1103.8473000526428,4.059649433195591,3.7536661624908447,0.1782546212275823,0.10842798004547755,0.01341477365543445,0.11258615503708522,0.8259001753269941,4.146888572722673,3.7718011140823364,0.18180636316537857,0.14209213852882385,0.02359744720160961,0.11667869985103607,0.6391890943050385,0.11219273135066032,0.836131377470914
191,1110.1364781856537,4.054789544145266,3.750257126490275,0.1770198901494344,0.10801123629013697,0.013398106303066015,0.11270312617222468,0.8209586080119151,4.15255831182003,3.777595281600952,0.1843220591545105,0.1414010003209114,0.02364414371550083,0.11623984575271606,0.634608805179596,0.11115001887083054,0.8182218629484218
192,1116.4990260601044,4.056406964361668,3.750821113586426,0.1765741676092148,0.10864938348531723,0.013369420388092598,0.11287103941043218,0.7355381771118774,4.154918868094683,3.7717840671539307,0.18148288875818253,0.14619667828083038,0.023684817366302013,0.11637961491942406,0.6475673615932465,0.11143235117197037,0.7363694389860254
193,1122.803827047348,4.056182567278544,3.7513253529866537,0.17724860509236653,0.1081164558728536,0.013333001515517633,0.11290657669305801,0.7636381577831274,4.14511114731431,3.7771143913269043,0.18346399813890457,0.13813237845897675,0.023551493883132935,0.11565887555480003,0.6284845769405365,0.1115984246134758,0.7768758073617315
194,1129.1665539741516,4.052541787922382,3.747864564259847,0.17778023580710092,0.10789355287949244,0.013321028742939233,0.11291031887133916,0.8791849610203886,4.1325337663292885,3.7580870389938354,0.1819828301668167,0.14172765612602234,0.023480797186493874,0.11550898477435112,0.6389877200126648,0.11189819127321243,0.8676046158362706
195,1135.5274620056152,4.063775378465652,3.7585949261983234,0.17803141673405964,0.10808237195014954,0.013314018895228704,0.1130105252067248,0.8496996491777161,4.145342838019133,3.7705904245376587,0.18230106681585312,0.14180094003677368,0.023358294740319252,0.11469162628054619,0.638926774263382,0.11242669820785522,0.8433890317816226
196,1141.858237028122,4.054608291387558,3.7504120826721192,0.17695921659469604,0.10785830020904541,0.013288534649958213,0.1129898006717364,0.7891377151246994,4.172091983258724,3.7957191467285156,0.18275012075901031,0.14249888807535172,0.023524373769760132,0.11533650010824203,0.6399447917938232,0.11226777732372284,0.7703404093677436
197,1148.16659283638,4.064265645543734,3.75873228708903,0.17829989592234294,0.10819170524676641,0.013275033080329497,0.1130297859509786,0.8372069806807392,4.155616920441389,3.7770639657974243,0.18377821892499924,0.14333192259073257,0.02349473536014557,0.11498470976948738,0.6426385045051575,0.11153639853000641,0.824010896779766
198,1154.4829349517822,4.058216947813829,3.7525971571604413,0.1769880642493566,0.1085628792643547,0.013236974117656548,0.11296766450007757,0.7731132026767317,4.136543620377779,3.764496684074402,0.1811368241906166,0.14073926210403442,0.02340700291097164,0.1149534210562706,0.6346014142036438,0.1112760417163372,0.7234169908217786
199,1160.8680369853973,4.051474254826704,3.7471271832784017,0.17619492908318837,0.10812480350335439,0.013245014225443203,0.11306928197542826,0.680215167794288,4.146454434841871,3.7649855613708496,0.18121104687452316,0.14543167501688004,0.02329862490296364,0.1145559586584568,0.6466484069824219,0.1120360754430294,0.659932052645976
200,1167.2340261936188,4.062029614547888,3.756841468811035,0.17676981588204702,0.10840161889791489,0.013214279307673375,0.11327463140090306,0.65910823137975,4.133307598531246,3.7575080394744873,0.1807418018579483,0.14271432906389236,0.02348518557846546,0.11416708678007126,0.6394586861133575,0.11190946772694588,0.6663552362954943
201,1173.9233694076538,4.032558957735698,3.7533342202504474,0.1260302205880483,0.10810481359561284,0.013210146594792605,0.11304193784793218,0.36466729518963564,4.120167572051287,3.77374804019928,0.12829861789941788,0.141135111451149,0.02327950205653906,0.11397559195756912,0.6362167596817017,0.11266857385635376,0.36227807565143244
202,1180.233927488327,4.0525067364176115,3.749502197901408,0.17628853420416515,0.10743013570706049,0.013175307183216016,0.11332497795422872,0.6388958237601247,4.130887880921364,3.764504313468933,0.18203642964363098,0.13768267631530762,0.023247400298714638,0.11347144842147827,0.6274822652339935,0.11162888258695602,0.6699982867362901
203,1186.5356302261353,4.06014688462019,3.7557098706563314,0.17749313414096832,0.10784522344668707,0.013153297050545612,0.11319032112757364,0.7750720815840196,4.134429380297661,3.7569828033447266,0.1799912452697754,0.14372547715902328,0.023250605911016464,0.11345799639821053,0.6423609554767609,0.11224795505404472,0.7926703567481219
204,1192.8197922706604,4.053122428556283,3.7494374910990396,0.17680287261803945,0.10764175057411193,0.013129886332899332,0.11334830820560456,0.7773061521668766,4.125964429229498,3.753536343574524,0.1796899363398552,0.1412915587425232,0.023404215462505817,0.11351703479886055,0.6354785263538361,0.11192696914076805,0.7710257514294895
205,1199.0861752033234,4.0571020672718685,3.7539525032043457,0.17687345743179322,0.10735641767581304,0.013143644419809182,0.11333751132090887,0.6852428368704372,4.117507576942444,3.747764825820923,0.17853504419326782,0.14023761451244354,0.023158228024840355,0.11298343166708946,0.6334652900695801,0.11176734417676926,0.6872982170158093
206,1205.376778125763,4.053298635284106,3.7511348565419516,0.17645259698232016,0.10696874012549719,0.013106230087578297,0.11324039747317632,0.7454086855934476,4.180202566087246,3.80195415019989,0.18324784934520721,0.1433122456073761,0.02326790150254965,0.11334540694952011,0.6390687227249146,0.1131957434117794,0.7770972975362043
207,1211.6562554836273,4.06043933381637,3.7565441608428953,0.17723091542720795,0.10763985762993494,0.013123453812052805,0.11350808292627335,0.7958888184997058,4.147771067917347,3.7656458616256714,0.18326817452907562,0.14524555951356888,0.023384179919958115,0.11320675536990166,0.6480425298213959,0.11281779035925865,0.8050502009953326
208,1217.958446264267,4.060782797634602,3.7565450350443523,0.17727091610431672,0.1078011522690455,0.013083361523846785,0.1136937936147054,0.7317120572401746,4.151939235627651,3.7728259563446045,0.18147160112857819,0.14418873935937881,0.0232130978256464,0.11303330957889557,0.6441654562950134,0.11312691867351532,0.7371597506904806
209,1224.2495534420013,4.061650324861208,3.7578041553497314,0.17703988949457805,0.10766311238209407,0.013065160686771075,0.11381955246130625,0.7183146320174242,4.138905443251133,3.762124180793762,0.18046413362026215,0.14327459782361984,0.023172431625425816,0.11212975531816483,0.6428308188915253,0.11270775273442268,0.7267629883096196
210,1230.5344893932343,4.063778191804886,3.758918778101603,0.1775712509950002,0.10803689410289129,0.013048518418023984,0.113599826892217,0.8475388418520571,4.133681479841471,3.761954426765442,0.1814667358994484,0.1404968425631523,0.023202755488455296,0.11215954273939133,0.634579211473465,0.11291922256350517,0.9097684054748416
211,1236.8184053897858,4.0592968617876375,3.7546443621317547,0.17725145717461904,0.1080133855342865,0.013033445738255978,0.11380121558904648,0.7760718635447125,4.140100009739399,3.769644260406494,0.1813170164823532,0.1398986205458641,0.023158744908869267,0.11161802336573601,0.632502943277359,0.11313261836767197,0.7542546554449541
212,1243.103291273117,4.058531712989012,3.755673138300578,0.17727406720320385,0.10711077054341635,0.013018393578628698,0.11383051127195358,0.7859546489182214,4.157780762761831,3.770233988761902,0.1816752478480339,0.14835457503795624,0.023177887313067913,0.11162902414798737,0.6528990268707275,0.11296072974801064,0.7968296625882806
213,1249.4388313293457,4.061526706814766,3.757676283518473,0.17785409291585286,0.10746168841918309,0.01299485011647145,0.11396815329790115,0.8073661690132213,4.14157447591424,3.7648963928222656,0.1799033358693123,0.14336320757865906,0.023203297518193722,0.11177851259708405,0.6397952139377594,0.11344459280371666,0.8089928196881442
214,1255.7340621948242,4.064992123345534,3.761054293314616,0.17754410405953724,0.10758288900057475,0.01301915996397535,0.11402300298213959,0.78273893206716,4.165839400142431,3.790609836578369,0.18183087557554245,0.14215706288814545,0.02325938455760479,0.11136704683303833,0.6404565274715424,0.11378499120473862,0.7742041616148329
215,1262.0226073265076,4.056736354529858,3.75294828414917,0.17653458416461945,0.10776038914918899,0.012998874019831418,0.11413970291614532,0.7473599271551267,4.154968932271004,3.778172016143799,0.18286126852035522,0.14268314093351364,0.02319627534598112,0.11096838116645813,0.6398460566997528,0.11355294659733772,0.792321885054911
216,1268.3528254032135,4.062682969371478,3.759194183349609,0.17727470596631367,0.10742571651935577,0.012958420533686876,0.11407552113135656,0.6935534607170549,4.154412467032671,3.7726542949676514,0.1808708980679512,0.145661361515522,0.02315718587487936,0.11061999946832657,0.6469987034797668,0.11341273784637451,0.671221517076545
217,1274.638296365738,4.057890279094378,3.755021063486735,0.17685935894648233,0.10721976806720097,0.01296144723892212,0.11416975855827331,0.7259558686651572,4.150494907051325,3.7746057510375977,0.18083537369966507,0.14273573458194733,0.02314244955778122,0.1104181744158268,0.6381326913833618,0.11358468234539032,0.7635927394135489
218,1280.9521803855896,4.060938315590223,3.7556177298227946,0.17668221592903138,0.1084897389014562,0.01294161065792044,0.11425097634394964,0.7831817247671343,4.158603899180889,3.7805979251861572,0.18237178027629852,0.14341004192829132,0.023205937817692757,0.11059552058577538,0.6434076726436615,0.11364496126770973,0.8031643405744054
219,1287.2473883628845,4.058880102137724,3.7537091890970866,0.17701850235462188,0.10833083093166351,0.012922249423960844,0.11434602886438369,0.8405615547278031,4.14788319543004,3.7741475105285645,0.18101898580789566,0.14161309599876404,0.023188563995063305,0.10997554287314415,0.6377916932106018,0.11371273919939995,0.8256261198593
220,1293.534598350525,4.066589478154977,3.7606499989827475,0.17739902238051097,0.10861998399098714,0.012917959472785394,0.11449788361787797,0.7252293012568267,4.138178568333387,3.759413242340088,0.1783173903822899,0.14480331540107727,0.022928751073777676,0.10904662311077118,0.6467018723487854,0.11398960649967194,0.7222476841452727
221,1299.926426410675,4.061028474569321,3.756933355331421,0.17615057826042174,0.10800991505384445,0.012894863604257505,0.11446869522333145,0.7081257093239083,4.132202960550785,3.75386643409729,0.17834825813770294,0.14458119869232178,0.023000668734312057,0.10921350121498108,0.6461751461029053,0.1140398271381855,0.7315092284214793
222,1306.2252333164215,4.058767248193423,3.7535908857981366,0.17644938826560974,0.10847583413124084,0.012883399985730648,0.11462131043275198,0.7141446539141627,4.157588887959719,3.776522636413574,0.1805507317185402,0.1453954428434372,0.022937390953302383,0.10881463438272476,0.6468086838722229,0.11432309076189995,0.712297264287143
223,1312.505130290985,4.064694632093111,3.7617275873819986,0.1762738843758901,0.10741505126158396,0.012888289708644151,0.11462782224019369,0.6237209912647994,4.156426928937435,3.7793649435043335,0.18212197721004486,0.1430004984140396,0.02306805457919836,0.10868477076292038,0.6390290558338165,0.11365949362516403,0.6145132752416155
224,1318.8216333389282,4.053472134967645,3.750300884246826,0.17612549364566804,0.10755425194899242,0.012853617966175079,0.11467089851697286,0.7990012709908604,4.167496982961893,3.7868707180023193,0.181980200111866,0.14481808245182037,0.023159117437899113,0.1085137240588665,0.6444102823734283,0.1137099489569664,0.8648964052108621
225,1325.1163091659546,4.05828653126955,3.7545531113942463,0.17636482417583466,0.1077755038936933,0.0128479592812558,0.11462266693512599,0.6627099021130203,4.1455342918634415,3.7630956172943115,0.17878097295761108,0.1465240940451622,0.023067974485456944,0.10870006307959557,0.6490194201469421,0.1139497309923172,0.6618040325927403
226,1331.423187494278,4.050644524892172,3.7496846834818522,0.1748950143655141,0.10675616711378097,0.012830467987805605,0.11479747096697489,0.6933490285388565,4.1432274132966995,3.7652111053466797,0.17884638905525208,0.1442965567111969,0.023135988973081112,0.1085270456969738,0.6426738500595093,0.11440766975283623,0.7190593564706935
227,1337.7161254882812,4.0549561416109405,3.7512319564819334,0.17603393097718556,0.10785360982020696,0.012813597948600848,0.1148650715748469,0.6614090543136502,4.152764581143856,3.768988609313965,0.17997725307941437,0.146893672645092,0.023013592697679996,0.10834431275725365,0.6515790820121765,0.11410685256123543,0.6375484351983651
228,1344.010935306549,4.056197306513786,3.7521318594614663,0.176314906279246,0.10795399695634841,0.012808791765322288,0.11493288775285085,0.7480045060074032,4.1371947936713696,3.759390115737915,0.17933084815740585,0.1440696269273758,0.023023138754069805,0.10762136802077293,0.6440213024616241,0.11452799290418625,0.7323783703800482
229,1350.3225014209747,4.053422407309214,3.7494470755259197,0.17592613498369852,0.1080061321457227,0.012797261153658231,0.11509456386168798,0.7399358752150985,4.146909672766924,3.766716718673706,0.1816980019211769,0.1446719765663147,0.023076023906469345,0.10782373696565628,0.643841028213501,0.11407941579818726,0.773144913546485
230,1356.6059873104095,4.058142066498598,3.7541561921437583,0.17610529164473215,0.10796661426623662,0.012784742253522078,0.11525173584620158,0.7419692097326382,4.15036291629076,3.7702630758285522,0.1815066784620285,0.14467325061559677,0.023103313520550728,0.10765615105628967,0.6460268795490265,0.11459007859230042,0.787617388998408
231,1362.9051773548126,4.049223197003205,3.7471071402231853,0.17558848162492116,0.1071609079837799,0.012756509892642497,0.11512944897015889,0.7810967998020074,4.139394000172615,3.759619951248169,0.18015319108963013,0.14484872668981552,0.023054907098412514,0.10745491459965706,0.6432444453239441,0.11470703035593033,0.8032137202166675
232,1369.2030673027039,4.052895765006542,3.7500103950500487,0.17561221818129222,0.10753963043292364,0.012774997483938932,0.11537418663501739,0.7519289856403526,4.1513213776052,3.771788716316223,0.18076243251562119,0.14457572251558304,0.022850073873996735,0.10671999678015709,0.6447285711765289,0.1147458627820015,0.7431385208832586
233,1375.5408582687378,4.045966401696205,3.743563683827718,0.17583089868227642,0.10724363426367442,0.012736299385627111,0.11531960765520731,0.8352527073538725,4.149426486343145,3.7707269191741943,0.1802673563361168,0.14428294450044632,0.02279669139534235,0.1065584160387516,0.6440094113349915,0.11455153673887253,0.8575114947822371
234,1381.8388752937317,4.04436590274175,3.7424080848693846,0.17491931915283204,0.10724907914797464,0.012721985951066017,0.11552929729223252,0.808463930434952,4.151460997760296,3.7684783935546875,0.17992357909679413,0.14651040732860565,0.022840013727545738,0.10609814524650574,0.6485486626625061,0.11476795002818108,0.8003691798654978
235,1388.1482031345367,4.041908944149812,3.740719938278198,0.17447383900483449,0.10697604318459829,0.01272213226184249,0.1154523104429245,0.6989449843600261,4.135311145335436,3.75547993183136,0.17843995243310928,0.14530561864376068,0.02290122676640749,0.10651186481118202,0.6435955762863159,0.11491792276501656,0.7352453232980116
236,1394.4583885669708,4.04384721070528,3.740787982940674,0.1744617134332657,0.10791418552398682,0.012727681330094736,0.11559185137351354,0.6591731834579104,4.130287300795317,3.751947283744812,0.17756455391645432,0.14477887004613876,0.022890452295541763,0.10567967593669891,0.6465540826320648,0.11521466821432114,0.654462907534857
237,1400.7614953517914,4.036847613751888,3.7349225521087646,0.17403824826081593,0.10745296875635783,0.01269283111517628,0.11571256518363952,0.6980254007617632,4.121529210358858,3.746534824371338,0.1764334812760353,0.14338882267475128,0.0227817315608263,0.10552151501178741,0.640379786491394,0.11509538814425468,0.6802660870278436
238,1407.0521712303162,4.043699162701766,3.7415057182312013,0.17493287821610767,0.10736350268125534,0.012683830875903367,0.11566026409467062,0.7690305387102817,4.136466071009636,3.755831241607666,0.1783113181591034,0.1457395851612091,0.022855618968605995,0.10558054968714714,0.6473817825317383,0.11554495617747307,0.8083756959203257
239,1413.3643352985382,4.034341282149156,3.7340927600860594,0.17395112613836924,0.10663647949695587,0.012694212545951208,0.11587662895520529,0.7738135846559523,4.1406628228724,3.759733557701111,0.1794721856713295,0.14559658616781235,0.023016681894659996,0.10543880984187126,0.6483292877674103,0.11480695381760597,0.7962484091789884
240,1419.663890361786,4.048380434513092,3.7445215861002605,0.17562141021092734,0.10802407165368398,0.01266493070870638,0.1158606231212616,0.790600836617113,4.130698282271624,3.7573875188827515,0.17727554589509964,0.14233649522066116,0.022801166400313377,0.10507254675030708,0.6381692588329315,0.11556059494614601,0.7842682324164587
241,1425.9729804992676,4.035339868068695,3.7350404421488443,0.1738258977731069,0.10669323851664861,0.012671258486807346,0.1160364588101705,0.6807993312646768,4.143408711999655,3.7650264501571655,0.17768248170614243,0.14477051049470901,0.02289330679923296,0.10506963357329369,0.6443567872047424,0.1157228872179985,0.7005806318923344
242,1432.2616283893585,4.04223998238643,3.7399499734242756,0.17437656422456105,0.10755086342493693,0.012641095897803704,0.11614301254351934,0.6669735927204719,4.125345520675182,3.7473065853118896,0.17613942921161652,0.14498461037874222,0.02279667928814888,0.10492658987641335,0.6417741775512695,0.11575334519147873,0.6588389207524182
243,1438.5852553844452,4.033946110804876,3.732887363433838,0.1730694075425466,0.10726202179988226,0.012659755442291499,0.11627674698829651,0.6868331651354277,4.119185868650675,3.747433304786682,0.17608527094125748,0.14185496419668198,0.022816436365246773,0.10465522482991219,0.6344258487224579,0.11577944830060005,0.7084901752667345
244,1444.9192452430725,4.02870438148578,3.7272748788197836,0.1729913741350174,0.10746690779924392,0.012629682632784049,0.11632199436426163,0.6551115038935449,4.12715171277523,3.749607563018799,0.17721346020698547,0.14446870982646942,0.022893725894391537,0.10429257526993752,0.6439160406589508,0.1159752830862999,0.65445532285608
245,1451.2402153015137,4.026726417243481,3.7262035846710204,0.1729431043068568,0.1070256402095159,0.012639544469614824,0.1164895827571551,0.7091881603232881,4.131385277956724,3.7462849617004395,0.17843016237020493,0.14794261753559113,0.022577252238988876,0.10364509373903275,0.6522580087184906,0.1157645657658577,0.7535087690997643
246,1457.5421562194824,4.030511592328549,3.729480520884196,0.17392804523309072,0.10703352441390356,0.012602935079485178,0.11637912293275197,0.7213145714310922,4.128127481788397,3.751909375190735,0.17958282679319382,0.14321334660053253,0.02271986287087202,0.1036585085093975,0.6400918066501617,0.11610031872987747,0.7064668181403807
247,1463.841911315918,4.026765210926532,3.725885025660197,0.17316646476586658,0.10714847644170125,0.012615567880372207,0.11672010719776153,0.7026100385374259,4.102672960609198,3.7278850078582764,0.1752450093626976,0.14358272403478622,0.022947389632463455,0.1036270372569561,0.6403631865978241,0.11583269387483597,0.7170594606461511
248,1470.1393492221832,4.026078428328037,3.724141518274943,0.1726721296707789,0.10780042260885239,0.012599094895025094,0.11674452126026154,0.6897699148879559,4.122817933559418,3.749732494354248,0.1774808168411255,0.14217251539230347,0.022785489447414875,0.10360773280262947,0.6355209946632385,0.11640340089797974,0.7330110516306304
249,1476.4630951881409,4.0243785485625265,3.724734322230021,0.1730484575033188,0.10655999879042308,0.012590210419148207,0.11682790865500768,0.790382576698978,4.138998739421368,3.751785635948181,0.17878283560276031,0.14891084283590317,0.022878936491906643,0.10401264578104019,0.6537331342697144,0.11633074283599854,0.7915664922327476
250,1482.777235507965,4.019791172444821,3.720002794265747,0.17332436939080556,0.10656309674183527,0.012583020019034545,0.11678781509399414,0.8209417859397053,4.113012362271547,3.7374026775360107,0.1766224279999733,0.14364923536777496,0.02272147499024868,0.10326720029115677,0.639333963394165,0.11583060026168823,0.8449863141037335
251,1489.0689742565155,4.020024746159712,3.7190489610036215,0.17321250339349112,0.10718476672967275,0.01257205375780662,0.11690228929122289,0.7937622642476706,4.09565632417798,3.7206684350967407,0.1753072515130043,0.14366713166236877,0.022884042002260685,0.10335930064320564,0.6401289701461792,0.1161208376288414,0.8403329267283419
252,1495.3696422576904,4.015612705548604,3.7168952147165935,0.17210767070452374,0.10633182773987453,0.012548736932997902,0.11700661927461624,0.7456262256836029,4.104886289685965,3.7298156023025513,0.17495407909154892,0.14379682391881943,0.02270213607698679,0.10298417881131172,0.6409049928188324,0.11682082340121269,0.73194540641776
253,1501.6617212295532,4.012093867361545,3.7124845504760744,0.1716783235470454,0.10688507755597433,0.012555914279073477,0.11720095425844193,0.7304807595606807,4.113316006958485,3.7314409017562866,0.17572499811649323,0.1470063030719757,0.0227590911090374,0.1031707376241684,0.6504925489425659,0.11657226458191872,0.7723365461002738
254,1507.9995262622833,4.0151787529389065,3.7157684485117595,0.17191784183184305,0.1067256917556127,0.012532402171442907,0.11726058026154836,0.7196125439976354,4.125492937862873,3.743281602859497,0.17732752859592438,0.1467737853527069,0.022582770325243473,0.10216746479272842,0.6486687660217285,0.11674635857343674,0.693779836794469
255,1514.2856492996216,4.00859261204799,3.7109991550445556,0.17117275098959606,0.10600354075431824,0.012534060887992382,0.11724088539679846,0.6981813738558087,4.129878982901573,3.7466976642608643,0.17880231142044067,0.1468900814652443,0.022885499522089958,0.102699875831604,0.6495596468448639,0.11673839762806892,0.7009362005197552
256,1520.586014509201,4.005287644267082,3.707164478302002,0.17110682924588522,0.10628487567106883,0.012560887883106867,0.11734076639016469,0.6899014984803031,4.1183373630046844,3.739261269569397,0.1774509847164154,0.1451753005385399,0.022514990530908108,0.10215089842677116,0.6433928608894348,0.11691528186202049,0.668204581770532
257,1526.8778913021088,4.014166391392549,3.714850171407064,0.17238250076770784,0.10656248480081558,0.012520647514611483,0.11755240857601165,0.7113648125240675,4.110259547829628,3.7266846895217896,0.17679235339164734,0.14758934080600739,0.02290695160627365,0.10256808996200562,0.6482065320014954,0.1172502189874649,0.7491160941860862
258,1533.1842262744904,4.007680852711201,3.709577941894531,0.17082490225632985,0.10634522984425226,0.012498885268966357,0.11774961948394776,0.6628947825359437,4.093637082725763,3.7214303016662598,0.17436502128839493,0.14251213520765305,0.0228336863219738,0.10192500054836273,0.637668251991272,0.11702357605099678,0.6658740463569481
259,1539.4838953018188,4.002730213602384,3.703907839457194,0.17095887064933776,0.10667146941026052,0.01248968740304311,0.11779085199038188,0.6835384148737944,4.095905099064112,3.7205257415771484,0.17535827308893204,0.14385011047124863,0.02282871212810278,0.1018335334956646,0.6372272372245789,0.11674560606479645,0.7073726607239569
260,1545.8089063167572,4.000212640066942,3.7029149691263834,0.1701951632897059,0.10610004464785258,0.012489977090929945,0.11793386588493983,0.6849869632920561,4.092797111719847,3.7183337211608887,0.17464559525251389,0.14357029646635056,0.022719663567841053,0.1018456369638443,0.6373469531536102,0.11696643754839897,0.6611588237439132
261,1552.1213881969452,4.000282398859659,3.7028599262237547,0.17035850882530212,0.10612160911162695,0.012490833643823862,0.11793115188678106,0.6198645930998838,4.101940989494324,3.726299524307251,0.17643848061561584,0.14371111243963242,0.022696450352668762,0.10143637657165527,0.638453334569931,0.11764857545495033,0.618669105808357
262,1558.4256422519684,3.99624645759662,3.6983752409617106,0.169820440808932,0.10648049811522166,0.012478710897266865,0.1181414932012558,0.653253957126738,4.1057169288396835,3.7266517877578735,0.17569854855537415,0.14560793340206146,0.02277772966772318,0.10165836662054062,0.6436715424060822,0.11785464361310005,0.6685922562267096
263,1564.7348902225494,3.9931676208972933,3.6946328481038413,0.16967733502388,0.10684805264075597,0.012465063016861677,0.11829275190830231,0.6832072187954635,4.096245966851711,3.7163838148117065,0.17520762979984283,0.14612916857004166,0.022732443176209927,0.10133296623826027,0.6475355923175812,0.11748099327087402,0.6951470947061508
264,1571.0991134643555,3.9960696841279666,3.6983317852020265,0.17034060060977935,0.10628379931052526,0.012456373342623313,0.1184585506717364,0.791084816912134,4.083552792668343,3.7074931859970093,0.17358806729316711,0.14463278651237488,0.022836988791823387,0.10128375515341759,0.6415852904319763,0.11776471883058548,0.7593587801819958
265,1577.4102914333344,3.9875227749347686,3.6900543053944905,0.1705241064230601,0.10610320816437403,0.012449059681966902,0.11847211321194967,0.8367532703976317,4.07998039200902,3.7040611505508423,0.17505163699388504,0.14419671148061752,0.022682636976242065,0.10109893232584,0.6406591832637787,0.11814412474632263,0.8553205304718569
266,1583.713012456894,3.9928739950060845,3.6945713837941487,0.1708477407693863,0.10643937041362127,0.01243716903651754,0.11870442728201548,0.8552123208573806,4.0820973217487335,3.707483649253845,0.17444416880607605,0.14369579404592514,0.022551007568836212,0.10093554481863976,0.6386469602584839,0.11786656081676483,0.7919175780272377
267,1590.0210824012756,3.9882581864794093,3.691662645339966,0.17036715447902678,0.10570598194996515,0.012440513633191586,0.11869075496991476,0.8526624020562268,4.1392953880131245,3.7497915029525757,0.17946938425302505,0.14988459646701813,0.0226372629404068,0.1003805510699749,0.65786412358284,0.11835559830069542,0.8707220635396695
268,1596.3362982273102,3.983573906123638,3.6868640581766763,0.16901711523532867,0.10610064516464869,0.012430938395361106,0.1188157007098198,0.7357016895789271,4.081719387322664,3.704142928123474,0.17518142610788345,0.1449928730726242,0.022495384328067303,0.0999048464000225,0.6424711048603058,0.11846290156245232,0.7180616435172972
269,1602.6498634815216,3.977872322996457,3.6827691555023194,0.16829853256543478,0.10547695060571034,0.012421439308673144,0.11896397620439529,0.6760568589534016,4.086022667586803,3.7101547718048096,0.1741529256105423,0.14439571648836136,0.022501139901578426,0.1001475490629673,0.6413342356681824,0.1184108778834343,0.6717938339568426
270,1608.9301431179047,3.98123974998792,3.6856359958648683,0.16873449087142944,0.10561825434366862,0.012415194294104974,0.11903369128704071,0.6631545335098926,4.078851953148842,3.703382968902588,0.17281368374824524,0.14453107118606567,0.02263791859149933,0.09995637089014053,0.6405757665634155,0.11857956647872925,0.6425735968362525
271,1615.2314713001251,3.9795628319183987,3.684564701716105,0.16849931279818217,0.10537423690160115,0.012411992624402046,0.11921381453673045,0.7591317339255984,4.079654306173325,3.701464056968689,0.17322024703025818,0.14579006284475327,0.0225838515907526,0.10008123889565468,0.6447501182556152,0.11845668032765388,0.818582957718832
272,1621.554945230484,3.978755237162113,3.6819526831309,0.1685767024755478,0.10625710139671961,0.012399571326871714,0.11906391034523646,0.7075211750103588,4.090233702212572,3.709119439125061,0.17424050718545914,0.14699700474739075,0.02260635234415531,0.09968001767992973,0.6447266340255737,0.11893020197749138,0.7041637681142207
273,1627.8534283638,3.974633423984051,3.6777838389078776,0.1680976261695226,0.10640038599570592,0.012398339807987213,0.1192763124903043,0.6900943057685834,4.087232638150454,3.707994818687439,0.17445147782564163,0.1460060402750969,0.0225429842248559,0.09959882125258446,0.6449347734451294,0.1190718561410904,0.6811123600739336
274,1634.2190291881561,3.974702806274096,3.67915735244751,0.16770758628845214,0.10584583034118017,0.012380745401605964,0.11950906068086624,0.6751660332018107,4.083128288388252,3.704645276069641,0.17407703399658203,0.14572224766016006,0.022480793297290802,0.09912402555346489,0.643665075302124,0.11880220100283623,0.6278332991848485
275,1640.5444152355194,3.9755679170290628,3.6803818543752036,0.16795981923739114,0.10560307651758194,0.012374857968340317,0.11957036554813386,0.7034972995510143,4.088881112635136,3.712579131126404,0.1744464486837387,0.14453937858343124,0.022642049938440323,0.09963659197092056,0.6409367620944977,0.11949323490262032,0.7276911321416016
276,1646.8617153167725,3.9663866703708965,3.6723196665445963,0.16739576160907746,0.10518456151088079,0.012399116158485412,0.11974728653828302,0.7778555734882756,4.095813184976578,3.714288830757141,0.17550286650657654,0.1468864604830742,0.02274614479392767,0.0995602048933506,0.647775799036026,0.11917224526405334,0.8210096844443291
277,1653.1823172569275,3.965699539085229,3.670787715911865,0.16822366615136464,0.10539999504884084,0.012359798979014158,0.11996321628491084,0.9850751191688428,4.077553674578667,3.69948673248291,0.17340558767318726,0.14568207412958145,0.022484129294753075,0.09892439469695091,0.6438258588314056,0.11955182626843452,1.031272569341525
278,1659.4816823005676,3.971208821237087,3.6770216782887775,0.1680121550957362,0.10509053270022074,0.012368453138818344,0.11994151522715886,0.8390651778373951,4.058808445930481,3.6835631132125854,0.172347754240036,0.14453572779893875,0.02237237896770239,0.09868896752595901,0.6408098936080933,0.11951282247900963,0.7939132691219056
279,1665.8211505413055,3.9606083214282988,3.666346311569214,0.16726004878679912,0.10531599273284277,0.012333890609443187,0.1200646162033081,0.779108367211557,4.063828442245722,3.6867964267730713,0.17320696264505386,0.1452142670750618,0.02251815889030695,0.09870411828160286,0.6408939063549042,0.11999860778450966,0.7284859763847906
280,1672.1660273075104,3.957385806242625,3.6636826674143474,0.1663063148657481,0.10527499069770177,0.012347475159913301,0.12027935087680816,0.6904523133846768,4.074627719819546,3.697729706764221,0.172953799366951,0.14521055668592453,0.022710141725838184,0.09903013706207275,0.642436683177948,0.11995024234056473,0.6856224433022176
281,1678.5723252296448,3.9559131860733032,3.6620200792948405,0.16621341705322265,0.1053931991259257,0.012333013272533814,0.12028792252143224,0.6540887034557904,4.0518758818507195,3.683825969696045,0.1708822399377823,0.1413043960928917,0.022507301531732082,0.09843391180038452,0.6338790953159332,0.12009422853589058,0.6396230324907246
282,1684.875607252121,3.955213175714016,3.6621856371561687,0.1664709935585658,0.10489602088928222,0.01232794759174188,0.12036208758751551,0.665898088008765,4.079419918358326,3.702702283859253,0.17411504685878754,0.14483005553483963,0.02234390191733837,0.09753348678350449,0.6426187753677368,0.12001418322324753,0.6692877039232725
283,1691.1963951587677,3.9580751046538354,3.6638725121816,0.16655477782090505,0.10546260178089142,0.012326253081361453,0.12061539739370346,0.7547501288690696,4.04483662545681,3.670647621154785,0.17053446173667908,0.14446088671684265,0.022583714686334133,0.09811308607459068,0.6400234699249268,0.12025349959731102,0.7746239069549722
284,1697.4942064285278,3.9528661797444027,3.658330265680949,0.16585542559623717,0.10580410063266754,0.012303877637411158,0.12058691432078679,0.7315890211458785,4.0640005469322205,3.6895174980163574,0.17186826467514038,0.14427445828914642,0.022503423504531384,0.0980713851749897,0.6429079473018646,0.12052809819579124,0.7639733504835517
285,1703.8640851974487,3.9476109663645427,3.654925012588501,0.16537446180979412,0.1049993614355723,0.012300823039064804,0.12082177698612213,0.6972212492781822,4.044927377253771,3.674958109855652,0.17063263803720474,0.1423264741897583,0.0225701741874218,0.09778033941984177,0.6354397535324097,0.12030627951025963,0.7153380567251152
286,1710.1667473316193,3.947748925288518,3.6536090056101482,0.1657346506913503,0.10563629716634751,0.012326778455947837,0.12095491588115692,0.7883826492010505,4.059204109013081,3.6869852542877197,0.17113561928272247,0.14332552254199982,0.022252630442380905,0.09723946452140808,0.6374301612377167,0.1208294965326786,0.822567808228426
287,1716.4628522396088,3.9447754338383674,3.6508569081624347,0.16483412484327953,0.1057507316271464,0.012289620439211528,0.12117621501286825,0.6936874401179488,4.0409311056137085,3.6709232330322266,0.17013612389564514,0.14246990531682968,0.022599629126489162,0.09776796773076057,0.6351360082626343,0.12067801132798195,0.6912207746733708
288,1722.7725484371185,3.939112880329291,3.6470176537831622,0.16472723186016083,0.10486580530802408,0.012285027001053096,0.12112814684708913,0.7637464912265396,4.035941705107689,3.6635318994522095,0.16970694065093994,0.14377816766500473,0.022496403194963932,0.09722690284252167,0.6398518681526184,0.12106875702738762,0.8164520456678355
289,1729.083963394165,3.945595879852772,3.652054278055827,0.1651841551065445,0.10547476212183635,0.012271659076213836,0.121377494931221,0.685936618221543,4.037025097757578,3.667303442955017,0.16933242231607437,0.1425277218222618,0.02248313184827566,0.09735237807035446,0.63483527302742,0.12106416374444962,0.6971930431626612
290,1735.3862063884735,3.9333030382792153,3.642807054519653,0.16439113815625508,0.10415020734071731,0.012269495738049347,0.12130772670110067,0.7770694527544825,4.043617472052574,3.671825647354126,0.17149275541305542,0.14302272349596024,0.02233982365578413,0.09665726870298386,0.6365352869033813,0.12096354365348816,0.807691886307835
291,1741.6888482570648,3.933178372681141,3.6406813780466716,0.16438078582286836,0.10515330086151758,0.012257516585911314,0.12163834621508916,0.8135340619469156,4.037542078644037,3.667151927947998,0.1702999249100685,0.14262009412050247,0.022551104426383972,0.09693591669201851,0.6383081674575806,0.12103457748889923,0.8363208894703027
292,1748.073082447052,3.9319558456540107,3.639335346221924,0.16444651782512665,0.10519862025976182,0.01225471190797786,0.12167377372582754,0.7648665242930501,4.04951673746109,3.6753594875335693,0.17040014266967773,0.14447858929634094,0.022495131939649582,0.09684710204601288,0.6394376754760742,0.12143142148852348,0.7513062960598471
293,1754.3814191818237,3.9316822548707324,3.639224672317505,0.16424924731254578,0.10516647944847743,0.012252726126462221,0.12190521905819575,0.6831925285310402,4.063044495880604,3.6879985332489014,0.1722480207681656,0.14446097612380981,0.022490397095680237,0.09666940569877625,0.6419632732868195,0.12196934223175049,0.6720641444818274
294,1760.663681268692,3.9248441909750302,3.6330199400583902,0.16360495388507842,0.10501088698705037,0.012268950510770083,0.12193733702103297,0.7531783366396687,4.0387010760605335,3.66805362701416,0.16973838955163956,0.1428891271352768,0.022705492563545704,0.09709828346967697,0.6367297768592834,0.12193173542618752,0.7232086421288336
295,1766.9572434425354,3.926802346110344,3.636059538523356,0.16386438806851705,0.10440530677636464,0.012223078993459542,0.12208290000756582,0.7619167529524076,4.027988977730274,3.6544936895370483,0.16829271614551544,0.14467446506023407,0.022417626343667507,0.09644823148846626,0.6420282125473022,0.12136846780776978,0.7611219118599226
296,1773.2940573692322,3.9173337896664937,3.6281195004781086,0.16271802186965942,0.10392763912677765,0.012244610007231434,0.12225922246774037,0.7288458440107005,4.02783839404583,3.6570838689804077,0.16853001713752747,0.14324475824832916,0.022244032472372055,0.09592128545045853,0.6374774873256683,0.12176304310560226,0.7405897062150081
297,1779.591409444809,3.9175727049509685,3.6269638697306315,0.16296472946802776,0.10456323524316152,0.01222201952089866,0.12232758204142252,0.7854290740077322,4.017967652529478,3.6466914415359497,0.16761832684278488,0.14373352378606796,0.022474484518170357,0.09591938927769661,0.6405336856842041,0.12198498100042343,0.7844488408483954
298,1785.8871734142303,3.912857784330845,3.6228058179219564,0.16209166745344797,0.10450306634108225,0.01220763505746921,0.12255859424670537,0.6717603106194842,3.9999819323420525,3.633737564086914,0.16500361263751984,0.14187128096818924,0.022440805099904537,0.09652268886566162,0.6339702606201172,0.12176374346017838,0.6381919788764089
299,1792.1999723911285,3.9142724856734277,3.624872843424479,0.16249293982982635,0.10407658616701762,0.012223131706317265,0.12264729887247086,0.6609723853530384,4.025941498577595,3.653787136077881,0.16929592192173004,0.14375320076942444,0.022300313226878643,0.0957106314599514,0.6405295133590698,0.12191011011600494,0.6731073525306492
300,1798.5093162059784,3.9108467936515807,3.6217792352040608,0.162003360191981,0.10403293917576471,0.012208485649898649,0.12276806632677714,0.6947942403693437,4.035420015454292,3.6640090942382812,0.1696614921092987,0.14329008758068085,0.02235942892730236,0.09561248496174812,0.6399976015090942,0.12258492782711983,0.7033310030315469
301,1804.832682132721,3.9072296698888143,3.6184451897939045,0.16152130365371703,0.10401191413402558,0.012193143786862492,0.12295822501182556,0.6887758356014768,4.022493582218885,3.651097297668457,0.17003407329320908,0.14318962395191193,0.022657399997115135,0.09607993438839912,0.6384888291358948,0.12254400178790092,0.6913620979947019
302,1811.1453442573547,3.907721962034702,3.617387056350708,0.1617730269829432,0.10472419609626134,0.01221332245816787,0.12306895653406778,0.7109475354705451,4.021433640271425,3.643947124481201,0.1682870164513588,0.14667150378227234,0.02245590928941965,0.09554509446024895,0.6470107138156891,0.1225978285074234,0.7656687656403719
303,1817.4514772891998,3.900904469192028,3.6105075041453043,0.1619042605161667,0.10472241739432017,0.012173967094471057,0.1232036679983139,0.8482845321288723,4.003212098032236,3.6350767612457275,0.1657690480351448,0.14262540638446808,0.022491339594125748,0.09522156789898872,0.6360418200492859,0.12266130745410919,0.8510836586177474
304,1823.76567029953,3.895641937851906,3.6066930611928303,0.1608035147190094,0.10427355964978537,0.012158431904390454,0.12324072221914927,0.7984142076341099,4.0116519294679165,3.6388864517211914,0.1680809184908867,0.14436250925064087,0.022319989278912544,0.09516357630491257,0.6415247917175293,0.12256591767072678,0.8011296521152376
305,1830.0575532913208,3.900828752418359,3.61331467628479,0.16164168616135915,0.10334661652644475,0.01219840495226284,0.12350786576668421,0.7870213126600959,4.018554575741291,3.6455671787261963,0.16810892522335052,0.14446646720170975,0.02262089215219021,0.09515177458524704,0.6423563957214355,0.12285557389259338,0.7805763216944706
306,1836.3816332817078,3.8952261527379353,3.6076724847157795,0.1605820874373118,0.10363131215174994,0.01218827102954189,0.12373925844828287,0.6706849905280955,4.011902794241905,3.638484001159668,0.16881591081619263,0.14450541883707047,0.022257409058511257,0.09501157328486443,0.6402241885662079,0.12318330258131027,0.6840993979032994
307,1842.7177994251251,3.8945841257770857,3.6057464122772216,0.16072345475355784,0.10423799306154251,0.012144183057049911,0.1237855354944865,0.7778847982278272,4.0350989028811455,3.660032868385315,0.17075388133525848,0.14484454691410065,0.02236213441938162,0.09473732486367226,0.641576886177063,0.12374906986951828,0.7635898648191344
308,1849.0303163528442,3.8866052637497583,3.599835824966431,0.16055904030799867,0.10324495931466421,0.012145648679385583,0.12394618093967438,0.7797714315054219,3.9961834996938705,3.627438187599182,0.1661609411239624,0.1428324207663536,0.022495114244520664,0.09511252120137215,0.6365887522697449,0.12339866906404495,0.6970594479204724
309,1855.338186264038,3.8830252210299174,3.595949951807658,0.15933605432510375,0.10370362102985382,0.012151688539112608,0.12425070603688558,0.6614931583607712,3.9841513857245445,3.615747570991516,0.164376363158226,0.1431078165769577,0.022622323594987392,0.09505906328558922,0.6390630006790161,0.12350429221987724,0.6740280623063468
310,1861.6267023086548,3.8805443440874416,3.5942713737487795,0.15936167736848195,0.10329606582721075,0.012134566359842816,0.12420676102240881,0.7067941019235734,4.0157794915139675,3.6413841247558594,0.16737084835767746,0.1453549712896347,0.022464191541075706,0.09472169727087021,0.6453767716884613,0.12387678027153015,0.6859206246767512
311,1867.9320085048676,3.8812055423855782,3.5937352498372395,0.1591916730006536,0.10393722802400589,0.01214399744446079,0.12433523386716842,0.6906767899685968,4.014225888997316,3.6454046964645386,0.16649404913187027,0.14278708398342133,0.02246763836592436,0.09433825314044952,0.6367948055267334,0.12426397204399109,0.6563155731705314
312,1874.2400634288788,3.8810383717219037,3.594852113723755,0.15918890635172525,0.10329590241114299,0.012115339748561382,0.12442827771107355,0.7817148899755654,4.010205537080765,3.6382066011428833,0.1672452688217163,0.14418815076351166,0.02225101739168167,0.09398793056607246,0.6407174468040466,0.12435035035014153,0.8061169626316751
313,1880.5337584018707,3.8768018424510955,3.590184752146403,0.15980156461397807,0.10335815399885177,0.012168905433888237,0.12469021280606588,0.7317406651330105,3.9986419528722763,3.622722625732422,0.16625356674194336,0.14639627188444138,0.022014050744473934,0.09375498816370964,0.6465086936950684,0.1241413801908493,0.7361700057898206
314,1886.833844423294,3.869277220964432,3.582664632797241,0.15854202310244242,0.10367078830798467,0.012087648672362169,0.1245876188079516,0.7758341942535721,3.987514093518257,3.617007255554199,0.1658245027065277,0.14379729330539703,0.022492829710245132,0.09409987926483154,0.6394265592098236,0.12424787133932114,0.7991558873458651
315,1893.1344933509827,3.8688792551557225,3.582835245132446,0.1582754204670588,0.1034531498948733,0.012100249870369832,0.1250374342004458,0.7170032114388201,3.9880447648465633,3.6180341243743896,0.16561951488256454,0.1436004415154457,0.022464999929070473,0.09382769092917442,0.6400895118713379,0.12476126849651337,0.683455704332439
316,1899.4559812545776,3.8692586039503416,3.583053986231486,0.1586027294397354,0.10345162649949392,0.012095316887522738,0.12518169333537418,0.6960361680069996,3.9818144254386425,3.6098684072494507,0.1645672246813774,0.14483120292425156,0.02241355925798416,0.09411074221134186,0.6432530581951141,0.12478573992848396,0.6546455752632488
317,1905.759119272232,3.860329275329908,3.576389217376709,0.15745368003845214,0.10260660896698634,0.012103364756330847,0.12528515656789144,0.7045887126493552,4.0005234479904175,3.6252907514572144,0.16631019115447998,0.14603880047798157,0.02254023216664791,0.09433888643980026,0.6457282900810242,0.12537289410829544,0.716815893582677
318,1912.0706062316895,3.8635294700662297,3.5773390928904214,0.15780921280384064,0.10364288538694381,0.012090377944211165,0.12542193134625754,0.7049849368644457,3.9848138950765133,3.61704158782959,0.16368021816015244,0.14296609908342361,0.022280693985521793,0.09352972358465195,0.6379730105400085,0.12541887909173965,0.7346309913162075
319,1918.3705794811249,3.85608774771293,3.5722641626993816,0.15722647607326506,0.102605173488458,0.012086999214564761,0.12555018663406373,0.743745143396305,3.9816030971705914,3.6075775623321533,0.16446881741285324,0.1458955630660057,0.022140798158943653,0.09346133470535278,0.6454479992389679,0.12509358674287796,0.7249169329758299
320,1924.6770975589752,3.8632231637835504,3.5785671869913735,0.15813647011915843,0.10279387086629868,0.012072932332133253,0.12575770368178685,0.828194945026931,3.979985788464546,3.6063841581344604,0.16452792286872864,0.14566883444786072,0.022392503917217255,0.09339680522680283,0.6440876424312592,0.12547113373875618,0.7660586660965165
321,1930.9519753456116,3.852741656204065,3.568490902582804,0.1574291636546453,0.10276808589696884,0.012059385950366656,0.12588699062665304,0.808253429348861,3.980283223092556,3.6121808290481567,0.16363655030727386,0.14314205944538116,0.022430216893553734,0.09368759021162987,0.6367775201797485,0.12562046200037003,0.7780544322171263
322,1937.2692322731018,3.8541302725672724,3.5696197032928465,0.15714893440405528,0.10296805103619894,0.0120785859413445,0.1261489267150561,0.7001569658855227,3.9724390618503094,3.5979676246643066,0.1635742112994194,0.14634216576814651,0.022525266744196415,0.0938645638525486,0.6450765132904053,0.12574009597301483,0.7076523957152794
323,1943.577879190445,3.8485329752167066,3.564877716700236,0.15632145901521047,0.10274726450443268,0.012082807036737602,0.12621511568625768,0.705971650554228,3.9835715778172016,3.6092936992645264,0.1657724753022194,0.14569582045078278,0.022378860041499138,0.09328063204884529,0.6451629400253296,0.1257263794541359,0.7340351294172459
324,1949.891791343689,3.8474237814545633,3.5634329160054525,0.15703525443871816,0.10273661911487579,0.01205698810517788,0.12636197904745738,0.8103324245072554,3.997106112539768,3.6211317777633667,0.1661214977502823,0.1464567929506302,0.022533309645950794,0.09330208599567413,0.64584881067276,0.12611107528209686,0.845700338934759
325,1956.2136464118958,3.8432726860046387,3.5586405913035075,0.15686766703923544,0.10309913059075673,0.012040305603295564,0.12649305363496144,0.8425522389775348,3.964998736977577,3.5903942584991455,0.16340351104736328,0.14645136147737503,0.02223531436175108,0.09290686249732971,0.647264838218689,0.12609421461820602,0.8314432589510498
326,1962.5164413452148,3.8389339273174605,3.556232515970866,0.15590146084626516,0.10237534046173095,0.012049789198984702,0.12662266939878464,0.7209933138497401,3.9709806367754936,3.597726583480835,0.16611455380916595,0.14509838819503784,0.02243125718086958,0.0931866355240345,0.642602950334549,0.12612426280975342,0.7199978275892809
327,1968.8236603736877,3.8399338821570077,3.555988073348999,0.15700071652730305,0.10272272527217866,0.012037545364970962,0.12679242789745332,0.8733411224866364,3.9622729755938053,3.5868526697158813,0.16520226746797562,0.14640958607196808,0.02240402065217495,0.09305022656917572,0.6455797255039215,0.12636538594961166,0.8674281575822999
328,1975.1721522808075,3.839485603570938,3.5556110382080077,0.15738513668378193,0.10259099851051966,0.012029060519610842,0.12701931297779084,0.9224511630699868,3.970799870789051,3.5990383625030518,0.16306082904338837,0.14511554688215256,0.02220148127526045,0.09268509224057198,0.6424601972103119,0.12694969773292542,0.9201597838298298
329,1981.4696123600006,3.8361112788319587,3.5538613001505532,0.15557747383912404,0.10223062088092168,0.01202438462836047,0.12723594705263774,0.7707048675749839,3.9705492444336414,3.5940924882888794,0.1634887233376503,0.14735619723796844,0.022387411445379257,0.09273016452789307,0.6490872502326965,0.12692417204380035,0.7435428597203819
330,1987.782238483429,3.834223585327466,3.5517969290415445,0.15554649829864503,0.1023267035682996,0.012012356768051784,0.12732497652371724,0.7397333035408864,3.966866184026003,3.594106674194336,0.16362807899713516,0.14547273516654968,0.022241749800741673,0.09237540885806084,0.6449478566646576,0.1271456480026245,0.772158579571246
331,1994.095435142517,3.834436414639155,3.551153024037679,0.1555958052476247,0.10274274398883183,0.01200996000940601,0.1275170902411143,0.7522482142814785,3.963169641792774,3.587718963623047,0.16293449699878693,0.14699171483516693,0.022384822368621826,0.09235532209277153,0.6468222439289093,0.12714844197034836,0.75324908167323
332,2000.4256603717804,3.82701551814874,3.545752175649007,0.1550281862417857,0.10187462468942006,0.011989695858210326,0.1276856005191803,0.7365089197000662,3.9539836645126343,3.5815199613571167,0.16191813349723816,0.14575231820344925,0.022332419641315937,0.09272633865475655,0.6469703316688538,0.12721575051546097,0.7671448252742411
333,2006.7315273284912,3.8231316924095156,3.5418058077494305,0.1544129212697347,0.10205971201260884,0.012007374176755547,0.12780533830324808,0.7103944453532022,3.955400086939335,3.577934741973877,0.1619332879781723,0.14824935048818588,0.02242505643516779,0.09236037358641624,0.6512569487094879,0.12781668454408646,0.7334024725081656
334,2013.026974439621,3.818746344745159,3.536855618158976,0.1547072778145472,0.10226854383945465,0.01199539798932771,0.12771533230940502,0.7657309499929262,3.947374079376459,3.5760897397994995,0.1618371680378914,0.14518287777900696,0.022186201997101307,0.09176649898290634,0.6435685455799103,0.12757225334644318,0.790552272007023
335,2019.3268094062805,3.815032759308815,3.533650541305542,0.15344000061353047,0.10233110884825389,0.01198989781551063,0.12813709874947865,0.7425997058993573,3.955768421292305,3.587221145629883,0.16181471943855286,0.14381995797157288,0.02233960386365652,0.09193054586648941,0.6400319933891296,0.12762369960546494,0.7713981586347682
336,2025.6272094249725,3.8129815156261126,3.531992467244466,0.15394191841284435,0.10200904458761215,0.011982349740962187,0.12818022966384887,0.7356517357477668,3.9477250687777996,3.572855830192566,0.1619848534464836,0.14693840593099594,0.022271201945841312,0.09188148379325867,0.6469120383262634,0.12745030224323273,0.7473795292122797
337,2031.9081223011017,3.8119552746415137,3.531829833984375,0.15334726472695667,0.10172590414683023,0.011987029823164146,0.12843603740135828,0.7250224715285811,3.9484288208186626,3.5744751691818237,0.16198422759771347,0.1464807689189911,0.022413508035242558,0.09209278598427773,0.6459401547908783,0.12819509953260422,0.7331409829321782
338,2038.2286903858185,3.805072520673275,3.5262261867523192,0.15231049160162607,0.1013455440600713,0.011984305921941996,0.12868576347827912,0.6560332476833659,3.928895078599453,3.560937762260437,0.15918566286563873,0.1441822424530983,0.022322586737573147,0.09181013330817223,0.6412936747074127,0.12760312110185623,0.6282869132252248
339,2044.531902551651,3.8042504633466403,3.5244200547536213,0.15307882924874625,0.10164549698432286,0.011979210081820686,0.1287056197722753,0.731646181831226,3.9444784335792065,3.57222056388855,0.1618831381201744,0.14565815031528473,0.022075816988945007,0.09134190157055855,0.6451020836830139,0.1280604749917984,0.7800792213431198
340,2050.8284182548523,3.8013257066408794,3.5225778420766196,0.15291029413541157,0.10114635874827703,0.011951208456108968,0.1288585603237152,0.7353350625852013,3.919980876147747,3.5528626441955566,0.15904591977596283,0.1437976360321045,0.022327165119349957,0.09158605709671974,0.6396898627281189,0.12824201583862305,0.7458678930934983
341,2057.112030506134,3.7998328720529875,3.519982163111369,0.1522080769141515,0.10187333524227142,0.011985960649326444,0.12913953959941865,0.6665446428503542,3.9248256385326385,3.559834837913513,0.15969625115394592,0.1425713375210762,0.022155174985527992,0.09147920832037926,0.6333580017089844,0.1287136673927307,0.6699465886606865
342,2063.4120483398438,3.8001026660203934,3.5199838956197103,0.15295851230621338,0.1018197571237882,0.01194279924966395,0.12927213609218596,0.7995279560677908,3.9388156458735466,3.5689821243286133,0.16063182055950165,0.14475880563259125,0.022398408502340317,0.09175955876708031,0.6389737129211426,0.12898942828178406,0.816484923661287
343,2069.7048194408417,3.7955002864201863,3.515609041849772,0.15249978105227152,0.10182067702213923,0.011947192763909698,0.1294239898522695,0.817547486737363,3.9263338334858418,3.5603660345077515,0.15990907698869705,0.14300663024187088,0.022526662796735764,0.09198947250843048,0.6375840604305267,0.12888166308403015,0.8219452710321425
344,2075.980034351349,3.793115934729576,3.514324156443278,0.15188143849372865,0.1014255295197169,0.011952694909026226,0.12964697281519572,0.7383580883822358,3.9368734657764435,3.5710630416870117,0.1616639792919159,0.1424892172217369,0.022252850234508514,0.09124434739351273,0.6363719701766968,0.12882184982299805,0.7351982326837686
345,2082.268151283264,3.790844583014647,3.511806106567383,0.15213002065817516,0.10148673305908838,0.011940244414533178,0.12978982130686442,0.7903055598249583,3.9250830113887787,3.5582189559936523,0.16123682260513306,0.1431228220462799,0.022390750236809254,0.09119975939393044,0.6367775797843933,0.12913887947797775,0.8142725420849267
346,2088.5631141662598,3.7915449087818462,3.5127556482950846,0.15173745652039847,0.10146026611328125,0.011933531487981479,0.12997802595297495,0.714596372186829,3.933738984167576,3.562312602996826,0.1606292575597763,0.14555587619543076,0.022418980486690998,0.09126243740320206,0.6425989270210266,0.12957775592803955,0.6854670205050282
347,2094.840744495392,3.78111461152633,3.502630090713501,0.15064487357934317,0.10158104201157887,0.011932182405143977,0.1302586813767751,0.7190709341449488,3.9154417738318443,3.5510435104370117,0.159345343708992,0.1423627957701683,0.022359706461429596,0.09123934432864189,0.6345076262950897,0.12972377240657806,0.7216144888040147
348,2101.1362433433533,3.783214795589447,3.5042540868123373,0.15093146165211996,0.10174748897552491,0.011921183733890454,0.13032817840576172,0.7457878804098501,3.9222407899796963,3.5543947219848633,0.15880285948514938,0.14422231912612915,0.02227515261620283,0.09104244783520699,0.6395237445831299,0.12950248271226883,0.719591882259111
349,2107.4374322891235,3.7777436474959054,3.49876028696696,0.15020762681961058,0.10193977355957032,0.01193261002190411,0.13060335119565328,0.7549865510963346,3.903369527310133,3.53731107711792,0.15780695527791977,0.1435774862766266,0.022477990947663784,0.09121093526482582,0.6368598341941833,0.13000424951314926,0.7875752987997944
350,2113.7583723068237,3.7767864257097243,3.4985763231913247,0.15053595304489137,0.10147106299797694,0.011909773961330453,0.13066145777702332,0.7094887355811463,3.922366112470627,3.551655411720276,0.1592305302619934,0.14554771780967712,0.022236336022615433,0.09073598310351372,0.6441579461097717,0.13029151409864426,0.6792477743403091
351,2120.0685341358185,3.772657333314419,3.494614617029826,0.14997885922590892,0.10152664333581925,0.011897267835835616,0.13098996380964914,0.7159630921777905,3.9237943030893803,3.5531692504882812,0.1604934111237526,0.14518917351961136,0.022364892065525055,0.09076961502432823,0.642316609621048,0.13048113137483597,0.7353697491348556
352,2126.3423204421997,3.770143110056718,3.491461404164632,0.1504065364599228,0.10173921883106232,0.01192196849733591,0.13109440207481385,0.8119476667513221,3.902236845344305,3.5382715463638306,0.15692775696516037,0.14275071024894714,0.022153443656861782,0.09039684012532234,0.6358824074268341,0.13038016110658646,0.8233552264023393
353,2132.4663503170013,3.767435795068741,3.4894675254821776,0.14985698262850444,0.10151988913615545,0.011919098192205031,0.13122824529806773,0.7362596268686467,3.920536655932665,3.552887201309204,0.15993908792734146,0.14383995532989502,0.022508228197693825,0.09081513434648514,0.6386806964874268,0.13110508024692535,0.7242356642822836
354,2138.75275349617,3.767182136575381,3.489013147354126,0.14951064785321552,0.10170683264732361,0.011881306860595941,0.131527778506279,0.7201489071359645,3.9014536514878273,3.5359996557235718,0.15735040605068207,0.14338939636945724,0.022244617342948914,0.09041590616106987,0.6371835172176361,0.13096430152654648,0.7332367341149418
355,2145.040102481842,3.7681807229916253,3.4905235608418783,0.15010312994321187,0.10130279858907064,0.011947275542964538,0.1317212998867035,0.8426151965004585,3.9203059151768684,3.554960012435913,0.1599900871515274,0.14267542958259583,0.02211963664740324,0.09017797186970711,0.6360242962837219,0.13086914271116257,0.8244779134325
356,2151.3263642787933,3.755253299077352,3.478330405553182,0.14833762844403584,0.101377039651076,0.01192083948602279,0.13188020785649618,0.7119401942978344,3.8956498131155968,3.5300997495651245,0.15613247454166412,0.1437419131398201,0.022589276544749737,0.09075729548931122,0.6381524801254272,0.13143055140972137,0.7184852518728889
357,2157.6312363147736,3.7555701489249866,3.4786330699920653,0.14872327744960784,0.10128772010405858,0.011879584953809778,0.13208599289258321,0.7490555277236081,3.8830553740262985,3.520992875099182,0.15549993515014648,0.14215626567602158,0.02236589789390564,0.09039020910859108,0.6346385180950165,0.13172177225351334,0.746958000811016
358,2163.918225288391,3.752146060268084,3.4752790768941244,0.14803361296653747,0.10142508844534556,0.01186950970441103,0.13222070237000783,0.7235334368004853,3.882283993065357,3.5149847269058228,0.15487898886203766,0.1449298858642578,0.022478241473436356,0.09072596207261086,0.6396476328372955,0.13152634352445602,0.7206778797411811
359,2170.2045452594757,3.7515030056238174,3.4737853686014812,0.14849732716878256,0.10173448671897252,0.011875223570192854,0.13241720894972484,0.7898697402640076,3.895891185849905,3.52551531791687,0.15655451267957687,0.14604930579662323,0.022100151516497135,0.08984117954969406,0.6432521939277649,0.13166997581720352,0.8093736206427147
360,2176.621240377426,3.7469021012385686,3.4694393475850425,0.1476392149925232,0.10182157307863235,0.011882704263553024,0.13274365266164143,0.7307172800793592,3.896430693566799,3.53090238571167,0.15626390278339386,0.14369817823171616,0.02248496748507023,0.09002141281962395,0.6382997035980225,0.13230689615011215,0.7361262380102704
361,2183.077104330063,3.747986867527167,3.4710645993550617,0.14756748378276824,0.10156926314036051,0.011843012770016988,0.13291129569212595,0.6840916173324216,3.885854374617338,3.518697738647461,0.15571358054876328,0.1446499228477478,0.02222421206533909,0.08963137865066528,0.6415096521377563,0.13194068521261215,0.6697201443441054
362,2189.4258403778076,3.744563932220141,3.4675775369008384,0.14747520287831625,0.10162439694007237,0.011864086411272486,0.13287217617034913,0.7772932363441645,3.8936061151325703,3.529916763305664,0.1578037515282631,0.14239373803138733,0.021944213658571243,0.08936897665262222,0.6357426643371582,0.13208821415901184,0.7747689914251605
363,2195.7513291835785,3.7399370968341827,3.4638664086659747,0.14737541476885477,0.10119149039189021,0.011874467010299365,0.1331431210041046,0.7214847960808779,3.8728414587676525,3.506518840789795,0.15609627217054367,0.14413724094629288,0.022437740117311478,0.08978736773133278,0.6389909088611603,0.13288138061761856,0.6982986008750257
364,2202.063862323761,3.731557494401932,3.455754788716634,0.1465742588043213,0.10125778814156851,0.011830700173353156,0.1335353175799052,0.7382738226098858,3.864713355898857,3.5031661987304688,0.1557452380657196,0.14183726906776428,0.022309795022010803,0.08968599885702133,0.6311195492744446,0.1327071711421013,0.7443015484558151
365,2208.3661551475525,3.736565333604813,3.4599536895751952,0.1466704785823822,0.1016382023692131,0.011821016746883592,0.1335189332564672,0.6725319330247247,3.878022249788046,3.515501022338867,0.15528248995542526,0.14243999123573303,0.022130209021270275,0.08929366245865822,0.63539057970047,0.13338320702314377,0.7008201592566919
366,2214.6628873348236,3.731048492093881,3.4545555273691813,0.14640840192635854,0.10164438188076019,0.011835858800138037,0.1339109718799591,0.7608903599708301,3.8578259088099003,3.496337056159973,0.1530623808503151,0.1424788311123848,0.022294791415333748,0.0892213024199009,0.6357111930847168,0.13355782628059387,0.79909320096193
367,2221.037657260895,3.7254562730590504,3.449061568578084,0.14601950546105702,0.10169247587521871,0.011810904089361429,0.133939724167188,0.8859403125887272,3.856200732290745,3.4960912466049194,0.1554749757051468,0.14118599891662598,0.022202912718057632,0.08907637372612953,0.6338864266872406,0.1331980675458908,0.9562939788189496
368,2227.414555311203,3.7296127006411552,3.4535125096639,0.14644487003485362,0.10143887797991434,0.011832795199006796,0.13410248359044394,0.7404749687225851,3.853981789201498,3.4907296895980835,0.15381478518247604,0.14317235350608826,0.022244739346206188,0.08925190195441246,0.6375783085823059,0.133943572640419,0.7117505862137742
369,2233.8214433193207,3.719315985838572,3.443031326929728,0.1452477792898814,0.10183038463195165,0.011798993156601986,0.13447091976801553,0.7274559805943231,3.864077430218458,3.49863338470459,0.15244018286466599,0.14461197704076767,0.02224474400281906,0.0887945145368576,0.6404670476913452,0.13407918065786362,0.7109309896183347
370,2240.2190454006195,3.712224703033765,3.4379077593485516,0.14429088830947875,0.10108574976523717,0.011804919162144264,0.13445556660493216,0.6478144379610845,3.84383512660861,3.484955906867981,0.15155433863401413,0.14155102521181107,0.022231184877455235,0.08928493782877922,0.6323170065879822,0.134575255215168,0.6551754189238242
371,2246.5571553707123,3.7157305990656218,3.4410237153371175,0.14474027653535207,0.10116837273041407,0.01180480197072029,0.13486583133538563,0.6501476670981134,3.8428341522812843,3.4849308729171753,0.15238671004772186,0.14085496217012405,0.02215468417853117,0.08884229138493538,0.629516214132309,0.13422299921512604,0.6679316597189318
372,2252.8653802871704,3.71599852591753,3.439345041910807,0.1457868903875351,0.1018800194064776,0.011823549354448914,0.13506125410397848,0.9269564017034249,3.8496290035545826,3.4924200773239136,0.15443212538957596,0.13999643176794052,0.022006627172231674,0.08873266726732254,0.6299075186252594,0.13487159460783005,1.0087062713500614
373,2259.2949573993683,3.709874728322029,3.434579531351725,0.1449859122435252,0.10140112042427063,0.011795586487278343,0.13520892957846323,0.8763424155948777,3.8480079770088196,3.487014889717102,0.15362083911895752,0.14209133386611938,0.022453496232628822,0.08899131417274475,0.6325112879276276,0.1349712237715721,0.8794720311148053
374,2265.5774784088135,3.7084407394131023,3.4326851844787596,0.14468310574690502,0.1017070010304451,0.011774957599118351,0.1354336480299632,0.8028246426471205,3.847679778933525,3.488115429878235,0.15189504623413086,0.1418084129691124,0.02231484930962324,0.08886207267642021,0.6331729888916016,0.1350109875202179,0.7322191374122546
375,2271.771988391876,3.707993475099405,3.431435219446818,0.14502752323945364,0.1020222470164299,0.011777060789366562,0.13559884925683338,0.9334674897388997,3.845531951636076,3.484184980392456,0.15382026880979538,0.14221841841936111,0.022197837941348553,0.08856232464313507,0.6348240971565247,0.13523024320602417,0.9672381070454288
376,2277.926373243332,3.7035612712303796,3.4287425835927325,0.14436358213424683,0.10131844828526179,0.011780178857346375,0.13568831384181976,0.8118326346174503,3.846278339624405,3.4805206060409546,0.15211835503578186,0.1448492780327797,0.02232479304075241,0.08872845396399498,0.6386416554450989,0.1355389654636383,0.8035909472414751
377,2284.0811772346497,3.696686048805714,3.4223820686340334,0.14339589377244313,0.10130301664272943,0.01176549717783928,0.136125976840655,0.7856248052499422,3.8295941799879074,3.474029541015625,0.15100762248039246,0.1400304138660431,0.022202000953257084,0.0885174497961998,0.6273959577083588,0.13555646687746048,0.7543371770874034
378,2290.1789944171906,3.696278855204582,3.4216728687286375,0.14278932611147563,0.10160566171010335,0.011790782554696004,0.13624235093593598,0.6981219656330321,3.8318389095366,3.469146966934204,0.1508578434586525,0.14363151043653488,0.02215113677084446,0.08846240118145943,0.6395328342914581,0.13603521883487701,0.7089367031614894
379,2296.2877972126007,3.6902657344937326,3.4160564104715982,0.1420573800802231,0.1015903169910113,0.011761133310695488,0.13638726075490315,0.7442940555246896,3.8232872635126114,3.4641743898391724,0.15094810724258423,0.14181941002607346,0.022381598129868507,0.08838192746043205,0.6324642300605774,0.13599888235330582,0.7364887267457079
380,2302.3659043312073,3.686931586265564,3.4128255367279055,0.14224385619163513,0.10149206072092057,0.01176068396307528,0.13666010200977324,0.7556428010782273,3.826272040605545,3.4674057960510254,0.1494511067867279,0.14207034558057785,0.022123201750218868,0.08804935589432716,0.6327774822711945,0.13596882671117783,0.7381823997865079
381,2308.4581372737885,3.6877673521637915,3.412734111150106,0.1424329330523809,0.1019083872437477,0.011742848126838604,0.13674652874469756,0.7675606575260441,3.812444221228361,3.453891396522522,0.1513247713446617,0.14144521951675415,0.022231965325772762,0.08829721808433533,0.6310535371303558,0.13641357421875,0.7760696005932044
382,2314.5323152542114,3.683248967429002,3.408786487579346,0.1424242963393529,0.10162516583998998,0.011743220733478665,0.1369934340318044,0.9116160735025164,3.8292877934873104,3.465563654899597,0.151786707341671,0.14391539245843887,0.022235135547816753,0.08806071057915688,0.6371423304080963,0.13598702102899551,0.906969053273472
383,2320.6369245052338,3.6835545847813287,3.4091710567474367,0.14313602050145466,0.10140775889158249,0.011775267325962584,0.13718793292840323,0.9510698404262212,3.8242327384650707,3.4640601873397827,0.15203704684972763,0.1420770138502121,0.021904286928474903,0.08762584999203682,0.6356040239334106,0.13632184267044067,0.9878152682477612
384,2326.786547422409,3.680613602697849,3.4069652557373047,0.1419235775868098,0.10134327908356984,0.011735630066444477,0.13761105636755624,0.7879349395393231,3.8140453062951565,3.451911687850952,0.1488376185297966,0.14385740458965302,0.02220164891332388,0.08775894716382027,0.6379953920841217,0.1369680091738701,0.7792824152462831
385,2332.9792141914368,3.6756714647014936,3.4022128582000732,0.14113753736019136,0.10144491891066233,0.01178799547875921,0.13766091565291086,0.7367167012974754,3.7987679094076157,3.4438995122909546,0.1492348313331604,0.14012549072504044,0.022614181973040104,0.08885561674833298,0.6271685063838959,0.13702020049095154,0.7669254902961451
386,2339.0751752853394,3.6729961345593134,3.399266306559245,0.14121119578679403,0.10156211505333583,0.011732336832210422,0.1377959539492925,0.8348479255792595,3.8377582132816315,3.468430995941162,0.15107756853103638,0.14689421653747559,0.02225147094577551,0.08817008882761002,0.6446678340435028,0.1379454955458641,0.8684915836798593
387,2345.356557369232,3.676162626842658,3.402204704284668,0.14081867039203644,0.10177429368098577,0.011767648191501697,0.13810036877791088,0.6722310257366524,3.810468804091215,3.4470866918563843,0.14926283806562424,0.14437534660100937,0.022018724121153355,0.08758583292365074,0.6411873996257782,0.1377715766429901,0.6463707725654513
388,2351.651597261429,3.666300357878208,3.394473171234131,0.14022862017154694,0.10085643827915192,0.011746598376582066,0.13826632897059124,0.6767471616268353,3.8100042305886745,3.4481868743896484,0.14859970659017563,0.14375875145196915,0.022516580298542976,0.0877000093460083,0.6391116082668304,0.13803181797266006,0.668117611934741
389,2357.9430022239685,3.664808929959933,3.3917531808217367,0.14087379574775696,0.10130942563215892,0.01171268451338013,0.13855935335159303,0.8579074136334929,3.786472663283348,3.430845618247986,0.14667952060699463,0.14114364236593246,0.02240266092121601,0.08759332075715065,0.6316058337688446,0.13834484666585922,0.9281712399405164
390,2364.242920398712,3.661597326894601,3.3889336744944254,0.13956404825051624,0.1014408141374588,0.011718823046733936,0.13870497147242228,0.7240459819016555,3.8107865788042545,3.4509412050247192,0.15058020502328873,0.14227763563394547,0.02213097084313631,0.08739528432488441,0.6343860030174255,0.13844970613718033,0.7273351036215022
391,2370.5337932109833,3.660754969219367,3.3882603009541827,0.14034636120001476,0.10116074383258819,0.01171455776008467,0.1388919820388158,0.6634322639942081,3.811798870563507,3.44592022895813,0.14935457706451416,0.14560067653656006,0.022335377521812916,0.08739292249083519,0.6427145302295685,0.13809315115213394,0.6645401971884699
392,2376.8406994342804,3.661208476622899,3.388566176096598,0.14030009508132935,0.1012461264928182,0.011700172179068128,0.13911290268103282,0.7605004013165142,3.800917997956276,3.4450013637542725,0.14818745851516724,0.14091145247220993,0.02225822862237692,0.08722547069191933,0.6317391395568848,0.13903553038835526,0.7814508902278697
393,2383.123850107193,3.6555081978440285,3.3826213041941324,0.13962548077106476,0.1015370766321818,0.011694274314989647,0.13922233084837596,0.7784059335663006,3.7948317900300026,3.4317091703414917,0.1479651778936386,0.1445700153708458,0.022079682908952236,0.0872957706451416,0.639925092458725,0.13925804197788239,0.7974564871994425
394,2389.4210991859436,3.6561972985665006,3.382882579167684,0.14051408767700196,0.10152883778015773,0.011733126236746709,0.13948817253112794,0.7584089916451215,3.781344100832939,3.423695206642151,0.14710190892219543,0.14204896986484528,0.022094602696597576,0.0869622640311718,0.6341883838176727,0.1389370560646057,0.7630638739478848
395,2395.6918244361877,3.648449261983236,3.376182206471761,0.13916803201039632,0.10134151975313822,0.011678201705217361,0.13982204894224803,0.7769289243137443,3.7829801328480244,3.421778678894043,0.14560750871896744,0.14419884979724884,0.022160624153912067,0.08685695752501488,0.6397179663181305,0.13979654759168625,0.7320721278693075
396,2402.0269782543182,3.646333681543668,3.3734661897023517,0.1385552207628886,0.10179494072993596,0.01168970987200737,0.1399710287650426,0.6933244425753754,3.7894422225654125,3.4313188791275024,0.1471385583281517,0.14227703213691711,0.022267797030508518,0.087176114320755,0.6343938410282135,0.1399286761879921,0.7057908420211704
397,2408.394012451172,3.6446591511368753,3.3720661958058673,0.13872425258159637,0.10161541452010472,0.011682312857980529,0.1401842991511027,0.7334423587112855,3.7898904271423817,3.428492546081543,0.1468147709965706,0.1439952477812767,0.022130333818495274,0.08671844378113747,0.6388028562068939,0.13960588723421097,0.703905329423485
398,2414.6967554092407,3.6381637051701547,3.364879035949707,0.13788722852865856,0.10217052747805913,0.011697552353143691,0.14054215451081595,0.7375062151041614,3.7701791003346443,3.4105578660964966,0.14540602266788483,0.14345911145210266,0.02235422097146511,0.08727157860994339,0.6367442905902863,0.14032766968011856,0.7073147291587384
399,2421.012217283249,3.6387362206975618,3.366396681467692,0.13826912144819895,0.10160248925288519,0.011699474370107054,0.14060753087202707,0.7559599303246672,3.760404620319605,3.403920531272888,0.144992895424366,0.14199382066726685,0.022006376646459103,0.08638903498649597,0.6334277391433716,0.14031947404146194,0.7693732740139986
400,2427.330685377121,3.641658170024554,3.368488868077596,0.1387602726618449,0.10189458280801773,0.011672072780008117,0.14092458883921305,0.7911301855441086,3.785501230508089,3.4216824769973755,0.1467490866780281,0.14522210508584976,0.02207860443741083,0.08672680333256721,0.6423502862453461,0.14064493775367737,0.7772778194346326
401,2434.408749103546,3.6122496041158834,3.3585846424102783,0.10014399339755377,0.10179648250341415,0.011676491579661767,0.1411503364642461,0.36811716919767495,3.7423303369432688,3.4020841121673584,0.10367255285382271,0.1442049741744995,0.022266478277742863,0.086582250893116,0.6374492049217224,0.1410265564918518,0.36878418880988784
402,2440.741576194763,3.630705547829469,3.3572659492492676,0.1374782830476761,0.10235022852818171,0.011676273712267479,0.14128385484218597,0.7005386549735487,3.7857243455946445,3.4223588705062866,0.1462496593594551,0.14512032270431519,0.02236888650804758,0.08719251677393913,0.6426592767238617,0.1411091536283493,0.7333186867048571
403,2447.029048204422,3.624886754155159,3.3532663186391196,0.1369015117486318,0.10158483982086182,0.011657511442899704,0.14155045449733733,0.6840026131087399,3.7626876197755337,3.401119828224182,0.14412757009267807,0.14475200325250626,0.022200822830200195,0.08646391704678535,0.6403171718120575,0.1412903368473053,0.6978464437109314
404,2453.2893393039703,3.6237320189674693,3.3510268529256186,0.13663805623849232,0.10219306896130244,0.011648688248048227,0.14177457690238954,0.7393241234598998,3.771054893732071,3.4080004692077637,0.14528244733810425,0.14520660042762756,0.022067924961447716,0.08623878285288811,0.6411440670490265,0.14124209433794022,0.7225564472918886
405,2459.5608031749725,3.6240226462483407,3.3510852972666423,0.13716362416744232,0.1021777684489886,0.011647079046815634,0.14202327628930408,0.7552967770386553,3.757102869451046,3.3965835571289062,0.14475224912166595,0.14407159388065338,0.02221214398741722,0.08647352829575539,0.6391801536083221,0.14202050119638443,0.7870399076701717
406,2465.8375680446625,3.620051614443461,3.3482208569844563,0.13675546050071716,0.10172651360432307,0.0116794278845191,0.1422094742457072,0.8134559319931242,3.7732124626636505,3.406268358230591,0.14561349153518677,0.14706867933273315,0.02199491672217846,0.08613856136798859,0.6476605534553528,0.1422044113278389,0.8091355930049279
407,2472.1066040992737,3.61581295132637,3.3436450322469073,0.13619505167007445,0.10203519662221273,0.011655004477749269,0.14241509437561034,0.7801913827624374,3.7532221749424934,3.3937867879867554,0.14355535805225372,0.1438288539648056,0.022151964716613293,0.08647575601935387,0.6376605331897736,0.14232102036476135,0.7876391285870665
408,2478.3871591091156,3.6138106659054756,3.34194073677063,0.136334956685702,0.10185122539599736,0.011637088842689991,0.14255815943082173,0.746880176334628,3.7532023191452026,3.396316885948181,0.14383071660995483,0.14248503744602203,0.02228183951228857,0.08642485737800598,0.6339406967163086,0.14219069480895996,0.7692738932514478
409,2484.7732751369476,3.6087694575389224,3.3364078044891357,0.1353480637073517,0.10234381059805552,0.011630641917387644,0.14296099046866098,0.6457665855414307,3.7450705766677856,3.3875902891159058,0.14305341243743896,0.1429767906665802,0.02207894343882799,0.08613767847418785,0.6348713636398315,0.142813079059124,0.6336916125383506
410,2491.0508012771606,3.607584280272325,3.3366357485453286,0.13559284309546152,0.10157605508963267,0.011630911085133751,0.14304866592089335,0.6612059009166436,3.7398036420345306,3.3794716596603394,0.14223513007164001,0.14460720866918564,0.022189361043274403,0.08622950315475464,0.6397382616996765,0.1427709385752678,0.716218759609514
411,2497.329040288925,3.601526005069415,3.3296708424886066,0.13556886712710062,0.10203536450862885,0.011651887294525902,0.14330636858940124,0.7966440087969283,3.7481771409511566,3.3860327005386353,0.14268922805786133,0.14539991319179535,0.02233161684125662,0.08639687672257423,0.640168160200119,0.14298223704099655,0.7644881290474361
412,2503.625339269638,3.6011042083303133,3.3301473299662274,0.13501077791055044,0.10172574470440547,0.011616642291968068,0.14360492527484894,0.7387027808884132,3.7401439137756824,3.3807082176208496,0.14198166877031326,0.1442224308848381,0.022137117572128773,0.08580446243286133,0.638841837644577,0.14344081282615662,0.762066806421943
413,2509.912414073944,3.601212710638841,3.3292925198872885,0.135549067457517,0.10207282851139704,0.011643002120157083,0.1436439355214437,0.8133588802683095,3.747533392161131,3.387235403060913,0.14478563517332077,0.14395258575677872,0.021792017854750156,0.08549610525369644,0.6389510333538055,0.14379673451185226,0.8015737866342819
414,2516.20020031929,3.5983827615777653,3.327652359008789,0.1354783703883489,0.10149560868740082,0.011612955542902152,0.1440039058526357,0.855412271214607,3.722489807754755,3.363142967224121,0.14075351506471634,0.14448504149913788,0.022123008966445923,0.08562148362398148,0.6394348740577698,0.1437864452600479,0.8615177374926131
415,2522.481111049652,3.5924867138266565,3.32090311050415,0.13449443678061168,0.10216819246610005,0.01165382134107252,0.14419634540875753,0.7664730378318303,3.7362183704972267,3.3756593465805054,0.14210854470729828,0.1447523757815361,0.022372301667928696,0.08623673021793365,0.6401799023151398,0.14394240826368332,0.7395749511777193
416,2528.7789781093597,3.5931556026140847,3.3216011842091877,0.13483216563860576,0.1020691677927971,0.01161557015342017,0.14433295528093973,0.8335781021159597,3.7313040420413017,3.372746229171753,0.14254699647426605,0.14364215731620789,0.02196039166301489,0.08563686907291412,0.6390104591846466,0.14429425448179245,0.8573909904095963
417,2535.054610967636,3.5911738286415735,3.3196441968282064,0.13476225932439168,0.10207425107558568,0.011642909701913595,0.14467371900876363,0.8203196463487578,3.7381273359060287,3.3736711740493774,0.14231619238853455,0.14664903283119202,0.02181864809244871,0.08535436168313026,0.6446286141872406,0.1445806622505188,0.845628107271378
418,2541.3308300971985,3.5850112294157346,3.315237553914388,0.1339442084232966,0.10140078564484914,0.011587728451316556,0.14489811261494953,0.7192578915727182,3.7295316457748413,3.370498776435852,0.1418994665145874,0.14404156804084778,0.022104780189692974,0.08541950583457947,0.6387249827384949,0.14446847140789032,0.7031472090269955
419,2547.596348285675,3.581453963617484,3.3112932523091634,0.13324442207813264,0.10176925013462702,0.011598171914617221,0.14511024355888366,0.7369290511076704,3.7151757031679153,3.3556352853775024,0.14169460535049438,0.14434655755758286,0.022225072607398033,0.08568892255425453,0.638885885477066,0.14485787600278854,0.7401551583985462
420,2553.9464042186737,3.5793768520156544,3.3087587356567383,0.13372246126333873,0.1018784428636233,0.011607961232463519,0.14535107413927714,0.7284501493338198,3.7040591090917587,3.3456588983535767,0.13969111442565918,0.14427732676267624,0.02228832058608532,0.08584164455533028,0.6391700208187103,0.14497849345207214,0.7212588647776654
421,2560.241414308548,3.5764629657069844,3.3066980679829916,0.1335864136616389,0.1014858454465866,0.011599847953766585,0.14554714560508727,0.8165111892041582,3.714268859475851,3.3547967672348022,0.1414152905344963,0.14438222348690033,0.022226068191230297,0.08554871752858162,0.6390708088874817,0.14516502618789673,0.8320099228099517
422,2566.5311002731323,3.573040150105953,3.303063996632894,0.13322181006272635,0.10168262422084809,0.011590980645269155,0.1458687613407771,0.8351342135288141,3.7080271244049072,3.350012421607971,0.14024081826210022,0.14394714683294296,0.022095603868365288,0.08549381792545319,0.6385798752307892,0.14537731558084488,0.8590519361588882
423,2572.8096539974213,3.5765088761846227,3.3060976187388103,0.13396172026793163,0.10171519865592321,0.011608374305069447,0.1460893561442693,0.8143319279779794,3.7065309956669807,3.345010995864868,0.13995526731014252,0.14577118307352066,0.022084261290729046,0.0851769670844078,0.6419616043567657,0.1456753984093666,0.8082379318013755
424,2579.0718710422516,3.5690169761578243,3.298828713099162,0.13264868060747784,0.10193196137746176,0.01158240099127094,0.1462768018245697,0.7264154950890749,3.699954532086849,3.341038703918457,0.14046038687229156,0.1443428173661232,0.022118844091892242,0.08532316610217094,0.6381816864013672,0.14567283540964127,0.7515432611684582
425,2585.343486070633,3.563876331349214,3.293708086013794,0.13256071309248607,0.10194394439458847,0.011577305989339948,0.14647971192995707,0.8714579919134912,3.6877469308674335,3.3325260877609253,0.13992268592119217,0.14262975007295609,0.02201155573129654,0.08506236970424652,0.6357985436916351,0.14620937407016754,0.8492062914753893
426,2591.6154601573944,3.569928119579951,3.299833377202352,0.13351962566375733,0.1016674647728602,0.011597088444977999,0.14673073788483937,0.8038121528669234,3.7027596682310104,3.3402597904205322,0.14112713932991028,0.14596815407276154,0.021936376579105854,0.08486438915133476,0.6441091001033783,0.14637219160795212,0.802252242089647
427,2597.9219901561737,3.5628800521294277,3.2920183817545574,0.133114755153656,0.10215214639902115,0.011573239462450147,0.1470175266265869,0.9066523642027401,3.7114946953952312,3.3449712991714478,0.1423114761710167,0.14768382906913757,0.02211262658238411,0.08488846942782402,0.6480116844177246,0.14659935235977173,0.9271315265588174
428,2604.1909470558167,3.563993669052919,3.2927168210347495,0.13391423324743906,0.10215986569722493,0.011568409654622277,0.14718744655450186,0.9966885545382798,3.693448703736067,3.336241126060486,0.13921048492193222,0.14380116760730743,0.022044559940695763,0.08506697788834572,0.6372462511062622,0.14663498848676682,0.995538240839379
429,2610.4520812034607,3.55662058716019,3.286825450261434,0.13145270198583603,0.10203439295291901,0.011566330833981434,0.14748003482818603,0.6743007680917085,3.68716898933053,3.328689932823181,0.13841775804758072,0.14463508874177933,0.022121637128293514,0.0848197266459465,0.6403863728046417,0.14689336717128754,0.647313024320155
430,2616.755120277405,3.5559169953068097,3.2853374163309734,0.13195841411749523,0.10230018595854441,0.01157195409759879,0.14768240054448445,0.7089674428501479,3.6950889602303505,3.3319554328918457,0.14006350934505463,0.14655088633298874,0.022192873992025852,0.08500521257519722,0.64601069688797,0.1470765322446823,0.7418913261512934
431,2623.026274204254,3.555369979143143,3.284885787963867,0.1319638669490814,0.1022511288523674,0.01157745694120725,0.14785514175891876,0.8367358221394147,3.699423313140869,3.340377926826477,0.14055222272872925,0.14438463747501373,0.021931693889200687,0.08472509309649467,0.6401110887527466,0.1475316807627678,0.8460843965910492
432,2629.2930319309235,3.5526630500952403,3.2831551233927407,0.13179334004720053,0.10180562833944956,0.011564087277899185,0.14812147120634714,0.8013954849062482,3.68380706012249,3.324943423271179,0.13878905773162842,0.14473455399274826,0.021885019727051258,0.08464546129107475,0.6402822136878967,0.14774321019649506,0.7901780979310024
433,2635.5729491710663,3.5474033832550047,3.2777875900268554,0.13104869723320006,0.10204572230577469,0.01155913930075864,0.1483599712451299,0.7752712964038557,3.68219305947423,3.3186169862747192,0.1368606761097908,0.1475728675723076,0.022209794260561466,0.08490022271871567,0.6484872102737427,0.14795666188001633,0.7733813653433879
434,2641.8503901958466,3.544140361994505,3.274724340438843,0.13047796934843064,0.10208851844072342,0.011564689346899588,0.14861111144224803,0.6906043812244729,3.678568009287119,3.3192830085754395,0.1377790942788124,0.14519772678613663,0.022220086306333542,0.08484265580773354,0.6407496631145477,0.14820393919944763,0.7074650707855963
435,2648.1378240585327,3.542048428207636,3.272924709320068,0.13072166591882706,0.101881442964077,0.011543838260695338,0.1486900508403778,0.720134125355323,3.6720636896789074,3.309438943862915,0.13775082677602768,0.14687466621398926,0.021891294047236443,0.08466111868619919,0.6453008949756622,0.14837001264095306,0.7083620400559439
436,2654.402974128723,3.537950033446153,3.2691765149434406,0.13027601341406506,0.10181775589783987,0.011553226380298535,0.14909179806709288,0.6587046826875899,3.6851599849760532,3.319185256958008,0.1374300792813301,0.14862984418869019,0.022037354297935963,0.08450644463300705,0.651287317276001,0.14874447882175446,0.6458950668225528
437,2660.6722350120544,3.5371419536570707,3.2678229808807373,0.13003598799308141,0.10215048938989639,0.011558764241635799,0.14922357797622682,0.7491651973764119,3.6743189841508865,3.314552068710327,0.1383017599582672,0.1453080177307129,0.022135608829557896,0.0846417173743248,0.6418357193470001,0.1485099270939827,0.7633786037964728
438,2666.947167158127,3.5335607257982096,3.264237880706787,0.12992906123399733,0.10217915723721187,0.01156775349130233,0.14942659536997477,0.7667213021780176,3.6672057397663593,3.309645652770996,0.13679007440805435,0.14458252489566803,0.021846752613782883,0.08434056490659714,0.6403051018714905,0.14901158213615417,0.7798889321989173
439,2673.21999001503,3.5284540419777235,3.259791533152262,0.12947383423646291,0.10196279585361481,0.011592694791033864,0.14978108803431192,0.6909267007526139,3.6570203714072704,3.30040442943573,0.13641633838415146,0.14420388638973236,0.022266537882387638,0.08481733873486519,0.6388011574745178,0.1494649276137352,0.6761809885908526
440,2679.5067772865295,3.5226237138112384,3.2545102278391522,0.12927473386128743,0.10173805952072143,0.011534608046834668,0.14996815323829651,0.7190867739319846,3.679315935820341,3.315942883491516,0.13782378286123276,0.1472305804491043,0.022066690027713776,0.08449233323335648,0.646664947271347,0.14979823678731918,0.718494024762741
441,2685.784200191498,3.5265870064496996,3.2574673970540364,0.1297698974609375,0.1021173303325971,0.011551915497208635,0.15024397969245912,0.7816486165109555,3.6495681032538414,3.2908387184143066,0.13650856912136078,0.14523755013942719,0.021910780109465122,0.0841761864721775,0.6405589878559113,0.14960432052612305,0.8292001101995151
442,2692.118903160095,3.5231559907396632,3.254015843073527,0.13037905395030974,0.10197531034549077,0.011535041080787779,0.15045920113722483,0.9192875362292531,3.6598600521683693,3.2973790168762207,0.1366044133901596,0.1470894142985344,0.02179824188351631,0.08394159004092216,0.6463073790073395,0.15014253556728363,0.9102773627517688
443,2698.4007370471954,3.5229215741157534,3.254478168487549,0.12954477270444234,0.10183550963799158,0.011525742445761959,0.15061344504356383,0.787030850918723,3.6707616932690144,3.3067506551742554,0.13743630796670914,0.1476464420557022,0.02191170770674944,0.08396041393280029,0.649271696805954,0.15024954825639725,0.7642670837519194
444,2704.6726472377777,3.5136416383087634,3.2453236897786457,0.12911646912495295,0.1018798569838206,0.01152792057643334,0.150844943523407,0.7897713369834505,3.660508781671524,3.295103669166565,0.13681620359420776,0.1484985053539276,0.022055482491850853,0.08443520218133926,0.6504650712013245,0.1501057967543602,0.7960658804271967
445,2710.947591304779,3.5132353574037554,3.245601765314738,0.1287626842657725,0.10162612497806549,0.011534496132905284,0.15112299223740897,0.7535783001204249,3.651149220764637,3.290778636932373,0.1367460936307907,0.1459987685084343,0.02213953621685505,0.08433641120791435,0.6417722105979919,0.15066900104284286,0.7707691577253646
446,2717.239410161972,3.5090468312303225,3.241921869913737,0.12876685361067455,0.10137076725562413,0.011521575103203455,0.151207572221756,0.8488392861794303,3.651852998882532,3.2862294912338257,0.13661015778779984,0.14865921437740326,0.02203532960265875,0.08446792513132095,0.6498045921325684,0.15091622620821,0.8493002964973453
447,2723.5184841156006,3.507870091497898,3.2397658665974935,0.1286188135544459,0.10189740906159082,0.011520704347640276,0.1515651027361552,0.8301827000071271,3.648716300725937,3.2850314378738403,0.1356915533542633,0.14791954308748245,0.022004890255630016,0.0840841792523861,0.6473402976989746,0.151151642203331,0.8245120492127652
448,2729.797247171402,3.506376515328884,3.238090181350708,0.12811689873536428,0.102113942305247,0.011516653591146071,0.1518097867568334,0.7700315727194739,3.6400301419198513,3.2757145166397095,0.13467829674482346,0.14848823845386505,0.021806457079946995,0.08363025635480881,0.6495185792446136,0.15143036842346191,0.7868792790406293
449,2736.0725371837616,3.500980486969153,3.2341573874155682,0.12778388957182565,0.10146557738383612,0.011504774494096637,0.15201079348723093,0.6738290589769239,3.649620983749628,3.2874200344085693,0.1360543742775917,0.14708688110113144,0.021847322583198547,0.08356622606515884,0.6456873714923859,0.15155529230833054,0.6794764675482974
450,2742.359763145447,3.502695157875617,3.234891716639201,0.12768091509739557,0.10198149184385935,0.011536478872100513,0.15226898888746898,0.6743533839009207,3.6433813869953156,3.27863872051239,0.1352841556072235,0.14855029433965683,0.021733572706580162,0.08339809998869896,0.6499777436256409,0.15174344927072525,0.6450793216764519
451,2748.645341396332,3.49574856882294,3.229073095321655,0.12718038807312648,0.10154263973236084,0.011493405994648735,0.15257307986418406,0.7475046656151325,3.6319234296679497,3.2675586938858032,0.13429681956768036,0.14860816299915314,0.021986030973494053,0.08363122120499611,0.6515181958675385,0.1519404500722885,0.7608158668246967
452,2754.944120168686,3.496486116697391,3.2287678400675457,0.12754588971535366,0.10197266588608424,0.011515440015743176,0.15266824165980022,0.8318999197757441,3.6306050308048725,3.2721840143203735,0.13442368060350418,0.14560458809137344,0.021875526756048203,0.08356203511357307,0.6425021290779114,0.15229248255491257,0.8428141041678096
453,2761.3099410533905,3.4890739895403384,3.2216630458831785,0.12702713559071224,0.10194868793090185,0.011504311487078667,0.15289192994435627,0.7619479786059604,3.627153769135475,3.2634685039520264,0.1343056559562683,0.14826621860265732,0.02205403335392475,0.0836053341627121,0.649030864238739,0.15263084322214127,0.735245801844994
454,2767.598024368286,3.4885081268846987,3.2210245927174888,0.12724940925836564,0.10192941476901372,0.011505438107997179,0.15319368441899617,0.7614502860904382,3.628151837736368,3.262191653251648,0.13515327125787735,0.14919177442789078,0.021883219480514526,0.08360431343317032,0.6507708132266998,0.15285620838403702,0.8011715834476114
455,2773.8788821697235,3.4842851385474205,3.217599328358968,0.12699285447597503,0.10159469147523244,0.011500595634182294,0.15348741312821707,0.8444791163460194,3.6195020973682404,3.2555636167526245,0.13344630599021912,0.14860766381025314,0.02189186867326498,0.0833694338798523,0.650129109621048,0.15297961980104446,0.8185336589017618
456,2780.1575071811676,3.481176065901915,3.214588165283203,0.1272771030664444,0.10147467454274496,0.011496570675323408,0.15358230074246723,0.9190557329699367,3.625353440642357,3.26426362991333,0.13398858904838562,0.147047758102417,0.022034872323274612,0.08365152031183243,0.6452547311782837,0.15341343730688095,0.933462133901493
457,2786.4392812252045,3.478273280461629,3.2120185534159345,0.12663623690605164,0.10146830429633459,0.011494253948330879,0.15392957925796508,0.8289185731758529,3.6097590159624815,3.2480193376541138,0.13304012641310692,0.14760980755090714,0.021827937103807926,0.08329876139760017,0.6467643976211548,0.15360241383314133,0.8001507596978893
458,2792.715252161026,3.472907056907813,3.20709122021993,0.12592820227146148,0.101425867776076,0.01151358736678958,0.1540949950615565,0.758259436455179,3.6037133503705263,3.2429033517837524,0.1330382563173771,0.14714543521404266,0.021976645104587078,0.08344586566090584,0.6463833749294281,0.15373442322015762,0.7648223391072763
459,2798.999984264374,3.4707607028385,3.205044889450073,0.12586558411518733,0.10139151066541671,0.011516467994078993,0.15435405870278676,0.7400919217716315,3.629659306257963,3.2620983123779297,0.13435932248830795,0.15019066631793976,0.02190454676747322,0.08323078602552414,0.6535884141921997,0.15411801636219025,0.6964532616574755
460,2805.2668952941895,3.468938662856817,3.202671416600545,0.12586097766955692,0.10166837871074677,0.011491256191705664,0.15464827517668406,0.8668116119023985,3.6102438122034073,3.2474478483200073,0.13342303037643433,0.1480422243475914,0.021889151073992252,0.08309699594974518,0.6479597985744476,0.15410219877958298,0.8846366973085378
461,2811.5550611019135,3.468505176405112,3.20185923576355,0.126153360803922,0.10178463011980057,0.011487697220096986,0.15480913321177164,0.8531054474220918,3.6152376644313335,3.2490854263305664,0.13279738277196884,0.14987677335739136,0.021754760295152664,0.08284523338079453,0.6519923508167267,0.154494047164917,0.835396381287994
462,2817.8367862701416,3.4632193319499494,3.1982425530751546,0.12528803199529648,0.1011663814385732,0.011490797670558096,0.1549717346827189,0.7757333688168339,3.6052221097052097,3.2399301528930664,0.13320327550172806,0.14934515953063965,0.022054067812860012,0.08315830677747726,0.6495658755302429,0.1546727418899536,0.7978535208640903
463,2824.11311006546,3.462706342836221,3.197146701812744,0.12614725331465404,0.10124300718307495,0.011487174639478325,0.1553247054417928,0.9664999062923333,3.5985269472002983,3.239175319671631,0.13289545476436615,0.1464519500732422,0.02192041277885437,0.08316100016236305,0.6435783803462982,0.15497663617134094,0.9372435467971684
464,2830.401972055435,3.4603392260770005,3.1946791648864745,0.1254659170905749,0.10146355132261912,0.011489158651481072,0.15554291407267254,0.8255101043239926,3.6052222549915314,3.2379379272460938,0.1323656141757965,0.15055076032876968,0.02168003562837839,0.08271852880716324,0.6538440883159637,0.15503854304552078,0.7797438952778256
465,2836.7169921398163,3.4556814608474573,3.190421438217163,0.12511243770519892,0.10135190188884735,0.011471177311614155,0.15574734111626942,0.8975281312110776,3.5999744404107332,3.2340807914733887,0.13246924057602882,0.14982951432466507,0.02189551666378975,0.0828353725373745,0.6515238285064697,0.15514422208070755,0.9434197406403649
466,2843.003555059433,3.4503290365139643,3.186070426305135,0.12400967876116435,0.10112688541412354,0.011485388005773227,0.15606114168961843,0.7021394707925435,3.5968265496194363,3.2352524995803833,0.13139357417821884,0.14793863147497177,0.02183270826935768,0.08312996849417686,0.6485922634601593,0.1555444374680519,0.6674114204683054
467,2849.2902421951294,3.451871277143558,3.18692307472229,0.12457981357971827,0.10132914781570435,0.011471942951902746,0.1561828871568044,0.783301895254205,3.58703082613647,3.2240625619888306,0.13127228245139122,0.14866606146097183,0.021923856809735298,0.08283106610178947,0.6495582759380341,0.15560994297266006,0.7887289264384318
468,2855.5623712539673,3.449495691806078,3.184238052368164,0.12442377358675002,0.10152287632226945,0.011469309000919263,0.15643006861209868,0.8181917933762791,3.5877013131976128,3.225460171699524,0.1310342699289322,0.14836200326681137,0.021880194544792175,0.08281923085451126,0.6486375033855438,0.15596260875463486,0.8056541392010518
469,2861.852685213089,3.4480074646572274,3.1833023548126222,0.12408512681722642,0.10133127321799597,0.011478923711304862,0.1567241758108139,0.7930185718524316,3.583419505506754,3.2229692935943604,0.13020456582307816,0.14767396450042725,0.02182935643941164,0.08257665112614632,0.646749347448349,0.15629789978265762,0.7791768468176927
470,2868.1012301445007,3.449808498720328,3.183641529083252,0.12478302220503489,0.1018877292672793,0.011496897507458925,0.1569844832022985,0.9283685207733527,3.591550538316369,3.226827621459961,0.13098754361271858,0.14961457252502441,0.021816685795783997,0.08292252942919731,0.6525418758392334,0.156233549118042,0.8965465368673154
471,2874.372978210449,3.437342528005441,3.1727489630381265,0.12348435819149017,0.10142569293578466,0.011468806226427356,0.15716753502686817,0.7404099223227729,3.576838221400976,3.213383436203003,0.13046767562627792,0.14911047369241714,0.022003043442964554,0.08272504433989525,0.6518950760364532,0.15667660534381866,0.720359708100955
472,2880.643664121628,3.434456088393927,3.1708861033121747,0.12366067419449488,0.10086982399225235,0.011471644106010596,0.15739463965098063,0.8096779643242094,3.5850152242928743,3.218873620033264,0.1308964230120182,0.15034669637680054,0.021756182424724102,0.08238441497087479,0.6525301039218903,0.1573648527264595,0.8361721506816215
473,2886.913689136505,3.4350903280079366,3.170869890848796,0.12388374159733455,0.10113928318023682,0.011473686372240385,0.15762239694595337,0.9123728263534763,3.584746193140745,3.2179207801818848,0.13088732212781906,0.15069087594747543,0.02196216583251953,0.08250200375914574,0.6548288762569427,0.15736769884824753,0.9008534794823987
474,2893.197717189789,3.431747999538978,3.1677670160929363,0.12295948217312495,0.10125062117973964,0.011487362037102381,0.15790147384007772,0.794289550881276,3.5765039827674627,3.2148284912109375,0.1321491114795208,0.14780046790838242,0.02175397239625454,0.08274632692337036,0.6459231972694397,0.15733037889003754,0.8398711375706581
475,2899.4817070961,3.4289336713651815,3.1651098569234213,0.12293982952833175,0.10117694983879726,0.011454445806642373,0.15818261702855427,0.7657071192679005,3.569952007383108,3.205153226852417,0.1297157034277916,0.14997046440839767,0.021885398775339127,0.08241265639662743,0.6521132290363312,0.15766770392656326,0.7758062004452201
476,2905.8153710365295,3.422565401593844,3.159117412567139,0.12263620098431906,0.10106494426727294,0.011457260511815549,0.1583427200714747,0.7825279126569382,3.572949156165123,3.2048505544662476,0.13054394721984863,0.15141331404447556,0.021873864345252514,0.08244315162301064,0.6550062894821167,0.1577867493033409,0.7772076562411121
477,2913.2973091602325,3.4241699486970902,3.1610614617665607,0.12265668710072836,0.10089007169008254,0.011468465082968275,0.15853786766529082,0.7360562930824827,3.578462604433298,3.2088499069213867,0.1306983008980751,0.15213177353143692,0.022042217664420605,0.08250967785716057,0.6572410464286804,0.158217191696167,0.7538809357985998
478,2919.5880541801453,3.420106669267019,3.1559959729512532,0.12233475844065349,0.10147165854771932,0.011454534639293948,0.15878325700759888,0.8077479260503111,3.57413924112916,3.206390619277954,0.12932876497507095,0.15154211968183517,0.021959852427244186,0.08258122205734253,0.654062956571579,0.15856224298477173,0.8242867652983128
479,2925.8878262043,3.42127632300059,3.157023811340332,0.12294558684031169,0.10138985912005107,0.011500288577129444,0.1591322163740794,0.880406583964792,3.566401766613126,3.1995571851730347,0.1287614442408085,0.15123192965984344,0.02165743988007307,0.08215808495879173,0.6573110222816467,0.15874000638723373,0.8904660571441008
480,2932.283360004425,3.4200048754612604,3.156097714106242,0.12262365221977234,0.10129766762256623,0.011468104769786198,0.1592529296875,0.8881823898766562,3.561939222738147,3.196189045906067,0.1295001469552517,0.15050005167722702,0.02197746280580759,0.082154281437397,0.6542704701423645,0.15914300829172134,0.8986133102410362
481,2938.592886209488,3.415318834533294,3.152113183339437,0.12212133755286535,0.10107249120871226,0.011452078213915228,0.15952604115009308,0.8560878281746375,3.5728268399834633,3.2023677825927734,0.12997831404209137,0.15273495018482208,0.021915961988270283,0.08233042433857918,0.659811407327652,0.1592021882534027,0.8471646832642594
482,2944.898022174835,3.413083520034949,3.149346129099528,0.12287932535012563,0.10114886413017908,0.011449257253358762,0.15978857278823852,1.0004834151477615,3.5551553182303905,3.188277840614319,0.12958040088415146,0.15104363858699799,0.021790300495922565,0.08207721263170242,0.6533405482769012,0.15926315635442734,1.0520365507276597
483,2951.183661222458,3.410450382779042,3.147483253479004,0.12260022709767024,0.10083350787560146,0.01145275857610007,0.16002240578333538,0.9562248909976587,3.55083847604692,3.1827642917633057,0.12873510643839836,0.1518533155322075,0.021709156222641468,0.08178422600030899,0.6565726101398468,0.15930414199829102,0.9447219189321541
484,2957.4766793251038,3.4073855546613534,3.1444561958312987,0.12212241838375727,0.10093407481908798,0.01144327805377543,0.16025591293970745,0.8431736934883929,3.544335637241602,3.17641282081604,0.1283235028386116,0.15188053250312805,0.021751672960817814,0.08177561685442924,0.6566918194293976,0.15963518619537354,0.8893668402653162
485,2963.758983373642,3.4008193763593835,3.138395134607951,0.12097080796957016,0.10096941888332367,0.011433850989366572,0.1605394979317983,0.8226818315286948,3.549807922914624,3.1837157011032104,0.12785816565155983,0.15108156949281693,0.021781272254884243,0.08191688731312752,0.655240535736084,0.16002674400806427,0.8888084607889628
486,2970.0471160411835,3.399601652473211,3.136845763524373,0.1205768788854281,0.10123372475306193,0.01144433159691592,0.16067616045475006,0.6932740771321558,3.5443483609706163,3.17758572101593,0.12739372625946999,0.15153288841247559,0.02175611723214388,0.08176417648792267,0.6566583216190338,0.1605251356959343,0.6965899209423614
487,2976.398716211319,3.398933881769578,3.136997127532959,0.12085493057966232,0.10075464447339376,0.011439603272204597,0.16097986996173858,0.7585456741260063,3.5499800853431225,3.1861032247543335,0.12858851999044418,0.14979130029678345,0.02181995753198862,0.08198313787579536,0.6517907679080963,0.16054780036211014,0.7973318406854266
488,2982.702793121338,3.3969091991583507,3.134290170669556,0.12073705991109213,0.10112524926662445,0.011453274792681137,0.16112467447916667,0.8399395339030579,3.5449541602283716,3.1746912002563477,0.1285756714642048,0.15298756211996078,0.02167780976742506,0.08149018883705139,0.660719245672226,0.16070324182510376,0.842790612988121
489,2988.983638048172,3.39520935912927,3.1324785073598225,0.12142606576283772,0.10100890944401424,0.011425424770762523,0.1614327261845271,0.9604943942880187,3.555082505568862,3.1885708570480347,0.1290372721850872,0.15099650621414185,0.021750143729150295,0.08145147562026978,0.6559983193874359,0.16106009483337402,0.9682638198199935
490,2995.293048143387,3.3925204421083133,3.1301243464152018,0.12089412311712901,0.10097451706727346,0.01143615369995435,0.16167480448881785,0.8258833904210178,3.550899937748909,3.1811734437942505,0.1281660795211792,0.15282172709703445,0.021651044487953186,0.08139191195368767,0.6588979661464691,0.16157418489456177,0.8428959810686548
491,3001.575263977051,3.3887604023019473,3.1273790200551352,0.12038781344890595,0.10059373776117961,0.011437676769370833,0.1619168311357498,0.7529564569037906,3.54078434035182,3.1745811700820923,0.12790518254041672,0.15112528949975967,0.021902362816035748,0.08174750953912735,0.6559284031391144,0.16147827357053757,0.7632059066503365
492,3007.8669171333313,3.386893649895986,3.125857782363892,0.12003785769144694,0.10050846934318543,0.011427512299269438,0.1620873471101125,0.7038670285452451,3.5275632962584496,3.1594144105911255,0.12664376199245453,0.1524135023355484,0.021779516711831093,0.08140591904520988,0.6596324145793915,0.1615069881081581,0.6797159203733237
493,3014.164375066757,3.382766206065814,3.1210599899291993,0.11934247612953186,0.10101748903592428,0.011429267345617215,0.16239648560682932,0.6771806202454496,3.535913560539484,3.1679455041885376,0.12651542574167252,0.15235517174005508,0.021780870854854584,0.08124739676713943,0.6581884324550629,0.16197039186954498,0.6695431880873974
494,3020.4465761184692,3.3802613566319146,3.1191205183664956,0.11979741255442301,0.10062106599410375,0.011417435808107257,0.1626568466424942,0.83158007462604,3.5271683167666197,3.161728262901306,0.12738632783293724,0.15087344497442245,0.021839196793735027,0.08125016465783119,0.6535757780075073,0.16216471046209335,0.876670580639054
495,3026.742471218109,3.3767457768321036,3.1155994097391764,0.12018119394779206,0.10052788505951564,0.011430891541143259,0.16286773184935252,1.0179832686632955,3.5359463039785624,3.1686959266662598,0.1283741183578968,0.1515316590666771,0.021645826287567616,0.08111733570694923,0.6558449566364288,0.16246338188648224,1.061365977918191
496,3033.013141155243,3.375448301186164,3.1147409280141196,0.11990598986546198,0.10037718911965689,0.011413229536265135,0.16314056913057964,0.9784532867309148,3.5133360624313354,3.1464873552322388,0.12685561180114746,0.15171045064926147,0.021739487536251545,0.08090651780366898,0.6561605930328369,0.16236037760972977,0.9804302087756763
497,3039.312442302704,3.3720585691432157,3.1116411050160724,0.11908186624447505,0.10043826550245286,0.011448561974490682,0.16331412593523661,0.8115269620794907,3.5133455228060484,3.148027777671814,0.12703820690512657,0.15089932084083557,0.021948574110865593,0.08131125941872597,0.6564036011695862,0.1626749113202095,0.8019342646162316
498,3045.6713881492615,3.3706504687666894,3.1092979431152346,0.11936501363913218,0.10083500941594442,0.011420252112050852,0.1635926644007365,0.8726751764605438,3.520930675789714,3.155254364013672,0.12777798995375633,0.1508936583995819,0.021611503325402737,0.0809062123298645,0.6546705961227417,0.16316481679677963,0.9043701798993935
499,3051.946307182312,3.365759357064962,3.10522354443868,0.11901137083768845,0.10051506360371908,0.011434179575492939,0.16375358104705812,0.8730782646645846,3.5295484494417906,3.159312605857849,0.12775659188628197,0.15317877382040024,0.021619376726448536,0.08086994290351868,0.6598941385746002,0.16309279203414917,0.790222991899532
500,3058.2573640346527,3.367690565933784,3.106276194254557,0.11889142940441767,0.10098432848850886,0.011424675754581889,0.16410676936308544,0.7348128731096861,3.5141959451138973,3.1453293561935425,0.1265253946185112,0.15280194580554962,0.021710670553147793,0.08093133196234703,0.6598476469516754,0.16357317566871643,0.7565186661927369
501,3064.528258085251,3.363384675234556,3.102865219116211,0.11841712445020676,0.10065544694662094,0.011443915280203025,0.1642555872599284,0.7539310236893294,3.506543518975377,3.1417806148529053,0.1249350942671299,0.15114767849445343,0.021552467718720436,0.08097751438617706,0.6559667587280273,0.16400785744190216,0.7528390366969198
502,3070.8035521507263,3.3579721316695212,3.097738250096639,0.1178900808095932,0.10064442058404287,0.011415109612668554,0.16456863284111023,0.7305637118754483,3.507990051060915,3.1416351795196533,0.1258697286248207,0.15171000361442566,0.021822097711265087,0.08070679754018784,0.6567440032958984,0.16436894983053207,0.793539510497285
503,3077.089105129242,3.356500676771005,3.096053155263265,0.11832833588123322,0.1006416767835617,0.011440106139828762,0.16472748617331187,0.9235106140937526,3.5186679158359766,3.1525226831436157,0.12685518339276314,0.15135882049798965,0.021750284358859062,0.08098017424345016,0.656749814748764,0.16468343138694763,0.9510156130149243
504,3083.3850660324097,3.3548523729046185,3.0946667194366455,0.1182645708322525,0.10052668402592341,0.011405269242823124,0.16503781477610271,0.8852410350358285,3.5039707832038403,3.1370327472686768,0.12525957077741623,0.1521541252732277,0.021783463656902313,0.0807606689631939,0.6565508246421814,0.16450916230678558,0.8296366490845
505,3089.6701641082764,3.3506183395783107,3.0912243048350017,0.11729300220807394,0.10037376681963603,0.01141185659604768,0.16527240773042043,0.7120288728479889,3.5061725955456495,3.1398314237594604,0.12556609138846397,0.15177906304597855,0.021860396489501,0.08098641782999039,0.657802402973175,0.16475022584199905,0.6970529495171607
506,3095.9546723365784,3.35151943564415,3.0907612164815266,0.1181569218635559,0.10083987911542257,0.01149173597805202,0.1655778000752131,0.760310805881364,3.504754127934575,3.1356834173202515,0.12578902021050453,0.15308810025453568,0.02148554939776659,0.08082065731287003,0.660516619682312,0.16490577161312103,0.7958220096273818
507,3102.2464051246643,3.3484024817744893,3.088263193766276,0.11746738851070404,0.10070279687643051,0.011392194234455625,0.16581657131512959,0.8392369259950662,3.5006655994802713,3.133746862411499,0.12505697086453438,0.15219512581825256,0.02179849799722433,0.08073258772492409,0.6571574509143829,0.1653815507888794,0.8555406267869285
508,3108.530104160309,3.3426674316326777,3.083041016260783,0.11741123994191488,0.1004603977004687,0.011411516539131602,0.16596207718054454,0.912639598949836,3.500828243792057,3.132999062538147,0.12586550414562225,0.15244821459054947,0.021715786308050156,0.08062134683132172,0.6590237617492676,0.16560418903827667,0.9232861707147613
509,3114.8985683918,3.340147669861714,3.080538606643677,0.11777950872977574,0.10035965442657471,0.011396305511395137,0.1662337233622869,1.03842397586974,3.4935775119811296,3.123700261116028,0.12548590078949928,0.1535671502351761,0.021764426492154598,0.08065200597047806,0.661218672990799,0.16597574949264526,1.0963212823784902
510,3121.201774120331,3.338500825812419,3.078922414779663,0.11732812374830245,0.10045717457930246,0.01139855671984454,0.16645469764868417,0.8861283875071825,3.4816802572458982,3.114845871925354,0.1237669549882412,0.15247545391321182,0.021764575503766537,0.08044765517115593,0.6605377495288849,0.16619768738746643,0.8503284557069726
511,3127.4855802059174,3.334087947010994,3.0747210502624513,0.11656423211097718,0.1005423903465271,0.01140102236531675,0.16672509809335073,0.7865116681307404,3.4943982642143965,3.1257805824279785,0.12412124499678612,0.15327852964401245,0.021690665744245052,0.08038362488150597,0.6604868471622467,0.16633975505828857,0.7788099575294279
512,3133.7690019607544,3.3293690497676534,3.0709790706634523,0.11614657739798227,0.10015834520260493,0.011395655339583755,0.1670164922873179,0.7656007164550113,3.485423732548952,3.1178117990493774,0.12346888333559036,0.15293874591588974,0.021741843782365322,0.08031224086880684,0.658259928226471,0.16673780977725983,0.784871180912582
513,3140.0486431121826,3.3275495432317257,3.0685884316762286,0.11613767792781195,0.10044613629579544,0.011393668409436942,0.16719987094402314,0.7842335349415629,3.485374627634883,3.1148946285247803,0.12410357221961021,0.15421410650014877,0.02175002545118332,0.0805230401456356,0.6611804962158203,0.166853666305542,0.82361990671313
514,3146.316148042679,3.326505696276824,3.0669737180074055,0.11600046853224437,0.10076587200164795,0.011392187684153517,0.16742523908615112,0.7940748281087037,3.491157593205571,3.119550108909607,0.12442195788025856,0.15469825267791748,0.02168942429125309,0.0802958756685257,0.6624774038791656,0.16711808741092682,0.7499847357837411
515,3152.592699289322,3.3260369578997295,3.0671616713205974,0.11600298881530761,0.10043689608573914,0.01138748968951404,0.16781222820281982,0.7154580894788279,3.4831611588597298,3.1158335208892822,0.12332852184772491,0.15283168852329254,0.02150692790746689,0.07980763912200928,0.6594576239585876,0.16686942428350449,0.7254394531826478
516,3158.8884789943695,3.3206527131299177,3.061659749348958,0.11577694565057754,0.10055224547783534,0.011413419308761755,0.16786740422248841,0.8331906617363514,3.4706208780407906,3.103429675102234,0.12280191481113434,0.15289512276649475,0.021675324998795986,0.0800047479569912,0.6590971350669861,0.16759974509477615,0.8953387967362959
517,3165.1615691184998,3.3186318072179954,3.059845558802287,0.11584203292926153,0.10043261597553889,0.011393322919805845,0.1682565102974574,0.8927883352262052,3.474595857784152,3.1055777072906494,0.12233063206076622,0.15392641723155975,0.021691814996302128,0.08036667481064796,0.6613300740718842,0.1676313728094101,0.9078422698996272
518,3171.4455790519714,3.3148794122040273,3.056159194310506,0.11534293045600255,0.10052437633275986,0.011383900915582975,0.1683798829714457,0.7958904784315173,3.471793519333005,3.1025067567825317,0.12293291464447975,0.15391015261411667,0.021721694618463516,0.08024757355451584,0.6611177623271942,0.16807640343904495,0.8098965703436309
519,3177.7448210716248,3.3148991535107295,3.056339645385742,0.11544190247853597,0.10041927844285965,0.011381372390314937,0.16864735285441082,0.8329396280701664,3.469196768477559,3.1006674766540527,0.1226605512201786,0.15359950810670853,0.021656552329659462,0.07992501929402351,0.6599843204021454,0.1681831255555153,0.829022721561838
520,3184.0205330848694,3.3124060966074467,3.053246275583903,0.11598454465468724,0.10058377434810002,0.01139346119016409,0.16891281406084696,0.9074669772150552,3.4700238537043333,3.1014347076416016,0.12376787886023521,0.15335260331630707,0.021553891710937023,0.07991950586438179,0.6585712432861328,0.1683935597538948,0.9220262213276541
521,3190.3686521053314,3.310091508924961,3.0511042277018228,0.11585613588492076,0.1005296066403389,0.011389955009023348,0.169200466076533,0.9934178146814425,3.462046543136239,3.0927209854125977,0.12209867313504219,0.15413811057806015,0.021697224117815495,0.07972143962979317,0.6612066328525543,0.16896403580904007,0.9639635192197259
522,3196.643916130066,3.3028180904686453,3.0443482716878254,0.11498222301403681,0.10048935363690058,0.011380646874507268,0.1694189449151357,0.9299494145154589,3.463364850729704,3.0915629863739014,0.12256135791540146,0.1552605926990509,0.021644980646669865,0.07948289439082146,0.6644093692302704,0.16918835043907166,0.9797015288209442
523,3202.9575612545013,3.3020465431114037,3.043810002009074,0.11444326589504877,0.10050745407740275,0.01138153934540848,0.16966807941595713,0.829272145400939,3.469268999993801,3.0954930782318115,0.1232733279466629,0.15606962889432907,0.02155733574181795,0.07966261357069016,0.6658028662204742,0.1693703532218933,0.823830960472155
524,3209.2714371681213,3.2993795486787953,3.0408170859018964,0.11463032613197963,0.10062364985545476,0.011377376473198334,0.16983669598897297,0.8116672367360794,3.454863201826811,3.0859140157699585,0.12209712713956833,0.1539503112435341,0.02161249704658985,0.07952671870589256,0.6617300510406494,0.16961733996868134,0.7789967520822051
525,3215.5713181495667,3.298627220342557,3.0399882634480795,0.1145988201101621,0.10066977341969809,0.011400415562093258,0.1701399177312851,0.8429386348088659,3.4636938162148,3.0918471813201904,0.12132594734430313,0.15559183061122894,0.021400862373411655,0.0793219804763794,0.66563880443573,0.1696823239326477,0.7954464713925031
526,3221.884276151657,3.2942864457766214,3.0365570704142253,0.1136673092842102,0.10044786036014557,0.011395019137610991,0.17036783794562022,0.6465475217189772,3.4430128522217274,3.0704729557037354,0.1210167184472084,0.1560157686471939,0.021903141401708126,0.07971115037798882,0.6657879054546356,0.17002180218696594,0.6300348922496248
527,3228.180631160736,3.2921259090304376,3.0337666193644206,0.11399080455303193,0.10068194369475046,0.01143028720592459,0.17066503961881002,0.8702755850958888,3.4516391456127167,3.081947922706604,0.1213463544845581,0.1545090228319168,0.021518060937523842,0.07972526177763939,0.6629923284053802,0.1703018620610237,0.862229524259568
528,3234.480656147003,3.2885292559862136,3.030441983540853,0.11346407930056254,0.10067761639753978,0.011399433001254995,0.17088769376277924,0.7749649055489986,3.4454013630747795,3.074341654777527,0.12156109511852264,0.15513958036899567,0.021935170516371727,0.07960207015275955,0.6630158722400665,0.17036835849285126,0.7994792349083256
529,3240.7700850963593,3.2845563434064386,3.0270972569783527,0.11393924603859583,0.10024473170439402,0.011367016114915411,0.17117209335168201,0.7924167784121499,3.4462919663637877,3.0721683502197266,0.12128468975424767,0.15674063563346863,0.021744213066995144,0.07961251586675644,0.6664287745952606,0.17082234472036362,0.8167779968560126
530,3247.066919326782,3.2851593842109046,3.027395661671956,0.11356883446375529,0.10048965265353521,0.011382062112291653,0.17127929826577504,0.8479368369475117,3.4410821478813887,3.068728804588318,0.1212260089814663,0.15587016940116882,0.02149427030235529,0.07918909564614296,0.6644652485847473,0.17119263112545013,0.9084734966467879
531,3253.415192127228,3.2826470382511617,3.024793036778768,0.11360002110401789,0.10052699546019236,0.01137119329844912,0.1715771476427714,0.8941127849046631,3.440078191459179,3.068266272544861,0.12061326205730438,0.15575264394283295,0.021540152840316296,0.07917673140764236,0.6649645268917084,0.17100277543067932,0.9073125531709895
532,3259.739226102829,3.279006762802601,3.0211330890655517,0.11337418456872304,0.10059329072634379,0.01136900436443587,0.17189990083376566,0.9171858103286812,3.436902415007353,3.0651721954345703,0.12132453173398972,0.15553397685289383,0.021538086235523224,0.07926391810178757,0.6643822491168976,0.171584352850914,0.925005709677342
533,3266.0328521728516,3.276806659003099,3.018694448471069,0.11312768161296845,0.10077418486277262,0.01142482563542823,0.1722027987241745,0.8963839393730794,3.4285880625247955,3.0565526485443115,0.12042775750160217,0.15591076761484146,0.021987726911902428,0.07996917143464088,0.6654346585273743,0.1718059405684471,0.8991603406534573
534,3272.3532242774963,3.2723163731396196,3.015065876642863,0.11256039490302404,0.10048514952262243,0.011378769064322114,0.17249137461185454,0.8235038517733864,3.434609157964587,3.065457820892334,0.1211412213742733,0.1542903631925583,0.021538925357162952,0.0791933536529541,0.6609876751899719,0.17211181670427322,0.8159075026771443
535,3279.0420842170715,3.2696464136242867,3.0113744258880617,0.11356572409470876,0.10074456284443538,0.011372974514961243,0.17269081075986226,0.9986068387834423,3.437437877058983,3.061256766319275,0.12162235379219055,0.15768496692180634,0.021623520180583,0.07901214435696602,0.6702233850955963,0.17212506383657455,1.0514669656541924
536,3285.7650072574615,3.265622119853894,3.0081347465515136,0.11252943823734919,0.10061132709185282,0.011368467565625906,0.17285785575707754,0.8717121955972328,3.430580632761121,3.0575560331344604,0.1202169694006443,0.1564580574631691,0.021731192246079445,0.0793757289648056,0.6676424145698547,0.172212615609169,0.854730208677414
537,3292.17392206192,3.262933144470056,3.0057743072509764,0.11238761842250825,0.1004825140039126,0.011381218240906795,0.17315359115600587,0.822469709631349,3.4334738105535507,3.0574004650115967,0.12068983912467957,0.15786421298980713,0.02159761730581522,0.07893340289592743,0.6705794334411621,0.17285267263650894,0.8538114111822729
538,3298.7071611881256,3.2624924749135973,3.005058193206787,0.1122935970624288,0.1006437415877978,0.011373649397864938,0.1733773320913315,0.9380907538656433,3.423948410898447,3.052974581718445,0.12016553431749344,0.15544553101062775,0.021498840302228928,0.07922350987792015,0.6635932922363281,0.17292777448892593,0.9474924012319839
539,3305.0976300239563,3.2579595791796843,3.0006601651509603,0.11169784416755041,0.10072524597247441,0.011352091748267411,0.1736579845348994,0.7947473157293415,3.4222857542335987,3.050461769104004,0.11972174793481827,0.15598155558109283,0.02157926745712757,0.07871639356017113,0.6665336787700653,0.17328625172376633,0.7685006226179811
540,3311.457467317581,3.2557129760583243,2.9994098981221518,0.1108400821685791,0.10044151842594147,0.011367084039375187,0.17383316854635875,0.6390975996109722,3.4192038103938103,3.0467677116394043,0.11927004158496857,0.15640053898096085,0.021631402894854546,0.07883516699075699,0.6643138229846954,0.1734045371413231,0.66480741312326
541,3317.757217168808,3.2599503993988037,3.002270809809367,0.11247628132502238,0.10072072446346284,0.011415076985334357,0.17414707938830057,0.8721431516103982,3.4215092472732067,3.0479098558425903,0.12069927901029587,0.15662487596273422,0.021367882378399372,0.07942172884941101,0.6661409735679626,0.17387688905000687,0.9169742133156156
542,3324.055568218231,3.2535735967258614,2.996296834945679,0.1115682269136111,0.10074632416168848,0.011369871177400152,0.17439447542031605,0.8863011021965985,3.407508198171854,3.0359976291656494,0.11895812302827835,0.15601575374603271,0.021802319213747978,0.07884485647082329,0.6644413769245148,0.17408906668424606,0.881071822004424
543,3330.348836183548,3.2476213708519936,2.990083583196004,0.11115335325400034,0.10098055551449457,0.01135849989950657,0.17465039094289145,0.7640855348868503,3.3966583348810673,3.029353618621826,0.1192619577050209,0.15383686870336533,0.021669293753802776,0.07909821346402168,0.6611189246177673,0.17438529431819916,0.7886322750976061
544,3336.6762812137604,3.2456203502913317,2.9888329188028973,0.11069290886322657,0.10072048852841059,0.011379817500710487,0.17483203212420145,0.7610106335779908,3.4050220642238855,3.0324190855026245,0.12021015956997871,0.15624894946813583,0.021661605685949326,0.07956282421946526,0.6660268008708954,0.17461442947387695,0.7419589716434565
545,3343.0439920425415,3.2430532604455946,2.986222823460897,0.11101397275924682,0.10066172530253728,0.011348970079173645,0.1751621623833974,0.9109000349647397,3.4004344306886196,3.0240672826766968,0.11927085369825363,0.158365860581398,0.0216943621635437,0.07885099947452545,0.6725735068321228,0.17479364573955536,0.8683777030474727
546,3349.32270526886,3.2412727249165374,2.984000587463379,0.11068065414826075,0.10096590518951416,0.011347595974802971,0.17535378734270732,0.8343136098708224,3.3996935598552227,3.028920531272888,0.11902572959661484,0.15563008189201355,0.021715511567890644,0.07876931503415108,0.6654823124408722,0.17513003200292587,0.8757546407666418
547,3355.617422103882,3.2370946273207664,2.9801372210184733,0.11046751042207083,0.10086182554562886,0.011348257338007291,0.17580457627773285,0.7905217079310993,3.3978869058191776,3.0263103246688843,0.11841041594743729,0.15618568658828735,0.021492574363946915,0.07841048389673233,0.6644354462623596,0.17513415962457657,0.7870160181821195
548,3361.9041242599487,3.2355555549263952,2.978579584757487,0.11057537297407787,0.10084414184093475,0.01135032285625736,0.17580881218115488,0.8543593725128356,3.394032519310713,3.0228443145751953,0.11867713183164597,0.15592481940984726,0.021505328826606274,0.07836074009537697,0.666244775056839,0.1754831075668335,0.9289582732949269
549,3368.216688156128,3.2335247916479903,2.9769237200419107,0.11013337423404058,0.10076719224452972,0.011351967106262843,0.17619818647702534,0.7707713487936926,3.3961117174476385,3.0220550298690796,0.11803878471255302,0.1575186476111412,0.021636885590851307,0.07872957363724709,0.6680651009082794,0.1757993921637535,0.7576457096674165
550,3374.524243116379,3.2300868396957716,2.9736198584238687,0.10976392130057017,0.10079251031080881,0.011355996907999119,0.1763941506544749,0.7250390476809999,3.3915964253246784,3.020845055580139,0.11852908879518509,0.15574341267347336,0.021723797544836998,0.0788169726729393,0.6647081673145294,0.17622128874063492,0.7356493579367713
551,3380.836179971695,3.2314265847206114,2.9739426294962565,0.11022282838821411,0.10118627051512401,0.011373204877600074,0.17668587466080984,0.8468860583810065,3.3884585984051228,3.0153979063034058,0.11771328002214432,0.15710202604532242,0.021483566612005234,0.07826020941138268,0.6679185032844543,0.17599382251501083,0.853752985369389
552,3387.124251127243,3.225241100291411,2.9684450149536135,0.10939693947633107,0.10104880779981613,0.011344648882125814,0.1769386907418569,0.7985363836147793,3.3820268474519253,3.009795904159546,0.11704357713460922,0.15685457736253738,0.021537027321755886,0.07828052341938019,0.6659004390239716,0.17638137191534042,0.8319431454195609
553,3393.4191641807556,3.2216624145706496,2.965487988789876,0.10930464367071788,0.10076105197270711,0.011347353567058842,0.1771124134461085,0.7731254645778989,3.3837182838469744,3.0113860368728638,0.11793464794754982,0.15668246150016785,0.021660905331373215,0.07835780456662178,0.6654075980186462,0.17705845832824707,0.7783511742644208
554,3399.7237071990967,3.221583443880081,2.9651070117950438,0.10971706906954447,0.1008089487751325,0.011365688343842825,0.17739295959472656,0.8599423618474292,3.380687966942787,3.005838632583618,0.11767390370368958,0.1580061912536621,0.02144138142466545,0.07825033739209175,0.6701481342315674,0.1770261898636818,0.8658466321784755
555,3406.138192176819,3.219474040965239,2.963516585032145,0.10959878067175548,0.10057903279860815,0.01137324059382081,0.17760400275389354,0.8992984958690666,3.386805709451437,3.0089880228042603,0.11753010004758835,0.15952631831169128,0.02184887882322073,0.07845932617783546,0.671206533908844,0.17717651277780533,0.9315420652043331
556,3412.611803293228,3.214871708552043,2.959126377105713,0.10913708806037903,0.10058839370807011,0.011353835401435693,0.17791964908440908,0.8507203651640274,3.376971388235688,3.002224922180176,0.11620711162686348,0.15832145512104034,0.02154329977929592,0.07817928120493889,0.6697427034378052,0.17754772305488586,0.8424229710192289
557,3418.94527220726,3.212515958895286,2.9568466345469155,0.108835535744826,0.10062577823797862,0.011339212271074454,0.17809375127156576,0.8992178625639178,3.3714643735438585,2.9992637634277344,0.1169615127146244,0.15685992687940598,0.021653934381902218,0.07818075269460678,0.66771399974823,0.17767054587602615,0.8856142410166289
558,3425.2541902065277,3.2102466357251007,2.954440434773763,0.10882949680089951,0.10069572627544403,0.011332358295718829,0.17837093273798624,0.8576227783309908,3.377019228413701,3.0021828413009644,0.11629647389054298,0.1583440750837326,0.02156572137027979,0.0781066082417965,0.6698759198188782,0.1779879331588745,0.8590448348384209
559,3431.6858701705933,3.2102864844103656,2.954096857706706,0.10885544071594874,0.10088095317284267,0.01135717104189098,0.17866748174031574,0.7378581653833,3.363663099706173,2.9894747734069824,0.11616633832454681,0.15805257856845856,0.021450084634125233,0.07808995619416237,0.6701040863990784,0.17813708633184433,0.7653415942405452
560,3438.0099201202393,3.203718181202809,2.948331340154012,0.10822551995515824,0.10063704053560893,0.0113334646448493,0.17893619736035665,0.6747248814769063,3.3574257157742977,2.9869030714035034,0.1160924956202507,0.15623819828033447,0.021699493750929832,0.07817104831337929,0.6653372049331665,0.17857573181390762,0.6972930271292584
561,3444.3371510505676,3.1989642299711702,2.9438398043314615,0.10773194581270218,0.10062922636667887,0.011337610846385359,0.1791365037361781,0.755975677881571,3.363986235111952,2.989730477333069,0.11616548150777817,0.15808650851249695,0.02174487430602312,0.07835520058870316,0.6695873439311981,0.17902181297540665,0.7575859375308238
562,3450.663373231888,3.199469976623853,2.9438847382863362,0.10840017000834147,0.10069257666667303,0.01134673117970427,0.17943597932656605,0.8509081593793322,3.371469646692276,2.99605393409729,0.11668509244918823,0.15853658318519592,0.021412047557532787,0.07790857553482056,0.6696273386478424,0.17904704064130783,0.8419638930188663
563,3456.9432320594788,3.199507287144661,2.9433825333913166,0.10836401184399923,0.1009713739156723,0.011338094482198358,0.1796857088804245,0.8087221540540914,3.358904456719756,2.986072063446045,0.1161365918815136,0.1573820486664772,0.021412144415080547,0.07773293554782867,0.6697298586368561,0.1792164221405983,0.8273571875386629
564,3463.2886452674866,3.192454658697049,2.937800073623657,0.10747232586145401,0.1004592110713323,0.01133116918305556,0.17989377081394195,0.6991968023859716,3.351116817444563,2.977346897125244,0.11596646159887314,0.1578933447599411,0.02166578359901905,0.07799260318279266,0.6683005094528198,0.17944196611642838,0.692133470769593
565,3469.650148153305,3.1904941896597543,2.9353294372558594,0.10822498997052511,0.10052612870931625,0.011342090197528402,0.18012136419614155,0.9980308378736762,3.352770119905472,2.977388858795166,0.11629942059516907,0.15861577540636063,0.021520468406379223,0.07804830744862556,0.6713075637817383,0.17993320524692535,1.0130560884275157
566,3476.0241253376007,3.188301671048005,2.9337809244791666,0.10738394161065419,0.10041438788175583,0.011331275291740894,0.1803635001182556,0.8362166463436672,3.351489346474409,2.977632761001587,0.11461191624403,0.1582753136754036,0.021612445823848248,0.07807246223092079,0.6699579060077667,0.17988095432519913,0.8248705855748044
567,3482.3497841358185,3.1852235888441403,2.930259084701538,0.10710738201936086,0.10070540656646093,0.011322963424026966,0.1806975374619166,0.795276261649327,3.341264756396413,2.9711982011795044,0.11496776714920998,0.15629133582115173,0.021650205366313457,0.07794035598635674,0.6646775305271149,0.1803809180855751,0.8326125906126591
568,3488.6898021698,3.184653769681851,2.9298991998036703,0.10749844262997309,0.10050267428159713,0.011335933674126863,0.1808618704477946,0.8071728370487291,3.3464715871959925,2.9707823991775513,0.11610828712582588,0.15881752222776413,0.021605866961181164,0.07790397852659225,0.6696244180202484,0.18067005276679993,0.8134298281050618
569,3495.019124984741,3.180845119059086,2.926079448064168,0.10742543041706085,0.10052647789319356,0.011334256020685036,0.181115127603213,0.820511393059927,3.344321835786104,2.9687310457229614,0.11511776596307755,0.159015953540802,0.021496756002306938,0.07787294313311577,0.670532763004303,0.1806677281856537,0.7946862541025411
570,3501.354177236557,3.1775099967916804,2.923224194844564,0.10690336724122365,0.10041705916325251,0.011322982842102647,0.18138644695281983,0.8715958785755871,3.337564282119274,2.9654141664505005,0.11429105699062347,0.15750229358673096,0.021726316772401333,0.07803044095635414,0.6672896444797516,0.18104195594787598,0.8533025235579993
571,3507.6608803272247,3.1739759393036366,2.9195611317952475,0.10688549031813939,0.10048603117465973,0.01133032610329489,0.18168093562126159,0.9216600514612737,3.3415398355573416,2.9684396982192993,0.11556784436106682,0.15765810757875443,0.021725831553339958,0.07829367741942406,0.6674073934555054,0.18127145618200302,1.0036545572101043
572,3513.9552462100983,3.176031082123518,2.920850133895874,0.10771580984195074,0.1006615216533343,0.01133999195881188,0.18191590706507366,1.00846776577246,3.346921518445015,2.9714081287384033,0.11609697341918945,0.15873245149850845,0.021476250141859055,0.07758990302681923,0.6696412563323975,0.18143188953399658,1.0280572743385377
573,3520.26176905632,3.1746120353539786,2.919868532816569,0.1070563554763794,0.10060766239960989,0.011328522969658176,0.18215500315030417,0.8207547525585102,3.3319599758833647,2.9576863050460815,0.11351844295859337,0.15875722467899323,0.021486278623342514,0.07782088220119476,0.6704284846782684,0.18172578513622284,0.8119281285272189
574,3526.5651383399963,3.1700251422822476,2.9165335655212403,0.10647312651077906,0.10012750675280889,0.011333929204071561,0.18232210079828898,0.82170144892102,3.3327380027621984,2.959317445755005,0.11348606273531914,0.158338762819767,0.021449056454002857,0.07791542261838913,0.6691486239433289,0.18204816430807114,0.8253216291875203
575,3532.913325071335,3.1649477732678255,2.9110505104064943,0.1055770163734754,0.1005543773372968,0.011325185730432471,0.18260660966237385,0.699537702236268,3.3202907163649797,2.947569966316223,0.11313426867127419,0.15807680785655975,0.02172795496881008,0.07794259116053581,0.6684046685695648,0.18219604343175888,0.6822329390496146
576,3539.2446870803833,3.160647697498401,2.9069416364034018,0.10584176828463872,0.10039258847633997,0.011329829506576062,0.18293912708759308,0.8199666681695473,3.331440206617117,2.9554234743118286,0.11379959434270859,0.159558467566967,0.0215592198073864,0.07747779041528702,0.6701231300830841,0.1827453002333641,0.8877257754650465
577,3545.5584483146667,3.1586163555582365,2.9050071398417154,0.10559292336304983,0.10040637701749802,0.011331952782347799,0.1831259230772654,0.7747489861023679,3.3264337461441755,2.9524850845336914,0.11307566985487938,0.15870541334152222,0.02157181315124035,0.07749134674668312,0.6689209640026093,0.18278611451387405,0.748997975614693
578,3551.8754291534424,3.161892143636942,2.907703081766764,0.10638153304656346,0.10049914767344793,0.01132004897420605,0.18331949710845946,0.8156680516651805,3.3279172740876675,2.9489991664886475,0.11339914053678513,0.16110926866531372,0.021565133705735207,0.07735549658536911,0.6759564280509949,0.18267008662223816,0.8347591575964823
579,3558.1890110969543,3.156718258559704,2.9028498490651446,0.106222864985466,0.10037848850091298,0.01134328117283682,0.1836794157822927,1.0061836320221944,3.325040090829134,2.9479289054870605,0.11435208469629288,0.1599675714969635,0.021479089744389057,0.07748274877667427,0.6735870242118835,0.1829024776816368,1.0878565057783753
580,3564.522518157959,3.153596241523822,2.900440740585327,0.10607432574033737,0.10005916903416316,0.011313760296131174,0.18387331664562226,1.009077357897937,3.3181280344724655,2.943859577178955,0.11336138844490051,0.1587938815355301,0.021660548634827137,0.07772255688905716,0.6700475811958313,0.1834563910961151,0.9301814014496343
581,3570.8160922527313,3.14909876336654,2.895488421122233,0.10555339356263478,0.10041682273149491,0.01131348282409211,0.18416737218697865,0.9009583819954183,3.322515046223998,2.9437668323516846,0.11346070095896721,0.16100893169641495,0.021718348376452923,0.07769445702433586,0.6751299500465393,0.18354137241840363,0.8669204448653043
582,3577.099853038788,3.149148148794969,2.8960625648498537,0.10489666362603506,0.10031862606604894,0.011312446370720864,0.18438552618026732,0.7275244516164101,3.3115709964185953,2.9385013580322266,0.1118633933365345,0.15856897085905075,0.021593360230326653,0.07745765522122383,0.6673872768878937,0.18391118943691254,0.6995395657702171
583,3583.4139289855957,3.1447403843204182,2.892326577504476,0.10488401353359222,0.09998590002457301,0.011312367922315995,0.18462158143520355,0.9116926055704405,3.312243027612567,2.9369837045669556,0.11308616027235985,0.15935812145471573,0.021548887714743614,0.07727544382214546,0.6690488457679749,0.18402721732854843,0.9320454881734319
584,3589.721936225891,3.140761102984349,2.8876210689544677,0.10515624831120172,0.10028095493714015,0.011313206267853577,0.18486740191777548,0.933370723551074,3.309760268777609,2.9317426681518555,0.11240347474813461,0.16090793162584305,0.021588468924164772,0.0774274617433548,0.6727290153503418,0.18440429866313934,0.9203945101368823
585,3596.052387237549,3.1414160271485647,2.8891917069753013,0.10456748008728027,0.0999702900648117,0.01131567459863921,0.1851304789384206,0.7659486833090317,3.3079598508775234,2.9315481185913086,0.11216472834348679,0.16016468405723572,0.021547337993979454,0.07723233103752136,0.672051876783371,0.18450438976287842,0.7624013795338784
586,3602.3715929985046,3.1372263811528684,2.8855164845784507,0.10414403925339381,0.09981893847386042,0.0113193870211641,0.1853361000617345,0.7118294028412365,3.301657635718584,2.927289605140686,0.11183027178049088,0.1592264473438263,0.0216076523065567,0.0773022212088108,0.6702196300029755,0.1849919781088829,0.7101029487004127
587,3608.679036140442,3.1330288579066594,2.8806296984354653,0.10400943756103516,0.10019722034533819,0.011328530202930173,0.1856299380461375,0.7970861304527946,3.2960612662136555,2.9218177795410156,0.11200539022684097,0.15912039577960968,0.021834496408700943,0.07739846780896187,0.6683514714241028,0.1850706860423088,0.8783366328557506
588,3615.0047821998596,3.1328917083640895,2.8803961912790936,0.10438163230816523,0.10015235046545665,0.011301141806567709,0.18582975268363952,0.9011183350810676,3.302165649831295,2.9265263080596924,0.11176909506320953,0.15987739711999893,0.021551805548369884,0.07732920721173286,0.6715919971466064,0.18557361513376236,0.8684767490793778
589,3621.3353621959686,3.132485859344403,2.879761552810669,0.10419234981139501,0.10031406581401825,0.011309847980737687,0.18614995578924814,0.7828797022583156,3.2992103714495897,2.923822522163391,0.11173156276345253,0.15976103395223618,0.02154352981597185,0.07705393806099892,0.6713390648365021,0.18551158905029297,0.7750198338702945
590,3627.6319789886475,3.1319628077248733,2.8792854150136313,0.1043285662929217,0.1002565547823906,0.011322752417375645,0.1864366332689921,0.8451759776630012,3.302325552329421,2.9215521812438965,0.11138243600726128,0.16254107654094696,0.021394193172454834,0.07733815908432007,0.6782983541488647,0.18605602532625198,0.8746422272688614
591,3633.956591129303,3.1266413412988188,2.8744993845621747,0.10375586400429408,0.10013201236724853,0.011320363311097027,0.18667426208655039,0.823465232361788,3.292634403333068,2.9173364639282227,0.11205924674868584,0.15963415801525116,0.02164728194475174,0.07709885016083717,0.671084076166153,0.18582705408334732,0.8439546943498437
592,3640.261714220047,3.1236560684939225,2.8708580493927003,0.1035503293077151,0.1005114272236824,0.011325088236480952,0.1868167847394943,0.8191890180770937,3.297031443566084,2.9189863204956055,0.11129211634397507,0.16119953244924545,0.021681872196495533,0.07746662572026253,0.6735034883022308,0.1861928626894951,0.8255546144571598
593,3646.5692541599274,3.1202465293308097,2.86804404258728,0.10363036543130874,0.10019365201393764,0.011300637930010756,0.1871424694856008,0.93203487426918,3.294076584279537,2.9146300554275513,0.11289860308170319,0.16149861365556717,0.021491069346666336,0.07699322327971458,0.6738831400871277,0.18669764697551727,0.9475746274381963
594,3652.856481075287,3.1185164044300717,2.8659643809000652,0.10392875870068868,0.10029382208983104,0.011307969021921356,0.18736745814482372,0.9557220374703109,3.290823630988598,2.9139314889907837,0.11235351860523224,0.16035769134759903,0.021468501538038254,0.0767398439347744,0.6739547550678253,0.1868176832795143,0.9406617333187816
595,3659.1683342456818,3.120473371942838,2.867875576019287,0.10384316444396972,0.10033810685078302,0.011328541534021496,0.18763037224610646,0.949264746173199,3.3003648072481155,2.9200323820114136,0.11133718490600586,0.16233191639184952,0.02138516493141651,0.07689564302563667,0.6767469048500061,0.1871555894613266,0.9625370954604018
596,3665.473658323288,3.113751582801342,2.8616734663645427,0.1034101257721583,0.10018652677536011,0.011304564975822965,0.18787814776102701,0.9381652103538961,3.282622806727886,2.9062269926071167,0.1108894795179367,0.16047553718090057,0.02168928273022175,0.07702687382698059,0.6732531785964966,0.18748146295547485,0.8930868330738658
597,3671.765393257141,3.1119750109811624,2.859713554382324,0.10338965406020482,0.10028331478436787,0.011305073105419675,0.1881778985261917,0.9394379552816017,3.2827164605259895,2.9041932821273804,0.1112796813249588,0.16144166886806488,0.021691998466849327,0.07714017108082771,0.6746779382228851,0.1874840185046196,0.9751236064326034
598,3678.0668590068817,3.108463130146265,2.85630513827006,0.10309763501087825,0.10030458718538285,0.011295107705518604,0.18837483823299409,0.9665390365686585,3.283104792237282,2.901950716972351,0.1107555627822876,0.16288814693689346,0.021601948887109756,0.0769549310207367,0.6798104047775269,0.18774808943271637,0.9021444341942327
599,3684.3605031967163,3.1057129306097826,2.854854122797648,0.10243883778651555,0.09981969445943832,0.011305388466765483,0.18858425517876942,0.7751417929730315,3.2766690887510777,2.898697257041931,0.10990322381258011,0.16151010990142822,0.021539075300097466,0.07682549580931664,0.6766474545001984,0.18838715553283691,0.7892987474421829
600,3690.652936220169,3.10300420721372,2.851529677708944,0.1022098441918691,0.10018480370442072,0.0113093887300541,0.18889865279197693,0.7728872116803659,3.2753986176103354,2.8996766805648804,0.11018196865916252,0.16031547635793686,0.02165764383971691,0.0770353153347969,0.6735991537570953,0.18841907382011414,0.7417507869919804
