epoch,elapsed_time,total_loss,l_pred,l_multi,l_var,l_vel,l_sparse,l_probe,l_coord,l_corr,l_corr_asymptotic,l_corr_quiescence,spike_rate,grad_norm,val_total_loss,val_l_pred,val_l_multi,val_l_probe,val_l_coord,val_pos_err,val_vel_err,val_spike_rate,val_rollout_mae,val_rollout_vel_mae,val_drift_ratio,val_gate_passed,val_dynamic_score,val_pos_err_h1,val_pos_err_h5,val_pos_err_h10,val_pos_err_h25,val_pos_err_h50,val_pos_err_h100,val_vel_err_h1,val_vel_err_h5,val_vel_err_h10,val_vel_err_h25,val_vel_err_h50,val_vel_err_h100,grad_norm_recent,combined_score
1,9.207744121551514,2.705814575776458,0.2504560301701228,0.0,0.47003403107325237,2.6337572574615478,0.01474929302930832,0.5257921814918518,0.216783407330513,0.0,0.0,0.0,0.11474929451942444,0.3941790054241816,1.4256137385964394,0.261473685503006,0.4623996764421463,0.4664701074361801,0.20658822357654572,0.785796582698822,0.9646453261375427,0.1148739755153656,0.9226136803627014,2.178779423236847,1.2426313907889743,1.0,1.9696275021850214,0.810704380273819,0.8886529505252838,0.9332534372806549,0.9431850612163544,1.0074067115783691,0.9524795413017273,0.7181233465671539,0.7687406837940216,1.1267857551574707,2.1130817532539368,3.331952214241028,5.013992786407471,0.2918455943465233,1.9696275021850214
2,17.487959146499634,2.6819886886825164,0.2791194935639699,0.0,0.3031318565209707,2.471416775385539,0.019479220112164814,0.5508105238278707,0.16991305053234101,0.0,0.0,0.0,0.11947922160228093,0.21015370686848958,1.3979081064462662,0.29048070311546326,0.29048070311546326,0.48109352588653564,0.15651767700910568,0.8256842494010925,0.9540714025497437,0.12073451653122902,0.8999991714954376,3.3427191923062005,1.2056636554594666,1.0,2.0470274529184542,0.8383928537368774,0.8147953152656555,0.819361001253128,0.9175557494163513,1.0108197927474976,0.9990703165531158,0.706378847360611,1.0217592120170593,1.8005740642547607,3.357277750968933,5.21370005607605,7.95662522315979,0.19214034378528594,2.0470274529184542
3,25.82622790336609,2.527113015080492,0.29380502700805666,0.0,0.2609282433986664,2.360289208094279,0.024292153120040894,0.49808420141537985,0.12504059622685115,0.0,0.0,0.0,0.12429215461015701,0.17581406037012737,1.2841036394238472,0.28935353457927704,0.28935353457927704,0.4250366687774658,0.11837617680430412,0.795317143201828,0.8878439962863922,0.12531907111406326,0.8927864730358124,4.336714014410973,1.2846409731983803,1.0,1.957783868545998,0.8096445798873901,0.7898533046245575,0.7847793102264404,0.9119493961334229,1.0401026010513306,1.0203896462917328,0.7131054699420929,1.1523621082305908,2.207431674003601,4.755282163619995,7.093198537826538,10.098904132843018,0.1722060039639473,1.957783868545998
4,34.034083127975464,2.3415746563424666,0.28282666007677715,0.0,0.24751227597395578,2.324261252085368,0.028134492536385853,0.4218640645345052,0.09380511939525604,0.0,0.0,0.0,0.12813449402650198,0.1603755791982015,1.1784489005804062,0.278082937002182,0.278082937002182,0.3806622475385666,0.0925660952925682,0.734902024269104,0.8551333546638489,0.1279839277267456,0.8351150701443354,4.3400965829690294,1.3094111241606021,1.0,1.7973819241234865,0.7474343478679657,0.7426514625549316,0.7489088773727417,0.8526281416416168,0.9786988496780396,0.9403687417507172,0.7183212041854858,1.1080685257911682,2.1297526359558105,4.794349908828735,7.48038911819458,9.809698104858398,0.1562550976872444,1.7973819241234865
5,42.33999586105347,2.222913960305353,0.2759735862414042,0.0,0.23510335087776185,2.3017483075459797,0.03006217231353124,0.3734402537345886,0.07096186752120653,0.0,0.0,0.0,0.13006217380364735,0.1573567440112432,1.112616240978241,0.2724986672401428,0.2724986672401428,0.35193412005901337,0.07170014828443527,0.6656698286533356,0.8526143431663513,0.128852479159832,0.7926498701175054,4.568246806661288,1.423427498498874,1.0,1.5867776505135547,0.6720346212387085,0.6661843061447144,0.6851663589477539,0.8344845473766327,0.9565925598144531,0.9414368271827698,0.7187698781490326,1.1313017010688782,2.1633914709091187,4.909611940383911,7.587860107421875,10.898545742034912,0.15796760320663453,1.5867776505135547
6,50.567955017089844,2.1210044586410124,0.27660667697588603,0.0,0.22116633355617524,2.2670256455739337,0.030072642862796782,0.3327975591023763,0.054245764017105104,0.0,0.0,0.0,0.1300726443529129,0.18678572575251262,1.0341785177588463,0.2708248645067215,0.2708248645067215,0.313970610499382,0.0592491440474987,0.5771260261535645,0.8394168019294739,0.12890909612178802,0.7059422781070074,4.385693167646726,1.6250605160065599,1.0,1.2835609929755984,0.5634473264217377,0.5250765681266785,0.562971830368042,0.7537249028682709,0.9156360030174255,0.9147970378398895,0.7118164598941803,1.1423470377922058,2.1954593658447266,4.873619079589844,7.506257772445679,9.88465929031372,0.20255575329065323,1.2835609929755984
7,58.80314493179321,2.0383250967909894,0.2709206978480021,0.0,0.2123766928911209,2.252875487009684,0.029808267454306283,0.29894814689954124,0.04619024420777957,0.0,0.0,0.0,0.1298082689444224,0.18351259032885234,0.9554471224546432,0.2702866494655609,0.2702866494655609,0.27500857412815094,0.05326996184885502,0.4912264049053192,0.8100343644618988,0.12843819707632065,0.7037344997127851,3.698836555083593,2.049252699809268,0.0,1.0180978395698448,0.47414015233516693,0.4670272171497345,0.5548878014087677,0.7963782548904419,0.9716329872608185,0.958340585231781,0.7220547795295715,1.1262809038162231,2.0408172607421875,4.127565622329712,6.134653806686401,8.041646957397461,0.18498184084892272,1.0180978395698448
8,66.9229838848114,1.970178799610585,0.27581194241841633,0.0,0.2046331912279129,2.2183190027872723,0.029169213275114694,0.2719496617714564,0.041734181841214496,0.0,0.0,0.0,0.12916921476523083,0.1908491313457489,0.9053136631846428,0.27454860508441925,0.27454860508441925,0.24674537777900696,0.048766955733299255,0.4133618474006653,0.7881653308868408,0.12808360904455185,0.6618904819091161,3.3129663169384003,2.3603952512449875,0.0,0.821212288499764,0.3947979062795639,0.4047318547964096,0.5231247544288635,0.7712622582912445,0.9318791031837463,0.9455470144748688,0.7213761210441589,1.1367533802986145,2.0063822865486145,3.7654001712799072,5.47055196762085,6.777333974838257,0.1975736454129219,0.821212288499764
9,75.08224892616272,1.917129498658081,0.27781691749890647,0.0,0.1998782624801,2.1951215902964276,0.028721786042054494,0.25095417698224387,0.03663143627345562,0.0,0.0,0.0,0.12872178753217062,0.18005212793747585,0.8797756209969521,0.27199332416057587,0.27199332416057587,0.23589281737804413,0.042119018733501434,0.3393862396478653,0.8006088137626648,0.1272449865937233,0.6544418061772982,3.3692124287287393,3.1540342774341186,0.0,0.6817854288035814,0.31224964559078217,0.368694007396698,0.504535436630249,0.7749360203742981,0.9848460853099823,0.9813896417617798,0.7114051282405853,1.0535107553005219,1.8329532742500305,3.806692123413086,5.558977127075195,7.251736164093018,0.18480135202407838,0.6817854288035814
10,83.21866488456726,1.8808766406495123,0.28392385045687357,0.0,0.19351937472820283,2.1758871555328367,0.027909179031848908,0.23563082714875538,0.029606885587175686,0.0,0.0,0.0,0.12790918052196504,0.2164178729057312,0.8633976429700851,0.2770695984363556,0.2770695984363556,0.22389662265777588,0.036424266174435616,0.2659771293401718,0.8026786148548126,0.12696243077516556,0.6495887115597725,3.4364516685406366,3.8049826074838946,0.0,0.6750624630856125,0.25866781175136566,0.3534472584724426,0.5208982229232788,0.806611955165863,0.9842265248298645,0.9736804962158203,0.6871565580368042,0.9854896366596222,1.7150549292564392,3.870245575904846,5.795195579528809,7.5655677318573,0.2312598466873169,0.6750624630856125
11,91.53375887870789,1.8474978043232113,0.2829676568508148,0.0,0.18765959242979685,2.160492428143819,0.027714732786019644,0.22389715909957886,0.025775374472141267,0.0,0.0,0.0,0.12771473427613575,0.22444234490394593,0.8359761983156204,0.2785568833351135,0.2785568833351135,0.20907043665647507,0.03381597250699997,0.2106802836060524,0.7857517898082733,0.12681396305561066,0.6180002229909102,3.4312777419885,4.61271002117438,0.0,0.7613754490033792,0.204199381172657,0.34596407413482666,0.507566437125206,0.7660453021526337,0.9419125318527222,0.9423136115074158,0.6811450123786926,0.9681261777877808,1.6764518022537231,3.766480803489685,5.850097417831421,7.645365238189697,0.21947625875473023,0.7613754490033792
12,99.77084803581238,1.8200881179732582,0.2905943274497986,0.0,0.18357284665107726,2.1262604077657064,0.027547469238440196,0.21532988448937734,0.023818516234556834,0.0,0.0,0.0,0.12754747072855632,0.2235198070605596,0.822142481803894,0.2769017219543457,0.2769017219543457,0.20339494943618774,0.03224962204694748,0.17624299228191376,0.776263028383255,0.12631121277809143,0.6502624861896038,3.260811855395635,5.031218110084271,0.0,0.8382662382853385,0.19539865106344223,0.3731610029935837,0.5658650696277618,0.8113574981689453,0.9830932319164276,0.9726994633674622,0.6760718822479248,0.899715781211853,1.5589900612831116,3.599153161048889,5.678219318389893,7.152720928192139,0.23381183296442032,0.8382662382853385
13,107.86361980438232,1.8006740145385265,0.2883602221806844,0.0,0.18247326413790385,2.114063771565755,0.027338162561257682,0.20999224483966827,0.022540245577692984,0.0,0.0,0.0,0.1273381640513738,0.21923815409342448,0.8113845065236092,0.28062574565410614,0.28062574565410614,0.19522294402122498,0.031302825547754765,0.15246783196926117,0.7642129361629486,0.12649396806955338,0.59365380803744,3.227023328344027,5.526135221971064,0.0,0.9393665889760783,0.1653912216424942,0.3302561789751053,0.4904721975326538,0.749187171459198,0.91397425532341,0.9126418232917786,0.6519896686077118,0.8768401741981506,1.5430912971496582,3.5696325302124023,5.567122459411621,7.153463840484619,0.23003539592027664,0.9393665889760783
14,115.96836686134338,1.7861372353198628,0.28693048159281415,0.0,0.18180174430211385,2.1051594495773314,0.02697286953528722,0.2058614730834961,0.02158300088097652,0.0,0.0,0.0,0.12697287102540333,0.21725271940231322,0.807989165186882,0.2845754027366638,0.2845754027366638,0.19056303054094315,0.030499751679599285,0.13698919862508774,0.7563538551330566,0.12592586874961853,0.6208645937343439,3.4399224619070687,5.900180540290966,0.0,1.0210748628447612,0.16269179433584213,0.332289919257164,0.49642787873744965,0.7842923700809479,0.9599109590053558,0.9895746409893036,0.6389481127262115,0.8617307245731354,1.548276424407959,3.6814470291137695,5.92561674118042,7.983515739440918,0.2282446324825287,1.0210748628447612
15,124.0948338508606,1.7742945375309016,0.2876550575097402,0.0,0.18112560907999675,2.091688283284505,0.026568519572416942,0.20313657323519388,0.020835863798856734,0.0,0.0,0.0,0.12656852106253305,0.2297660122315089,0.789448082447052,0.2744344174861908,0.2744344174861908,0.1888982281088829,0.029697171412408352,0.12792916595935822,0.7524533271789551,0.12606270611286163,0.607186874995629,3.467604413628578,6.082088148092519,0.0,1.0640340774274273,0.15526365488767624,0.32339704036712646,0.47880764305591583,0.7731031775474548,0.9443272352218628,0.9682224988937378,0.6395662426948547,0.8151639997959137,1.498355746269226,3.5725820064544678,6.03144907951355,8.248509407043457,0.24368501156568528,1.0640340774274273
16,132.28617405891418,1.7663024813480055,0.2873415191968282,0.0,0.17957573731740314,2.0829684654871623,0.02616742750008901,0.20170099437236785,0.020223226149876913,0.0,0.0,0.0,0.12616742899020514,0.2525781005620956,0.7719802558422089,0.27145951986312866,0.27145951986312866,0.18239548802375793,0.029196714982390404,0.12367698177695274,0.738970160484314,0.12543277069926262,0.5767779809733232,3.555323084195455,6.095118524455169,0.0,1.0699071530849393,0.14888186007738113,0.3070499747991562,0.4541042298078537,0.716435581445694,0.9074525833129883,0.9267436563968658,0.6265223324298859,0.8150564134120941,1.444974660873413,3.591528058052063,6.208719253540039,8.645137786865234,0.25569207668304444,1.0699071530849393
17,140.2988350391388,1.751821748035339,0.2844871163368225,0.0,0.18138739665349324,2.076050623257955,0.02590836634238561,0.19762836992740632,0.019731160749991736,0.0,0.0,0.0,0.12590836783250173,0.2226473867893219,0.7877439856529236,0.2797984778881073,0.2797984778881073,0.18402313441038132,0.028888637199997902,0.12215233221650124,0.7391999065876007,0.1250944584608078,0.6300118006765842,3.649335871140162,6.384361821546308,0.0,1.1327505569373657,0.15322159975767136,0.33516640961170197,0.5082077533006668,0.799044132232666,0.978222131729126,1.0062087774276733,0.6557245552539825,0.8530049026012421,1.5173582434654236,3.7295483350753784,6.299360513687134,8.841018676757812,0.22756766080856322,1.1327505569373657
18,148.33614015579224,1.740297069043542,0.2844586888949076,0.0,0.18031864265600842,2.0609261751174928,0.025524357457955678,0.19584268828233084,0.019305784069001675,0.0,0.0,0.0,0.1255243589480718,0.2397306442260742,0.785493403673172,0.27817022800445557,0.27817022800445557,0.18411903083324432,0.028372490778565407,0.1217176802456379,0.7390733361244202,0.12469267100095749,0.5991535298526287,4.063644816478093,5.977136306779744,0.0,1.0396888377700373,0.15787530690431595,0.3085586279630661,0.4655228704214096,0.7594384253025055,0.9436422288417816,0.9598837196826935,0.6464862823486328,0.9002887606620789,1.6685845851898193,4.065753817558289,6.874065637588501,10.22668981552124,0.2399586796760559,1.0396888377700373
19,156.4330449104309,1.7325158630885804,0.2841064453125,0.0,0.18061182498931885,2.052976067860921,0.025055227677027385,0.1942451963822047,0.01894803425918023,0.0,0.0,0.0,0.1250552291671435,0.27778878013292946,0.7709455564618111,0.27126701176166534,0.27126701176166534,0.18202251940965652,0.0281728720292449,0.12196960300207138,0.7340928912162781,0.12465396150946617,0.6072608108321825,4.299968337019284,6.4716609014217905,0.0,1.1551870775336437,0.14845819771289825,0.3205634206533432,0.46937792003154755,0.7705703973770142,0.9607711136341095,0.9738238155841827,0.6331827640533447,0.8287862241268158,1.5485833883285522,4.000117182731628,7.528729200363159,11.260411262512207,0.2743315756320953,1.1551870775336437
20,164.44854879379272,1.726767757581547,0.28387858867645266,0.0,0.17973062594731648,2.0472201903661094,0.02480956812699636,0.19305176337560018,0.018651451729238034,0.0,0.0,0.0,0.12480956961711248,0.2595979362726212,0.75673408806324,0.26571232080459595,0.26571232080459595,0.17908280342817307,0.027799746952950954,0.12209439650177956,0.726854681968689,0.12468494102358818,0.6111686776081721,4.675883452097575,5.912729513901379,0.0,1.0232690722310787,0.16445551812648773,0.3225022107362747,0.4697113633155823,0.7649595737457275,0.9723809957504272,0.9730024039745331,0.6309803128242493,0.8439434170722961,1.6422423124313354,4.3161091804504395,8.26556921005249,12.356456279754639,0.2818489134311676,1.0232690722310787
21,172.48729920387268,1.7189492350288977,0.28116752703984577,0.0,0.18111804525057476,2.043159262339274,0.024501030147075654,0.19154002964496614,0.018397691721717516,0.0,0.0,0.0,0.12450103163719177,0.2709045390288035,0.7711351737380028,0.2721693366765976,0.2721693366765976,0.1814405843615532,0.027682967483997345,0.12241972237825394,0.7318148612976074,0.12406371906399727,0.5946557968854904,4.92562073469162,5.620933224884183,0.0,0.9599513177651368,0.16433313488960266,0.3326902985572815,0.4760874807834625,0.7300468385219574,0.9237055778503418,0.9410714507102966,0.634733647108078,0.9521362483501434,1.8679632544517517,4.777250289916992,8.43295955657959,12.888681411743164,0.25264793634414673,0.9599513177651368
22,180.54805302619934,1.7103536866838112,0.2767901579538981,0.0,0.18163732886314393,2.0419103701909385,0.023991698026657106,0.189861199259758,0.018175655913849672,0.0,0.0,0.0,0.12399169951677322,0.2537959525982539,0.7699764668941498,0.27612239122390747,0.27612239122390747,0.1778964400291443,0.02728747297078371,0.1223696768283844,0.7278414666652679,0.12345767021179199,0.6328978749612967,5.3825856645901995,6.657555163714484,0.0,1.195114646457249,0.1523636355996132,0.3402739465236664,0.4949471652507782,0.7711561024188995,1.0143693089485168,1.0242770910263062,0.6418304145336151,0.9657460749149323,1.9472270011901855,5.158997297286987,9.469926357269287,14.111786842346191,0.24571384042501448,1.195114646457249
23,188.58921194076538,1.6991777310380711,0.28160656889279684,0.0,0.18098807434240977,2.020807313919067,0.023791447778542838,0.1872377077738444,0.017983733552197616,0.0,0.0,0.0,0.12379144926865895,0.26259404520193735,0.743671603500843,0.25751592218875885,0.25751592218875885,0.1786988601088524,0.02718890644609928,0.12242309376597404,0.7256576418876648,0.12338198721408844,0.6119376669327418,5.975741450985272,5.567109942363211,0.0,0.9467665478016506,0.17421162128448486,0.33892619609832764,0.4715970754623413,0.7336927354335785,0.9698552489280701,0.9833431243896484,0.6275233030319214,0.9072498381137848,1.9505263566970825,5.582303524017334,10.698063373565674,16.08878231048584,0.2576607808470726,0.9467665478016506
24,196.61831784248352,1.6941732189928491,0.2784857273101807,0.0,0.1817854404449463,2.021613351504008,0.023457572360833488,0.18615000744660695,0.01782311381151279,0.0,0.0,0.0,0.1234575738509496,0.28586675922075905,0.7368011847138405,0.2607518881559372,0.2607518881559372,0.17283667623996735,0.026984160766005516,0.12225713580846786,0.7105073928833008,0.12265997007489204,0.6135432869195938,6.0964697649081545,5.992170137054727,0.0,1.0413747087201766,0.16234366595745087,0.3113810271024704,0.44010284543037415,0.7214073538780212,0.9727908670902252,1.073233962059021,0.6310663223266602,0.9394853413105011,2.065821409225464,5.714686155319214,10.805407524108887,16.422351837158203,0.2814711362123489,1.0413747087201766
25,204.61538195610046,1.685707524426592,0.2760819653669993,0.0,0.18278879721959432,2.0159238656361897,0.02330577075481415,0.18454007307688394,0.01767812091857195,0.0,0.0,0.0,0.12330577224493026,0.305606934428215,0.7460850775241852,0.2678970992565155,0.2678970992565155,0.17211971431970596,0.02686124760657549,0.1221083514392376,0.7083908021450043,0.12253516912460327,0.6185427395006021,6.069862738251686,6.304261972237334,0.0,1.1131156576558652,0.15644555538892746,0.31949482858181,0.46986787021160126,0.745153397321701,0.9862737655639648,1.034021019935608,0.6269229352474213,0.947411298751831,2.0260539054870605,5.628039121627808,10.82492446899414,16.365824699401855,0.30426834523677826,1.1131156576558652
26,212.5674397945404,1.6763791430275887,0.2738962173461914,0.0,0.18281763792037964,2.011757969856262,0.023020560542742412,0.1820889045794805,0.017560645937919617,0.0,0.0,0.0,0.12302056203285854,0.32072658141454063,0.7438892051577568,0.2666311711072922,0.2666311711072922,0.17197122424840927,0.02691061794757843,0.12210967764258385,0.7078680098056793,0.12280320003628731,0.5745314632852873,6.425880203644435,5.97801612532474,0.0,1.0411785070724813,0.1546085625886917,0.29940980672836304,0.40660560131073,0.649667501449585,0.9242524802684784,1.0126448273658752,0.6187281310558319,1.0326898992061615,2.2576682567596436,6.12614107131958,11.345080375671387,17.174973487854004,0.326828633248806,1.0411785070724813
27,220.6185929775238,1.6686172241655488,0.2720902800559998,0.0,0.1838072250286738,2.00424546400706,0.022809351980686187,0.18100158174832662,0.01743774532030026,0.0,0.0,0.0,0.12280935347080231,0.31894207894802096,0.7399843335151672,0.25999629497528076,0.25999629497528076,0.17499494552612305,0.026685467921197414,0.12174762040376663,0.7151751220226288,0.12266403809189796,0.6155659072101116,6.740043153365453,6.00462953211498,0.0,1.042478411227437,0.16731221228837967,0.31432846188545227,0.44457629323005676,0.7437570095062256,1.0046478509902954,1.01877361536026,0.6165480017662048,1.0231618881225586,2.3484580516815186,6.6119630336761475,12.061126708984375,17.779001235961914,0.3267652168869972,1.042478411227437
28,228.60371088981628,1.6638077348936349,0.27111406723658243,0.0,0.18327352702617644,1.9984239101409913,0.022675399978955586,0.18060795366764068,0.017338295405109724,0.0,0.0,0.0,0.1226754014690717,0.2692244350910187,0.728543296456337,0.2564074993133545,0.2564074993133545,0.17196602374315262,0.026530169881880283,0.12140711769461632,0.7057781219482422,0.12222807481884956,0.589099662999312,6.957221483190854,5.9719211999245845,0.0,1.036579528429561,0.16336573660373688,0.2947670668363571,0.41125743091106415,0.6991212368011475,0.975607305765152,0.9904792010784149,0.6122617423534393,1.037367343902588,2.3738385438919067,6.705487489700317,12.451131820678711,18.563241958618164,0.2897016525268555,1.036579528429561
29,236.5683400630951,1.658182639721781,0.26892558733622235,0.0,0.18577757179737092,1.9947479009628295,0.022481551766395567,0.17973810136318208,0.0172555231799682,0.0,0.0,0.0,0.1224815532565117,0.29692408939202625,0.7214520275592804,0.2568827271461487,0.2568827271461487,0.1680639684200287,0.02631125133484602,0.12096315249800682,0.6967491805553436,0.12210367619991302,0.5668315999209881,6.820536474386851,6.120811325759366,0.0,1.0745362963302514,0.15120460838079453,0.2803487181663513,0.40252073109149933,0.6794557571411133,0.9254948794841766,0.9619649052619934,0.6206477880477905,1.0681445598602295,2.442803382873535,6.781736373901367,12.051600456237793,17.95828628540039,0.28537835031747816,1.0745362963302514
30,244.5811698436737,1.6502938060555608,0.2709165116151174,0.0,0.184248552719752,1.983356738090515,0.02231287807226181,0.17777145703633626,0.0171646723523736,0.0,0.0,0.0,0.12231287956237794,0.3173486371835073,0.7311516478657722,0.2622005492448807,0.2622005492448807,0.16892541199922562,0.02625140640884638,0.12069809436798096,0.6977195143699646,0.12190313264727592,0.5435084141790867,7.5589108020067215,6.114855308305211,0.0,1.0764506616327174,0.14480573683977127,0.2695448249578476,0.3845680058002472,0.6371553838253021,0.8854661285877228,0.9395104050636292,0.6080134212970734,1.164460837841034,2.754803419113159,7.658503532409668,13.43885326385498,19.728830337524414,0.3237476199865341,1.0764506616327174
31,252.56543684005737,1.6395295405915629,0.26926862398783363,0.0,0.18613350590070088,1.969715698560079,0.022294756770133973,0.17653889556725819,0.01709707820167144,0.0,0.0,0.0,0.12229475826025009,0.3058133155107498,0.7278143614530563,0.260603666305542,0.260603666305542,0.16845443099737167,0.026326710358262062,0.12056682631373405,0.6963743269443512,0.12222586572170258,0.5559822469949722,7.67237401008606,5.467436044692544,0.0,0.9271213932154111,0.1635933667421341,0.2864265590906143,0.3857545554637909,0.6462266147136688,0.8944362699985504,0.9594561159610748,0.6094874739646912,1.1652361750602722,2.711377263069153,7.645285367965698,13.878538131713867,20.024319648742676,0.3080717474222183,0.9271213932154111
32,260.5797870159149,1.637088693313611,0.2683303713798523,0.0,0.18629670639832815,1.9651859998703003,0.02204003781080246,0.17698080639044445,0.017026921237508454,0.0,0.0,0.0,0.12204003930091858,0.3095452278852463,0.7211154364049435,0.25194544345140457,0.25194544345140457,0.1715986356139183,0.026089947670698166,0.12018049880862236,0.7037701904773712,0.12166097015142441,0.5600769730905691,7.330654958883922,5.697533788359726,0.0,0.9781758380278384,0.15814509242773056,0.28539805114269257,0.39492249488830566,0.6520285606384277,0.9010370075702667,0.9689306318759918,0.6074552536010742,1.0544023513793945,2.5227361917495728,7.229610443115234,13.380064487457275,19.189661026000977,0.3214834466576576,0.9781758380278384
33,268.5832710266113,1.6305696498136968,0.26835862795511883,0.0,0.18795812726020814,1.9602848052978517,0.022092283765474955,0.17484097878138224,0.016964759894957146,0.0,0.0,0.0,0.12209228525559107,0.34224979281425477,0.7162770256400108,0.2514439672231674,0.2514439672231674,0.16955553740262985,0.026027952320873737,0.11988275498151779,0.6977059245109558,0.12185360863804817,0.5710268492499987,7.457283233602841,5.351593857114083,0.0,0.9017230293866826,0.16948972642421722,0.29933150112628937,0.4022938460111618,0.6478191912174225,0.9070401787757874,1.0001866519451141,0.6003653705120087,1.1421253681182861,2.6952539682388306,7.518840074539185,13.56166696548462,19.22544765472412,0.35587053298950194,0.9017230293866826
34,276.6003210544586,1.6229528915835545,0.26774321993192035,0.0,0.1880217671394348,1.9499927520751954,0.021927949289480844,0.1739566554625829,0.016892082678774994,0.0,0.0,0.0,0.12192795077959696,0.33885459999243417,0.7172559127211571,0.25317980349063873,0.25317980349063873,0.1687431037425995,0.02609304804354906,0.11976435035467148,0.6948727965354919,0.12161969766020775,0.5455596869190534,7.230288008848826,5.239067893373051,0.0,0.8785124790215046,0.16398034989833832,0.27574679255485535,0.38119077682495117,0.6341061294078827,0.859104186296463,0.9592298865318298,0.5959487557411194,1.1467997431755066,2.703086733818054,7.4243528842926025,13.195947170257568,18.315592765808105,0.30665851980447767,0.8785124790215046
35,284.61896085739136,1.6187112993871173,0.266899041334788,0.0,0.18920852144559225,1.9447453339894614,0.021985947589079537,0.17350003719329835,0.01683803784350554,0.0,0.0,0.0,0.12198594907919566,0.3490914136171341,0.7172921374440193,0.25563107430934906,0.25563107430934906,0.16692276298999786,0.02605802845209837,0.1195686087012291,0.6922709047794342,0.1217404343187809,0.5318782341976961,7.551950126886368,5.370997947483453,0.0,0.9083954816023735,0.15384190529584885,0.28095853328704834,0.38781215250492096,0.6094460189342499,0.8262845575809479,0.9329262375831604,0.6080232262611389,1.1393280029296875,2.7279213666915894,7.802853584289551,13.801069736480713,19.232504844665527,0.3554415538907051,0.9083954816023735
36,292.5797588825226,1.6090031070401891,0.266184530655543,0.0,0.18964839378992718,1.932771333058675,0.021916610995928447,0.17199605305989582,0.016784298109511535,0.0,0.0,0.0,0.12191661248604456,0.30889234046141306,0.715346597135067,0.25517939031124115,0.25517939031124115,0.16628875583410263,0.02583116851747036,0.11915316432714462,0.6884416043758392,0.1213652677834034,0.5110283643007278,7.593634029229482,5.168887728198702,0.0,0.8646150192590967,0.15602680295705795,0.2508106902241707,0.35567837953567505,0.5813981592655182,0.8064850270748138,0.9157711267471313,0.599410891532898,1.1209253072738647,2.7778109312057495,8.051934480667114,13.945536613464355,19.06618595123291,0.3012159004807472,0.8646150192590967
37,300.5331027507782,1.60197563675077,0.2662382523218791,0.0,0.19050635794798534,1.9237744808197021,0.021833169957002005,0.17068674862384797,0.016729506912330785,0.0,0.0,0.0,0.12183317144711812,0.31753097573916117,0.7256940975785255,0.2576741427183151,0.2576741427183151,0.16959144175052643,0.025796162895858288,0.118960190564394,0.6968280375003815,0.12149018794298172,0.4995207724471887,7.819680502017339,4.919952900950461,0.0,0.8120476686732994,0.15576615184545517,0.2673288881778717,0.3626340329647064,0.5647402107715607,0.7663621306419373,0.880293220281601,0.5970243215560913,1.180984079837799,2.8803218603134155,8.321718692779541,14.379182815551758,19.55885124206543,0.31172263622283936,0.8120476686732994
38,308.4846169948578,1.5976856679966052,0.26750124295552574,0.0,0.19084295630455017,1.9138874451319376,0.021767414112885793,0.17038509547710418,0.01668354564656814,0.0,0.0,0.0,0.12176741560300192,0.37223259508609774,0.7109160274267197,0.2538112699985504,0.2538112699985504,0.16509956121444702,0.025715761817991734,0.11875230818986893,0.682400643825531,0.12120820581912994,0.5090678098301092,8.06112482647101,5.037375044289435,0.0,0.836621395302832,0.1571429744362831,0.27184760570526123,0.3728816509246826,0.5987300276756287,0.7915880978107452,0.8622165024280548,0.5893929302692413,1.1564421653747559,2.8752211332321167,8.566250801086426,15.01847791671753,20.160964012145996,0.36895802319049836,0.836621395302832
39,316.4625418186188,1.5970150438292572,0.2658785700798035,0.0,0.19218865931034088,1.915406099955241,0.021704750259717305,0.1704333742459615,0.01663634938498338,0.0,0.0,0.0,0.12170475174983343,0.3827608287334442,0.7241943329572678,0.2579937279224396,0.2579937279224396,0.1686018705368042,0.025757168419659138,0.11861792206764221,0.6921407580375671,0.12141008675098419,0.4901248837510745,7.955725739399592,5.034304232863912,0.0,0.8367602762079243,0.15060478448867798,0.2702306658029556,0.3694680631160736,0.5558744072914124,0.7581903040409088,0.8363810777664185,0.5757197141647339,1.1335960030555725,2.8630752563476562,8.320180892944336,14.626975059509277,20.214807510375977,0.39766955375671387,0.8367602762079243
40,324.4536530971527,1.5885859341283017,0.2634361098210017,0.0,0.19418233732382456,1.9077102343241374,0.021758570770422616,0.16925434172153472,0.016589979144434133,0.0,0.0,0.0,0.12175857226053874,0.37010568181673686,0.7134815566241741,0.25573159009218216,0.25573159009218216,0.16494208574295044,0.02563811093568802,0.11837708577513695,0.6852261424064636,0.12121611088514328,0.5027207657694817,8.006447921196619,4.9870772828918595,0.0,0.8260427294190014,0.15709059685468674,0.26214585453271866,0.3724793642759323,0.5997280776500702,0.7834229469299316,0.8414577543735504,0.5944671630859375,1.1800416111946106,2.894522190093994,8.541381359100342,14.949927806854248,19.878347396850586,0.3765618622303009,0.8260427294190014
41,332.4344871044159,1.5832439391330506,0.2624592920144399,0.0,0.19517015119393666,1.9025206406911215,0.021736923356850943,0.16832848985989887,0.016545883379876614,0.0,0.0,0.0,0.12173692484696706,0.35787905355294547,0.7107152231037617,0.250561885535717,0.250561885535717,0.16743619740009308,0.02558897528797388,0.11816869303584099,0.6873369812965393,0.12150809168815613,0.4701556439201037,8.127723708748817,4.74672749063047,0.0,0.7760659470923083,0.15076255053281784,0.2577423229813576,0.36091236770153046,0.5392814874649048,0.7156287431716919,0.7966063916683197,0.5878665149211884,1.1795098781585693,2.953630566596985,8.731867790222168,15.148783206939697,20.164684295654297,0.36227343827486036,0.7760659470923083
42,340.4513189792633,1.5803279345001404,0.26228206753730776,0.0,0.1953389714161555,1.8969747225443523,0.02172412027915319,0.1683432127038638,0.01650750214854876,0.0,0.0,0.0,0.1217241217692693,0.4290273149808248,0.7141846790909767,0.2517363280057907,0.2517363280057907,0.16829009354114532,0.025622449815273285,0.11808336898684502,0.6893660426139832,0.12133289128541946,0.4812249926229318,8.272560308376947,5.036011568481021,0.0,0.8379685444338306,0.1457800567150116,0.2526896223425865,0.3609144985675812,0.5602029263973236,0.7341500520706177,0.8336127996444702,0.5953056216239929,1.176993489265442,2.9274104833602905,8.746319770812988,15.381715297698975,20.8076171875,0.44594687819480894,0.8379685444338306
43,348.499226808548,1.5743860519180695,0.2636575440565745,0.0,0.1957845350106557,1.8871217807133993,0.02163465569416682,0.16715081234773,0.01646779334793488,0.0,0.0,0.0,0.12163465718428294,0.4295047461986542,0.708585511893034,0.2454078570008278,0.2454078570008278,0.17023686319589615,0.025467180646955967,0.11775768548250198,0.6935595870018005,0.12152448296546936,0.47438616181413334,8.387857392430305,4.6654833487449165,0.0,0.7591463035386464,0.1518888846039772,0.2602156698703766,0.35888463258743286,0.5351537764072418,0.7086350619792938,0.8315389454364777,0.5740909278392792,1.1498572826385498,2.916612148284912,8.757310390472412,15.50314712524414,21.42612648010254,0.426064658164978,0.7591463035386464
44,356.6016671657562,1.5700338599660124,0.26333091855049134,0.0,0.1968184490998586,1.8790605465571086,0.021629121402899423,0.16710554858048757,0.016434389042357604,0.0,0.0,0.0,0.12162912289301554,0.44888841509819033,0.7059360817074776,0.2503369003534317,0.2503369003534317,0.165215365588665,0.025329962372779846,0.11745283007621765,0.6798290014266968,0.1213466115295887,0.47758740186691284,8.401788711547852,4.421193562051358,0.0,0.7102443395430116,0.1601482555270195,0.25965528935194016,0.3556848615407944,0.5600250661373138,0.7080464363098145,0.8219645023345947,0.606791079044342,1.2073718905448914,2.9950830936431885,8.858599662780762,15.540040969848633,21.202845573425293,0.46094263792037965,0.7102443395430116
45,364.6989917755127,1.5648087385653828,0.2636997898419698,0.0,0.19747476677099865,1.8693315744400025,0.021746580799420673,0.16668083369731904,0.016404961484173933,0.0,0.0,0.0,0.12174658228953679,0.4263405680656433,0.6928053088486195,0.2395276352763176,0.2395276352763176,0.16675692796707153,0.02547553088515997,0.11750956624746323,0.6841402649879456,0.12104213237762451,0.47743484502037364,8.416190758347511,4.747722618872374,0.0,0.7762688849372908,0.1508784517645836,0.24276378750801086,0.34894055128097534,0.5545644313097,0.716329038143158,0.8511328101158142,0.5916534960269928,1.064163863658905,2.7208895683288574,8.61298418045044,15.739684581756592,21.76776885986328,0.42011151611804964,0.7762688849372908
46,372.6513578891754,1.563020051146547,0.26359102725982664,0.0,0.19831202030181885,1.868996532758077,0.021679686009883882,0.16590260217587152,0.016363339374462764,0.0,0.0,0.0,0.1216796875,0.4488605837027232,0.6845394857227802,0.236496202647686,0.236496202647686,0.1648975908756256,0.02530747838318348,0.11717938631772995,0.6787495911121368,0.12135195732116699,0.4806245354314645,8.709750746687254,4.654262424713804,0.0,0.7568310209015976,0.15270429104566574,0.2625915855169296,0.35783569514751434,0.5492286384105682,0.7107258439064026,0.8506611585617065,0.5824033319950104,1.0969787240028381,2.8351324796676636,8.821218490600586,16.181230545043945,22.741540908813477,0.4617959290742874,0.7568310209015976
47,380.6007809638977,1.5567535866284743,0.26102151374022164,0.0,0.19915855328241985,1.864290976524353,0.02170323133468628,0.16518449783325195,0.016334101806084314,0.0,0.0,0.0,0.1217032328248024,0.46921870509783425,0.6963379643857479,0.2441791668534279,0.2441791668534279,0.16503460705280304,0.025196412578225136,0.11693940311670303,0.6788504123687744,0.12134137749671936,0.4657684974372387,8.994801715016365,4.768335904017183,0.0,0.7810720205886823,0.14467767626047134,0.24142451584339142,0.34621451795101166,0.5440809726715088,0.68987175822258,0.828341543674469,0.5890067517757416,1.1717320680618286,2.9844424724578857,9.339585304260254,16.906529426574707,22.977514266967773,0.4648190140724182,0.7810720205886823
48,388.58832597732544,1.5524602230793485,0.25886982878049214,0.0,0.20036400159200032,1.8602315028508505,0.021653752525647482,0.16508403718471526,0.016288568948705992,0.0,0.0,0.0,0.1216537540157636,0.4646409591039022,0.706432893872261,0.24506866931915283,0.24506866931915283,0.1694149449467659,0.02541831135749817,0.1171187236905098,0.6878189742565155,0.12140659987926483,0.4935567155480385,9.47307462990284,4.8236883972515905,0.0,0.7921206884334285,0.15169917792081833,0.25782088190317154,0.36447422206401825,0.5634206533432007,0.731749564409256,0.8921757936477661,0.5821392834186554,1.1711226105690002,2.9957698583602905,9.430585384368896,17.64770221710205,25.011128425598145,0.4934700220823288,0.7921206884334285
49,396.5867199897766,1.5478674359619617,0.26064067482948305,0.0,0.20110503137111663,1.851578680674235,0.021823946634928384,0.16398803691069286,0.016259012185037135,0.0,0.0,0.0,0.1218239481250445,0.5153611977895101,0.6988634951412678,0.24492355436086655,0.24492355436086655,0.16573908179998398,0.025351100601255894,0.11681816354393959,0.6781351268291473,0.12150855734944344,0.5001564944783846,9.71548350652059,4.836809385388884,0.0,0.7947352419907814,0.15414640307426453,0.25415264070034027,0.36347830295562744,0.5864309966564178,0.7455767691135406,0.8971538543701172,0.5965962409973145,1.153820514678955,2.9439644813537598,9.554307460784912,18.249897956848145,25.79431438446045,0.5366441935300827,0.7947352419907814
50,404.5705831050873,1.5448471401430046,0.26021590530872346,0.0,0.20151101450125378,1.8442203680674234,0.021840709944566092,0.16450754702091216,0.01623007549593846,0.0,0.0,0.0,0.12184071143468221,0.45299813747406004,0.6948461830615997,0.23761078715324402,0.23761078715324402,0.16921500116586685,0.025189383886754513,0.1164921224117279,0.6863059103488922,0.12152669206261635,0.47386062145233154,9.510441119472185,4.562594611261259,0.0,0.7381243116665545,0.1552298441529274,0.2539294883608818,0.35300397872924805,0.5367846786975861,0.7082508504390717,0.8359648883342743,0.6006968319416046,1.1750654578208923,2.955898880958557,9.518166065216064,17.81244945526123,25.000370025634766,0.4701558083295822,0.7381243116665545
51,412.5351481437683,1.5408685955684631,0.26021093428134917,0.0,0.2018213470776876,1.8404852310816446,0.02170659452676773,0.16347433030605316,0.016206643482049306,0.0,0.0,0.0,0.12170659601688386,0.5009911874930064,0.7009257674217224,0.2405368983745575,0.2405368983745575,0.17006020992994308,0.02532816492021084,0.1166151575744152,0.6884241700172424,0.12164254486560822,0.4855658945937951,9.607565015554428,4.54040148290477,0.0,0.7337395305308716,0.15674053877592087,0.25613777339458466,0.3602435737848282,0.5459253191947937,0.7116649746894836,0.8826831877231598,0.5829897522926331,1.144979476928711,2.970597267150879,9.552368640899658,17.866578102111816,25.52787685394287,0.48158323764801025,0.7337395305308716
52,420.61810302734375,1.5403458491511022,0.2597001155217489,0.0,0.202474511663119,1.8369836409886677,0.021854056417942046,0.16427672604719798,0.01617319999883572,0.0,0.0,0.0,0.12185405790805817,0.5004991789658865,0.7047645710408688,0.2482420578598976,0.2482420578598976,0.16620074212551117,0.025236806832253933,0.11626927182078362,0.6792863011360168,0.12145908921957016,0.46053780366977054,10.102614934245745,4.541159449424754,0.0,0.7334113835240742,0.14832166582345963,0.23925531655550003,0.33786140382289886,0.5246281772851944,0.6735523343086243,0.8396079242229462,0.5753010809421539,1.2805270552635193,3.245026111602783,10.187938690185547,18.867090225219727,26.459806442260742,0.5577297270298004,0.7334113835240742
53,428.59546995162964,1.5332373812639466,0.2619230210781097,0.0,0.2028407464424769,1.8210055669148764,0.021801105141639708,0.16360299587249755,0.016139741552372775,0.0,0.0,0.0,0.12180110663175583,0.456805145740509,0.6989848874509335,0.24217138439416885,0.24217138439416885,0.1678639054298401,0.025210009887814522,0.1162133440375328,0.6834919452667236,0.12180570885539055,0.4673249175151189,9.910035600264868,4.668765310081076,0.0,0.7598959712752005,0.14816831797361374,0.24203667789697647,0.33659523725509644,0.5332754850387573,0.6917631030082703,0.8521106839179993,0.5758145451545715,1.1776154041290283,3.0206226110458374,9.718195915222168,18.522375106811523,26.445590019226074,0.4701974898576736,0.7598959712752005
54,436.58570289611816,1.5275085437810048,0.26219990352789563,0.0,0.20266770323117575,1.8128563483556113,0.02190228799978892,0.16262307465076448,0.016109312636156878,0.0,0.0,0.0,0.12190228948990504,0.4834763507048289,0.6909057013690472,0.2373620942234993,0.2373620942234993,0.1674312800168991,0.025024641305208206,0.11575638875365257,0.6801882684230804,0.12153535336256027,0.4727352447807789,9.304941068092981,4.789767982932353,0.0,0.7851501944835458,0.14951059222221375,0.23874042183160782,0.33775395154953003,0.5504037290811539,0.7161210477352142,0.8438817262649536,0.5867023468017578,1.0679022669792175,2.7148343324661255,9.053154468536377,17.472415924072266,24.93463706970215,0.4710466593503952,0.7851501944835458
55,444.6491189002991,1.5284034506805861,0.260019788146019,0.0,0.20402186910311382,1.8191397587458293,0.02200992703437805,0.1624970609943072,0.016083389706909656,0.0,0.0,0.0,0.12200992852449417,0.6395459453264872,0.6760084368288517,0.22799002379179,0.22799002379179,0.16701170057058334,0.024977602995932102,0.1155346967279911,0.6796859204769135,0.12158139050006866,0.5074978930254778,9.04198514421781,5.227221026696737,0.0,0.878034234183219,0.15091613680124283,0.24780137836933136,0.3540169447660446,0.5899646580219269,0.7888720035552979,0.9134162366390228,0.5902160108089447,1.001988261938095,2.4612436294555664,8.316664218902588,16.825824737548828,25.055974006652832,0.635309225320816,0.878034234183219
56,452.702339887619,1.5214818715505922,0.2570112695296605,0.0,0.20526062846183776,1.8140926281611125,0.02200770229101181,0.1617425819238027,0.01606133139381806,0.0,0.0,0.0,0.12200770378112794,0.5056786835193634,0.6871668770909309,0.23782052099704742,0.23782052099704742,0.1652180477976799,0.025145158171653748,0.11564634367823601,0.673094242811203,0.1217813529074192,0.4860000250240167,9.29557237525781,4.6752901720371645,0.0,0.7612781258656262,0.15683288872241974,0.24958079308271408,0.3474484533071518,0.5534052550792694,0.7332392632961273,0.8754934966564178,0.5753057897090912,1.1601943969726562,2.8795855045318604,8.973060131072998,17.361464500427246,24.823823928833008,0.49647901952266693,0.7612781258656262
57,460.6842999458313,1.516655742423609,0.25772630870342256,0.0,0.2056483676036199,1.803428014119466,0.022136771678924562,0.16158898174762726,0.016028173888723057,0.0,0.0,0.0,0.12213677316904067,0.4343368033568064,0.6906032413244247,0.23948296904563904,0.23948296904563904,0.1656893938779831,0.02509618178009987,0.11547102779150009,0.6756733953952789,0.12179426103830338,0.46777772530913353,9.361351177096367,4.887073866162868,0.0,0.8063142943845935,0.14451619237661362,0.23989087343215942,0.3419867604970932,0.5384760499000549,0.7062613070011139,0.8355351686477661,0.5675341784954071,1.1493770480155945,2.900347352027893,9.185807704925537,17.544089317321777,24.820951461791992,0.4683137834072113,0.8063142943845935
58,469.08105087280273,1.5117682113079354,0.2629955222209295,0.0,0.2043102463086446,1.786648694674174,0.022052136063575745,0.16079579591751098,0.015997656558950742,0.0,0.0,0.0,0.12205213755369186,0.4989426592985789,0.6864677220582962,0.23501458764076233,0.23501458764076233,0.16697292029857635,0.02502230554819107,0.11520243063569069,0.6807690262794495,0.12194045260548592,0.459375078479449,9.243163501222929,4.37893052185455,0.0,0.7008408165574775,0.15427928417921066,0.2454693540930748,0.3455280512571335,0.5269428193569183,0.6755782663822174,0.808452695608139,0.5803786814212799,1.1723628640174866,2.890904664993286,8.98160982131958,17.110599517822266,24.723125457763672,0.47507940232753754,0.7008408165574775
59,477.2477309703827,1.5113462675129994,0.25947897930939995,0.0,0.2057929833730062,1.7884850978851319,0.022084742784500122,0.16180324057737985,0.015977175844212373,0.0,0.0,0.0,0.12208474427461624,0.5237849851449331,0.6825735792517662,0.23251093924045563,0.23251093924045563,0.16690358519554138,0.024770215153694153,0.11465457081794739,0.6800174713134766,0.12158912047743797,0.4584277793765068,8.613497088352839,4.388142837136803,0.0,0.7030284731353804,0.1565212458372116,0.24693046510219574,0.34465691447257996,0.5109683126211166,0.6868375837802887,0.8046521544456482,0.5605014562606812,1.0633674263954163,2.595767021179199,8.254425525665283,16.068503856658936,23.13841724395752,0.569681715965271,0.7030284731353804
60,485.247838973999,1.5054220874949047,0.2580690324306488,0.0,0.20628720621267954,1.784747632344564,0.02216829309860865,0.16043655971686047,0.01595493101825317,0.0,0.0,0.0,0.12216829458872477,0.4792109549045563,0.6863420233130455,0.23317743837833405,0.23317743837833405,0.16828793287277222,0.024956073611974716,0.11487061530351639,0.6844309866428375,0.12183576077222824,0.46700471887985867,9.06908363600572,4.840438365213843,0.0,0.7962229656077083,0.14571595937013626,0.24345549196004868,0.3465912640094757,0.5487361699342728,0.7053291201591492,0.8122003078460693,0.5764506161212921,1.0844889879226685,2.665691614151001,8.560606002807617,16.830984115600586,24.696280479431152,0.4458778440952301,0.7962229656077083
61,494.1360981464386,6.166112498131891,0.2332591474056244,0.2332591474056244,0.21575818260510762,1.8368252674738565,0.022140840192635854,0.16035074293613433,0.01592517945294579,4.5420746326446535,4.5420746326446535,0.0,0.12214084168275198,0.46488001147905983,0.6458090841770172,0.20694172382354736,0.20694172382354736,0.16769824922084808,0.0247920211404562,0.11441465467214584,0.6821039319038391,0.12198683992028236,0.4981156351665656,4.128537694613139,5.963308140048914,0.0,1.0471213707433087,0.13592752069234848,0.21032102406024933,0.31318047642707825,0.5520764291286469,0.8105776906013489,0.9666106700897217,0.5827040672302246,0.9595745205879211,2.0742563605308533,4.961740970611572,7.13283634185791,9.060113906860352,0.4406181454658508,1.0471213707433087
62,502.620187997818,2.477690149184006,0.2184324751297633,0.5311942299207052,0.2388587127129237,1.8996050675710043,0.02227593163649241,0.16038277844587961,0.015921293074886003,0.6856804052988689,0.6856804052988689,0.0,0.12227593312660853,2.400006361802419,0.6917129904031754,0.21986126154661179,0.2874930649995804,0.1640525981783867,0.025111354887485504,0.11478012800216675,0.6694793999195099,0.12200450897216797,0.46914425616463024,0.6517868638038635,4.272348510561133,0.0,0.6840344293796928,0.17100422084331512,0.2469855472445488,0.3305729329586029,0.5313703715801239,0.7305896282196045,0.8043428361415863,0.6049273610115051,0.5899686813354492,0.6010675132274628,0.6261135637760162,0.7010530531406403,0.7875910103321075,0.8295490324497223,0.6840344293796928
63,511.1225368976593,2.143813048582524,0.23249094784259797,0.28595149914423623,0.2385656416416168,1.8541950384775798,0.022327363987763724,0.15968340933322905,0.01588257613281409,0.4844793717066447,0.4844793717066447,0.0,0.12232736547787984,0.6245816131432851,0.6854626536369324,0.22761298716068268,0.25059399008750916,0.16627633571624756,0.02486194297671318,0.11419712379574776,0.6770258843898773,0.12196480855345726,0.4754696538050969,0.6584059844414393,3.869951776037095,0.0,0.6189155884169044,0.18707887083292007,0.2499449923634529,0.307018518447876,0.4791216105222702,0.7239862084388733,0.9056677222251892,0.5971337854862213,0.5756533443927765,0.5815372467041016,0.6433096528053284,0.7207342088222504,0.8320676684379578,0.6054757386445999,0.6189155884169044
64,519.6326851844788,2.0381565334042535,0.2425336480140686,0.2636389931042989,0.23276776572068533,1.8102805534998576,0.02240142027537028,0.15941137174765269,0.015854796022176744,0.4029846787452698,0.4029846787452698,0.0,0.12240142176548639,0.5139932036399841,0.6925658397376537,0.23614501953125,0.2402762994170189,0.16814133524894714,0.024890855886042118,0.11418378353118896,0.68009352684021,0.12194864824414253,0.40469180047512054,0.6299017667770386,3.5363970346389655,0.0,0.5535718586542687,0.17464949190616608,0.21822106838226318,0.2654087245464325,0.41685785353183746,0.6176299452781677,0.7353837192058563,0.5799173414707184,0.5697754621505737,0.576785534620285,0.6137439906597137,0.6782748699188232,0.7609134018421173,0.4781732141971588,0.5535718586542687
65,528.1647889614105,2.019509275816381,0.2450170417626699,0.2552707890669505,0.23124240934848786,1.7945883830388387,0.02236550400654475,0.15973857839902242,0.015838702333470185,0.3934026718139648,0.3934026718139648,0.0,0.12236550549666086,0.5209833542505901,0.6908206194639206,0.23044002056121826,0.23519372940063477,0.17139186710119247,0.024976732209324837,0.11411827430129051,0.6873486042022705,0.12223365530371666,0.37894358361760777,0.6221354156732559,3.81672404327408,0.0,0.5923481423939974,0.15635067969560623,0.20013070106506348,0.24776692688465118,0.3970128744840622,0.5967473983764648,0.6756529211997986,0.5845887660980225,0.5542900860309601,0.5629723072052002,0.6032164096832275,0.664481520652771,0.7632634043693542,0.5193447202444077,0.5923481423939974
66,536.5892088413239,1.9824957323881487,0.24492260018984477,0.2490377753973007,0.23100320200125377,1.788891649246216,0.02252517193555832,0.1586023544271787,0.015814173159499963,0.36466866731643677,0.36466866731643677,0.0,0.12252517342567444,0.46855262319246926,0.6776920408010483,0.22602838277816772,0.2294548749923706,0.16846811026334763,0.02467412780970335,0.11345427855849266,0.6797283887863159,0.12228428572416306,0.3951396197080612,0.59759088853995,3.874611705638857,0.0,0.604283944102915,0.15901070833206177,0.20492271333932877,0.2586912140250206,0.406962126493454,0.6161047518253326,0.7251462042331696,0.5842783749103546,0.5500265061855316,0.5505371987819672,0.5849871039390564,0.6274245977401733,0.6882915496826172,0.4780287444591522,0.604283944102915
67,545.0503549575806,1.955863252809892,0.24849932491779328,0.24626727104187013,0.22920347650845846,1.7752896308898927,0.022452689707279205,0.15851128995418548,0.015783597466846308,0.34304865399996437,0.34304865399996437,0.0,0.12245269119739532,0.5296677450338999,0.676188237965107,0.22687458992004395,0.22565720975399017,0.16824252158403397,0.024762965738773346,0.11345558241009712,0.6802262961864471,0.12231997400522232,0.37050992747147876,0.5996237695217133,3.6952592257214545,0.0,0.5684688887887823,0.15330319106578827,0.19584204256534576,0.24402500689029694,0.3781953901052475,0.5664950311183929,0.6851989030838013,0.5803773403167725,0.547825962305069,0.5437009930610657,0.5736961662769318,0.6328072547912598,0.7193349003791809,0.5324789881706238,0.5684688887887823
68,553.5005991458893,1.933753808805098,0.2471232702334722,0.2430998593568802,0.22941141128540038,1.7762966871261596,0.02253992905219396,0.15856132706006368,0.01576653023560842,0.32323351899782815,0.32323351899782815,0.0,0.12253993054231008,0.5878191590309143,0.6905507482588291,0.23852893710136414,0.22794858366250992,0.169023759663105,0.024705402553081512,0.11319102346897125,0.6839146912097931,0.12234526127576828,0.36860086644689244,0.6011417061090469,3.4921467853739037,0.0,0.5352690889764444,0.15912432223558426,0.19994720816612244,0.245231494307518,0.3769337087869644,0.5556854903697968,0.6746829748153687,0.594813197851181,0.5402559638023376,0.5253669619560242,0.550169974565506,0.6116365194320679,0.7846076190471649,0.6371044158935547,0.5352690889764444
69,561.9841327667236,1.9358849399645501,0.24726971884568533,0.24061033725738526,0.23026142319043477,1.7715319315592448,0.022677624225616456,0.1580475111802419,0.015735767098764578,0.3297237495581309,0.3297237495581309,0.0,0.12267762571573257,0.5950637181599935,0.6958069577813148,0.24142823368310928,0.223481684923172,0.17131894081830978,0.024680551141500473,0.11302884668111801,0.6865676939487457,0.12233694642782211,0.35384706904490787,0.6008142530918121,3.4916723450374527,0.0,0.5310756649659885,0.15234554558992386,0.19556011259555817,0.24286279827356339,0.3683191388845444,0.5319407284259796,0.6320540904998779,0.5683010518550873,0.5498529970645905,0.5479772686958313,0.5674466192722321,0.622957706451416,0.7483498752117157,0.605133444070816,0.5310756649659885
70,570.3508019447327,1.9294159612928827,0.2484761397043864,0.2386329839626948,0.2291126549243927,1.7643268267313639,0.022770343720912932,0.15764861206213635,0.015713400890429816,0.3275092264016469,0.3275092264016469,0.0,0.12277034521102906,0.6511188228925069,0.6821239776909351,0.2324674278497696,0.22033391147851944,0.1697447970509529,0.02465504501014948,0.11285630613565445,0.6818338632583618,0.12239891290664673,0.3774896127482255,0.5904830992221832,3.745290805757405,0.0,0.5779002349986428,0.1536945179104805,0.19209839403629303,0.23869699239730835,0.3814057260751724,0.5756306648254395,0.7234113812446594,0.5720239877700806,0.5337908267974854,0.53095343708992,0.5549258589744568,0.6171636581420898,0.7340408265590668,0.6659183979034424,0.5779002349986428
71,578.7826108932495,1.9124144467447575,0.2475133885939916,0.23776331941286724,0.2291622777779897,1.7606955528259278,0.022769367198149364,0.15759778569142024,0.015692685544490815,0.3138212362925212,0.3138212362925212,0.0,0.12276936868826548,0.6234275261561076,0.6859896443784237,0.23463145643472672,0.2193317487835884,0.17084615677595139,0.024599061347544193,0.11260747909545898,0.6859346330165863,0.12265869230031967,0.35191429158051807,0.5958613802989324,3.729198478572086,0.0,0.5707227386790779,0.14327143877744675,0.18404273688793182,0.2312178537249565,0.35722729563713074,0.5342876315116882,0.6614387929439545,0.5776281654834747,0.5314270853996277,0.5293228626251221,0.5575286746025085,0.6109678745269775,0.7682936191558838,0.6417426377534866,0.5707227386790779
72,587.2824699878693,1.897302918873417,0.24776902000109355,0.23515889843304952,0.22956196665763856,1.7540114323298137,0.022825248539447784,0.15739931166172028,0.015681804157793522,0.30342901349067686,0.30342901349067686,0.0,0.1228252500295639,0.6245003720124562,0.6882455572485924,0.23624883592128754,0.21922804415225983,0.17119134962558746,0.02453508973121643,0.11236885190010071,0.6853758096694946,0.12243408337235451,0.34386597697933513,0.6077581097682317,3.6949983692897512,0.0,0.5634913936111992,0.14124808460474014,0.18072587251663208,0.22674311697483063,0.34636129438877106,0.5219114422798157,0.6462060511112213,0.5908038318157196,0.5450104176998138,0.5395911931991577,0.5678523778915405,0.6239787340164185,0.7793121039867401,0.5866490870714187,0.5634913936111992
73,595.8050661087036,1.9084564794010173,0.24782696068286897,0.2343243936697642,0.2291652739048004,1.7480562130610149,0.022860891123612722,0.15742781559626262,0.015649324096739293,0.3178892234961192,0.3178892234961192,0.0,0.12286089261372884,0.6073509494463603,0.6810157485306263,0.2353539541363716,0.21745481342077255,0.1684671938419342,0.024552810937166214,0.11221738904714584,0.6783609390258789,0.12262148782610893,0.35854962343970936,0.5795661558707556,3.7643740044587277,0.0,0.5787632808764878,0.14702218770980835,0.18309327214956284,0.22487591207027435,0.3549626022577286,0.553446501493454,0.687897264957428,0.5590169429779053,0.5258284509181976,0.5264232456684113,0.5588093996047974,0.6010869145393372,0.7062319815158844,0.6239096820354462,0.5787632808764878
74,604.3177008628845,1.8887809344412139,0.24964795311292012,0.23309559524059295,0.22857582569122314,1.7404776414235432,0.02296549330155055,0.1571271151304245,0.01563296529153983,0.3014068305492401,0.3014068305492401,0.0,0.12296549479166667,0.6001320322354634,0.6886380538344383,0.23593754321336746,0.21653252840042114,0.17221712321043015,0.024494227953255177,0.11197751760482788,0.6892200410366058,0.12267996743321419,0.3615047161777814,0.5851632182796797,3.61807814666205,0.0,0.5533356127942974,0.15129872411489487,0.18977274000644684,0.23464689403772354,0.3668299913406372,0.5474106073379517,0.6790693402290344,0.5663098394870758,0.5179096311330795,0.5044024884700775,0.5427973568439484,0.6198672950267792,0.7596926987171173,0.5914696514606476,0.5533356127942974
75,612.6331689357758,1.915249734884128,0.2490844815969467,0.23174540400505067,0.22814705868562063,1.7367417414983113,0.023029239972432454,0.15651534199714662,0.01561561996738116,0.3322193165620168,0.3322193165620168,0.0,0.12302924146254858,0.5639172911643981,0.6817210465669632,0.23419424146413803,0.21461863815784454,0.17010874301195145,0.024570423178374767,0.11191556230187416,0.6827940940856934,0.12268630415201187,0.36384278784195584,0.5787000954151154,3.882318591374634,0.0,0.5999137533008287,0.14198225736618042,0.1840021014213562,0.23104430735111237,0.36337488889694214,0.5512203574180603,0.7114328145980835,0.5700618326663971,0.5187960714101791,0.508038118481636,0.5499061048030853,0.6132741272449493,0.7121243178844452,0.5999965280294418,0.5999137533008287
76,620.9557797908783,1.888327015331015,0.24985803266366322,0.23116105198860168,0.22880172729492188,1.732239588101705,0.023137042423089345,0.15683002571264903,0.015596991187582414,0.30632036526997886,0.30632036526997886,0.0,0.12313704391320547,0.6259206374486287,0.6771250404417515,0.2292678877711296,0.21204399317502975,0.1709175780415535,0.024630073457956314,0.11186233162879944,0.6844764053821564,0.12310227006673813,0.36287613958120346,0.5937757194042206,3.8917459662958884,0.0,0.6027444034155239,0.14563776552677155,0.18491330742835999,0.22694317996501923,0.3613774925470352,0.5667851865291595,0.6915999054908752,0.5656123459339142,0.5348445177078247,0.532688558101654,0.581314206123352,0.620697021484375,0.7274976670742035,0.6133276641368866,0.6027444034155239
77,629.4066078662872,1.9051278750024114,0.24740805526574453,0.22930363416671753,0.23004391193389892,1.7353091478347777,0.023294811447461445,0.15708797673384348,0.015578388546903929,0.3242489258448283,0.3242489258448283,0.0,0.12329481293757756,0.5688991129398346,0.6880212314426899,0.23362012207508087,0.2110753133893013,0.1744317263364792,0.02457026019692421,0.11152864992618561,0.6931877732276917,0.12307094037532806,0.3379169466594855,0.5937286019325256,3.655698159255671,0.0,0.5547346944785988,0.13759705424308777,0.17942944914102554,0.22554552555084229,0.33794115483760834,0.5030132979154587,0.6439751982688904,0.5563394129276276,0.5271859467029572,0.5250120162963867,0.5569489598274231,0.6168039739131927,0.7800813019275665,0.5785984337329865,0.5547346944785988
78,637.7487890720367,1.8775818467373029,0.24946571389834085,0.22844247221946717,0.2294726103544235,1.7224655071894328,0.023343367874622344,0.15717846651872,0.015551712239782016,0.3013534982999166,0.3013534982999166,0.0,0.12334336936473847,0.6235251406828562,0.686406958848238,0.23051390051841736,0.21208862215280533,0.17492437362670898,0.024438397958874702,0.11116660386323929,0.6933293640613556,0.12298915162682533,0.3418509115775426,0.5862650672594706,3.504841074057942,0.0,0.5300286878744934,0.14601129293441772,0.18156441301107407,0.22046097368001938,0.3312489241361618,0.5117463767528534,0.6600734889507294,0.5759672224521637,0.5320920944213867,0.5295078158378601,0.561127632856369,0.6086648106575012,0.710230827331543,0.6309503585100174,0.5300286878744934
79,646.2400419712067,1.873416382058834,0.24801527261734008,0.22712947726249694,0.22902557452519734,1.7255303621292115,0.023333928485711416,0.15683368643124898,0.01554188405474027,0.298503033320109,0.298503033320109,0.0,0.12333392997582754,0.6478768706321716,0.6900002099573612,0.23858343809843063,0.21125107258558273,0.1728956177830696,0.024566134437918663,0.11121835559606552,0.686127632856369,0.12312046810984612,0.34804092968503636,0.594097817937533,3.6117172496688132,0.0,0.5493198727587624,0.14516501873731613,0.1812601462006569,0.22572601586580276,0.3480847477912903,0.5242950022220612,0.6637146472930908,0.5833538472652435,0.5555762946605682,0.5440693199634552,0.5594292283058167,0.6063115894794464,0.7158466279506683,0.6522664189338684,0.5493198727587624
80,654.7014458179474,1.861864653796268,0.25011704762776693,0.22643089294433594,0.22926153043905895,1.7164556503295898,0.023363876342773437,0.15638492206732432,0.015514926612377166,0.29059915741284686,0.29059915741284686,0.0,0.12336387783288956,0.6264713108539581,0.6964977458119392,0.24097615480422974,0.21353541314601898,0.17437694221735,0.024340649135410786,0.11068890616297722,0.692236602306366,0.1229056790471077,0.34428668891390163,0.5834602862596512,3.5119872349802987,0.0,0.5312359608902352,0.14581986516714096,0.17954721301794052,0.216450996696949,0.3268612027168274,0.5121175050735474,0.6849233508110046,0.5477246344089508,0.5044019967317581,0.5033182352781296,0.5331950187683105,0.6082191169261932,0.8039027154445648,0.6209755390882492,0.5312359608902352
81,663.0016899108887,1.8912719055544585,0.24876283705234528,0.22523463169733685,0.22887057065963745,1.7105501492818196,0.023457085092862446,0.15576593279838563,0.01549305102477471,0.3261452317237854,0.3261452317237854,0.0,0.12345708658297856,0.6475588540236156,0.6788952015340328,0.2299288585782051,0.210032619535923,0.1719750165939331,0.024324996396899223,0.11054317653179169,0.6866345703601837,0.12312767282128334,0.3452874446908633,0.5778361658255259,3.5297459582392214,0.0,0.5347923413386568,0.14644934982061386,0.18208356946706772,0.2246054857969284,0.34598787128925323,0.5169290006160736,0.6556693911552429,0.5517255663871765,0.5081408619880676,0.5119248032569885,0.5513763427734375,0.6142328679561615,0.7296165525913239,0.6966508150100708,0.5347923413386568
82,671.3166217803955,1.8612155498703942,0.25028720100720725,0.22468060155709585,0.22850444118181865,1.7028393824895223,0.023512802521387734,0.15596721867720287,0.015480545349419117,0.29830499092737833,0.29830499092737833,0.0,0.12351280401150386,0.5824080208937327,0.6813417412340641,0.23110098391771317,0.20768850296735764,0.17319825291633606,0.024326711893081665,0.11039964482188225,0.6885201334953308,0.12303612008690834,0.34593988582491875,0.5737923880418142,3.622873600433457,0.0,0.5510452669127452,0.14433050155639648,0.17872533202171326,0.21967218071222305,0.33387476205825806,0.5228911638259888,0.6761453747749329,0.5398844182491302,0.5086642503738403,0.5135968923568726,0.5463946461677551,0.6036379933357239,0.7305761277675629,0.5654743432998657,0.5510452669127452
83,679.6168389320374,1.8492225180457658,0.24935424327850342,0.22383179565270742,0.22847091257572175,1.7049595832824707,0.023606606324513755,0.15590783059597016,0.015467504256715376,0.2866864323616028,0.2866864323616028,0.0,0.12360660781462987,0.6074125587940216,0.7010888122022152,0.24270101636648178,0.21130768209695816,0.17636697739362717,0.02418696042150259,0.10999777168035507,0.6969224214553833,0.12325340881943703,0.3504095934331417,0.5772185747822126,3.5681010292413378,0.0,0.5419537795217062,0.14671596139669418,0.17332575470209122,0.21226119250059128,0.335795596241951,0.5234973728656769,0.7108616828918457,0.5492987781763077,0.5055033266544342,0.5103470087051392,0.5541328191757202,0.6095897257328033,0.7344397902488708,0.6358953297138215,0.5419537795217062
84,687.9400849342346,1.8600496171896035,0.24982739090919495,0.22439884046713512,0.22852232158184052,1.7017164389292398,0.02371098945538203,0.15506457487742106,0.015441827041407426,0.3000114023685455,0.3000114023685455,0.0,0.12371099094549814,0.8029624025026957,0.6862119138240814,0.23256173729896545,0.2100241482257843,0.1743190512061119,0.024413329549133778,0.11020203307271004,0.689737468957901,0.12338500842452049,0.37470849603414536,0.6167654345432917,3.9225730832310832,0.0,0.6088402958157778,0.14602410793304443,0.17974095791578293,0.22603506594896317,0.3795285075902939,0.5727902352809906,0.7441321015357971,0.5810260474681854,0.5649425387382507,0.578186571598053,0.604269415140152,0.6254280507564545,0.7467399835586548,0.8033990383148193,0.6088402958157778
85,696.2775130271912,1.8415147657195727,0.2499653309583664,0.22372548381487528,0.2283781498670578,1.691057769457499,0.023750379184881844,0.1557439277569453,0.015420485784610112,0.28564382990201315,0.28564382990201315,0.0,0.12375038067499797,0.6749523937702179,0.6855054385960102,0.23392612487077713,0.20794152468442917,0.17380427569150925,0.02436781022697687,0.10996237769722939,0.6905600428581238,0.12333868071436882,0.3354007539649804,0.5886644249161085,3.5520169779276443,0.0,0.5380891409778523,0.14479587972164154,0.17632444202899933,0.2088591530919075,0.31953059136867523,0.5143174231052399,0.6485770344734192,0.5389327704906464,0.520659551024437,0.5252013206481934,0.569184273481369,0.623740017414093,0.754268616437912,0.7382963418960571,0.5380891409778523
86,704.8002219200134,1.8475083247059956,0.2499922086795171,0.22187460362911224,0.22860714296499887,1.6894101699193318,0.023864256342252095,0.15522791743278502,0.015412194405992825,0.2943132142225901,0.2943132142225901,0.0,0.12386425783236822,0.6704354405403137,0.6847865507006645,0.23292416334152222,0.20912806689739227,0.17364917695522308,0.024296917021274567,0.1096121184527874,0.6917210221290588,0.12349946424365044,0.346747765938441,0.5716848646601042,3.3925847704819296,0.0,0.5129067610752505,0.1512150764465332,0.18119245022535324,0.21891885250806808,0.3285367339849472,0.5130099654197693,0.6876135170459747,0.5464838892221451,0.5149008631706238,0.5144471526145935,0.5569828748703003,0.5994024574756622,0.6978919506072998,0.6690957903861999,0.5129067610752505
87,713.3689279556274,1.8546093881983932,0.24911734859148663,0.22112171053886415,0.22826644877592722,1.6870739221572877,0.024004122118155162,0.15483996123075486,0.01538540907204151,0.30457778175671896,0.30457778175671896,0.0,0.12400412360827127,0.6286302884419759,0.6878516934812069,0.23707066476345062,0.20659919828176498,0.1737407147884369,0.024273226968944073,0.10941649973392487,0.6903154850006104,0.12354788556694984,0.3643792048096657,0.5855157425006231,3.8721568628663507,0.0,0.5986409869912088,0.14458061009645462,0.17603448033332825,0.21664293855428696,0.34375886619091034,0.5598388016223907,0.7454195320606232,0.562017560005188,0.5292973518371582,0.5349695980548859,0.5691494345664978,0.6114605963230133,0.7061999142169952,0.6016924887895584,0.5986409869912088
88,721.8350291252136,1.837443418505912,0.2518933842579524,0.22128624618053436,0.22809342543284097,1.6807489156723023,0.02392057180404663,0.15509610722462336,0.015367045253515243,0.287265545129776,0.287265545129776,0.0,0.12392057329416276,0.6931840340296428,0.6829537898302078,0.2276315614581108,0.20321382582187653,0.17685765773057938,0.024309280328452587,0.10936252400279045,0.6962124407291412,0.12372640147805214,0.3472704750796159,0.581276516119639,3.573908011984679,0.0,0.5435931721516566,0.14791151136159897,0.17809291929006577,0.2152736559510231,0.3377639651298523,0.5286221355199814,0.675958663225174,0.5537462532520294,0.5211695730686188,0.5220945477485657,0.5610320866107941,0.6062628924846649,0.7233537435531616,0.6506898701190948,0.5435931721516566
89,730.2523169517517,1.8290845554205588,0.24928613305091857,0.22032603820164998,0.22875326176484426,1.678484598795573,0.02409543047348658,0.1543396532535553,0.015356289129704237,0.2844873527685801,0.2844873527685801,0.0,0.1240954319636027,0.6789605180422466,0.6888623610138893,0.23396049439907074,0.20718400180339813,0.17565493285655975,0.024371789768338203,0.10928408056497574,0.6950222849845886,0.12375738471746445,0.36083755766352016,0.6192764590183893,3.7011943646090586,0.0,0.5668705681702916,0.14711277931928635,0.1735374629497528,0.2150607854127884,0.349542036652565,0.5444929897785187,0.7352792918682098,0.5839108526706696,0.5571560263633728,0.5636486113071442,0.6012976765632629,0.6409540176391602,0.7686915695667267,0.695582914352417,0.5668705681702916
90,738.6477110385895,1.8274405191730088,0.24940386017163593,0.22004237075646718,0.2282411426305771,1.6811907529830932,0.02414876123269399,0.15434964299201964,0.01533092347284158,0.28152267436186473,0.28152267436186473,0.0,0.12414876272281011,0.7430187463760376,0.6901028715074062,0.235586516559124,0.2048739269375801,0.1760396957397461,0.02429275121539831,0.10897217690944672,0.6976921856403351,0.12394014000892639,0.32822832961877185,0.5688898687561353,3.354242504433274,0.0,0.5017747285789027,0.1439269781112671,0.1791335865855217,0.21895276755094528,0.3225823938846588,0.4827659875154495,0.6220082640647888,0.5553229749202728,0.5127157270908356,0.5066245049238205,0.5382823944091797,0.589410126209259,0.7109834849834442,0.7522848188877106,0.5017747285789027
91,747.1550168991089,1.8252511959600572,0.2520769814650218,0.21950600445270538,0.22806002994378408,1.6644898891448974,0.02420420895020167,0.15423549910386403,0.015319996823867163,0.2854991614818573,0.2854991614818573,0.0,0.12420421044031779,0.5918778677781423,0.6915321759879589,0.23043809831142426,0.2034105584025383,0.17969439923763275,0.024194023571908474,0.1085929423570633,0.7035416066646576,0.12418648600578308,0.34128551185131073,0.5655330245693525,3.677445148686348,0.0,0.5601554321023687,0.14127612859010696,0.17711612582206726,0.21768224984407425,0.3353338688611984,0.5195352137088776,0.6567694842815399,0.5571063160896301,0.5052119791507721,0.501289889216423,0.5368920266628265,0.5829802751541138,0.7097176611423492,0.5743800699710846,0.5601554321023687
92,755.6177599430084,1.8165725842816756,0.2482822855313619,0.21867233018080393,0.2286413679520289,1.6736600557963053,0.0243580162525177,0.15432640214761098,0.015297634651263554,0.2761334876219432,0.2761334876219432,0.0,0.12435801774263382,0.6850732604662577,0.6848216764628887,0.23426534980535507,0.20379526168107986,0.17432934790849686,0.0241081016138196,0.10829843953251839,0.6895004212856293,0.12421514838933945,0.349147517234087,0.6246154283483824,3.619190620534497,0.0,0.551726894041273,0.1474619060754776,0.17752715200185776,0.21281597018241882,0.32746587693691254,0.5336927473545074,0.6959214508533478,0.5475597083568573,0.5072150677442551,0.5161053836345673,0.583511471748352,0.6748909056186676,0.9184100329875946,0.6918015062808991,0.551726894041273
93,764.0405209064484,1.8221088980246956,0.25175560514132184,0.2186973532040914,0.2271152267853419,1.6560158570607504,0.024387204150358836,0.15344637334346772,0.015289964651068052,0.2889053225517273,0.2889053225517273,0.0,0.12438720564047495,0.6419673919677734,0.6801408343017101,0.22876201570034027,0.20223572105169296,0.1751304790377617,0.02418581862002611,0.10830610990524292,0.6933265030384064,0.12410522624850273,0.3358232080936432,0.5758703822890917,3.4846092230465744,0.0,0.5263855630818147,0.1460808888077736,0.17564945667982101,0.2102530300617218,0.31877365708351135,0.5090348124504089,0.6551474034786224,0.529864639043808,0.5071725994348526,0.5171516835689545,0.5615910589694977,0.6200334131717682,0.7194088995456696,0.6928178012371063,0.5263855630818147
94,772.5525379180908,1.8016122217755766,0.2491686294476191,0.21848290761311848,0.22842276096343994,1.6623491128285726,0.024473794798056284,0.15350375970204672,0.01527083224306504,0.2676502714554469,0.2676502714554469,0.0,0.1244737962881724,0.6898824453353882,0.6893641799688339,0.2381959706544876,0.20497670769691467,0.1743399277329445,0.024093452841043472,0.1080007404088974,0.6925815641880035,0.12412074580788612,0.3418838555614154,0.5864611764748892,3.734001492109525,0.0,0.5708002846044808,0.14076169580221176,0.18044469505548477,0.22416195273399353,0.3479737341403961,0.5256043821573257,0.6323566734790802,0.553066223859787,0.5294714868068695,0.533242404460907,0.5647340416908264,0.6205746829509735,0.7176782190799713,0.7251044094562531,0.5708002846044808
95,780.9991958141327,1.8159673247175911,0.2521439969539642,0.2191772570212682,0.22749936083952585,1.6530160824457805,0.024627060194810233,0.1533439372976621,0.015253764111548662,0.28368721703688304,0.28368721703688304,0.0,0.12462706168492635,0.7605701208114624,0.6884011626243591,0.23082270473241806,0.20274345576763153,0.17810336500406265,0.024192892014980316,0.10798181220889091,0.6979672014713287,0.12421875074505806,0.3410913944244385,0.5805627057949702,3.788594680718775,0.0,0.5806460187517005,0.13828465342521667,0.17048313468694687,0.21156398206949234,0.3384758532047272,0.5239045023918152,0.6638362407684326,0.525781512260437,0.5085274577140808,0.5198866128921509,0.560944676399231,0.6199391484260559,0.7482968270778656,0.7463777363300323,0.5806460187517005
96,789.4395439624786,1.7988140172557905,0.2521326502164205,0.21804827948411307,0.22703296542167664,1.6460632880528767,0.02471142460902532,0.15386489381392796,0.015246196587880453,0.26954985558986666,0.26954985558986666,0.0,0.12471142609914145,0.7378819743792217,0.6858903467655182,0.22600149363279343,0.2012643963098526,0.17962832748889923,0.023997405543923378,0.10746986046433449,0.7048843502998352,0.12450125068426132,0.3599842923382918,0.5897792428731918,4.049595804041771,0.0,0.6324075108316126,0.13834495097398758,0.17237211018800735,0.2141825333237648,0.34940725564956665,0.5602411329746246,0.7253577709197998,0.5371037125587463,0.5172161310911179,0.5214400440454483,0.5811549723148346,0.6434678137302399,0.738292783498764,0.680627065896988,0.6324075108316126
97,797.9129459857941,1.8044502070484063,0.2504241317510605,0.21667172511418661,0.2271548976500829,1.645933731396993,0.024772674838701884,0.1538798173268636,0.015241715560356776,0.27757562696933746,0.27757562696933746,0.0,0.124772676328818,0.672449525197347,0.6943366006016731,0.23687182366847992,0.2021179050207138,0.17820291221141815,0.023854119703173637,0.107071653008461,0.7012323439121246,0.12410999089479446,0.3335847407579422,0.5903887152671814,3.6199282410136173,0.0,0.5484370089336268,0.13911061733961105,0.1687443107366562,0.2066946104168892,0.32109102606773376,0.5035704523324966,0.6622974276542664,0.5482798218727112,0.522258460521698,0.5322181582450867,0.5795278251171112,0.6241475343704224,0.735900491476059,0.6778881013393402,0.5484370089336268
98,806.4010560512543,1.8148354878493895,0.25275617043177284,0.21753906806310017,0.22722921768824259,1.640234406789144,0.024872449040412904,0.15294095277786254,0.015204833261668682,0.2898707846800486,0.2898707846800486,0.0,0.12487245053052902,0.8269059300422669,0.6956419423222542,0.2342621609568596,0.20103245973587036,0.1804317757487297,0.024167943745851517,0.10749902948737144,0.7051601409912109,0.1243213452398777,0.3401382255057494,0.5856129998962084,3.4686017056776337,0.0,0.5238283330423353,0.14672817289829254,0.1714281067252159,0.20807401835918427,0.32002365589141846,0.5089415907859802,0.6856338083744049,0.5389003604650497,0.5199054181575775,0.5336331725120544,0.5664066076278687,0.6092624962329865,0.7455699443817139,0.864207285642624,0.5238283330423353
99,814.8172879219055,1.819433947163634,0.2514595617850622,0.2160430371761322,0.22747134069601696,1.635357673962911,0.0248996302485466,0.1528044655919075,0.015197374112904071,0.29918855627377827,0.29918855627377827,0.0,0.12489963173866273,0.7144289016723633,0.6916381791234016,0.23276541382074356,0.19974008202552795,0.17950136214494705,0.02418221440166235,0.1073477678000927,0.7018883526325226,0.12473516166210175,0.35656098400553066,0.6048180460929871,4.054748026071046,0.0,0.6336910587053233,0.14009501785039902,0.175859734416008,0.2167072594165802,0.340394988656044,0.5680499970912933,0.6982589066028595,0.5673490762710571,0.530130922794342,0.537555456161499,0.5964488983154297,0.6221053600311279,0.7753185629844666,0.726549482345581,0.6336910587053233
100,823.3329360485077,1.812121380524089,0.25279199381669365,0.21637873450915018,0.22710890571276346,1.6352477073669434,0.0250860462586085,0.15255025774240494,0.015180614528556664,0.290884659687678,0.290884659687678,0.0,0.12508604774872462,0.8254452665646871,0.6927327774465084,0.23106876760721207,0.19993338733911514,0.18084865808486938,0.024141207337379456,0.10702931135892868,0.7051264345645905,0.12478626146912575,0.3333839029073715,0.56749360760053,3.6537156192068565,0.0,0.5552949718845319,0.14031386375427246,0.17165715992450714,0.2072182297706604,0.3240296542644501,0.5126669555902481,0.6444175541400909,0.5260245352983475,0.48663097620010376,0.48770003020763397,0.5542338192462921,0.6340764164924622,0.7162958681583405,0.8453947305679321,0.5552949718845319
101,831.7850389480591,1.7878838807033997,0.2517101585865021,0.2164736121892929,0.22710214058558145,1.6328888654708862,0.02520366609096527,0.15316473543643952,0.01516077167664965,0.2675768345594406,0.2675768345594406,0.0,0.1252036675810814,0.7593457798163096,0.6949075795710087,0.2359384447336197,0.20065591484308243,0.1793205887079239,0.024096970446407795,0.10679002478718758,0.7019174695014954,0.1247687079012394,0.3419785536825657,0.5825061053037643,3.5034999130800584,0.0,0.531464886970494,0.1492345780134201,0.17922254651784897,0.2162645012140274,0.3378428518772125,0.5228433310985565,0.6464635133743286,0.5547341108322144,0.5186727046966553,0.5185694098472595,0.563119113445282,0.6132067739963531,0.7267345190048218,0.7867408841848373,0.531464886970494
102,840.1760759353638,1.784651929939476,0.25271908938884735,0.21546043554941813,0.22695146600405375,1.6215536673863729,0.025342502196629844,0.15229069540898005,0.015150909249981245,0.2712053507566452,0.2712053507566452,0.0,0.12534250368674596,0.6899948159853617,0.6960683278739452,0.23498312383890152,0.2007313147187233,0.18035977333784103,0.02416332345455885,0.1067459024488926,0.7060964405536652,0.1249772161245346,0.33515410373608273,0.5984372198581696,3.6201117519097674,0.0,0.5492038832258168,0.14105258136987686,0.17366858571767807,0.21003367006778717,0.3200231194496155,0.5106261074542999,0.6555205583572388,0.5514722764492035,0.5320512652397156,0.5362137258052826,0.5784696042537689,0.6388990581035614,0.7535173892974854,0.7206543773412705,0.5492038832258168
103,848.6688280105591,1.7858340420682604,0.2503104428450266,0.21437013844648997,0.2277581105629603,1.6247435013453166,0.025411999225616454,0.15236229598522186,0.015127590795358022,0.27349122365315753,0.27349122365315753,0.0,0.12541200071573258,0.7599512497584026,0.7014824450016022,0.23762748390436172,0.2015700489282608,0.18153496831655502,0.024025283753871918,0.1063082329928875,0.7090934813022614,0.12491094693541527,0.33236843968431157,0.5829093729456266,3.4795340793709615,0.0,0.5243128308060365,0.14381558448076248,0.17080306261777878,0.2067599818110466,0.32228416204452515,0.5004112273454666,0.6501366198062897,0.5494356453418732,0.521337166428566,0.5417891442775726,0.5936233699321747,0.6069286167621613,0.6843422949314117,0.7335912644863128,0.5243128308060365
104,857.0859651565552,1.7840821297684064,0.25280555884043376,0.21459544003009795,0.22747496565183004,1.6195800304412842,0.02550634543100993,0.15261674424012503,0.015127102968593438,0.2711856176455816,0.2711856176455816,0.0,0.12550634692112606,0.8856477379798889,0.6968090459704399,0.2391354963183403,0.20039722323417664,0.17873746901750565,0.023867079056799412,0.10588159039616585,0.7006361484527588,0.12527959793806076,0.33681612213452655,0.6028928458690643,3.60149224397722,0.0,0.5462039369324414,0.14231278002262115,0.1726580560207367,0.21335835754871368,0.33822160959243774,0.5125383734703064,0.6418075561523438,0.5592413246631622,0.540734738111496,0.5522916615009308,0.6034848988056183,0.6291089653968811,0.7324954867362976,0.9030774891376495,0.5462039369324414
105,865.61781001091,1.7860194139104957,0.2524827241897583,0.21534742812315624,0.2272773732741674,1.6190175930658977,0.025586260855197905,0.1521467998623848,0.015099904127418995,0.2742747316757838,0.2742747316757838,0.0,0.12558626234531403,0.9259186863899231,0.6939546726644039,0.2296697050333023,0.19756164401769638,0.1827520728111267,0.02399011142551899,0.10601754114031792,0.7114573419094086,0.12536516413092613,0.3348403150836627,0.5990237792332967,3.589055795354233,0.0,0.5432472772881748,0.14078229665756226,0.17073281109333038,0.21175232529640198,0.32923075556755066,0.5052755177021027,0.6512681841850281,0.563480943441391,0.5372796356678009,0.5383543372154236,0.5853524804115295,0.6471461057662964,0.7225291728973389,0.8791214287281036,0.5432472772881748
106,874.0504319667816,1.810236419752861,0.2523555397987366,0.2157703896363576,0.22743682463963827,1.616596794128418,0.025698999563852947,0.15175537119309107,0.01508835560331742,0.30033008952935536,0.30033008952935536,0.0,0.12569900105396906,0.9278348406155904,0.7018447257578373,0.2407631203532219,0.20153912156820297,0.18015602231025696,0.023902399465441704,0.10567576438188553,0.70498988032341,0.1254706121981144,0.3468167471388976,0.599395086367925,3.6114319049939643,0.0,0.5502556642117835,0.14738351106643677,0.17221256345510483,0.2085896134376526,0.33504384756088257,0.5322655141353607,0.685405433177948,0.5429129600524902,0.5247499644756317,0.5403916835784912,0.5795601606369019,0.6458929777145386,0.7628627717494965,0.9841467499732971,0.5502556642117835
107,882.4672999382019,1.7773409769016628,0.25198267797629037,0.2149624079465866,0.22719530661900839,1.6157610495885213,0.02579264243443807,0.15232291718324026,0.01509016373505195,0.2674713730812073,0.2674713730812073,0.0,0.1257926439245542,0.7834152221679688,0.7030272297561169,0.23732027411460876,0.1985938474535942,0.1832050159573555,0.02374918758869171,0.1052682176232338,0.713396817445755,0.12514270469546318,0.34928858156005543,0.6101288845141729,3.5751043165946608,0.0,0.5437186819199724,0.14771658182144165,0.17763163149356842,0.21666572242975235,0.3445724844932556,0.5281021893024445,0.68104287981987,0.5748855173587799,0.5512000024318695,0.5652187764644623,0.6056385934352875,0.6327884495258331,0.7310419678688049,0.7951048254966736,0.5437186819199724
108,891.0023999214172,1.7945756112070133,0.2516015956799189,0.21356321970621744,0.22745310763518015,1.6026071310043335,0.025882865488529205,0.1519917607307434,0.01506449341153105,0.2929588884115219,0.2929588884115219,0.0,0.1258828669786453,0.8117528756459554,0.7059475183486938,0.24128729850053787,0.1983363777399063,0.1827460154891014,0.024007072672247887,0.10554330423474312,0.7103346884250641,0.12580328434705734,0.326458723594745,0.5793633560339609,3.3547665793550294,0.0,0.5006363215701641,0.1417384296655655,0.1725282296538353,0.20716771483421326,0.3086141496896744,0.47549934685230255,0.653204470872879,0.5507211983203888,0.5133401155471802,0.523707389831543,0.5642015039920807,0.6156818568706512,0.708528071641922,0.774684339761734,0.5006363215701641
109,899.6170701980591,1.7704564893230175,0.25287197530269623,0.21378255983193714,0.22770169774691265,1.6041672706604004,0.026061359544595084,0.15122121373812358,0.015051631877819696,0.26810857057571413,0.26810857057571413,0.0,0.1260613610347112,0.9075011531511943,0.6975029781460762,0.23611754924058914,0.1977752149105072,0.18124891072511673,0.02397190686315298,0.10532966256141663,0.706948459148407,0.12581874430179596,0.35203193748990697,0.5953251843651136,3.6778987786567177,0.0,0.5618131685652948,0.14542483538389206,0.17009826004505157,0.20599985122680664,0.3336420804262161,0.5348578244447708,0.7221687734127045,0.5333035588264465,0.515620544552803,0.5313129723072052,0.5800497531890869,0.6417885720729828,0.769875705242157,0.8632817327976227,0.5618131685652948
110,908.1019558906555,1.769815675409821,0.25104352335135144,0.21395368874073029,0.2271931529045105,1.601694655418396,0.026112846533457437,0.15167470822731655,0.01503867506980896,0.2695670078198115,0.2695670078198115,0.0,0.12611284802357356,0.8397636175155639,0.6947763748466969,0.23128806799650192,0.1981808766722679,0.1821989342570305,0.02390588540583849,0.10502014309167862,0.7102800607681274,0.1256212778389454,0.337566114962101,0.5690242275595665,3.5656303585765348,0.0,0.5420958369333877,0.1479519084095955,0.17630267143249512,0.2138817384839058,0.33283478021621704,0.5275418162345886,0.6268837749958038,0.5298633873462677,0.4935167282819748,0.5060735046863556,0.560784101486206,0.6030635237693787,0.7208441197872162,0.8295003056526185,0.5420958369333877
111,916.5062389373779,1.7944568070350215,0.25256646076838174,0.21390046775341034,0.22645713289578756,1.5962544441223145,0.02623833417892456,0.15152333229780196,0.0150224511201183,0.29574795961380007,0.29574795961380007,0.0,0.1262383356690407,0.8038488864898682,0.703409805893898,0.23214194923639297,0.1982845515012741,0.186062790453434,0.0239676246419549,0.10500096902251244,0.7187774479389191,0.12589361146092415,0.3368800754348437,0.5931134472290674,3.682659192745211,0.0,0.560875731355606,0.14049851894378662,0.16946043074131012,0.20346306264400482,0.3225247710943222,0.517408162355423,0.6679255068302155,0.5538850426673889,0.5344284772872925,0.5514983236789703,0.594260185956955,0.6254276931285858,0.6991809606552124,0.8096052050590515,0.560875731355606
112,924.8726918697357,1.7666038188617676,0.25207524597644804,0.21319960057735443,0.22725862463315327,1.5941649516423544,0.026381021241346995,0.15107709566752117,0.015012987640996773,0.27052377263704935,0.27052377263704935,0.0,0.12638102273146312,0.822179917494456,0.6990102417767048,0.23205192387104034,0.19694722443819046,0.1842423528432846,0.024022341705858707,0.10487965121865273,0.7143425345420837,0.12596650421619415,0.3284178264439106,0.6054505730668703,3.533380187166656,0.0,0.5340087056352416,0.14341260492801666,0.17006766051054,0.20439082384109497,0.3284335434436798,0.5067312568426132,0.6174710690975189,0.5426331162452698,0.5259315520524979,0.5424889624118805,0.5886419117450714,0.6409662961959839,0.7920415997505188,0.7997462272644043,0.5340087056352416
113,933.2845289707184,1.7612566153130804,0.25247877140839897,0.21241633991400402,0.22711111903190612,1.5897626399993896,0.026470484336217244,0.15114055772622426,0.015004210422436397,0.2672102630138397,0.2672102630138397,0.0,0.12647048582633336,0.836380124092102,0.7072879113256931,0.23906005918979645,0.19863120466470718,0.18445612490177155,0.023844171315431595,0.10445345938205719,0.7136078774929047,0.12601818144321442,0.3331557835141818,0.5845134109258652,3.425287920461679,0.0,0.5159955910825338,0.14664296060800552,0.17204999923706055,0.2038300558924675,0.31263406574726105,0.5022943615913391,0.6614832580089569,0.5171424746513367,0.5061827301979065,0.5186252593994141,0.5798119008541107,0.640668660402298,0.7446494400501251,0.8119588255882263,0.5159955910825338
114,941.7553610801697,1.7652127246217182,0.25168732901414237,0.21282253166039786,0.22624623676141103,1.589085078239441,0.02665033539136251,0.15090648333231607,0.014983163587749005,0.27256135940551757,0.27256135940551757,0.0,0.12665033688147861,0.7844494541486104,0.7060235440731049,0.23864586651325226,0.19815760850906372,0.18414943665266037,0.02378783840686083,0.10420438647270203,0.7124992311000824,0.1262555792927742,0.3295917597909768,0.5825519288579623,3.3816284349930523,0.0,0.5073785711638851,0.1451938897371292,0.17388027906417847,0.21109942346811295,0.32706408202648163,0.4909917861223221,0.6293210983276367,0.5407356321811676,0.5183710902929306,0.5304429531097412,0.5768035650253296,0.6094422340393066,0.7195160984992981,0.7955450773239136,0.5073785711638851
115,950.2355749607086,1.7534869301288079,0.25417240560054777,0.21198315819104513,0.22589067220687867,1.5827702760696412,0.026732691625754038,0.15091549356778464,0.014967790556450684,0.261906244357427,0.261906244357427,0.0,0.12673269311587015,0.8488995353380839,0.6940451338887215,0.2299712970852852,0.19555538892745972,0.1831480711698532,0.023784318007528782,0.10403534024953842,0.7141923904418945,0.12635783106088638,0.3296198969086011,0.5862569461266199,3.4677501940158,0.0,0.522730813968627,0.14492887258529663,0.16957790404558182,0.20422830432653427,0.31539486348629,0.5025771260261536,0.6410123109817505,0.5436918139457703,0.5139878988265991,0.515559732913971,0.5655465424060822,0.6250143349170685,0.7537413537502289,0.8514458179473877,0.522730813968627
116,958.6513028144836,1.774951913091354,0.24857164323329925,0.21105268696943918,0.22696865101655325,1.5896759827931721,0.026929414769013723,0.15085765371719997,0.014956845498333374,0.2858955353498459,0.2858955353498459,0.0,0.12692941625912985,0.8400450110435486,0.7154640927910805,0.24503535777330399,0.20119449496269226,0.18491574376821518,0.023788198828697205,0.10390108823776245,0.7160472869873047,0.12633585184812546,0.3284296741088231,0.6034137705961863,3.420189936971073,0.0,0.5146754514396097,0.14591116458177567,0.17023196071386337,0.20341330766677856,0.31930960714817047,0.49904389679431915,0.6326681077480316,0.5525807440280914,0.5482734143733978,0.5597943365573883,0.6027500033378601,0.6348443329334259,0.7222397923469543,0.8990744769573211,0.5146754514396097
117,967.1332199573517,1.7671443367997806,0.25516975820064547,0.21258016328016918,0.22563718557357787,1.573331594467163,0.027052516241868337,0.15116847604513167,0.014943317634363969,0.27835025389989215,0.27835025389989215,0.0,0.12705251773198445,0.9496415376663208,0.7002579495310783,0.23488691449165344,0.1961500197649002,0.1836480125784874,0.023805826902389526,0.10378639027476311,0.7119109332561493,0.12662772089242935,0.3218832053244114,0.5601137951016426,3.37365002650467,0.0,0.5060444523156797,0.1453450545668602,0.17201531678438187,0.2044927403330803,0.31370820105075836,0.4903433471918106,0.605394572019577,0.5025352984666824,0.49337436258792877,0.5043429881334305,0.5561583340167999,0.6007079482078552,0.7035638391971588,0.9356779873371124,0.5060444523156797
118,975.5679450035095,1.7444250847445801,0.25085693697134653,0.2109748899936676,0.22746682564417522,1.577183715502421,0.027151364584763846,0.15067188888788224,0.014934609147409598,0.25958250065644584,0.25958250065644584,0.0,0.12715136607487995,0.8589284300804139,0.7077221982181072,0.2391248717904091,0.19756487756967545,0.1849074438214302,0.023847256787121296,0.10367736592888832,0.7156472206115723,0.1267818808555603,0.3273037498195966,0.58213343222936,3.4177506258203274,0.0,0.513181205115912,0.14397380501031876,0.177481010556221,0.2134653851389885,0.3319252133369446,0.49206656217575073,0.6049105226993561,0.5334994792938232,0.5253593027591705,0.5341146886348724,0.5757783055305481,0.6154682040214539,0.7085806131362915,0.9085529685020447,0.513181205115912
119,983.9681830406189,1.7459784264676272,0.2532342334588369,0.21196126441160837,0.2274748742580414,1.5716393391291301,0.027297686040401458,0.1506390263636907,0.01492404555901885,0.2610309104124705,0.2610309104124705,0.0,0.12729768753051757,0.9629815697669983,0.7024410218000412,0.23288021236658096,0.19629530608654022,0.18570657819509506,0.023893117904663086,0.10362900793552399,0.7174745798110962,0.12693045288324356,0.3336108699440956,0.5819096863269806,3.4957600482425515,0.0,0.5284715181771722,0.14619909971952438,0.17346099764108658,0.2091377079486847,0.3266572654247284,0.5110769718885422,0.6351331770420074,0.5202025175094604,0.5163511037826538,0.5319751501083374,0.5848023891448975,0.6268827319145203,0.7112442255020142,0.9040832161903382,0.5284715181771722
120,992.4575660228729,1.7365678150827686,0.25107936362425487,0.21133074363072712,0.22619436780611674,1.5707806825637818,0.027404567102591197,0.14993448654810587,0.014915074594318867,0.25600477357705437,0.25600477357705437,0.0,0.12740456859270732,0.7862968921661377,0.7071098424494267,0.2336978316307068,0.19682306796312332,0.1875002384185791,0.023735081776976585,0.10320807993412018,0.7192091941833496,0.127046599984169,0.3457285538315773,0.5946563159426054,3.537806838779032,0.0,0.536076862473513,0.14605984836816788,0.16999965906143188,0.20569724589586258,0.32758909463882446,0.5167315304279327,0.7082939445972443,0.5325329601764679,0.5273277014493942,0.533971905708313,0.582220047712326,0.6406872272491455,0.7511980533599854,0.7889514625072479,0.536076862473513
121,1000.9014070034027,1.7490865327495462,0.2549862245718638,0.21294637620449067,0.2252045472462972,1.5623106559117634,0.027652992804845174,0.1504944791396459,0.014894701850910982,0.26690167089303335,0.26690167089303335,0.0,0.1276529942949613,0.9164623896280925,0.7035552486777306,0.2303350865840912,0.19482405483722687,0.18790406733751297,0.02375449240207672,0.10308811068534851,0.7213356196880341,0.1271090805530548,0.3448550949494044,0.5866212944189707,3.8942616914316637,0.0,0.6015656154082588,0.13905595988035202,0.17254188656806946,0.21228524297475815,0.34409357607364655,0.5415202975273132,0.659633606672287,0.5481226593255997,0.5268089026212692,0.533378392457962,0.5756041407585144,0.6133337318897247,0.7224799394607544,0.9718529343605041,0.6015656154082588
122,1009.3520131111145,1.7630923638430736,0.25170368850231173,0.2115351845820745,0.22593487997849782,1.5699683586756388,0.027712129056453705,0.14990295469760895,0.014884093403816223,0.282148798306783,0.282148798306783,0.0,0.12771213054656982,0.986957311630249,0.7056312039494514,0.23496970534324646,0.19505126774311066,0.18656793236732483,0.023740307427942753,0.10290030017495155,0.7214884459972382,0.1274671033024788,0.32839905843138695,0.5990054508050283,3.420051667784591,0.0,0.5143569125062076,0.14537835121154785,0.1716793030500412,0.20556730777025223,0.3142204135656357,0.49720147252082825,0.6363475024700165,0.5314081013202667,0.5067543089389801,0.5105027556419373,0.5800662338733673,0.6640208065509796,0.8012804985046387,1.0783852159976959,0.5143569125062076
123,1017.6997909545898,1.7637330674799159,0.251388481259346,0.21051436165968576,0.226991668343544,1.5624676068623862,0.027913248042265575,0.15016047408183417,0.014878460206091404,0.2866450915733973,0.2866450915733973,0.0,0.1279132495323817,0.8051712354024251,0.6984904669225216,0.22821670770645142,0.19578229635953903,0.18619130551815033,0.023639275692403316,0.10256074368953705,0.7187553644180298,0.12728724628686905,0.33693833152453107,0.5766649047533671,3.551286152825988,0.0,0.5373417562558207,0.14345934987068176,0.17584220319986343,0.2126784548163414,0.32622702419757843,0.5094652026891708,0.6539577543735504,0.5294867902994156,0.5200372189283371,0.5281978249549866,0.5695063471794128,0.6084510087966919,0.7043102383613586,0.8010630428791046,0.5373417562558207
124,1026.1064388751984,1.7399739871888111,0.2524406731128693,0.21003852188587188,0.22650008102258046,1.5556676149368287,0.02803770552078883,0.15022326509157816,0.014872663157681624,0.26533397833506267,0.26533397833506267,0.0,0.12803770701090494,0.8520865718523661,0.7028493508696556,0.23138263821601868,0.19325841963291168,0.18741875141859055,0.02365482598543167,0.10246249288320541,0.719879686832428,0.12744936347007751,0.3213287728528182,0.5756492614746094,3.3855122938787927,0.0,0.5066482322173841,0.14262905716896057,0.1704363152384758,0.20255166292190552,0.30701011419296265,0.4828724265098572,0.6224730610847473,0.5235519409179688,0.5078573524951935,0.5136175751686096,0.5578822493553162,0.6172097027301788,0.7337767481803894,0.9180377423763275,0.5066482322173841
125,1034.631637096405,1.7369459907291458,0.2523931751648585,0.2095040629307429,0.2268854836622874,1.5559634764989216,0.028170191744963328,0.14958958874146144,0.01485506643851598,0.263637970884641,0.263637970884641,0.0,0.12817019323507944,0.8741511583328248,0.7106337733566761,0.2360062524676323,0.19633056968450546,0.18823111802339554,0.023710275068879128,0.1024935394525528,0.7227152287960052,0.12793462723493576,0.32606182371576625,0.5968341926733652,3.434458166105892,0.0,0.5143733539980476,0.14037346839904785,0.16886642575263977,0.20695313066244125,0.3269742727279663,0.4821068048477173,0.6310968399047852,0.5682247579097748,0.5490683913230896,0.5562025010585785,0.5814138948917389,0.6231766641139984,0.7029189467430115,0.9005397975444793,0.5143733539980476
126,1043.0012879371643,1.7303643884292492,0.25304064551989236,0.2087259630362193,0.2272289295991262,1.5459189097086588,0.02840011566877365,0.14979635377724965,0.01484574939434727,0.26125877201557157,0.26125877201557157,0.0,0.12840011715888977,0.8107665618260701,0.7209862023591995,0.2354520559310913,0.1962546408176422,0.19370341300964355,0.023786905221641064,0.10240143537521362,0.7319985926151276,0.1280556544661522,0.3254262978831927,0.5869641254345576,3.7314082940515054,0.0,0.5679278026696315,0.132173053920269,0.1670161858201027,0.20739951729774475,0.3275039345026016,0.4931916296482086,0.6252734661102295,0.5815808773040771,0.5370223522186279,0.5386358201503754,0.5698738396167755,0.6027511358261108,0.6919207274913788,0.8911307990550995,0.5679278026696315
127,1051.3730819225311,1.7256189773480097,0.2512449522813161,0.20881160199642182,0.22742634117603303,1.5557850122451782,0.028555446366469065,0.15016844471295673,0.014833813843627771,0.252493421236674,0.252493421236674,0.0,0.12855544785658518,0.9518348614374796,0.7116042301058769,0.23493200540542603,0.1951083391904831,0.18955902755260468,0.023662039078772068,0.10203107818961143,0.7277945578098297,0.12819841504096985,0.3226042414704959,0.5776096731424332,3.4069739953714864,0.0,0.5099029240146922,0.1414487361907959,0.16989730298519135,0.2038877308368683,0.31856900453567505,0.48191216588020325,0.6199105083942413,0.5586515069007874,0.5256809592247009,0.5231655240058899,0.5606522858142853,0.6032593548297882,0.6942484080791473,0.9677482485771179,0.5099029240146922
128,1059.8222448825836,1.7600880827056244,0.25501647889614104,0.20914853612581888,0.2268839289744695,1.5479259888331096,0.02875227779150009,0.1499075879653295,0.014829062297940255,0.28743025958538054,0.28743025958538054,0.0,0.1287522792816162,1.185040279229482,0.7131762765347958,0.23260000348091125,0.1961200162768364,0.19125813245773315,0.02377914823591709,0.10211672633886337,0.7276398837566376,0.12845446914434433,0.32827188074588776,0.6095475032925606,3.6778981526953527,0.0,0.5585030453265241,0.13599523901939392,0.16817700117826462,0.2043141946196556,0.3233528286218643,0.5001766383647919,0.6376153826713562,0.5568277686834335,0.5509485602378845,0.5629699528217316,0.6010769307613373,0.6482690572738647,0.7371927499771118,1.2066405713558197,0.5585030453265241
129,1068.2523829936981,1.7327068597233544,0.25111971894900004,0.20868369539578754,0.2281639963388443,1.5540397802988688,0.028833929200967154,0.14947457611560822,0.01481422403206428,0.2618207573890686,0.2618207573890686,0.0,0.12883393069108326,1.0401689529418945,0.7052062004804611,0.22642967849969864,0.19460292160511017,0.1907375305891037,0.023658067919313908,0.10172942280769348,0.7271408438682556,0.12856905162334442,0.34381143748760223,0.5983235388994217,3.794963534081821,0.0,0.5816042095401444,0.1371738612651825,0.1675063669681549,0.20693311095237732,0.32936471700668335,0.5205698013305664,0.7013207674026489,0.574344128370285,0.5462128520011902,0.5521655678749084,0.5845215022563934,0.6323058605194092,0.7003913223743439,1.1106208980083465,0.5816042095401444
130,1076.7025258541107,1.7209080585821843,0.2502592861652374,0.20799164374669393,0.2272489368915558,1.546536095937093,0.029016004502773286,0.14979927390813827,0.01480128224939108,0.2543332745631536,0.2543332745631536,0.0,0.1290160059928894,0.9318908969561259,0.7189092487096786,0.23974599689245224,0.1962641328573227,0.19051559269428253,0.023682791739702225,0.10167155414819717,0.7284865975379944,0.1285654976963997,0.3156171776354313,0.5942219644784927,3.485531695961267,0.0,0.5217787841284428,0.13577815890312195,0.16527757048606873,0.2005758360028267,0.30879369378089905,0.4732590764760971,0.6100187301635742,0.5748635530471802,0.5582565069198608,0.5570197403430939,0.573489248752594,0.6110095977783203,0.6906931400299072,0.8104378402233123,0.5217787841284428
131,1085.1889538764954,1.7380126425220321,0.2525689939657847,0.2086654802163442,0.22633149921894075,1.5361267566680907,0.029148109257221222,0.149711075425148,0.01479550035049518,0.27419881721337636,0.27419881721337636,0.0,0.12914811074733734,0.7795729398727417,0.7182466946542263,0.23268941044807434,0.19538762420415878,0.19393173605203629,0.023741351440548897,0.10164608433842659,0.7319537103176117,0.1288018524646759,0.33016010498007137,0.6058113227287928,3.659379463085837,0.0,0.5547332765017486,0.13536053150892258,0.16912149637937546,0.20609381049871445,0.3225147873163223,0.49533554911613464,0.6525344550609589,0.5790462791919708,0.5589577257633209,0.5578091740608215,0.5775757431983948,0.6320712268352509,0.729407787322998,0.7969374001026154,0.5547332765017486
132,1093.7192378044128,1.7248187357365774,0.2517752637465795,0.2087698628505071,0.22632349630196888,1.5423703114191691,0.02936604768037796,0.15000778138637544,0.014785609859973192,0.25792459944883983,0.25792459944883983,0.0,0.12936604917049407,1.009765636920929,0.7224161066114902,0.23983995616436005,0.1965884044766426,0.19214097410440445,0.02356892917305231,0.1012241542339325,0.7295349836349487,0.12905117124319077,0.33066805203755695,0.5843412627776464,3.82027677485018,0.0,0.5860338977521965,0.1347837746143341,0.16851357370615005,0.21161258965730667,0.34553034603595734,0.5149113237857819,0.6086567044258118,0.5585546791553497,0.517539769411087,0.5127741098403931,0.5682023167610168,0.6386701464653015,0.7103065550327301,1.1119922280311585,0.5860338977521965
133,1102.1370899677277,1.7307012072686727,0.2524258534113566,0.20791831413904827,0.22656420171260833,1.5364304065704346,0.02953331023454666,0.1498751938343048,0.014776382719477017,0.26671107212702433,0.26671107212702433,0.0,0.1295333117246628,1.0139996568361918,0.7188613936305046,0.23379705101251602,0.19411897659301758,0.1940024271607399,0.023658687248826027,0.10122828558087349,0.7343315780162811,0.12905139476060867,0.3419865034520626,0.605733702580134,3.795805532352558,0.0,0.5822799687891277,0.13913624733686447,0.17375024408102036,0.21177250891923904,0.3444399982690811,0.5281341373920441,0.6546858847141266,0.5613915026187897,0.5442124307155609,0.5439591407775879,0.600443571805954,0.6462929844856262,0.7381025850772858,0.9465188682079315,0.5822799687891277
134,1110.6014049053192,1.71637779645777,0.25048757195472715,0.20738962988058726,0.22755965491135915,1.5335221529006957,0.029670303563276927,0.14912958989540737,0.014766061678528786,0.25736913283665974,0.25736913283665974,0.0,0.12967030505339305,1.003065252304077,0.7134064584970474,0.23508377373218536,0.19376713037490845,0.19071955978870392,0.023543204180896282,0.10086439922451973,0.7249124050140381,0.12935814261436462,0.32133909811576206,0.5802457382281622,3.5443225234244875,0.0,0.5338165245112709,0.13823872804641724,0.16461803764104843,0.2010309025645256,0.32025980949401855,0.489962637424469,0.6139244735240936,0.5472470223903656,0.5259154736995697,0.5244835615158081,0.5623599290847778,0.6100151240825653,0.7114533185958862,0.9988708138465882,0.5338165245112709
135,1119.0063359737396,1.7189092298814406,0.2536762624979019,0.20818323890368143,0.22592992385228475,1.5297248442967732,0.029835611085096993,0.1492332304517428,0.014761811743179956,0.2580873946348826,0.2580873946348826,0.0,0.12983561257521312,1.0645415345827738,0.7137683145701885,0.23199377954006195,0.1931876465678215,0.1925903558731079,0.023386791348457336,0.100501149892807,0.7319433093070984,0.1293865665793419,0.3194221096734206,0.5773882418870926,3.513070456114806,0.0,0.5284611684302117,0.13942702114582062,0.1657954454421997,0.19960687309503555,0.31866995990276337,0.48981694877147675,0.6032164096832275,0.537145122885704,0.517744317650795,0.5237894952297211,0.5638920962810516,0.6142755746841431,0.7074828445911407,1.0677112877368926,0.5284611684302117
136,1127.5177879333496,1.7161660642673573,0.25308071573575336,0.20734803080558778,0.22585454781850178,1.5247852643330893,0.030045246581236522,0.14958555698394777,0.014742904466887315,0.2580280671517054,0.2580280671517054,0.0,0.13004524807135265,0.9044947822888693,0.7146658040583134,0.22735722362995148,0.1928030326962471,0.19545353204011917,0.023586614057421684,0.10074303671717644,0.7364000082015991,0.12989460676908493,0.3529643602669239,0.574970414241155,3.762640534832295,0.0,0.5769493258896622,0.14276055246591568,0.17080280184745789,0.21145057678222656,0.3423115462064743,0.5371566414833069,0.7133040428161621,0.5233039855957031,0.5180348753929138,0.5270734131336212,0.564809262752533,0.6154351234436035,0.7011658251285553,0.9103913366794586,0.5769493258896622
137,1135.9351680278778,1.7145050182860966,0.24994377295176187,0.2068353513876597,0.22748712996641796,1.5265179793039958,0.030241102476914725,0.14919542372226716,0.01473279409110546,0.2594145675500234,0.2594145675500234,0.0,0.13024110396703084,0.9085198322931926,0.7161818034946918,0.22880353778600693,0.1934981867671013,0.19531458616256714,0.02362899389117956,0.10067083314061165,0.7364024519920349,0.12974051386117935,0.34531256183981895,0.5993648618459702,3.6527500754416806,0.0,0.5551465786369184,0.14041128009557724,0.16914764791727066,0.20907466858625412,0.33741238713264465,0.5128873139619827,0.7029420733451843,0.5694990456104279,0.5552517175674438,0.5588322579860687,0.5785276889801025,0.6204790472984314,0.7135994136333466,0.905697250366211,0.5551465786369184
138,1144.4524450302124,1.7256005773553624,0.2519487847884496,0.20716633001963297,0.22584144274393717,1.5243614117304485,0.030338323613007864,0.14948514401912688,0.014741055543224017,0.2689531703790029,0.2689531703790029,0.0,0.130338325103124,0.97181183497111,0.7189677692949772,0.23451734334230423,0.1945023164153099,0.193599633872509,0.023411542177200317,0.10021136701107025,0.7359157502651215,0.12996698170900345,0.3304107089837392,0.5900483280420303,3.656090916509892,0.0,0.5552049263163854,0.13877034187316895,0.16674671322107315,0.2065090611577034,0.3306180238723755,0.5073569864034653,0.632463127374649,0.5594722032546997,0.5355099439620972,0.5421039462089539,0.5777987837791443,0.6242543458938599,0.7011507451534271,0.9145937263965607,0.5552049263163854
139,1152.9171741008759,1.7097510421881452,0.2539352039496104,0.20700004796187083,0.2254794438680013,1.5149603605270385,0.030581760903199515,0.14901397625605264,0.014715124294161797,0.2567615697781245,0.2567615697781245,0.0,0.13058176239331562,0.9160539865493774,0.716614980250597,0.22606241703033447,0.1923900619149208,0.19717876613140106,0.023632247932255268,0.1004701741039753,0.7406038641929626,0.13025972247123718,0.33473076298832893,0.591119776169459,3.507949814576866,0.0,0.5284629275385906,0.14156948775053024,0.17493920773267746,0.21432868391275406,0.3235624134540558,0.4966186583042145,0.6573661267757416,0.5577460527420044,0.5453031063079834,0.5415430665016174,0.5686030089855194,0.6206065714359283,0.7129168510437012,0.9391215205192566,0.5284629275385906
140,1161.267963886261,1.7003833366557957,0.2508352160453796,0.20645185907681782,0.22685427169005076,1.5201847712198893,0.030799531439940134,0.14855557084083557,0.014710858340064685,0.2488268474737803,0.2488268474737803,0.0,0.13079953293005625,0.941551685333252,0.7240018919110298,0.2369060143828392,0.19521117210388184,0.19474514573812485,0.023580229841172695,0.10019760578870773,0.7348787486553192,0.1304624080657959,0.3372315503656864,0.605354314049085,3.86819273731234,0.0,0.5959513405035783,0.1368870958685875,0.16640739142894745,0.20820081233978271,0.3428478389978409,0.5295056700706482,0.6395404934883118,0.5647260546684265,0.5539249777793884,0.547177642583847,0.5904487669467926,0.6404691636562347,0.7353792786598206,0.9589752912521362,0.5959513405035783
141,1169.6403939723969,1.6992828503251076,0.25330118238925936,0.20727633833885192,0.2252560257911682,1.5111688216527304,0.031004935999711356,0.14881083518266677,0.014696739676098029,0.24890482525030772,0.24890482525030772,0.0,0.13100493748982747,0.966873562335968,0.7157162949442863,0.23155352473258972,0.19237159192562103,0.19398848712444305,0.023587252013385296,0.10010333359241486,0.7334728837013245,0.13032256066799164,0.31348424529035884,0.5869322071472803,3.33350703073816,0.0,0.49458466972632664,0.1376040279865265,0.16516579687595367,0.20184696465730667,0.30520328879356384,0.45870399475097656,0.6123813986778259,0.5665460824966431,0.5497009456157684,0.5373823642730713,0.5537690222263336,0.6198865473270416,0.6943082809448242,0.96658975481987,0.49458466972632664
142,1178.1225469112396,1.7092102493392303,0.25267253518104554,0.20669032434622447,0.2256291925907135,1.513266666730245,0.031180175642172497,0.14893327405055365,0.014689898987611135,0.2583361973365148,0.2583361973365148,0.0,0.1311801771322886,0.9998469591140747,0.7113064453005791,0.22708136588335037,0.19166311621665955,0.19419676065444946,0.02350083366036415,0.09976017847657204,0.7319146394729614,0.13076794147491455,0.3316228228310744,0.5780210942029953,3.4925745894255096,0.0,0.524698000520369,0.13953739404678345,0.17054149508476257,0.20694748312234879,0.3200629949569702,0.48734475672245026,0.6653028130531311,0.5517517328262329,0.5286101996898651,0.5241249799728394,0.5509148836135864,0.6099348962306976,0.7027898728847504,1.0717160761356355,0.524698000520369
143,1186.5507719516754,1.7210381769419958,0.24938772519429525,0.20529739757378895,0.2267075647910436,1.5160479625066121,0.03134656995534897,0.14895903915166855,0.014682830808063348,0.27251322666803995,0.27251322666803995,0.0,0.13134657144546508,0.9662474473317464,0.7260208539664745,0.23717166483402252,0.19384809583425522,0.1959625706076622,0.023552666418254375,0.09972100332379341,0.7365238666534424,0.13104742020368576,0.32825857525070506,0.5862654993931452,3.5853654093815703,0.0,0.5420358738584296,0.13947836309671402,0.17214996367692947,0.20967388898134232,0.3302270174026489,0.5000808984041214,0.6179413199424744,0.5437149107456207,0.5227381885051727,0.5298126339912415,0.5731356143951416,0.6312894821166992,0.7169021666049957,1.0101996541023255,0.5420358738584296
144,1195.091213941574,1.713852000349046,0.25340649783611296,0.20676858425140382,0.2262074202299118,1.5077576875686645,0.03156483123699824,0.14891109267870586,0.01467296164482832,0.2647560646136602,0.2647560646136602,0.0,0.13156483272711436,0.9950196067492167,0.7145814411342144,0.22930143028497696,0.19207186251878738,0.19462203979492188,0.023488077335059643,0.09949304163455963,0.7344763576984406,0.13115420192480087,0.32972141603628796,0.5831576734781265,3.7203746666202857,0.0,0.5655554875510953,0.13129542022943497,0.16957352310419083,0.20949618518352509,0.3264671415090561,0.48846815526485443,0.6530280709266663,0.5898275375366211,0.550840824842453,0.5327165424823761,0.5466781258583069,0.5955828726291656,0.6833001375198364,0.9731807887554169,0.5655554875510953
145,1203.5836219787598,1.7016376181816062,0.25016933083534243,0.20573485493659974,0.22652843395868938,1.5142048597335815,0.031687064468860625,0.14858031570911406,0.014671387647589048,0.2536407003800074,0.2536407003800074,0.0,0.13168706595897675,1.025217878818512,0.7130672186613083,0.22745291143655777,0.1923598200082779,0.1947171986103058,0.0235481895506382,0.0995190180838108,0.7322845160961151,0.1313951462507248,0.32461082686980564,0.5849595467249552,3.4549283821536756,0.0,0.5175783976692775,0.13920167088508606,0.17265666276216507,0.21058904379606247,0.32471945881843567,0.4809318035840988,0.6195663213729858,0.5634484887123108,0.5353187322616577,0.539266049861908,0.5680864155292511,0.6127571165561676,0.6908804774284363,1.1016351282596588,0.5175783976692775
146,1212.0376980304718,1.7021215794142335,0.2502232164144516,0.20517005225022633,0.22661915918191275,1.509517256418864,0.031974389652411145,0.14840962439775468,0.014658793496588865,0.2568875402212143,0.2568875402212143,0.0,0.13197439114252726,1.0492084662119547,0.7164324223995209,0.22828185558319092,0.1924675703048706,0.19595839083194733,0.023433449678122997,0.09916593506932259,0.7353992462158203,0.13191557675600052,0.33688555657863617,0.6157403439283371,3.623614383101358,0.0,0.5499274481479115,0.14121369272470474,0.17008088529109955,0.20770557969808578,0.33232875168323517,0.5117039680480957,0.6582804620265961,0.5685885846614838,0.5529319643974304,0.5610180199146271,0.6011291742324829,0.6537483632564545,0.757025957107544,0.9963963568210602,0.5499274481479115
147,1220.5909440517426,1.6974137521659334,0.25112815499305724,0.20546398957570394,0.2256828437248866,1.5032766262690227,0.03214859813451767,0.1487556129693985,0.01465680602317055,0.25356293519337975,0.25356293519337975,0.0,0.1321485996246338,0.9531935850779215,0.7166277356445789,0.23066167533397675,0.1932568922638893,0.19466880708932877,0.023401787504553795,0.09903871268033981,0.7353537082672119,0.13194016367197037,0.31686204423507053,0.5739227210481962,3.4806544141034323,0.0,0.5202556112511262,0.13426968455314636,0.16749121993780136,0.20708642154932022,0.3180300146341324,0.4673463702201843,0.6069485545158386,0.5372621417045593,0.5127623379230499,0.5097196251153946,0.547608345746994,0.6178131103515625,0.7183707654476166,0.941312575340271,0.5202556112511262
148,1229.0849468708038,1.6950497233308852,0.2520049740870794,0.20532737871011097,0.22465608219305674,1.4977851390838623,0.032400172452131906,0.14875959903001784,0.01463945886741082,0.2531076639890671,0.2531076639890671,0.0,0.13240017394224804,0.9500140508015951,0.7224430032074451,0.2276802733540535,0.19271286576986313,0.19920314848423004,0.023505156859755516,0.09910427033901215,0.7437568604946136,0.13216716051101685,0.32717230046788853,0.5823150277137756,3.6238842778197493,0.0,0.5480823028002924,0.13592765480279922,0.16853822022676468,0.21081458777189255,0.33660681545734406,0.49258609116077423,0.6185604333877563,0.5486973226070404,0.5348170101642609,0.538927435874939,0.5745512843132019,0.6129572987556458,0.6839398145675659,0.913228976726532,0.5480823028002924
149,1237.5691058635712,1.7201265153552716,0.24971421758333842,0.20573580463727315,0.22659318248430887,1.4977094809214273,0.03253341962893804,0.1479849507411321,0.014630964212119579,0.281599094470342,0.281599094470342,0.0,0.13253342111905417,1.0185303131739298,0.716115839779377,0.22688771784305573,0.19138272106647491,0.1967683807015419,0.023512338288128376,0.09894436970353127,0.7404045462608337,0.1324147805571556,0.3253048521776994,0.5872746706008911,3.4780784099422783,0.0,0.5220634400814467,0.13965273648500443,0.16645026952028275,0.20101002603769302,0.31584586203098297,0.4857231676578522,0.6431470513343811,0.5419099032878876,0.5359835624694824,0.5426649451255798,0.5823025703430176,0.6169266998767853,0.703860342502594,1.0089606463909149,0.5220634400814467
150,1246.0841269493103,1.6956125450863813,0.25088843405246736,0.2051615039507548,0.22515106995900472,1.4949594259262085,0.032776583731174466,0.14908099174499512,0.014627199806272983,0.25540419618288673,0.25540419618288673,0.0,0.1327765852212906,0.8765517989794414,0.7204635143280029,0.230917327105999,0.19222410023212433,0.1967170685529709,0.023408220149576664,0.0986674353480339,0.7393516302108765,0.13251598179340363,0.3216004359225432,0.5735147496064504,3.687486377608547,0.0,0.5588632677515822,0.1303417608141899,0.16208118945360184,0.19701937586069107,0.30847708880901337,0.4806334674358368,0.6510497331619263,0.5496874749660492,0.5159447491168976,0.5124698877334595,0.550176739692688,0.6135775148868561,0.6992321312427521,0.8755796551704407,0.5588632677515822
151,1254.5680139064789,1.6905766946884493,0.25216283202171325,0.20472728908061982,0.22476820250352222,1.4929373343785604,0.03298230916261673,0.14826571096976598,0.014618451024095218,0.25188935895760856,0.25188935895760856,0.0,0.13298231065273286,0.9883577227592468,0.7160791158676147,0.2215481996536255,0.19070839881896973,0.1995883584022522,0.02349838986992836,0.09870545193552971,0.7443916201591492,0.1328151747584343,0.33152641728520393,0.5835192600886027,3.4527039230161383,0.0,0.5171042139485302,0.13906433433294296,0.17289654910564423,0.21023596823215485,0.3232639580965042,0.48014797270298004,0.6635497212409973,0.5363129377365112,0.5309205949306488,0.5367473363876343,0.5742283463478088,0.6298007369041443,0.6931056082248688,1.0158626079559325,0.5171042139485302
152,1263.0677499771118,1.693522504546369,0.25089778502782184,0.20479727486769359,0.2248347928126653,1.4942665815353393,0.03316216121117274,0.14868761897087096,0.01461283043026924,0.25446107387542727,0.25446107387542727,0.0,0.13316216270128886,0.996386714776357,0.7311895042657852,0.23753651231527328,0.19278506934642792,0.198630228638649,0.023532702587544918,0.09861540794372559,0.7425876259803772,0.1329367831349373,0.3175361466904481,0.5874563703934351,3.4563714622251096,0.0,0.5161948872665698,0.13547788560390472,0.16520846635103226,0.20195455849170685,0.3145163357257843,0.4682618975639343,0.6197977364063263,0.5440274477005005,0.5370187163352966,0.5410590469837189,0.5723998248577118,0.6250669360160828,0.7051662504673004,1.025099128484726,0.5161948872665698
153,1271.4915871620178,1.6972111604719733,0.25004492898782094,0.20418214201927185,0.22612880369027455,1.4981334686279297,0.03340071688095728,0.14828006476163863,0.014600489536921184,0.25794500211874644,0.25794500211874644,0.0,0.1334007183710734,1.112452252705892,0.713282123208046,0.22173791378736496,0.18972794711589813,0.19834011793136597,0.023516492918133736,0.09846892580389977,0.7417911887168884,0.13321806490421295,0.32568363348642987,0.5772222926219305,3.6494982232764928,0.0,0.5520406991318535,0.13269716501235962,0.16922253370285034,0.2103854864835739,0.3258278965950012,0.484278067946434,0.63169065117836,0.529341459274292,0.5213726460933685,0.5373285710811615,0.5809625387191772,0.6142235994338989,0.6801049411296844,1.087913602590561,0.5520406991318535
154,1279.9862520694733,1.704582634048226,0.25071186820665997,0.2042310893535614,0.22546337842941283,1.4951767603556314,0.033608939747015634,0.1483421544233958,0.014593001082539558,0.2659427771965663,0.2659427771965663,0.0,0.13360894123713177,1.1638798832893371,0.72337931022048,0.23020511120557785,0.19191736727952957,0.19860775768756866,0.02348214015364647,0.09824098274111748,0.7417502701282501,0.13343343138694763,0.3495841609934966,0.5916477690140406,3.9088866444859813,0.0,0.604042095338699,0.13699731975793839,0.1721009686589241,0.2134527787566185,0.3446568101644516,0.5355069935321808,0.6947900950908661,0.5592776834964752,0.5239477157592773,0.5363792479038239,0.5860989093780518,0.6299832761287689,0.7141997814178467,1.1567599713802337,0.604042095338699
155,1288.3520379066467,1.703246538185825,0.24904970824718475,0.20510631302992502,0.22619584302107493,1.4981475830078126,0.03389046142498652,0.148461211224397,0.014583324454724789,0.26389513711134593,0.26389513711134593,0.0,0.13389046291510265,1.25201811393102,0.7229492925107479,0.22730263322591782,0.19126171618700027,0.20000790059566498,0.02337951771914959,0.09793249517679214,0.7454270124435425,0.13368414342403412,0.3173457235097885,0.5843143463134766,3.4475546500294127,0.0,0.5160378322238177,0.13881385326385498,0.16775474697351456,0.2020948901772499,0.3148431330919266,0.47856834530830383,0.6019993722438812,0.5453962087631226,0.5378315150737762,0.5330575406551361,0.567652016878128,0.6194914281368256,0.7024573683738708,1.2882977724075317,0.5160378322238177
156,1296.7524919509888,1.6786026451542664,0.2503268907467524,0.2043941835562388,0.22462216416994732,1.4855381409327189,0.03404058068990708,0.14822523593902587,0.014584357632944982,0.2451889524857203,0.2451889524857203,0.0,0.13404058218002318,0.9532112360000611,0.7305566668510437,0.22959597408771515,0.19360709190368652,0.20207857340574265,0.023216689005494118,0.09761487320065498,0.7497616708278656,0.13374389708042145,0.33500558137893677,0.5992504358291626,3.6667057520530824,0.0,0.5578753772588226,0.14061636477708817,0.1711035817861557,0.2115679606795311,0.3371119648218155,0.5155988335609436,0.6340347826480865,0.5297534763813019,0.5392595827579498,0.5492465198040009,0.5994324386119843,0.6485366523265839,0.7292739450931549,0.9592334628105164,0.5578753772588226
157,1305.285169839859,1.6919687883967223,0.25268846154212954,0.20454702973365785,0.22404540479183196,1.4783861637115479,0.03431233515342077,0.1481652408838272,0.014575962194552023,0.2597361634174983,0.2597361634174983,0.0,0.1343123366435369,1.0278513232866924,0.7156569249927998,0.22205574810504913,0.19003129750490189,0.19929276406764984,0.02319035865366459,0.09749747067689896,0.7453436553478241,0.13396374136209488,0.32933609808484715,0.5871278916796049,3.5232470077745166,0.0,0.5305936283875945,0.1399742066860199,0.16643169522285461,0.20115607231855392,0.31456102430820465,0.49316370487213135,0.6607298851013184,0.5400326102972031,0.5283543467521667,0.5373638272285461,0.5704443454742432,0.6344272196292877,0.7121450006961823,1.096797877550125,0.5305936283875945
158,1313.6834499835968,1.6959401783222954,0.24860125184059143,0.203518870472908,0.22529600063959757,1.486435310045878,0.034481498102347054,0.14793619563182195,0.014567637381454309,0.2645339777072271,0.2645339777072271,0.0,0.13448149959246317,1.0190537889798483,0.7214053943753242,0.22352397441864014,0.19065777957439423,0.2012762650847435,0.023484292440116405,0.09788316488265991,0.7470293343067169,0.13424711674451828,0.3284543293217818,0.5757479667663574,3.58363013747308,0.0,0.5421054382078795,0.14047880470752716,0.1744074746966362,0.21156758069992065,0.32795365154743195,0.5034240782260895,0.6128943860530853,0.5300908982753754,0.5157623887062073,0.5262573063373566,0.5682488977909088,0.6175445020198822,0.6965838074684143,0.9918293714523315,0.5421054382078795
159,1322.087660074234,1.691284205686922,0.24953392247358958,0.20409477651119232,0.22428589363892873,1.4910595655441283,0.034771157801151274,0.14831598202387491,0.014555123758812745,0.25554370482762656,0.25554370482762656,0.0,0.1347711592912674,1.2260084430376688,0.7271014377474785,0.22657410800457,0.19028057157993317,0.20269352197647095,0.02346895821392536,0.09774478897452354,0.7502878308296204,0.13455479592084885,0.32755304252107936,0.6004556765158972,3.480948446605528,0.0,0.523405765002586,0.1414073333144188,0.17182191461324692,0.2094329074025154,0.32876187562942505,0.4922316372394562,0.6216625869274139,0.5461697280406952,0.5560478270053864,0.5706817507743835,0.5883731245994568,0.6247373521327972,0.7167242765426636,1.3159266471862794,0.523405765002586
160,1330.6360478401184,1.687889605613115,0.2508453408877055,0.203341214855512,0.22580870588620502,1.482686161994934,0.03495800644159317,0.1482221027215322,0.014547359632949034,0.25534438292185463,0.25534438292185463,0.0,0.13495800793170928,1.1626948277155558,0.7255154550075531,0.22717422246932983,0.19006815552711487,0.20165357738733292,0.023403695784509182,0.09743398427963257,0.7505664229393005,0.13468191772699356,0.3448921764890353,0.6042277862628301,3.7366917502972177,0.0,0.5711467929948579,0.1402227208018303,0.17184531688690186,0.21009676903486252,0.33490970730781555,0.5239690840244293,0.6883094608783722,0.5408906638622284,0.5562742650508881,0.575098067522049,0.5988876521587372,0.6417308747768402,0.7124851942062378,1.127489149570465,0.5711467929948579
161,1339.1019608974457,1.6889300499887516,0.2478817234436671,0.20343873997529346,0.22563236355781555,1.4829169114430745,0.035158633689085644,0.14838348031044007,0.01454080721984307,0.2587798585494359,0.2587798585494359,0.0,0.13515863517920176,1.1590371171633402,0.7395828738808632,0.23465684056282043,0.19191335141658783,0.20448467880487442,0.023385610431432724,0.09731489792466164,0.7559844553470612,0.13498860597610474,0.3446049876511097,0.6038291503985723,3.7189442770914853,0.0,0.5677764606075901,0.14035722613334656,0.1680643931031227,0.20742660760879517,0.33744363486766815,0.5219807028770447,0.6923573613166809,0.5568144619464874,0.5560741424560547,0.557508647441864,0.5878627896308899,0.6322110593318939,0.7325038015842438,1.2181705832481384,0.5677764606075901
162,1347.618327140808,1.6712164087686687,0.2513053148984909,0.20323617060979207,0.223903027176857,1.4706233342488606,0.0354666863878568,0.14834093699852627,0.014532865832249324,0.243995863199234,0.243995863199234,0.0,0.13546668787797292,0.8926046172777812,0.7195596769452095,0.21994996070861816,0.18861354887485504,0.2026514708995819,0.023373659700155258,0.09720014408230782,0.7493665516376495,0.13514409959316254,0.3297909622391065,0.5873230993747711,3.5933757853835324,0.0,0.5425559468497744,0.1368091031908989,0.16602714359760284,0.2042115405201912,0.32490457594394684,0.4916065186262131,0.6551868915557861,0.5374397337436676,0.547002375125885,0.552674263715744,0.5693725347518921,0.6192288994789124,0.6982207894325256,0.8854041397571564,0.5425559468497744
163,1356.0847799777985,1.6697053123886387,0.24806352357069653,0.2020960956811905,0.2244517982006073,1.472989551226298,0.03565239657958349,0.14824441820383072,0.014531266937653223,0.24515904784202575,0.24515904784202575,0.0,0.13565239806969961,0.8438392996788024,0.7310185767710209,0.22981681674718857,0.1912454292178154,0.2027895227074623,0.023477266542613506,0.09718476608395576,0.7506430447101593,0.13535935431718826,0.3306332789361477,0.5879229505856832,3.415263276288152,0.0,0.5118250691830687,0.1422565057873726,0.17160150408744812,0.21110038459300995,0.33016763627529144,0.4858434200286865,0.6428302228450775,0.5498231947422028,0.5444058179855347,0.5524511635303497,0.5834779441356659,0.6096095442771912,0.6877700388431549,0.8709373593330383,0.5118250691830687
164,1364.4356470108032,1.7013518888813755,0.2515428692102432,0.20335151255130768,0.22430520057678222,1.4680122534434001,0.03587564875682195,0.1483997921148936,0.014540114626288413,0.27477820714314777,0.27477820714314777,0.0,0.13587565024693807,0.948436979452769,0.7229387983679771,0.22365742921829224,0.18887744843959808,0.20242132246494293,0.023254521191120148,0.09688524529337883,0.7518115937709808,0.13554315268993378,0.32307982196410495,0.5626413822174072,3.3917112139185828,0.0,0.5066166575725544,0.1404491811990738,0.1676495224237442,0.2030792534351349,0.3167283684015274,0.47636306285858154,0.634209543466568,0.5107703506946564,0.503557950258255,0.508450835943222,0.5440979599952698,0.6013636887073517,0.7076075077056885,0.9290945649147033,0.5066166575725544
165,1372.850723028183,1.6686414224250863,0.2511349469423294,0.20274844666322073,0.22376837929089863,1.4636017481486003,0.03602479249238968,0.14810489813486735,0.014520831592381,0.24555421074231465,0.24555421074231465,0.0,0.1360247939825058,0.9632810393969218,0.7267951630055904,0.22116367518901825,0.19005440920591354,0.2053021416068077,0.023158694617450237,0.09666329622268677,0.7566308975219727,0.13576742261648178,0.3179597134391467,0.5927565594514211,3.496133126615347,0.0,0.5242269534248766,0.13689806312322617,0.1669548600912094,0.20354878157377243,0.3230099529027939,0.47861385345458984,0.5987327694892883,0.5396014153957367,0.5499168336391449,0.5562213659286499,0.581358015537262,0.6220340728759766,0.7074076533317566,1.0345109522342681,0.5242269534248766
166,1381.254852771759,1.6802730810207624,0.24885741174221038,0.20352066655953724,0.22374799450238544,1.4707404613494872,0.03641964942216873,0.1481585333744685,0.014504956422994535,0.2552076458930969,0.2552076458930969,0.0,0.13641965091228486,0.976596204439799,0.7328366599977016,0.2298327460885048,0.19041595607995987,0.20389796793460846,0.02338527701795101,0.09685354679822922,0.754320502281189,0.1360253319144249,0.32082219421863556,0.5699855536222458,3.3425438085369326,0.0,0.49788128450916946,0.14071837812662125,0.16619405895471573,0.19855338335037231,0.30771031975746155,0.47035734355449677,0.6413996815681458,0.5055623352527618,0.5205964148044586,0.5337207317352295,0.5616267323493958,0.6046691536903381,0.6937379539012909,0.9944314599037171,0.49788128450916946
167,1389.6868968009949,1.678389090835117,0.25117571353912355,0.20292026102542876,0.22380221585432689,1.4649604876836142,0.03658197472492854,0.14828478395938874,0.01450178666661183,0.25385694901148476,0.25385694901148476,0.0,0.13658197621504467,1.2018128752708435,0.7170482613146305,0.21725505590438843,0.18813420087099075,0.20286305248737335,0.0233347425237298,0.09664354473352432,0.7501716911792755,0.1363644003868103,0.34280283004045486,0.5898046692212423,3.628062373113134,0.0,0.5503739448240181,0.1401752531528473,0.16613928973674774,0.20141510665416718,0.32300226390361786,0.5085645616054535,0.7175205051898956,0.5293862223625183,0.5434297025203705,0.5605087876319885,0.5859903991222382,0.6166195869445801,0.7028933167457581,1.2765800654888153,0.5503739448240181
168,1398.174290895462,1.693192782617795,0.24955246448516846,0.202408500512441,0.22404006421566008,1.4645434538523356,0.03688118408123652,0.1482905626296997,0.014494369551539422,0.270564474662145,0.270564474662145,0.0,0.13688118557135265,0.9931289951006571,0.7278365045785904,0.22449522465467453,0.18966422975063324,0.20425458252429962,0.023465575650334358,0.09675352647900581,0.7542474865913391,0.13658592104911804,0.3218260370194912,0.5597889696558317,3.4226202589940797,0.0,0.5113834702925799,0.13867947459220886,0.16390245407819748,0.1972174495458603,0.30390702188014984,0.4746471792459488,0.6526026427745819,0.49484744668006897,0.48990942537784576,0.5059365630149841,0.5488791167736053,0.6152864694595337,0.703874796628952,0.9846920371055603,0.5113834702925799
169,1406.619688987732,1.674676162796095,0.24795630673567454,0.20186430911223094,0.22384003003438313,1.4645686229070027,0.037116643289724985,0.14751882155736287,0.014482602228720982,0.25535103380680085,0.25535103380680085,0.0,0.13711664477984112,1.0639339367548624,0.7433143518865108,0.23283344507217407,0.1906350776553154,0.20758168399333954,0.023378511890769005,0.09641221910715103,0.7615224123001099,0.1367567703127861,0.3246610425412655,0.5734628885984421,3.532289758738192,0.0,0.5313374245465959,0.1376982107758522,0.17040616273880005,0.2054533213376999,0.32257986068725586,0.48638997972011566,0.6254387199878693,0.5301559269428253,0.5173607468605042,0.5216095447540283,0.5570077896118164,0.610075980424881,0.7045673429965973,1.0131935238838197,0.5313374245465959
170,1415.0191180706024,1.6795778293783465,0.25460736056168876,0.20314305722713472,0.22243638336658478,1.4586760759353639,0.0373759205142657,0.14775299032529196,0.014483278586218755,0.25545082092285154,0.25545082092285154,0.0,0.1373759220043818,1.238064952691396,0.7275807484984398,0.21456214040517807,0.1889159381389618,0.2092803195118904,0.023409772664308548,0.09637610241770744,0.7645584940910339,0.13708513975143433,0.31682643045981723,0.5551376218597094,3.4698175619604856,0.0,0.5195091477415851,0.1373581811785698,0.16422134637832642,0.19705931097269058,0.30875198543071747,0.4766078293323517,0.6169599294662476,0.5083684623241425,0.49643249809741974,0.5060621798038483,0.5486277639865875,0.6039817929267883,0.6673530340194702,1.2515911400318145,0.5195091477415851
171,1423.4903819561005,1.6768732975547513,0.24573254883289336,0.20192720890045165,0.22542229195435842,1.4718692938486735,0.03761783589919408,0.14822303056716918,0.014472001014898222,0.2542744755744934,0.2542744755744934,0.0,0.1376178373893102,1.1512880285580953,0.729662649333477,0.2206547036767006,0.19017770886421204,0.2069595456123352,0.02336875442415476,0.09628066793084145,0.7593770623207092,0.13727805763483047,0.34162842979033786,0.5849881619215012,3.82438825675773,0.0,0.5870289555708628,0.13563647121191025,0.16816937923431396,0.2020677849650383,0.31721124053001404,0.5187265276908875,0.7079591751098633,0.5265252888202667,0.5150991678237915,0.5245665609836578,0.5759259164333344,0.6407475471496582,0.7270644903182983,1.0502097308635712,0.5870289555708628
172,1431.952033996582,1.6857939908009334,0.2512112657229106,0.20308336118857065,0.22343482077121735,1.4584012746810913,0.03777582297722499,0.14809895952542623,0.014467509867002567,0.264240954319636,0.264240954319636,0.0,0.1377758244673411,1.0695397535959879,0.7342811301350594,0.23081236332654953,0.19213193655014038,0.20370139926671982,0.023164527490735054,0.09579825401306152,0.7551026344299316,0.1375301107764244,0.3370822196205457,0.5953691750764847,3.7116459886027293,0.0,0.5657554099876034,0.13841133564710617,0.16411496698856354,0.19654419273138046,0.32110393047332764,0.5137338787317276,0.6885850131511688,0.5218179523944855,0.5466931760311127,0.5699208378791809,0.5994862020015717,0.6277065575122833,0.706590324640274,1.1112004280090333,0.5657554099876034
173,1440.2856798171997,1.6731079221121035,0.24998524288336435,0.20227460364500682,0.22370192309220632,1.4644930044809976,0.03809011330207189,0.14810532033443452,0.014457033388316632,0.24994443953037263,0.24994443953037263,0.0,0.138090114792188,1.2160666465759278,0.7325642369687557,0.22093265503644943,0.19069374352693558,0.20814235508441925,0.023215346969664097,0.09581796079874039,0.7585387229919434,0.13773425668478012,0.3348020017147064,0.5870101849238077,3.7408084294711945,0.0,0.5705902685836505,0.13551396876573563,0.16955064237117767,0.20956220477819443,0.3336154818534851,0.50693179666996,0.6536379158496857,0.5398203134536743,0.5216880440711975,0.5444731116294861,0.5861814618110657,0.620349258184433,0.7095489203929901,1.2056213676929475,0.5705902685836505
174,1448.6508901119232,1.6779434269604583,0.24777463575204214,0.20250003039836884,0.2245737463235855,1.4645481745402018,0.03828336546818415,0.14782969256242115,0.014453050245841344,0.25721826454003655,0.25721826454003655,0.0,0.13828336695830026,1.1606063723564148,0.7373122684657574,0.2273593693971634,0.1887688860297203,0.2077842280268669,0.02319083921611309,0.09565962851047516,0.7598975598812103,0.13793741911649704,0.31957800313830376,0.5634272048870722,3.458241240412268,0.0,0.517318498215431,0.1372719258069992,0.16465722024440765,0.19852817803621292,0.30856215953826904,0.47471943497657776,0.633729100227356,0.507975161075592,0.5006114840507507,0.5171767175197601,0.5536656081676483,0.6008593142032623,0.7002749443054199,1.2160229325294494,0.517318498215431
175,1456.9851808547974,1.6616968964847425,0.24947204291820527,0.201629767815272,0.22334622144699096,1.4562393188476563,0.03858685940504074,0.14825439353783926,0.014443870695928732,0.2429868737856547,0.2429868737856547,0.0,0.13858686089515687,0.9564167658487955,0.7365195378661156,0.22466359287500381,0.19078901410102844,0.20823071897029877,0.023234473541378975,0.0956316627562046,0.7599285840988159,0.1383642554283142,0.322504931439956,0.5660848418871561,3.534809372250153,0.0,0.5313378297105009,0.1364971622824669,0.16319163888692856,0.19464588910341263,0.30605079233646393,0.4824914485216141,0.6521526575088501,0.5098813474178314,0.5087266862392426,0.5244432985782623,0.5599289834499359,0.6088749766349792,0.6846537590026855,0.9587113201618195,0.5313378297105009
176,1465.502799987793,1.6573716343652147,0.2502362181742986,0.20140669345855713,0.22310694555441538,1.4493192831675212,0.0387992595632871,0.1477570359905561,0.014437768453111252,0.2423823744058609,0.2423823744058609,0.0,0.1387992610534032,0.9288002173105876,0.7323890924453735,0.22088529914617538,0.1895214170217514,0.20837154239416122,0.02325571235269308,0.09561632201075554,0.7608691155910492,0.13864513486623764,0.321111502746741,0.5670062849919001,3.596659896426433,0.0,0.5414368548374476,0.13145717978477478,0.16189061105251312,0.19598320126533508,0.3024466186761856,0.47280676662921906,0.6620846390724182,0.5211796760559082,0.5079293251037598,0.5157141983509064,0.5485441386699677,0.6131874024868011,0.6954829692840576,0.9224224746227264,0.5414368548374476
177,1473.985631942749,1.6835339817839363,0.2500013420979182,0.20162749489148457,0.22313671807448068,1.452186926205953,0.039008679489294686,0.14777548362811407,0.014432955098648866,0.26709152360757193,0.26709152360757193,0.0,0.1390086809794108,1.0708471417427063,0.7371250055730343,0.22750261425971985,0.19017227739095688,0.207268126308918,0.023182371631264687,0.0953415185213089,0.7606472671031952,0.13871553540229797,0.3232528530061245,0.5812680969635645,3.5042250375655937,0.0,0.5257506835980159,0.13691576570272446,0.16733423620462418,0.20221105962991714,0.3201999366283417,0.47978365421295166,0.6330724656581879,0.5286600589752197,0.5321243107318878,0.5522354543209076,0.5739098489284515,0.6094665229320526,0.691212385892868,1.1192781388759614,0.5257506835980159
178,1482.3185741901398,1.6717431389726698,0.24615522424379985,0.20115952491760253,0.2241574039061864,1.4643951733907064,0.039335991442203525,0.14824256698290508,0.014424067425231139,0.2520780990521113,0.2520780990521113,0.0,0.13933599293231963,1.200954755147298,0.7423643730580807,0.22506988048553467,0.18952812999486923,0.2112652137875557,0.02326037921011448,0.09538622945547104,0.7680752277374268,0.139059416949749,0.34322479243079823,0.5836214025815328,3.8070758728189773,0.0,0.5839983267472753,0.13725782930850983,0.16415074467658997,0.20481740683317184,0.3402024060487747,0.5225509703159332,0.6903693974018097,0.5192779302597046,0.520708292722702,0.5507060289382935,0.5927035510540009,0.62179896235466,0.6965336501598358,1.1831717848777772,0.5839983267472753
179,1490.703891992569,1.6582139751291833,0.25169493556022643,0.20236297249794005,0.22253874440987906,1.4449389139811197,0.039616803824901584,0.14853842407464982,0.014423913477609554,0.24156539142131805,0.24156539142131805,0.0,0.1396168053150177,1.1740919868151347,0.7311731390655041,0.22224800288677216,0.18874218314886093,0.20727702230215073,0.023207463324069977,0.0952020063996315,0.7596558034420013,0.13927682489156723,0.3303738286097844,0.5849151114622752,3.628664729620574,0.0,0.54936379457349,0.13702023774385452,0.16494013369083405,0.2011062428355217,0.32410159707069397,0.49720050394535065,0.6578742563724518,0.53351891040802,0.5317710638046265,0.5495300889015198,0.5761694312095642,0.6187877655029297,0.699713408946991,1.2140639066696166,0.54936379457349
180,1499.0877158641815,1.682688327350964,0.24890942176183065,0.20173549950122832,0.22437418897946676,1.451415737469991,0.03984754631916682,0.1480053573846817,0.014429447582612435,0.2666669527689616,0.2666669527689616,0.0,0.13984754780928293,1.1914640347162881,0.7341029271483421,0.21995432674884796,0.18876804411411285,0.20988228917121887,0.023261703550815582,0.09518899768590927,0.7646948099136353,0.1394464373588562,0.33954154575864476,0.5691738029321035,3.8505221181132536,0.0,0.5920979549215598,0.13515249639749527,0.1607852429151535,0.19238770008087158,0.3208433538675308,0.5204076766967773,0.7076728045940399,0.485834002494812,0.5013711750507355,0.5279051959514618,0.5812881886959076,0.6204505264759064,0.6981937289237976,1.1206875562667846,0.5920979549215598
181,1507.535160779953,1.653429135416324,0.24797767798105877,0.20130894879500072,0.2234923541545868,1.4490628957748413,0.040148270626862846,0.147760808467865,0.014408943708986044,0.24015922049681346,0.24015922049681346,0.0,0.14014827211697897,1.132818373044332,0.7358851507306099,0.21933862566947937,0.18785236775875092,0.21131017059087753,0.023161152377724648,0.094976507127285,0.7673204839229584,0.1397900953888893,0.33007095629970234,0.5823532988627752,3.6668942596976684,0.0,0.5572490737280956,0.13870420306921005,0.16477934271097183,0.1976354494690895,0.31933657824993134,0.508613646030426,0.6513565182685852,0.5377632975578308,0.5285755395889282,0.5396536588668823,0.5781746804714203,0.6151776313781738,0.6947749853134155,1.0619606018066405,0.5572490737280956
182,1515.989727973938,1.6725067161799718,0.24834158420562744,0.20104168752829235,0.2234474172194799,1.449687417348226,0.04037190427382787,0.14813394695520402,0.014411695984502633,0.257840222120285,0.257840222120285,0.0,0.14037190576394398,1.189107851187388,0.7497290633618832,0.23219545185565948,0.18961446732282639,0.21136318892240524,0.02325313910841942,0.09498587623238564,0.7677862346172333,0.13989856094121933,0.3298586917420228,0.5754804015159607,3.435124347956402,0.0,0.5151226971783406,0.1416415497660637,0.16468746960163116,0.19853830337524414,0.3199268728494644,0.4865563362836838,0.6678016185760498,0.5141594409942627,0.531298041343689,0.5491324365139008,0.5696872174739838,0.6053918302059174,0.6832134425640106,1.2416763663291932,0.5151226971783406
183,1524.3893220424652,1.662486284187374,0.24989852507909138,0.20042254428068798,0.22365650832653045,1.4464190244674682,0.04066698998212814,0.14809946914513905,0.014417079618821542,0.2481063057978948,0.2481063057978948,0.0,0.14066699147224426,1.2285889069239297,0.7376562841236591,0.21439716219902039,0.1875155046582222,0.21475068479776382,0.023406730964779854,0.09521246701478958,0.7758210599422455,0.14018775522708893,0.3331810099383195,0.5776515007019043,3.5011467328192025,0.0,0.5261337696931072,0.13918029516935349,0.1690795123577118,0.20295923948287964,0.30976012349128723,0.4872906357049942,0.6908162534236908,0.526258796453476,0.5199598670005798,0.5321874618530273,0.5645842552185059,0.6156529486179352,0.7072656750679016,1.2737477362155913,0.5261337696931072
184,1532.8742468357086,1.6556926745766154,0.24801162083943684,0.19982024629910786,0.2230295330286026,1.4455861488978068,0.040985728800296786,0.14714254389206569,0.01438746036340793,0.24573881924152374,0.24573881924152374,0.0,0.1409857302904129,1.186443297068278,0.7369871214032173,0.22222945094108582,0.1877278834581375,0.21044686436653137,0.023227497935295105,0.09478331729769707,0.7651752233505249,0.1405545473098755,0.3229326034585635,0.571269283692042,3.404175415686474,0.0,0.5082684930547333,0.1392243728041649,0.1666129305958748,0.19898256659507751,0.31157107651233673,0.47394418716430664,0.6472604870796204,0.5247896611690521,0.508683830499649,0.5137009620666504,0.5470654666423798,0.6104669570922852,0.7229088246822357,1.1335031390190125,0.5082684930547333
185,1541.3845489025116,1.65638341367788,0.24802579085032145,0.19977720578511557,0.22288824419180553,1.4418323040008545,0.04114349732796351,0.1482444574435552,0.014386902345965307,0.24604533811410267,0.24604533811410267,0.0,0.14114349881807964,0.9404181241989136,0.7375704720616341,0.22779938578605652,0.18867076933383942,0.20771785080432892,0.02307115215808153,0.09452648088335991,0.7619601488113403,0.14067470282316208,0.3206636893252532,0.5912105689446131,3.5835224074850913,0.0,0.539952329130185,0.13473431766033173,0.1627914234995842,0.1961335986852646,0.32252778112888336,0.482823446393013,0.6249715685844421,0.5288348495960236,0.5295547842979431,0.5578934252262115,0.5960908234119415,0.6235399544239044,0.7113495767116547,0.9647385537624359,0.539952329130185
186,1549.8552010059357,1.6505729937033418,0.24992335041364033,0.20014358659585316,0.22218241691589355,1.438189180692037,0.041370766858259835,0.14766483704249064,0.01439526528120041,0.24109068512916565,0.24109068512916565,0.0,0.14137076834837595,1.0690481861432393,0.7444556057453156,0.22180330008268356,0.18827761709690094,0.21425674855709076,0.023037705570459366,0.09444965794682503,0.7715639770030975,0.14074108749628067,0.3436283978323142,0.5736808081467947,3.768339926700289,0.0,0.5762512527662305,0.13660332560539246,0.16783715784549713,0.2059135064482689,0.3257262706756592,0.5147677659988403,0.710922360420227,0.523857593536377,0.5109177827835083,0.5341699123382568,0.5678413212299347,0.602534681558609,0.702763557434082,1.0496352732181549,0.5762512527662305
187,1558.1681311130524,1.6620590172708034,0.2487280378739039,0.19962979555130006,0.2218660056591034,1.4364410559336345,0.04166096796592077,0.1480519637465477,0.014380237615356842,0.2540174961090088,0.2540174961090088,0.0,0.14166096945603687,1.0440056602160135,0.740733165293932,0.2256292626261711,0.18817748874425888,0.2105075791478157,0.023274152539670467,0.09473442658782005,0.768410861492157,0.1412159949541092,0.3243073982497056,0.5603282848993937,3.3897875891414397,0.0,0.506431079464101,0.14076492935419083,0.16361848264932632,0.19314935058355331,0.30290429294109344,0.4771632105112076,0.6682441234588623,0.49131064116954803,0.4866359829902649,0.4989292472600937,0.5479093492031097,0.6102158427238464,0.7269686460494995,1.0369086623191834,0.506431079464101
188,1566.5516390800476,1.652683010076483,0.2502467821041743,0.20023501614729564,0.22202544113000233,1.438384485244751,0.041944985091686246,0.1485623096426328,0.01438239092628161,0.24066944022973377,0.24066944022973377,0.0,0.14194498658180238,1.2334466139475504,0.7416525408625603,0.2239246368408203,0.18871437013149261,0.21168535947799683,0.0230876412242651,0.09438265115022659,0.7679936587810516,0.14153453707695007,0.3426239478091399,0.5771089121699333,3.903434073101303,0.0,0.6033211903020733,0.13879480957984924,0.17258164286613464,0.21163199096918106,0.35014747083187103,0.5417763888835907,0.6408113837242126,0.5174922794103622,0.5037365853786469,0.5207551717758179,0.5819447636604309,0.6285681128501892,0.7101565599441528,1.3364381790161133,0.6033211903020733
189,1574.8756020069122,1.6589774411171674,0.24918722410996755,0.20015974839528403,0.22295850614706675,1.4368255138397217,0.042287435630957285,0.14835490087668102,0.014370865716288487,0.24899259606997173,0.24899259606997173,0.0,0.14228743712107342,1.121676540374756,0.7393098622560501,0.22536281496286392,0.18830503523349762,0.2098972648382187,0.023281163536012173,0.0945260189473629,0.7647318840026855,0.1418531984090805,0.32146525879700977,0.5548952147364616,3.382522451197699,0.0,0.5044533624814573,0.13948684185743332,0.16514168679714203,0.1947755143046379,0.301496297121048,0.47181737422943115,0.6560738384723663,0.47980253398418427,0.48094817996025085,0.4967142343521118,0.5433379113674164,0.6129393875598907,0.7156290411949158,1.079795914888382,0.5044533624814573
190,1583.3215517997742,1.666817207634449,0.24927150309085847,0.19962347149848939,0.22174076040585836,1.4349657694498699,0.04246473560730616,0.14867248584826787,0.01436160293718179,0.25734542310237885,0.25734542310237885,0.0,0.14246473709742227,1.077092206478119,0.7352795638144016,0.21777288615703583,0.1875750795006752,0.2118595689535141,0.023143712431192398,0.09426170587539673,0.7702029347419739,0.141914464533329,0.3257688855131467,0.5588781982660294,3.6027133633933492,0.0,0.5442040478120193,0.13643527776002884,0.16914796829223633,0.20364949852228165,0.32249633967876434,0.4915371984243393,0.6313470304012299,0.5234026312828064,0.49643614888191223,0.5082639455795288,0.5440976917743683,0.5881780385971069,0.6928907334804535,1.1641644060611724,0.5442040478120193
191,1591.7545328140259,1.6798147323541344,0.2480461448431015,0.19998543560504914,0.2225863556067149,1.437770390510559,0.04279730767011643,0.14791360398133596,0.014367793624599775,0.27125101288159686,0.27125101288159686,0.0,0.14279730916023253,1.22061075369517,0.7390951402485371,0.22368565946817398,0.1893370971083641,0.21037046611309052,0.02327379398047924,0.09441575780510902,0.7659890651702881,0.14220202714204788,0.34102368106444675,0.5799989476799965,3.7226579616842046,0.0,0.5679931214368141,0.13877879083156586,0.16854014247655869,0.20664957910776138,0.33086100220680237,0.5166259706020355,0.6846866011619568,0.5182598829269409,0.513266310095787,0.5290423333644867,0.5720503330230713,0.6240121424198151,0.7233626842498779,1.1624833166599273,0.5679931214368141
192,1600.2359178066254,1.6627585149408939,0.24807732899983723,0.19971158901850383,0.2221359372138977,1.4356017430623373,0.043031792342662814,0.1481551468372345,0.014348841924220323,0.2548323939243952,0.2548323939243952,0.0,0.14303179383277892,1.1575749437014262,0.7381424382328987,0.2191595807671547,0.18726786971092224,0.21267446130514145,0.023167374543845654,0.09415845945477486,0.7706697583198547,0.14254074543714523,0.3245290393630664,0.5855094293753306,3.6271071106894377,0.0,0.5484505069193099,0.13515666872262955,0.16561666131019592,0.19837143272161484,0.3142000734806061,0.49022771418094635,0.6436016857624054,0.5390117466449738,0.5377411842346191,0.5578637421131134,0.5720101594924927,0.6091674864292145,0.6972622573375702,1.2044464290142058,0.5484505069193099
193,1608.719712972641,1.678975395904854,0.2493944545586904,0.1989037831624349,0.22184222837289175,1.4346076885859171,0.04337185174226761,0.14831334153811138,0.014350443861136835,0.2701758027076721,0.2701758027076721,0.0,0.14337185323238372,1.2291870911916096,0.7419352494180202,0.2253866046667099,0.18769913166761398,0.21134953945875168,0.02306122425943613,0.09388430044054985,0.7684304714202881,0.14282139390707016,0.32321294272939366,0.583307628830274,3.534099472841279,0.0,0.5316227416172947,0.13756103813648224,0.16817574948072433,0.20445802807807922,0.3211033195257187,0.48615439236164093,0.6218251287937164,0.5397546589374542,0.5332187712192535,0.5501921474933624,0.5761932134628296,0.6081858575344086,0.6923011243343353,1.151662242412567,0.5316227416172947
194,1617.1097738742828,1.6740596338252847,0.24712887307008108,0.1984240104754766,0.22209964096546173,1.4368884245554605,0.043582516411940254,0.14834092458089193,0.014344449403385322,0.26643982032934826,0.26643982032934826,0.0,0.14358251790205637,1.118169907728831,0.7408744804561138,0.22233934700489044,0.18746327608823776,0.21240174770355225,0.023233638145029545,0.09408304840326309,0.7713056206703186,0.14309273660182953,0.3296942288676898,0.5870657910903295,3.6886929250505123,0.0,0.5602882937571547,0.1349479854106903,0.16375180333852768,0.20247019082307816,0.3238404095172882,0.4977816790342331,0.6553733050823212,0.5230278670787811,0.5352132320404053,0.5616988837718964,0.5880260467529297,0.6118768751621246,0.7025518417358398,1.1566648185253143,0.5602882937571547
195,1625.4513721466064,1.6493567654319727,0.24922002951304117,0.1983674685160319,0.22202835083007813,1.4340865055720011,0.04390538285175959,0.14861295918623607,0.014338419027626514,0.2403775691986084,0.2403775691986084,0.0,0.14390538434187572,1.3357720613479613,0.73716801404953,0.22037288546562195,0.18673214316368103,0.21171452850103378,0.023104830645024776,0.09383417665958405,0.7705035507678986,0.14337251335382462,0.3122422955930233,0.5580852900942167,3.2787664196159225,0.0,0.48628568148619944,0.14034372568130493,0.16602730751037598,0.19558022171258926,0.3023010492324829,0.46015429496765137,0.6090471744537354,0.4898882806301117,0.49667371809482574,0.5238794982433319,0.5599647760391235,0.5991272628307343,0.6789782047271729,1.3541025996208191,0.48628568148619944
196,1633.8856451511383,1.6545465018289784,0.24926293591658275,0.19845815896987914,0.22163272897402445,1.430660637219747,0.044114255408446,0.14828705886999766,0.014327509670207898,0.2477805326382319,0.2477805326382319,0.0,0.1441142568985621,1.0839168389638265,0.7400089539587498,0.22329308837652206,0.1866983100771904,0.21168335527181625,0.023133729584515095,0.09382428228855133,0.7691375613212585,0.14363961666822433,0.3089393948515256,0.5686743954817454,3.435283417299599,0.0,0.5112302425294893,0.13303298503160477,0.16306985169649124,0.1960693746805191,0.3024791330099106,0.4570060074329376,0.6019790172576904,0.5118578523397446,0.5110433548688889,0.5390453040599823,0.5637316405773163,0.5921582579612732,0.6942099630832672,1.1665519416332244,0.5112302425294893
197,1642.2527129650116,1.6589236375177279,0.2484580785036087,0.19882447918256124,0.22182260751724242,1.4280543565750121,0.04452484597762426,0.14833724349737168,0.014333861228078604,0.25375689069430035,0.25375689069430035,0.0,0.14452484746774039,1.1412169496218363,0.7371132969856262,0.21939151734113693,0.18721304833889008,0.21205762773752213,0.023245960474014282,0.0938611552119255,0.7669373452663422,0.1439351961016655,0.3186354264616966,0.5890415658553442,3.412355117653413,0.0,0.5089846923789071,0.1376037672162056,0.16508357971906662,0.19868239760398865,0.31158819794654846,0.4695529192686081,0.6293016970157623,0.5315338671207428,0.5434470474720001,0.5707304775714874,0.5876138806343079,0.6120279133319855,0.6888962090015411,1.2385603845119477,0.5089846923789071
198,1650.7038979530334,1.653513473062776,0.2483500947554906,0.1988882621129354,0.2213707039753596,1.4298364639282226,0.04470279862483342,0.14876670738061268,0.014320841773102682,0.24663099149862924,0.24663099149862924,0.0,0.14470280011494954,1.191260576248169,0.7414061762392521,0.22267766296863556,0.1871761754155159,0.2125702127814293,0.023105057887732983,0.09361011907458305,0.7701957523822784,0.1441527158021927,0.3291790646811326,0.5764502733945847,3.6519202309015735,0.0,0.5525479783562427,0.13282787799835205,0.16378196328878403,0.199141725897789,0.31334835290908813,0.48507681488990784,0.6808976531028748,0.5129011422395706,0.5140592604875565,0.5411661863327026,0.5726256966590881,0.6144513189792633,0.7034980356693268,1.2430016100406647,0.5525479783562427
199,1659.1888189315796,1.6567354152250724,0.24774063229560853,0.198603031039238,0.22082282702128092,1.4279044151306153,0.04498963505029678,0.1487247973680496,0.014315014922370512,0.2515671153863271,0.2515671153863271,0.0,0.14498963654041291,1.113280681769053,0.7427953332662582,0.22005650401115417,0.1862049400806427,0.21481817960739136,0.023103059269487858,0.09349961578845978,0.7739579379558563,0.14442597329616547,0.32269153992335003,0.5536597842971483,3.5707350343719044,0.0,0.537554965323314,0.13486602902412415,0.1651884838938713,0.1973530724644661,0.31361450254917145,0.48157085478305817,0.6435562968254089,0.48804397881031036,0.48265188932418823,0.5074946880340576,0.54898801445961,0.5976655781269073,0.6971145570278168,1.1048167765140533,0.537554965323314
200,1667.7042648792267,1.6408370801635708,0.24708870748678843,0.19801715314388274,0.2223972131808599,1.4299336830774942,0.04535574068625768,0.148742239177227,0.014313842200984557,0.23522381782531737,0.23522381782531737,0.0,0.1453557421763738,1.1900094072024028,0.7427919842302799,0.21922103315591812,0.18571578711271286,0.21535652875900269,0.023070672526955605,0.09339752048254013,0.7749986052513123,0.14472638815641403,0.30777668083707493,0.5618884141246477,3.343934943491449,0.0,0.49492257482944024,0.13448504358530045,0.1613880768418312,0.1907142922282219,0.29427409172058105,0.4497092366218567,0.6160893440246582,0.5138576924800873,0.49590323865413666,0.5111771523952484,0.5528335869312286,0.598864734172821,0.6986940801143646,1.2375624537467957,0.49492257482944024
201,1676.101511001587,1.6474936260143296,0.2473134756088257,0.19789617955684663,0.22203411161899567,1.427359676361084,0.045583765208721164,0.14886055539051693,0.014307600011428197,0.24268968800703686,0.24268968800703686,0.0,0.14558376669883727,1.089509944121043,0.7464854456484318,0.22561169415712357,0.18653684109449387,0.21380266547203064,0.023001003079116344,0.09324544668197632,0.7735242247581482,0.14480242133140564,0.3172476353744666,0.5652627969781557,3.537040515155895,0.0,0.5305617364845027,0.13324838131666183,0.1630031317472458,0.1982094645500183,0.30660104751586914,0.47130492329597473,0.6311188638210297,0.5018871128559113,0.5128111988306046,0.5314784348011017,0.5605162382125854,0.6040776968002319,0.6808061003684998,1.0080980956554413,0.5305617364845027
202,1684.5533890724182,1.6475016275886447,0.24970030784606934,0.19830077389876047,0.22076992591222128,1.4210013628005982,0.045838108162085216,0.14872707823912304,0.014301431799928347,0.24355486830075582,0.24355486830075582,0.0,0.14583810965220134,1.1181377251942952,0.7422017231583595,0.22478238493204117,0.18665650486946106,0.21204554289579391,0.023029598407447338,0.09320205077528954,0.7688011527061462,0.14525681734085083,0.319609126696984,0.5805623630682627,3.4947304875762613,0.0,0.5229809106820897,0.13445300608873367,0.16408617794513702,0.1957341879606247,0.3020169585943222,0.4698770195245743,0.651487410068512,0.5332603752613068,0.5310499370098114,0.5486445426940918,0.5710170865058899,0.607616513967514,0.6917857229709625,1.1109471201896668,0.5229809106820897
203,1692.9754691123962,1.6512210202558586,0.24612763226032258,0.19761273562908171,0.22171275615692138,1.4256547371546426,0.04610259085893631,0.14841395368178686,0.01429707563171784,0.24926460782686868,0.24926460782686868,0.0,0.14610259234905243,1.0895436724027,0.740932758897543,0.22261222451925278,0.1861507073044777,0.21262259036302567,0.023087176494300365,0.09329666197299957,0.7718928158283234,0.145401731133461,0.3246147346993287,0.580232265094916,3.6415433395914643,0.0,0.5508004558211173,0.1337457150220871,0.16458095610141754,0.2005288377404213,0.3197389543056488,0.48704081773757935,0.6420531272888184,0.5208268165588379,0.5249101668596268,0.5432941913604736,0.5773863196372986,0.6159642338752747,0.6990118622779846,1.1548072338104247,0.5508004558211173
204,1701.4265179634094,1.6336600631475449,0.24807999928792318,0.1972231517235438,0.22127014299233755,1.4198523998260497,0.046469452480475106,0.1486602981885274,0.014298425273348887,0.23221518099308014,0.23221518099308014,0.0,0.14646945397059122,1.0155907034873963,0.7415802255272865,0.21819894015789032,0.1853998750448227,0.21534067392349243,0.023142856545746326,0.09324856847524643,0.775314211845398,0.14577864110469818,0.327127596984307,0.5727480327089628,3.4950573595056675,0.0,0.5247534991490113,0.1386130377650261,0.16532161831855774,0.19959953427314758,0.3168995976448059,0.4844605177640915,0.657871276140213,0.5113924145698547,0.5123499780893326,0.5315606892108917,0.5563003718852997,0.6140444874763489,0.710840255022049,1.0383585870265961,0.5247534991490113
205,1709.9384980201721,1.6465148443278546,0.24856496353944144,0.19758481184641521,0.22148826917012532,1.4174972375233967,0.04672341297070185,0.14847807437181473,0.014292851587136586,0.24579822222391765,0.24579822222391765,0.0,0.14672341446081796,1.0438220421473186,0.7414414137601852,0.22220269590616226,0.1855107694864273,0.21324166655540466,0.023157711140811443,0.09327180311083794,0.772572249174118,0.14610357582569122,0.33216357231140137,0.579777163763841,3.6586698032283915,0.0,0.554812821435197,0.13606276363134384,0.16552434116601944,0.19917893409729004,0.3137441575527191,0.4978087246417999,0.6806625127792358,0.5234794467687607,0.5203726887702942,0.5360625684261322,0.5704978704452515,0.621122270822525,0.7071281373500824,0.989795345067978,0.554812821435197
206,1718.443823814392,1.6613600999272118,0.2474152813355128,0.19678343931833903,0.22147342960039776,1.420917010307312,0.04706352800130844,0.14857101887464524,0.014288338894645373,0.2601301898558935,0.2601301898558935,0.0,0.14706352949142457,1.0603359858194987,0.734308835119009,0.22247625887393951,0.18551697582006454,0.20953704416751862,0.02298339270055294,0.09287214651703835,0.76549431681633,0.1463041752576828,0.31927258645494777,0.5811571727196375,3.6334748942919166,0.0,0.5492168638792584,0.13366848975419998,0.16452131420373917,0.19831504672765732,0.3174585998058319,0.48568110167980194,0.6159909665584564,0.5322806388139725,0.5254211574792862,0.5384605228900909,0.5739267468452454,0.6105225682258606,0.7063314020633698,1.0915415704250335,0.5492168638792584
207,1726.9359748363495,1.6756958211539312,0.24763622681299846,0.1975365330775579,0.2220230052868525,1.4278322060902913,0.04731504867474238,0.14856440722942352,0.01428236166636149,0.27024423877398174,0.27024423877398174,0.0,0.1473150501648585,1.4903273145357767,0.7376103177666664,0.2166033834218979,0.18517617881298065,0.2142094224691391,0.02306488435715437,0.09299235790967941,0.7727770805358887,0.14663336426019669,0.3253495494524638,0.5544699281454086,3.6539026081188593,0.0,0.5537075009810015,0.1354626938700676,0.16332469135522842,0.19653800129890442,0.31781208515167236,0.4949674904346466,0.6439923346042633,0.5047306716442108,0.4927278459072113,0.5129900872707367,0.5416573882102966,0.5871914029121399,0.6875221729278564,1.4414777338504792,0.5537075009810015
208,1735.3715779781342,1.6535816222196444,0.2486691355705261,0.1972565452257792,0.22101776897907258,1.4179136276245117,0.04766688297192256,0.14844109266996383,0.01427688788001736,0.25236847400665285,0.25236847400665285,0.0,0.14766688446203868,1.1610462665557861,0.732333779335022,0.2153187021613121,0.1846795231103897,0.2123376578092575,0.023131349124014378,0.09304288774728775,0.7691530883312225,0.14690307527780533,0.3371163085103035,0.5838976576924324,3.6207259938729766,0.0,0.5485625186087774,0.13903968036174774,0.1689128279685974,0.2045154720544815,0.32493941485881805,0.5034245848655701,0.6818658709526062,0.5149479657411575,0.5339837670326233,0.5491650700569153,0.5812391638755798,0.6171149015426636,0.7069350779056549,1.1317878425121308,0.5485625186087774
209,1743.720535993576,1.6490814025125777,0.2456261197725932,0.1967875252167384,0.22219149271647134,1.4261992613474528,0.04789474656184514,0.1485550800959269,0.01427404365191857,0.24654410779476166,0.24654410779476166,0.0,0.14789474805196126,1.1373456756273905,0.7351475283503532,0.2222198024392128,0.18503600358963013,0.2102048620581627,0.023073107935488224,0.09279194846749306,0.764594316482544,0.14714518189430237,0.32412147646149,0.5969922294219335,3.534345798744694,0.0,0.5316821680328121,0.1375938057899475,0.1618727743625641,0.19835219532251358,0.31859345734119415,0.4863040894269943,0.6420125365257263,0.5373688042163849,0.5563051402568817,0.579017698764801,0.593821793794632,0.6086445748806,0.7067953646183014,1.0836048066616057,0.5316821680328121
210,1752.1397399902344,1.6383997593346673,0.24802470902601878,0.1963255653778712,0.22100242575009663,1.4164695819218953,0.04818299561738968,0.1481523334980011,0.014268665357182424,0.23934078514575957,0.23934078514575957,0.0,0.1481829971075058,1.038715159893036,0.7345028780400753,0.2182912528514862,0.1841830536723137,0.21206004917621613,0.022952602244913578,0.09261052310466766,0.7716774940490723,0.14730218797922134,0.3219706478218238,0.5642361541589102,3.552824684567639,0.0,0.5343975936768837,0.13556823134422302,0.16613147407770157,0.1987868696451187,0.30984216928482056,0.4816501587629318,0.6398449838161469,0.5198037028312683,0.5080311894416809,0.5235729217529297,0.5480075776576996,0.5929549932479858,0.6930465400218964,1.0059868395328522,0.5343975936768837
211,1760.6379640102386,1.674301476419593,0.24583721061547598,0.19690644244352976,0.22173052728176118,1.4195831775665284,0.04849175165096919,0.14860985229412715,0.01426461034764846,0.2744411627451579,0.2744411627451579,0.0,0.14849175314108531,1.1693966547648111,0.7374546080827713,0.22379521280527115,0.18536879122257233,0.210487499833107,0.022958042100071907,0.09255693852901459,0.7665252387523651,0.14764724671840668,0.32632487267255783,0.6056661754846573,3.6100801765335877,0.0,0.5462423181585878,0.13822270184755325,0.16666312515735626,0.19517432898283005,0.3078465163707733,0.4989950358867645,0.6510475277900696,0.5427878201007843,0.5329614281654358,0.5609589517116547,0.5981501638889313,0.6427828073501587,0.756355881690979,1.254953521490097,0.5462423181585878
212,1769.138620853424,1.6778669907323396,0.24725029865900675,0.19735254247983297,0.22085669338703157,1.4215901533762614,0.048771536846955614,0.14829831272363664,0.014257830195128917,0.2759385903676351,0.2759385903676351,0.0,0.14877153833707174,1.365252188841502,0.7385808378458023,0.22132723033428192,0.18592754006385803,0.21214491873979568,0.023039471358060837,0.09263666346669197,0.7698903977870941,0.14809244871139526,0.3401525616645813,0.5785871297121048,3.7402607991769092,0.0,0.5714288510966504,0.13889320194721222,0.16736014932394028,0.20070520788431168,0.31550316512584686,0.5194967985153198,0.6989568471908569,0.5040085911750793,0.511044055223465,0.5265598893165588,0.5754250884056091,0.6261077225208282,0.7283774316310883,1.2717884004116058,0.5714288510966504
213,1777.6214909553528,1.6506061126245186,0.2465031494696935,0.1967554489771525,0.22123052477836608,1.4193158388137816,0.04913731565078099,0.14861703713734944,0.014255403385808071,0.25000324149926506,0.25000324149926506,0.0,0.14913731714089712,1.060664415359497,0.7358192950487137,0.22142816334962845,0.18405820429325104,0.21118101477622986,0.02305633295327425,0.09258809313178062,0.7698018848896027,0.14826148748397827,0.3333374448120594,0.5970609535773596,3.5556237235192825,0.0,0.536464051953237,0.13953633606433868,0.1708165854215622,0.20500142127275467,0.31678834557533264,0.49613870680332184,0.6717432737350464,0.5321704745292664,0.5422262847423553,0.5617525577545166,0.5992180109024048,0.6118605732917786,0.7351378202438354,1.0381674706935882,0.536464051953237
214,1786.3414468765259,1.6583149965231618,0.24677028556664785,0.19663666784763337,0.22097641825675965,1.4194926420847576,0.04941671937704086,0.14897696127494175,0.014250844530761243,0.2565825154383977,0.2565825154383977,0.0,0.149416720867157,1.2707783222198485,0.7336539663374424,0.21913549304008484,0.18418581038713455,0.21121278405189514,0.02306179516017437,0.09246482700109482,0.7684934437274933,0.14855515211820602,0.3296305884917577,0.5967709645628929,3.620111599512965,0.0,0.5473437048708414,0.13588155806064606,0.1613103374838829,0.19563985615968704,0.3156949132680893,0.49190640449523926,0.6773504614830017,0.5429160743951797,0.5421485602855682,0.5625872015953064,0.5926828980445862,0.6174572110176086,0.7228338420391083,1.3061524152755737,0.5473437048708414
215,1794.8603138923645,1.6555838134838268,0.24839536348978677,0.19642478128274282,0.22136021951834361,1.4212063392003378,0.04972563733657201,0.1485401709874471,0.014247322237739961,0.25215663611888883,0.25215663611888883,0.0,0.14972563882668813,1.4455013314882914,0.7345369569957256,0.2219259962439537,0.18305817991495132,0.21054093539714813,0.02307595033198595,0.09241659566760063,0.7678445279598236,0.14887898415327072,0.31935219715038937,0.5889628554383913,3.397784099586531,0.0,0.5068629975223199,0.13874438405036926,0.16367729753255844,0.1944897696375847,0.302120104432106,0.4714234620332718,0.6456581652164459,0.5465354323387146,0.5264413505792618,0.5348180532455444,0.5721995830535889,0.627945214509964,0.7258374989032745,1.3341601192951202,0.5068629975223199
216,1803.3051149845123,1.6316940977626169,0.24791911045710247,0.19613830943902333,0.22095971405506135,1.4171224276224772,0.04999110052982966,0.14844811608393987,0.01424214147652189,0.23102053304513295,0.23102053304513295,0.0,0.14999110201994578,1.2107813755671184,0.7289630360901356,0.21644072234630585,0.18337593227624893,0.21041717380285263,0.023028384894132614,0.0923188142478466,0.7667736411094666,0.14919282495975494,0.32009220868349075,0.5861712122956911,3.6903370508728846,0.0,0.5600992866987357,0.1330808848142624,0.16271767765283585,0.19864652305841446,0.3197163939476013,0.4911133199930191,0.6152784526348114,0.5450033247470856,0.5334921032190323,0.550112396478653,0.5831731557846069,0.6018283069133759,0.7034179866313934,1.2808829426765442,0.5600992866987357
217,1811.9193749427795,1.6439436305120276,0.24535066783428192,0.19579407970110577,0.22172485093275707,1.4240386883417766,0.050328828394412994,0.1492439662416776,0.014240091169873874,0.24071574807167054,0.24071574807167054,0.0,0.1503288298845291,1.2049668947855632,0.730104923248291,0.21561822295188904,0.18296268582344055,0.21150267869234085,0.023019396699965,0.09222003817558289,0.769543319940567,0.14952346682548523,0.3141971031824748,0.5679414023955663,3.4368179674573986,0.0,0.5126638150969565,0.1357426643371582,0.16740154474973679,0.1997373327612877,0.29926586151123047,0.46652282774448395,0.6165123879909515,0.5189350098371506,0.5113856047391891,0.5249520838260651,0.5589750111103058,0.6024942398071289,0.6909064650535583,1.3205553412437439,0.5126638150969565
218,1820.3902769088745,1.6558580254631428,0.24754228591918945,0.19682997465133667,0.2201368848482768,1.415371290842692,0.05062163323163986,0.1485777586698532,0.014232909865677356,0.25560014843940737,0.25560014843940737,0.0,0.150621634721756,1.3279962062835693,0.7292632386088371,0.21841097623109818,0.18439659476280212,0.20932698249816895,0.023066156543791294,0.09232465922832489,0.763094574213028,0.1496957540512085,0.3345484758416812,0.60359259446462,3.8511029653227706,0.0,0.5920719274765683,0.1344277635216713,0.16622114926576614,0.1987045258283615,0.31438247859477997,0.5176951587200165,0.6758597791194916,0.5450578927993774,0.5411097407341003,0.5638269186019897,0.612306535243988,0.6376082897186279,0.7216461896896362,1.3310309171676635,0.5920719274765683
219,1829.042307138443,1.6444588198093697,0.24372052550315856,0.19560256600379944,0.22262803415457408,1.4259719530741373,0.050936520596345264,0.14849753230810164,0.01423246506601572,0.2430900235970815,0.2430900235970815,0.0,0.15093652208646138,1.383354385693868,0.7274685837328434,0.217813141644001,0.18242474645376205,0.20922153443098068,0.022969751618802547,0.09201614931225777,0.765365481376648,0.1500527784228325,0.33233672628800076,0.5995754351218542,3.8448798170196024,0.0,0.5902351509309396,0.13099442422389984,0.164259135723114,0.1991744339466095,0.31657078862190247,0.5036578178405762,0.6793637573719025,0.562457412481308,0.5497330725193024,0.5650086998939514,0.5948641300201416,0.6129167079925537,0.7124725878238678,1.3391933917999268,0.5902351509309396
220,1837.5197870731354,1.6400908993169045,0.2460714598496755,0.1957039028406143,0.2216886540253957,1.416920256614685,0.051218423744042715,0.1489247997601827,0.014227572642266751,0.23994551599025726,0.23994551599025726,0.0,0.15121842523415882,1.3421786745389304,0.7343586124479771,0.22137577831745148,0.18370217829942703,0.21056587249040604,0.022941244766116142,0.09197009727358818,0.7659910619258881,0.15025321394205093,0.32371949156125385,0.5859668205181757,3.5886261705684057,0.0,0.5411951516350736,0.135514035820961,0.16152243316173553,0.19418470561504364,0.3083019256591797,0.486309215426445,0.6564846336841583,0.5090825855731964,0.5287144482135773,0.552659422159195,0.5858228802680969,0.6112006604671478,0.7283209264278412,1.355266135931015,0.5411951516350736
221,1845.939532995224,1.6425619915438194,0.245722629626592,0.19521878957748412,0.22117766439914704,1.4142618576685588,0.051502873003482816,0.1485135480761528,0.014223022293299437,0.24506927529970804,0.24506927529970804,0.0,0.15150287449359895,1.2058436632156373,0.726002898067236,0.2125987485051155,0.18236888200044632,0.21110985428094864,0.023010569624602795,0.0919891782104969,0.7683367729187012,0.15059413015842438,0.3266318067908287,0.584877664844195,3.7836967959313843,0.0,0.578691786636191,0.13422640413045883,0.16461804509162903,0.20011412352323532,0.320937842130661,0.5078720152378082,0.6320224106311798,0.5268630683422089,0.523291677236557,0.5412889420986176,0.5863595902919769,0.6168580949306488,0.7146046161651611,1.2449024021625519,0.578691786636191
222,1854.4231159687042,1.6362361637564997,0.2442564258972804,0.19438511629899344,0.22172801395257313,1.424812626838684,0.05179475595553716,0.14860708912213644,0.014217586629092694,0.23496386309464773,0.23496386309464773,0.0,0.15179475744565327,1.3831638932228087,0.7323476746678352,0.22210858762264252,0.1836283951997757,0.20921244472265244,0.023054915480315685,0.09207489714026451,0.7653325200080872,0.15091285854578018,0.33083605642120045,0.6182006200154623,3.67522493188464,0.0,0.5579154099383654,0.13575921952724457,0.1658962517976761,0.19919294863939285,0.3153853118419647,0.4989456683397293,0.6698369383811951,0.5541395545005798,0.5671912133693695,0.5841315388679504,0.6118504703044891,0.652570515871048,0.7393204271793365,1.40074303150177,0.5579154099383654
223,1862.7746839523315,1.6335781401333709,0.24666964511076608,0.1949012577533722,0.2207011063893636,1.4123454014460246,0.0521657978494962,0.14865167886018754,0.014214896379659574,0.23569656014442444,0.23569656014442444,0.0,0.15216579933961233,1.2207135717074076,0.7254927381873131,0.2151009440422058,0.18138499557971954,0.20984964817762375,0.02304419968277216,0.09196734055876732,0.7650912404060364,0.15115972608327866,0.32286135603984195,0.576899362107118,3.6310560382642443,0.0,0.5486111499302199,0.13320612162351608,0.1640242338180542,0.19656357914209366,0.30644893646240234,0.4836788922548294,0.6532463729381561,0.5277663767337799,0.51593117415905,0.5221632421016693,0.5561831593513489,0.6123652756214142,0.7269869446754456,1.2627171158790589,0.5486111499302199
224,1871.1515810489655,1.6488703392640067,0.24438459475835164,0.19512132008870442,0.22180295983950296,1.4236326773961385,0.05246061036984126,0.1482824643452962,0.014210265253980954,0.2480016827583313,0.2480016827583313,0.0,0.15246061185995738,1.4577985048294066,0.7260645143687725,0.21939235925674438,0.1807548627257347,0.20814736187458038,0.02302802260965109,0.0917925164103508,0.7621763646602631,0.15158279240131378,0.32197679330905277,0.5833385487397512,3.7024625684612826,0.0,0.5621097907217942,0.13162881135940552,0.16180649399757385,0.19645392894744873,0.3116006851196289,0.4873507469892502,0.6430200934410095,0.5323621332645416,0.5171381533145905,0.5405406951904297,0.5778570175170898,0.6120997965335846,0.7200334966182709,1.5470247983932495,0.5621097907217942
225,1879.5229969024658,1.6385665336779007,0.24559592405954997,0.19545569121837617,0.2207709789276123,1.4083868900934855,0.0527481014529864,0.14880092640717824,0.014210581003377834,0.24286472002665202,0.24286472002665202,0.0,0.1527481029431025,1.1619092543919882,0.7213691361248493,0.21512233465909958,0.18180250376462936,0.20767277479171753,0.02287634089589119,0.09149841591715813,0.7621909976005554,0.1517113670706749,0.3375418595969677,0.6049327552318573,3.8787738993714367,0.0,0.5974903279783871,0.1339203044772148,0.1660461500287056,0.20070137828588486,0.31724391877651215,0.5194465816020966,0.6878928244113922,0.5511003732681274,0.542012095451355,0.561016857624054,0.6155651807785034,0.645868569612503,0.714033454656601,1.150159877538681,0.5974903279783871
226,1887.839299917221,1.6380356751731597,0.2446635901927948,0.1947883238395055,0.22174481749534608,1.4177500486373902,0.05304633130629857,0.14877825131018957,0.014203827983389298,0.23871814707914987,0.23871814707914987,0.0,0.1530463327964147,1.3513646920522053,0.7189976014196873,0.21500834077596664,0.17936568707227707,0.20715320855379105,0.022895735688507557,0.09153927490115166,0.7623291909694672,0.1521691307425499,0.32773953179518384,0.5932889928420385,3.7649723884194914,0.0,0.5743031419743071,0.13097133487462997,0.16449006646871567,0.19847646355628967,0.31318411231040955,0.4931034594774246,0.6662117540836334,0.56160968542099,0.5448474884033203,0.5599538683891296,0.5928173065185547,0.595477819442749,0.7050277888774872,1.43356032371521,0.5743031419743071
227,1896.106420993805,1.6330892620841042,0.24397177894910177,0.19367321729660034,0.22204762895901997,1.413831615447998,0.053353298207124075,0.14853438685337703,0.014197831290463607,0.23728521863619487,0.23728521863619487,0.0,0.15335329969724018,1.3376676519711812,0.7261471599340439,0.21596158295869827,0.1807236522436142,0.20991187542676926,0.02297328505665064,0.09164443239569664,0.7675631940364838,0.15250621736049652,0.33149825409054756,0.595560222864151,3.7552284727519174,0.0,0.5728887657408395,0.13336124271154404,0.16669771075248718,0.20683503150939941,0.33086852729320526,0.5008019357919693,0.6504250764846802,0.5551995635032654,0.5440375506877899,0.5637780427932739,0.6010017693042755,0.6148020327091217,0.6945423781871796,1.306131225824356,0.5728887657408395
228,1904.5065858364105,1.6270724584038059,0.24339409172534943,0.1935583899418513,0.22121869325637816,1.4149112939834594,0.053674207627773286,0.14862840622663498,0.014196461128691832,0.23109825650850932,0.23109825650850932,0.0,0.1536742091178894,1.142598017056783,0.7218022495508194,0.2180807739496231,0.18042388558387756,0.20675476640462875,0.022952359169721603,0.09152377396821976,0.762671172618866,0.1527654156088829,0.3215445739527543,0.5645189359784126,3.5981096677894238,0.0,0.5430471632752752,0.13563033938407898,0.1634204089641571,0.19802936166524887,0.3141629099845886,0.4880128353834152,0.6300115883350372,0.5189467668533325,0.5105679482221603,0.5216646492481232,0.5632537305355072,0.585029661655426,0.6876508593559265,1.164165210723877,0.5430471632752752
229,1912.9717829227448,1.6361972770188005,0.24435425003369649,0.19331901669502258,0.22138911684354146,1.4107637087504068,0.05397889365752538,0.14847243279218675,0.01419337596744299,0.2415994515021642,0.2415994515021642,0.0,0.1539788951476415,1.1341891090075176,0.7245418839156628,0.2174268737435341,0.1799456849694252,0.20857108384370804,0.023062105290591717,0.09159448370337486,0.7624639272689819,0.1530950665473938,0.3295908408860366,0.6121770342191061,3.844154627840692,0.0,0.5904278154592181,0.1330116093158722,0.16409438848495483,0.20235464721918106,0.32581211626529694,0.5113171935081482,0.6409550905227661,0.549047440290451,0.5571711361408234,0.5727680623531342,0.6118965148925781,0.6400127708911896,0.74216628074646,1.0242365181446076,0.5904278154592181
230,1921.4533581733704,1.6501479678632072,0.24538869162400564,0.19352370897928875,0.22062274813652039,1.411360208193461,0.05433832357327143,0.148516479631265,0.014184728047500055,0.2539252042770386,0.2539252042770386,0.0,0.15433832506338754,1.3497235735257467,0.7168903090059757,0.21948179602622986,0.1801876798272133,0.2036573365330696,0.023027083836495876,0.09143651276826859,0.752613753080368,0.15327706933021545,0.33071212843060493,0.615338404973348,3.8645572696587873,0.0,0.5941287177555263,0.13062941282987595,0.16402482241392136,0.20343377441167831,0.32436950504779816,0.5048248469829559,0.6569904088973999,0.5678215324878693,0.5608434975147247,0.5761168301105499,0.6155245900154114,0.6324564218521118,0.7392675578594208,1.3941259384155273,0.5941287177555263
231,1929.7432329654694,1.6361899338585013,0.24604020516077676,0.19361040294170379,0.22102507452170053,1.4140132427215577,0.054585988819599154,0.14858352839946748,0.014187754224985838,0.2376471867163976,0.2376471867163976,0.0,0.15458599030971526,1.4719994386037192,0.729179572314024,0.22162581235170364,0.1813359633088112,0.20844288915395737,0.022901377640664577,0.09118280187249184,0.7614865303039551,0.1536705419421196,0.32404831051826477,0.5806444982687632,3.6442993109701383,0.0,0.5513236509526179,0.133711040019989,0.1634012684226036,0.2013486549258232,0.32150791585445404,0.48728305101394653,0.6370379328727722,0.5348028242588043,0.5317437946796417,0.5407316386699677,0.5591715574264526,0.6058782339096069,0.7115389406681061,1.4985952734947205,0.5513236509526179
232,1938.0219728946686,1.6339057502724852,0.24146934747695922,0.19281414945920308,0.22268284757932028,1.420343295733134,0.054919702311356865,0.14892375618219375,0.014183154764274756,0.23615459799766542,0.23615459799766542,0.0,0.154919703801473,1.4870924790700277,0.7206435427069664,0.21669939160346985,0.1798328310251236,0.20701386779546738,0.0228094682097435,0.09103866666555405,0.7598176598548889,0.15383051335811615,0.31951981286207837,0.573858362933,3.7099839347698746,0.0,0.5634964673159328,0.13123778998851776,0.15969127416610718,0.19342182576656342,0.3101527839899063,0.4868900924921036,0.6357251107692719,0.5139627009630203,0.5125714242458344,0.5344588160514832,0.5787051320075989,0.5991633534431458,0.7042887508869171,1.4923405289649962,0.5634964673159328
233,1946.338693857193,1.6327283948427067,0.24407306512196858,0.1926021993160248,0.22176298797130584,1.414302976926168,0.05525119056304296,0.14881575802961985,0.014176136162132025,0.2356428921222687,0.2356428921222687,0.0,0.15525119205315907,1.5161506175994872,0.7151834592223167,0.2159740850329399,0.18004831671714783,0.20459260791540146,0.023001935333013535,0.09131748229265213,0.7545184791088104,0.1542535126209259,0.32886795699596405,0.5681567440430323,3.738491267361161,0.0,0.5699398989224275,0.13474735617637634,0.1627362072467804,0.198248952627182,0.3229888379573822,0.503751814365387,0.6507345736026764,0.5214520394802094,0.5128347873687744,0.5262466967105865,0.5735697150230408,0.595886617898941,0.6789506077766418,1.4537118077278137,0.5699398989224275
234,1954.7058579921722,1.6406194243036831,0.24509063263734182,0.19278242687384287,0.22085996866226196,1.408383305867513,0.05554828395446142,0.1489742194612821,0.014173138389984767,0.2450113574663798,0.2450113574663798,0.0,0.15554828544457752,1.4073674201965332,0.7325892373919487,0.22489383816719055,0.18012134730815887,0.20881736278533936,0.02294338122010231,0.0911412462592125,0.7636972963809967,0.15464070439338684,0.32554789260029793,0.6029050648212433,3.694727874262598,0.0,0.5610683429041551,0.1335069239139557,0.16170980781316757,0.19401121139526367,0.3031832426786423,0.49327175319194794,0.6676044166088104,0.5692586600780487,0.5519351661205292,0.5585785806179047,0.585127979516983,0.6178454458713531,0.734684556722641,1.37792067527771,0.5610683429041551
235,1963.005038022995,1.6259722795259828,0.2424623817205429,0.1920610636472702,0.22216630180676777,1.412212610244751,0.055908691386381784,0.1484897901614507,0.014171339012682438,0.23209680517514547,0.23209680517514547,0.0,0.15590869287649792,1.1982667764027914,0.7094262540340424,0.2105603665113449,0.17904502153396606,0.2046716883778572,0.02288485411554575,0.09091625362634659,0.7553790211677551,0.1547936424612999,0.33229379914700985,0.5782069986065229,3.9036259003269604,0.0,0.6018561436300973,0.12939492985606194,0.16052337735891342,0.19953323900699615,0.3205416351556778,0.5051093995571136,0.6786602139472961,0.5275395959615707,0.5325740575790405,0.537641316652298,0.5651502907276154,0.6074709892272949,0.6988657414913177,1.186892855167389,0.6018561436300973
236,1971.253406047821,1.6255306151074669,0.24346485833326975,0.19225864013036092,0.2210019886493683,1.4046515782674154,0.05618521918853124,0.1481632908185323,0.014163749633977811,0.2349666714668274,0.2349666714668274,0.0,0.15618522067864735,1.231575318177541,0.7212344147264957,0.21678417176008224,0.17918305844068527,0.20742935687303543,0.022980494424700737,0.09107661619782448,0.763171911239624,0.15531349182128906,0.32951912718514603,0.5809984008471171,3.8878009530462165,0.0,0.5984855639908363,0.12780683115124702,0.1627150923013687,0.20116052776575089,0.3218347132205963,0.49688751995563507,0.6667100787162781,0.5426808595657349,0.5380606353282928,0.5391440093517303,0.5562819838523865,0.5965372025966644,0.7132857143878937,1.296539068222046,0.5984855639908363
237,1979.6556749343872,1.6248651650617831,0.2424971878528595,0.19207258721192677,0.22160073220729828,1.4119521856307984,0.05653683592875799,0.1486769328514735,0.014162544440478087,0.23044885794321696,0.23044885794321696,0.0,0.15653683741887411,1.400329069296519,0.71802182123065,0.21165432035923004,0.17774038761854172,0.20874865353107452,0.02299758791923523,0.09102433919906616,0.7630457282066345,0.15563220530748367,0.31807426922023296,0.5763280888398489,3.8541535039076202,0.0,0.59165991114931,0.1277175135910511,0.1593957170844078,0.19423619657754898,0.3161134123802185,0.4922429025173187,0.6187398731708527,0.5313840210437775,0.5276764333248138,0.5311547219753265,0.5691657066345215,0.6050395369529724,0.6935481131076813,1.5146450996398926,0.59165991114931
238,1988.16961312294,1.6372444447673236,0.2423270990451177,0.19220418830712635,0.22142473459243775,1.4072015047073365,0.05684076398611069,0.14802621950705847,0.014160557463765145,0.24647512237230937,0.24647512237230937,0.0,0.1568407654762268,1.1871102452278137,0.7178110480308533,0.21599750220775604,0.17879140377044678,0.20620892196893692,0.023062199354171753,0.09101654589176178,0.7582844793796539,0.15604596585035324,0.3163088485598564,0.5637185747424761,3.7015760761120675,0.0,0.5617066937087404,0.13064973801374435,0.15818842500448227,0.19058449566364288,0.30492429435253143,0.4836099445819855,0.6298961937427521,0.511339396238327,0.5041198432445526,0.5113235265016556,0.5439495742321014,0.6053351163864136,0.7062439918518066,1.1623681426048278,0.5617066937087404
239,1996.422257900238,1.628589474557278,0.24263791938622792,0.19131164054075878,0.22097835739453633,1.4032657384872436,0.057125649352868395,0.1481635128458341,0.014153701377411683,0.23955213129520417,0.23955213129520417,0.0,0.15712565084298452,1.1340004086494446,0.7208824455738068,0.21547845005989075,0.17834997177124023,0.20811450481414795,0.022929507307708263,0.09072120115160942,0.763185977935791,0.156243197619915,0.3286505850652854,0.5592162956794103,3.6562685439019313,0.0,0.5538648563671524,0.13447095453739166,0.15790637582540512,0.18726301193237305,0.2966543883085251,0.4916619211435318,0.7039468586444855,0.4901956766843796,0.4973674714565277,0.512324258685112,0.5491918921470642,0.6060312986373901,0.7001871764659882,1.16171093583107,0.5538648563671524
240,2004.6885991096497,1.6547656163340434,0.24282109836737314,0.19171298344930013,0.221061439315478,1.404872441291809,0.057433592776457466,0.14842324356238049,0.014153661951422692,0.2638593087593714,0.2638593087593714,0.0,0.15743359426657358,1.2320324818293253,0.7031734883785248,0.20988037437200546,0.177008256316185,0.2023944929242134,0.02283174730837345,0.09050854295492172,0.7497134804725647,0.15632730722427368,0.32080110472937423,0.579950600862503,3.8041572320601857,0.0,0.5817567183917534,0.12892799451947212,0.15527332574129105,0.19051123410463333,0.3087226152420044,0.49046236276626587,0.6509090960025787,0.5365256369113922,0.5110875964164734,0.5136584639549255,0.5671522319316864,0.6389982998371124,0.7122813761234283,1.2764903843402862,0.5817567183917534
241,2012.953901052475,1.6298892957313607,0.2433402587970098,0.19149545828501383,0.2208219846089681,1.4003928820292155,0.057845538357893626,0.1481473356485367,0.014145256082216898,0.2411834498246511,0.2411834498246511,0.0,0.15784553984800975,1.1106838266054788,0.712401557713747,0.20802761614322662,0.1767062321305275,0.20801041275262833,0.022958975285291672,0.09066244959831238,0.7611775994300842,0.15692080557346344,0.3302142557998498,0.5640238747000694,3.7743386329597195,0.0,0.5760815145429572,0.13054852932691574,0.16224274784326553,0.19988325983285904,0.31741538643836975,0.492734357714653,0.6784612536430359,0.5259275138378143,0.5136558711528778,0.5155321508646011,0.5338265895843506,0.5932421386241913,0.7019589841365814,1.08906409740448,0.5760815145429572
242,2021.1902301311493,1.6270463392138481,0.2427020400762558,0.19116494158903757,0.22108963827292125,1.40023721853892,0.05813015351692836,0.14863789826631546,0.014143588797499737,0.2380718300739924,0.2380718300739924,0.0,0.15813015500704447,1.1153911391894022,0.7106555327773094,0.2109798565506935,0.1768321990966797,0.20562978833913803,0.022897928953170776,0.09058388322591782,0.7585781812667847,0.15706432610750198,0.3286706854899724,0.5580048188567162,3.818808170143022,0.0,0.5847645582278427,0.1293938010931015,0.161607064306736,0.19869302958250046,0.31761182844638824,0.49413010478019714,0.6705882847309113,0.5141035169363022,0.5033788233995438,0.5043059140443802,0.5354693233966827,0.5914761126041412,0.6992952227592468,1.1338726937770844,0.5847645582278427
243,2029.4709918498993,1.6683626847807318,0.2409549872080485,0.19104560514291127,0.22124609847863516,1.403879737854004,0.058455619712670645,0.14857185184955596,0.014143894985318184,0.2793272942304611,0.2793272942304611,0.0,0.15845562120278675,1.2680736939112345,0.7198918387293816,0.21810881793498993,0.17863844335079193,0.20623189955949783,0.023054747842252254,0.09074212238192558,0.758965402841568,0.15759358555078506,0.3280687207976977,0.5732771257559458,3.863568777326744,0.0,0.593746769195769,0.12926409393548965,0.15821219980716705,0.1931765303015709,0.31608618795871735,0.4994207173585892,0.6722525954246521,0.4991122633218765,0.5018555819988251,0.5247208029031754,0.568403422832489,0.6248100996017456,0.7207605838775635,1.307348906993866,0.593746769195769
244,2037.8115539550781,1.6171491656840469,0.24070236484209698,0.1906261662642161,0.22141515413920085,1.4059518893559775,0.058782874047756194,0.1482979933420817,0.014131667464971543,0.2279091050227483,0.2279091050227483,0.0,0.15878287553787232,1.2873486280441284,0.7108634635806084,0.2128875032067299,0.1768130362033844,0.20478472113609314,0.022978746332228184,0.09047729521989822,0.756281167268753,0.1579340472817421,0.32987859286367893,0.5729170069098473,3.9524402865484327,0.0,0.6115817138917607,0.12663118168711662,0.15952809900045395,0.19446808844804764,0.3123171925544739,0.5005021840333939,0.6858248114585876,0.5059385895729065,0.502219945192337,0.5136796981096268,0.5580497682094574,0.6184365153312683,0.7391775250434875,1.3547001481056213,0.6115817138917607
245,2046.3223638534546,1.6332491477873796,0.24153469900290173,0.19035133123397827,0.2214670846859614,1.397328464190165,0.059081811209519705,0.14858295321464537,0.01413276419043541,0.24690110286076863,0.24690110286076863,0.0,0.1590818126996358,1.175587244828542,0.7195623405277729,0.21780915558338165,0.17874062806367874,0.20619143545627594,0.022853951901197433,0.09021151438355446,0.7582190632820129,0.1580943688750267,0.3227028275529544,0.5870781789223353,4.042048674598887,0.0,0.630029109208717,0.125752754509449,0.1576688438653946,0.19152311235666275,0.3038337975740433,0.5082987546920776,0.6491397023200989,0.5214523375034332,0.52447509765625,0.5292256772518158,0.5781624913215637,0.6277933716773987,0.7413600981235504,1.2617665529251099,0.630029109208717
246,2054.67791891098,1.621046539209783,0.2428537905216217,0.1904548426469167,0.22100312411785125,1.3936150948206583,0.059444171686967216,0.1481537103652954,0.014128916586438814,0.23590862850348154,0.23590862850348154,0.0,0.15944417317708334,1.2767308751742046,0.7148437276482582,0.21033840626478195,0.17779824137687683,0.20780310034751892,0.022899392060935497,0.09034876897931099,0.7646619081497192,0.1585928201675415,0.315373070538044,0.569826473792394,3.6540829077734105,0.0,0.5521104118576986,0.12953664362430573,0.15744749456644058,0.18872857838869095,0.29582479596138,0.47333763539791107,0.6473632752895355,0.5170370489358902,0.5039980262517929,0.513533890247345,0.5589965581893921,0.606609433889389,0.7187838852405548,1.279043287038803,0.5521104118576986
247,2063.155252933502,1.6318767755758017,0.2406119038661321,0.1900764207045237,0.22120437820752462,1.4053977807362874,0.05975211411714554,0.14835452437400817,0.01412258455529809,0.24270382920900982,0.24270382920900982,0.0,0.15975211560726166,1.606915016969045,0.7168577946722507,0.21438245475292206,0.17718342691659927,0.20694181323051453,0.022898953408002853,0.09030293300747871,0.7629532217979431,0.1587984785437584,0.317061568920811,0.582196906208992,3.8088262321690896,0.0,0.5822501905656716,0.1255698762834072,0.16056175529956818,0.19965804368257523,0.3163042217493057,0.47827383875846863,0.6220016777515411,0.5538321435451508,0.5353859066963196,0.544730544090271,0.5763631761074066,0.5981785356998444,0.6846911311149597,1.6305460572242736,0.5822501905656716
248,2071.721667766571,1.6265798650565557,0.23942502439022065,0.18951820234457653,0.222160267829895,1.4022915045420328,0.06005745281775792,0.14778421421845753,0.014118308232476314,0.2413190335035324,0.2413190335035324,0.0,0.16005745430787405,1.335256560643514,0.7141149193048477,0.21174246817827225,0.17680884897708893,0.2069840133190155,0.02295540738850832,0.09024899825453758,0.7621413767337799,0.15918660163879395,0.32061610867579776,0.5802079687515894,3.80272105591753,0.0,0.5813035266939532,0.1278100162744522,0.15433965623378754,0.1864098310470581,0.30429239571094513,0.4860258400440216,0.6648189127445221,0.5491548776626587,0.5271377563476562,0.5343216359615326,0.5620251893997192,0.5997796654701233,0.7088286876678467,1.3697929561138154,0.5813035266939532
249,2080.303697824478,1.6258441113789255,0.24122916360696156,0.18963721493879954,0.22086973388989767,1.3902807633082073,0.060400986174742384,0.14775585730870563,0.014119924853245418,0.2447387824455897,0.2447387824455897,0.0,0.1604009876648585,1.2294903556505838,0.7185294106602669,0.21265924721956253,0.17724326252937317,0.20862426608800888,0.022999918088316917,0.09021021053195,0.7650344967842102,0.15958362072706223,0.33523109182715416,0.5651043802499771,3.731070800748227,0.0,0.5685998714049547,0.13517304509878159,0.1664397120475769,0.20171284675598145,0.31747208535671234,0.5043402016162872,0.6862486600875854,0.5215687900781631,0.5030613541603088,0.5078357011079788,0.5499798059463501,0.6008339524269104,0.7073466777801514,1.225842136144638,0.5685998714049547
250,2088.709151029587,1.6224454864122284,0.23913819293181102,0.18992699086666107,0.22149639228979748,1.398092802365621,0.06071440726518631,0.14730504155158997,0.01410985216498375,0.2400639752546946,0.2400639752546946,0.0,0.16071440875530243,1.3559080799420675,0.7141646146774292,0.20918623358011246,0.17746450006961823,0.20812306553125381,0.022864865139126778,0.08991808444261551,0.7639330625534058,0.15985700488090515,0.3318201079964638,0.5749059418837229,3.7738543636332698,0.0,0.5763171094684466,0.13222767412662506,0.16261360049247742,0.19652977585792542,0.31115947663784027,0.499007984995842,0.6893821358680725,0.52652208507061,0.5131200104951859,0.519856721162796,0.5677176415920258,0.6075215041637421,0.7146976888179779,1.368704730272293,0.5763171094684466
251,2097.1236758232117,1.623551377087521,0.24050035178661347,0.19061843156814576,0.22110693554083508,1.3947389761606852,0.06102832009394964,0.14765467792749404,0.014107454754412174,0.24032202064990998,0.24032202064990998,0.0,0.16102832158406574,1.4915585160255431,0.7133296988904476,0.2130095437169075,0.17821479588747025,0.2056063786149025,0.02283618226647377,0.08979826048016548,0.759657621383667,0.16012096405029297,0.32760489856203395,0.5766363367438316,3.93319710190461,0.0,0.6076362531495787,0.12653949856758118,0.1585502028465271,0.19303543120622635,0.30965131521224976,0.49770478904247284,0.6801481544971466,0.5451725423336029,0.5198860913515091,0.5252379775047302,0.558682769536972,0.6044903993606567,0.7063482403755188,1.6171552300453187,0.6076362531495787
252,2105.392251968384,1.6201037585036828,0.24142667551835378,0.1902355800072352,0.22126937806606292,1.389168874422709,0.06134071002403895,0.14749276687701543,0.014104756029943625,0.23907634218533833,0.23907634218533833,0.0,0.16134071151415508,1.2962464253107706,0.7092974707484245,0.20856332778930664,0.17647559940814972,0.20624817162752151,0.022847792133688927,0.08979426696896553,0.757909744977951,0.1602848321199417,0.3259835056960583,0.568416732052962,3.811111491282417,0.0,0.5832831731966753,0.12978202104568481,0.15644775331020355,0.19007008522748947,0.30121468007564545,0.49461375176906586,0.6837727427482605,0.5431340932846069,0.5209271907806396,0.5220188349485397,0.5510206818580627,0.5833502113819122,0.6900493800640106,1.3640361428260803,0.5832831731966753
253,2113.6909329891205,1.6200629686936736,0.23901311258474986,0.18972399334112802,0.22179718216260275,1.39873046875,0.061660968760649366,0.14769644886255265,0.014105978856484095,0.23630363444487254,0.23630363444487254,0.0,0.16166097025076548,1.5820896943410239,0.7144100219011307,0.21213152259588242,0.17640866339206696,0.2070370838046074,0.02290516160428524,0.0897635854780674,0.7601080238819122,0.16075212508440018,0.3292351874212424,0.5659714688857397,3.8130499098765918,0.0,0.5842252461864034,0.13292235881090164,0.16233064979314804,0.19915195554494858,0.3272465169429779,0.5068395882844925,0.6469200551509857,0.5159963518381119,0.5053651928901672,0.5104900151491165,0.5533499717712402,0.6089716553688049,0.7016556262969971,1.659884250164032,0.5842252461864034
254,2121.894467830658,1.6262192060782885,0.24090751707553865,0.18969816565513611,0.22090603013833363,1.3993908643722535,0.06198968936999639,0.1475196341673533,0.01409823310871919,0.2405277321736018,0.2405277321736018,0.0,0.1619896908601125,1.4922633488972983,0.722387034446001,0.2169089838862419,0.18018775433301926,0.20769208669662476,0.022804416716098785,0.0895891971886158,0.7612685263156891,0.16096453368663788,0.34239589360853034,0.6087443828582764,4.168283187424776,0.0,0.6562088121444049,0.1286996565759182,0.1570058986544609,0.19470349699258804,0.33055032789707184,0.5364566147327423,0.7069593667984009,0.5340092182159424,0.5421775877475739,0.5606210827827454,0.6378994286060333,0.6569525599479675,0.7208064198493958,1.507375955581665,0.6562088121444049
255,2130.124979019165,1.6375019934183608,0.23706054886182149,0.18908335467179616,0.22207226355870566,1.3962894678115845,0.062278697391351064,0.1475607454776764,0.014094879602392514,0.25717273851235706,0.25717273851235706,0.0,0.16227869888146718,1.4241102854410808,0.7165892086923122,0.21523546427488327,0.1770244613289833,0.20642075687646866,0.02278060559183359,0.08943694084882736,0.7603898644447327,0.16122332215309143,0.31805574769775075,0.549577054878076,3.7979540591093386,0.0,0.580571603115364,0.1292898803949356,0.158180870115757,0.1919030249118805,0.3049169331789017,0.4910370260477066,0.633006751537323,0.5048120617866516,0.49908848106861115,0.4946059286594391,0.5289303660392761,0.5764216482639313,0.6936038434505463,1.4612712860107422,0.580571603115364
256,2138.6247770786285,1.6097021679316337,0.23845717708269756,0.18894914786020914,0.22137622833251952,1.3872754891713461,0.06261040419340133,0.1473661462465922,0.014092213163773218,0.23284374574820202,0.23284374574820202,0.0,0.16261040568351745,1.2448590397834778,0.7216807045042515,0.2146192416548729,0.1775657758116722,0.20913928747177124,0.022879933938384056,0.08959953859448433,0.7655856311321259,0.16155633330345154,0.3231743462383747,0.5704526901245117,3.6808170194954037,0.0,0.5578522860060644,0.13157502561807632,0.16301403939723969,0.2003830522298813,0.3206719607114792,0.4843035936355591,0.6390984058380127,0.5343208014965057,0.520620584487915,0.5201281011104584,0.5499876141548157,0.5988292396068573,0.6988297998905182,1.2841483414173127,0.5578522860060644
257,2147.071362018585,1.6090326458991815,0.23660946985085804,0.18895411590735117,0.22155137558778126,1.390020521481832,0.06291666477918625,0.14676376034816105,0.014093895629048347,0.23368076384067535,0.23368076384067535,0.0,0.16291666626930237,1.2449169675509135,0.7110920399427414,0.21211139112710953,0.17558805644512177,0.2055933102965355,0.022731684148311615,0.08931408450007439,0.7588671743869781,0.1619342938065529,0.3178475871682167,0.5493005514144897,3.851652521149177,0.0,0.5909888812896715,0.12615486234426498,0.15305505692958832,0.1831478551030159,0.29407498240470886,0.4859046936035156,0.6647480726242065,0.5058608949184418,0.4926156997680664,0.5030017197132111,0.5457519888877869,0.5730608105659485,0.6755121946334839,1.248462063074112,0.5909888812896715
258,2155.5225160121918,1.6150797639663022,0.2394631564617157,0.18920828998088837,0.22106677492459614,1.3880166053771972,0.06331054419279099,0.14705414275328318,0.014082718982050817,0.23702152371406554,0.23702152371406554,0.0,0.1633105456829071,1.490525722503662,0.7229589968919754,0.21431676298379898,0.17811210453510284,0.2097930908203125,0.0228732917457819,0.08953634276986122,0.7662501633167267,0.16227643936872482,0.33209608122706413,0.6015961269537607,3.922023350286223,0.0,0.6058299826804328,0.13160595297813416,0.16087879985570908,0.19585393369197845,0.3254743814468384,0.5161616206169128,0.6626017987728119,0.5484450161457062,0.5418373048305511,0.5538648366928101,0.6089842021465302,0.6434977352619171,0.71294766664505,1.6409661591053009,0.6058299826804328
259,2163.9898550510406,1.628134389477782,0.23755833506584167,0.1891762395699819,0.22159387171268463,1.394200317064921,0.06365201622247696,0.14733830591042837,0.014080932798484961,0.24811363220214844,0.24811363220214844,0.0,0.16365201771259308,1.6437808394432067,0.7091402038931847,0.20586077868938446,0.17722810804843903,0.20733268558979034,0.022936097346246243,0.08946951851248741,0.7610048651695251,0.16252923756837845,0.3418554936846097,0.5862785975138346,4.036169435410957,0.0,0.6291562663837293,0.13353082537651062,0.16831625252962112,0.2101675197482109,0.35543666779994965,0.53895303606987,0.6447286605834961,0.5274809002876282,0.521696925163269,0.5369168221950531,0.5892077088356018,0.6182451844215393,0.7241240441799164,1.6599143624305726,0.6291562663837293
260,2172.4068880081177,1.6167341051157564,0.23738053838411968,0.18924408654371896,0.2214412122964859,1.3946200768152872,0.06394921690225601,0.14693005631367365,0.014074700946609179,0.23733143210411073,0.23733143210411073,0.0,0.16394921839237214,1.6943394581476847,0.7143031246960163,0.21032407879829407,0.17621729522943497,0.20793519914150238,0.0228367131203413,0.08929367363452911,0.7622246742248535,0.16289998590946198,0.3407996129244566,0.5934459591905276,4.144305625102154,0.0,0.6512472798146625,0.12756745144724846,0.1549825742840767,0.18967314064502716,0.3182271271944046,0.5286785066127777,0.725668877363205,0.5262223184108734,0.5134240239858627,0.5294733941555023,0.5837852954864502,0.6377260088920593,0.7700447142124176,1.657807505130768,0.6512472798146625
261,2180.841490983963,1.612236792081967,0.23647690018018086,0.18762584626674653,0.2213475356499354,1.3864295721054076,0.0642839069167773,0.14679205119609834,0.014075531903654338,0.2387600322564443,0.2387600322564443,0.0,0.16428390840689341,1.3088863054911295,0.7089456170797348,0.20623310655355453,0.17439092695713043,0.20775852352380753,0.022847388871014118,0.08926918730139732,0.7623776793479919,0.16316551715135574,0.32598597804705304,0.5696236689885458,4.017610169795043,0.0,0.6249740754792849,0.12606548517942429,0.15892039239406586,0.19670320302248,0.32296817004680634,0.5064819753170013,0.6447766423225403,0.5366539657115936,0.5108814835548401,0.5128297507762909,0.5503619611263275,0.5930821001529694,0.7139327526092529,1.327576756477356,0.6249740754792849
262,2189.375693798065,1.5954223555124676,0.2375757763783137,0.18743457893530527,0.22172512114048004,1.3857368628184001,0.06462114502986273,0.14702836622794468,0.014065471601982911,0.22061123649279277,0.22061123649279277,0.0,0.16462114651997883,1.415948470433553,0.7201067507266998,0.21271402388811111,0.17594675719738007,0.20970967411994934,0.022835428826510906,0.08913251012563705,0.7644233703613281,0.16354677826166153,0.32117523315052193,0.5682327995697657,3.7952585788995146,0.0,0.579971748638642,0.12891125306487083,0.16038601100444794,0.195271335542202,0.30965642631053925,0.4892515391111374,0.6435748338699341,0.5289179980754852,0.5124484598636627,0.5107921957969666,0.5442391932010651,0.6087172627449036,0.7042816877365112,1.5978885650634767,0.579971748638642
263,2198.0249478816986,1.6055824160731087,0.23625996808211008,0.18718810478846232,0.221795983115832,1.3851982514063517,0.06492502043644587,0.14674385488033295,0.014072252127031485,0.23288861413796744,0.23288861413796744,0.0,0.164925021926562,1.4871690114339193,0.7148630730807781,0.21302258968353271,0.17485978454351425,0.20720529556274414,0.022713493555784225,0.08890320360660553,0.7614918351173401,0.1638878807425499,0.32761011831462383,0.5697360883156458,3.9151994810427397,0.0,0.6043320118414034,0.1306012012064457,0.1602611094713211,0.19528116285800934,0.31479761004447937,0.5113297551870346,0.6533898711204529,0.5485991835594177,0.5122995674610138,0.5173081457614899,0.5564655661582947,0.592642217874527,0.6911018490791321,1.540465521812439,0.6043320118414034
264,2206.406415939331,1.5990303273312747,0.23531742592652638,0.18718617558479309,0.22116519510746002,1.3853251934051514,0.06525162607431412,0.14654597342014314,0.014064295000086229,0.22751328547795613,0.22751328547795613,0.0,0.16525162756443024,1.4419629613558451,0.7095414288341999,0.2095358520746231,0.1743694618344307,0.20641042292118073,0.022901671938598156,0.08913548290729523,0.7590728402137756,0.16422508656978607,0.3249357435852289,0.5678483794132868,3.8752095499965455,0.0,0.5962006251153427,0.1301029436290264,0.16054602712392807,0.19704211503267288,0.3217319995164871,0.5041761696338654,0.6360152065753937,0.537903219461441,0.5111881345510483,0.5132497698068619,0.5575823783874512,0.5963349044322968,0.690831869840622,1.4791132867336274,0.5962006251153427
265,2214.841017961502,1.6006520566220084,0.2374397744735082,0.18755495051542917,0.22049498856067656,1.378398553530375,0.06560291796922683,0.14619096219539643,0.014061653738220532,0.23089341421922047,0.23089341421922047,0.0,0.16560291945934297,1.5872022271156312,0.7049820125102997,0.20364949107170105,0.17398008704185486,0.2071712389588356,0.022787981666624546,0.08883265778422356,0.7618016600608826,0.16460949182510376,0.3283270299434662,0.5564803530772527,3.993516591408728,0.0,0.6201979853537648,0.13015113025903702,0.16044364124536514,0.19859911501407623,0.3295120894908905,0.5197606980800629,0.6314955055713654,0.5308209955692291,0.49899572134017944,0.49715378880500793,0.5362393260002136,0.5849360823631287,0.6907362043857574,1.5327199280261994,0.6201979853537648
266,2223.274442911148,1.5900744911671305,0.235468852519989,0.1863337387641271,0.2218778798977534,1.3739097356796264,0.06595952759186427,0.1466542015473048,0.014065368783970673,0.22389813860257465,0.22389813860257465,0.0,0.1659595290819804,1.1494352221488953,0.7060127072036266,0.20554675161838531,0.1737588867545128,0.20679325610399246,0.022947567515075207,0.08912037312984467,0.7584377825260162,0.1647500991821289,0.32624854023257893,0.5626020679871241,3.891024229463835,0.0,0.5996207620810899,0.1318548247218132,0.15903285145759583,0.19076186418533325,0.3098512589931488,0.5130503177642822,0.6529401242733002,0.49457012116909027,0.5037676692008972,0.5165099054574966,0.5570855438709259,0.592477411031723,0.7112017571926117,1.1678865849971771,0.5996207620810899
267,2231.7405440807343,1.5948708738704833,0.23477592368920644,0.18660295903682708,0.22189909021059673,1.3785925070444742,0.06624604016542435,0.1463262051343918,0.014051195699721575,0.22742420335610708,0.22742420335610708,0.0,0.16624604165554047,1.3311857024828593,0.7105784006416798,0.20788460224866867,0.17432662099599838,0.20776524394750595,0.022815863601863384,0.08875428885221481,0.7617395520210266,0.16500401496887207,0.3223448817928632,0.559482105076313,3.972252935360204,0.0,0.6156388733450932,0.12644127011299133,0.15591631829738617,0.1939888447523117,0.3163180351257324,0.5022567063570023,0.6391481161117554,0.5317999720573425,0.5095732659101486,0.5149861872196198,0.5436604022979736,0.5806612074375153,0.6762115955352783,1.3179227769374848,0.6156388733450932
268,2240.1733899116516,1.6117009647656233,0.23497716983159384,0.18600767155488332,0.22113032937049865,1.3764297803243002,0.06656613200902939,0.14626130561033884,0.014047315965096155,0.2454792430003484,0.2454792430003484,0.0,0.1665661334991455,1.330540947119395,0.7133430019021034,0.2102879285812378,0.17488546669483185,0.20780616998672485,0.022771885618567467,0.08872990682721138,0.7616890072822571,0.16558052599430084,0.33775273462136585,0.5732143322626749,4.092703172576414,0.0,0.6405233436246905,0.12729817628860474,0.1646430343389511,0.20481973886489868,0.3370375484228134,0.5209936499595642,0.671724259853363,0.548801451921463,0.5169777423143387,0.5196723490953445,0.5574435591697693,0.596340537071228,0.7000503540039062,1.3232331693172454,0.6405233436246905
269,2248.7467489242554,1.5894701574773837,0.23490455249945322,0.185958132147789,0.2215219706296921,1.3730908950169882,0.0669358695546786,0.14614829123020173,0.014044207986444235,0.22501772542794546,0.22501772542794546,0.0,0.1669358710447947,1.3358372569084167,0.7140016667544842,0.21293384581804276,0.17367471009492874,0.20711523294448853,0.022763937711715698,0.08854538574814796,0.759533703327179,0.16586268693208694,0.3189765755087137,0.5728952611486117,3.8631005638628246,0.0,0.5935061541412524,0.12804308161139488,0.15647026151418686,0.18864094465970993,0.3057776540517807,0.49464330077171326,0.6402842104434967,0.5265432000160217,0.49597322940826416,0.5069319158792496,0.5501274168491364,0.6280710697174072,0.7297247350215912,1.3843221545219422,0.5935061541412524
270,2257.2072048187256,1.5900171174512556,0.23451612889766693,0.18508366545041402,0.22103765110174814,1.3747836589813232,0.06732541173696518,0.1463512976964315,0.014045558373133342,0.2249914139509201,0.2249914139509201,0.0,0.1673254132270813,1.476913050810496,0.718056708574295,0.20815114676952362,0.1748841404914856,0.2112317457795143,0.022908609360456467,0.08888193592429161,0.7651138305664062,0.16564586758613586,0.32611578330397606,0.5719240754842758,3.7070760528035915,0.0,0.5641706445310395,0.13605189323425293,0.16521092504262924,0.20006166398525238,0.321577787399292,0.50435471534729,0.6294377148151398,0.5310420989990234,0.5070112943649292,0.5264782011508942,0.5718278884887695,0.6088398098945618,0.6863451600074768,1.4949032962322235,0.5641706445310395
271,2265.6906378269196,1.589394916256424,0.23491105039914448,0.1856392244497935,0.22077803512414296,1.3679439544677734,0.06762445420026779,0.14619270960489908,0.01403682812427481,0.2273113121589025,0.2273113121589025,0.0,0.16762445569038392,1.3078685601552327,0.7101978324353695,0.20620927959680557,0.1740466132760048,0.20848262310028076,0.022814766503870487,0.08844510838389397,0.7620315849781036,0.1661939024925232,0.3281488126764695,0.5784452259540558,4.034648394647699,0.0,0.6284961324922714,0.1257849596440792,0.15879345685243607,0.1931498944759369,0.3104870021343231,0.5074980854988098,0.6731794774532318,0.5095087289810181,0.5045041143894196,0.5244458317756653,0.5913438498973846,0.6308968663215637,0.7099719643592834,1.291556966304779,0.6284961324922714
272,2274.2059259414673,1.5937830652963991,0.2355413685242335,0.1858331650495529,0.22043398718039195,1.3631441434224447,0.06793120453755061,0.14615829885005951,0.014037407282739878,0.23332182665665943,0.23332182665665943,0.0,0.16793120602766673,1.1137896378835042,0.7138369083404541,0.20829720795154572,0.17343759536743164,0.20941045135259628,0.022842303849756718,0.08853578567504883,0.7641231715679169,0.16658203303813934,0.32317823482056457,0.5617265527447065,3.979899077123375,0.0,0.6172480501936827,0.12736423686146736,0.1605064421892166,0.19631169736385345,0.3211636394262314,0.5068968087434769,0.6268265843391418,0.5239273309707642,0.4945145696401596,0.5021771490573883,0.5516693592071533,0.5947109460830688,0.7033599615097046,1.0705606460571289,0.6172480501936827
273,2282.643187046051,1.5818842045186707,0.2324427157640457,0.1849614640076955,0.22144334018230438,1.3698262214660644,0.06830143084128698,0.14573983152707418,0.014031039799253147,0.22216827770074207,0.22216827770074207,0.0,0.1683014323314031,1.1147955616315206,0.710266999900341,0.20558474957942963,0.17229048907756805,0.2092685028910637,0.022808161564171314,0.08838915824890137,0.7621581852436066,0.16690126806497574,0.31244533509016037,0.5420519759257635,3.6204330720159117,0.0,0.5458833396614378,0.1308768466114998,0.15941175818443298,0.19109051674604416,0.30198827385902405,0.47383086383342743,0.6174737513065338,0.4906795173883438,0.47854289412498474,0.4921209514141083,0.5297467559576035,0.5758973658084869,0.6853243708610535,1.1079200685024262,0.5458833396614378
274,2291.122585773468,1.5801527538103983,0.23431619902451833,0.18471580843130747,0.22109528978665668,1.365084981918335,0.06860107431809108,0.14622396032015483,0.014026375239094098,0.21997423569361368,0.21997423569361368,0.0,0.16860107580820718,1.4103751262029012,0.7054072730243206,0.20431341975927353,0.17260632663965225,0.20739534497261047,0.022802039049565792,0.08828842267394066,0.7600717544555664,0.16750645637512207,0.3268265910446644,0.5695509960254034,3.875850457001555,0.0,0.5964779425787025,0.1311933547258377,0.15910667181015015,0.1931241825222969,0.3174372613430023,0.5084858238697052,0.651612251996994,0.515925407409668,0.5114594399929047,0.5206663608551025,0.5637243390083313,0.6118065118789673,0.6937239170074463,1.4543570756912232,0.5964779425787025
275,2299.743318080902,1.5895587131458646,0.23183972736199696,0.18504427472750345,0.22164606352647145,1.3724822918574016,0.06896332254012426,0.1461706946293513,0.014025810174643993,0.22786417802174885,0.22786417802174885,0.0,0.16896332403024036,1.4863249381383261,0.715298630297184,0.21312736719846725,0.17427405714988708,0.2075171172618866,0.022724042646586895,0.08809732645750046,0.7596456706523895,0.16770629584789276,0.31934088965257007,0.5693872074286143,3.6588441833089926,0.0,0.5538144531141405,0.13253822922706604,0.16124286502599716,0.19312896579504013,0.30824628472328186,0.4849367290735245,0.6359522640705109,0.5274176746606827,0.5013279467821121,0.5066864788532257,0.5470231771469116,0.6017325818538666,0.7321353852748871,1.4550532817840576,0.5538144531141405
276,2308.2716307640076,1.605502037735035,0.23359472751617433,0.18481625417868297,0.22106795608997346,1.3682583808898925,0.06932703703641892,0.14560501724481584,0.01402449921394388,0.24528598487377168,0.24528598487377168,0.0,0.16932703852653502,1.6604747215906779,0.7051014713943005,0.20113152265548706,0.17297890037298203,0.2087402492761612,0.022823156788945198,0.08817058801651001,0.7625869512557983,0.16775361448526382,0.33173149699966115,0.5893144458532333,3.87880953254803,0.0,0.5970369912669969,0.13093728572130203,0.16396306455135345,0.20175370573997498,0.326365664601326,0.5078807920217514,0.6594884693622589,0.5497197508811951,0.5221218466758728,0.5245501697063446,0.5620427131652832,0.6360878646373749,0.7413643300533295,1.708651638031006,0.5970369912669969
277,2316.690801858902,1.5885682179204499,0.23059991796811422,0.1834460586309433,0.22205160160859425,1.3765483935674032,0.06967410097519557,0.14602073580026625,0.014014093515773615,0.2267853130896886,0.2267853130896886,0.0,0.1696741024653117,1.8354859113693238,0.7088440991938114,0.20672515779733658,0.17267244309186935,0.20789135992527008,0.022801896557211876,0.08809691295027733,0.758680671453476,0.16815156489610672,0.32958986548086006,0.5698278198639551,3.8750161718450844,0.0,0.5960015234876722,0.12879810109734535,0.16088518500328064,0.19574593752622604,0.3162774294614792,0.49909472465515137,0.6767378151416779,0.5219849050045013,0.5094546377658844,0.5158469378948212,0.5599043369293213,0.5992102921009064,0.7125658094882965,1.911212694644928,0.5960015234876722
278,2325.123689889908,1.5668016729488348,0.2322014033794403,0.18334251542886099,0.2214336395263672,1.3644022703170777,0.0700039580464363,0.14568956842025121,0.0140201427663366,0.21010037660598754,0.21010037660598754,0.0,0.17000395953655242,1.3882150491078695,0.7119607590138912,0.20627491921186447,0.17315281182527542,0.20955471694469452,0.022859914228320122,0.0880827084183693,0.7647362351417542,0.16840506345033646,0.3261655854682128,0.5644917587439219,3.783144433446097,0.0,0.5779382055978564,0.13111228495836258,0.16259144246578217,0.19389750063419342,0.3063769191503525,0.4960167109966278,0.6669986546039581,0.5172802358865738,0.4885576516389847,0.49646443128585815,0.5519493818283081,0.6232803761959076,0.7094184756278992,1.3589190125465394,0.5779382055978564
279,2333.540400981903,1.5846062982687728,0.23245542844136555,0.18339791297912597,0.22189785937468212,1.3664762258529664,0.07033853779236475,0.14603088796138763,0.014009683455030123,0.22569152812163035,0.22569152812163035,0.0,0.17033853928248088,1.5832571983337402,0.7065154798328876,0.20363014191389084,0.17141654342412949,0.20858853310346603,0.022699661552906036,0.08783721551299095,0.7627701759338379,0.16898396611213684,0.32216985896229744,0.5754261662562689,3.7836185850895063,0.0,0.5776238340132762,0.12879303842782974,0.16290681809186935,0.19867778569459915,0.30977387726306915,0.4873037338256836,0.6455639004707336,0.5274594128131866,0.5145940482616425,0.5235288441181183,0.5719412565231323,0.6092934012413025,0.7057400345802307,1.6358446955680848,0.5776238340132762
280,2341.9575629234314,1.580011224723421,0.23106961250305175,0.18344746430714926,0.22142592171827952,1.3684314886728923,0.07063655505577723,0.14569763789574305,0.014005388660977284,0.22204519112904866,0.22204519112904866,0.0,0.17063655654589335,1.4533534526824952,0.7118004560470581,0.20572726428508759,0.17243340611457825,0.2099282443523407,0.022738726809620857,0.08784544467926025,0.7612479031085968,0.1690492406487465,0.32105714951952297,0.5600181023279825,3.651289960177774,0.0,0.5521559294486357,0.13184844702482224,0.16176211833953857,0.19577886164188385,0.3116506189107895,0.4814169108867645,0.6438859403133392,0.5113057345151901,0.5026782602071762,0.5073626041412354,0.5461156666278839,0.5979561805725098,0.6946901679039001,1.4658758521080018,0.5521559294486357
281,2350.3892600536346,1.5786850021065524,0.2324668417374293,0.18302081724007924,0.22135035196940103,1.3639203945795695,0.07100650817155837,0.1453486626346906,0.014004538394510746,0.2223112831513087,0.2223112831513087,0.0,0.1710065096616745,1.6011010805765789,0.705253679305315,0.19901525229215622,0.17165660113096237,0.2102050632238388,0.022702823393046856,0.08774681016802788,0.7660599052906036,0.1694241166114807,0.3268661666661501,0.5601431404550871,3.897235671238642,0.0,0.6005412716182883,0.1291997767984867,0.15886318683624268,0.19420204311609268,0.3060317933559418,0.5035219788551331,0.6693782210350037,0.5018996596336365,0.5020903497934341,0.5018332600593567,0.5290108025074005,0.6135015189647675,0.7125232517719269,1.6311180591583252,0.6005412716182883
282,2358.9255249500275,1.582361624746894,0.22994946539402009,0.18214771548906963,0.2219434718290965,1.3627993265787761,0.07138139953215918,0.14562510599692663,0.013999323174357415,0.2287034829457601,0.2287034829457601,0.0,0.17138140102227528,1.4064816236495972,0.7084857672452927,0.20110386610031128,0.17254668474197388,0.21055427938699722,0.022762533277273178,0.08773495629429817,0.7649384140968323,0.16975201666355133,0.32562452803055447,0.5670694460471472,3.852078375366784,0.0,0.5914979879522262,0.1297561377286911,0.16081992536783218,0.19053488224744797,0.2980143129825592,0.49983081221580505,0.6747910976409912,0.5062071681022644,0.5121146738529205,0.5168643295764923,0.5483839511871338,0.6085373163223267,0.710309237241745,1.418717908859253,0.5914979879522262
283,2367.390123128891,1.578495775811219,0.2291685293118159,0.18193155129750568,0.22156903048356374,1.3638155221939088,0.07168625046809514,0.14543331414461136,0.013999151531606913,0.2254871557156245,0.2254871557156245,0.0,0.17168625195821127,1.4564166386922202,0.7198022156953812,0.20939821749925613,0.17293880879878998,0.21196729689836502,0.022786124609410763,0.08774522319436073,0.7691490650177002,0.16982915997505188,0.31981803104281425,0.5642187347014745,3.783703858953629,0.0,0.5778905043910414,0.13025080412626266,0.1590947061777115,0.19697333872318268,0.3161603808403015,0.49283047020435333,0.6235984861850739,0.5286652743816376,0.5099815130233765,0.5086405277252197,0.5412616729736328,0.5983893871307373,0.6983740329742432,1.4716720819473266,0.5778905043910414
284,2375.9912939071655,1.5802434861660004,0.229366672039032,0.1825246791044871,0.22167821526527404,1.365042503674825,0.07204882750908534,0.14594726810852687,0.013990779096881548,0.22490783929824829,0.22490783929824829,0.0,0.17204882899920146,1.5721046606699625,0.709452535957098,0.20379918068647385,0.17152661830186844,0.20994502305984497,0.022775093093514442,0.0876493789255619,0.7661202549934387,0.17052187770605087,0.31615337791542214,0.5441321457425753,3.8782486431778316,0.0,0.5964873981658613,0.1271919570863247,0.16008976101875305,0.19570555537939072,0.3102237582206726,0.4932820349931717,0.61042720079422,0.4920518547296524,0.48080526292324066,0.48338182270526886,0.5272325873374939,0.5973652899265289,0.6839560568332672,1.6593147039413452,0.5964873981658613
285,2384.5067558288574,1.5915906509850175,0.22901386519273123,0.1821618288755417,0.2218656172355016,1.3666767279307048,0.07240852465232213,0.14513650288184485,0.013988568012913068,0.2373953958352407,0.2373953958352407,0.0,0.17240852614243826,1.9027382691701253,0.7065618596971035,0.20496491342782974,0.17011571675539017,0.20826954394578934,0.022811710834503174,0.08755768463015556,0.762029230594635,0.17092889547348022,0.31247397636373836,0.5420233756303787,3.6354437051585466,0.0,0.548276191846484,0.128804549574852,0.155570887029171,0.18577958643436432,0.28745660185813904,0.4682616889476776,0.6489705443382263,0.4858750104904175,0.4794309139251709,0.49366191029548645,0.5286433100700378,0.5696734189987183,0.6948556900024414,1.989744985103607,0.548276191846484
286,2392.9732007980347,1.5765467583124215,0.2309230923652649,0.18177824815114338,0.22135218580563862,1.3605632543563844,0.07277110368013381,0.14564080089330672,0.01398894414305687,0.22255219717820485,0.22255219717820485,0.0,0.17277110517024993,1.593310260772705,0.7176346443593502,0.20522940158843994,0.17130734771490097,0.2133757844567299,0.022674115374684334,0.08731024712324142,0.771821528673172,0.17106090486049652,0.3146311789751053,0.560442698498567,3.661606613206782,0.0,0.5539313324036783,0.1309359446167946,0.16199254244565964,0.19297774136066437,0.2921426147222519,0.47943592071533203,0.6303023099899292,0.5263800024986267,0.5020999610424042,0.4996848851442337,0.5395810604095459,0.5918844938278198,0.7030257880687714,1.4388928949832915,0.5539313324036783
287,2401.4733901023865,1.5711111261043698,0.22874283691247305,0.18200632333755493,0.22171219487984975,1.3557786146799724,0.07312679042418797,0.14507535248994827,0.013982893899083138,0.22249307831128437,0.22249307831128437,0.0,0.1731267919143041,1.4446249882380167,0.7134252525866032,0.19746170938014984,0.17158303409814835,0.21508601307868958,0.022802761755883694,0.08744753897190094,0.7752558588981628,0.1713711991906166,0.3242148831486702,0.5510136559605598,4.015455280482167,0.0,0.6245269149193559,0.12590409070253372,0.15681913495063782,0.1894141063094139,0.30065275728702545,0.5055622458457947,0.6669369637966156,0.510399580001831,0.49023473262786865,0.4962417930364609,0.5363134443759918,0.5806566178798676,0.6922357678413391,1.4258110523223877,0.6245269149193559
288,2410.0930309295654,1.568479755850664,0.22954347729682922,0.18122822046279907,0.22180260717868805,1.3546977122624715,0.07349663426478704,0.14493661920229595,0.013976039085537195,0.2200750668843587,0.2200750668843587,0.0,0.17349663575490315,1.6051678895950316,0.7090265788137913,0.20000175386667252,0.17120789736509323,0.21171043813228607,0.022751365788280964,0.0873376652598381,0.7680997550487518,0.17177757620811462,0.3076998696972926,0.5510992705821991,3.825656965787254,0.0,0.5857084074011958,0.1260448433458805,0.14876778423786163,0.18017099797725677,0.28611575067043304,0.482204332947731,0.6228955090045929,0.4785386919975281,0.4952486455440521,0.5071263909339905,0.5447023212909698,0.5904770493507385,0.6905025243759155,1.6514153003692627,0.5857084074011958
289,2418.591920852661,1.569171291391831,0.22745181620121002,0.1809145390987396,0.22129935622215272,1.355086588859558,0.07381521115700404,0.14515803356965382,0.013975114996234576,0.22226903041203816,0.22226903041203816,0.0,0.17381521264712016,1.326434564590454,0.717143427580595,0.20624633133411407,0.1728474423289299,0.212236687541008,0.022680197842419147,0.08715979009866714,0.7711973488330841,0.17230486124753952,0.3218697210152944,0.5571039592226347,3.790151943274884,0.0,0.5787848500721777,0.12784526497125626,0.1589730754494667,0.19358330965042114,0.30897851288318634,0.4845529794692993,0.6572851836681366,0.5147659629583359,0.4914328306913376,0.4954472631216049,0.5320712625980377,0.5736061334609985,0.7353003025054932,1.3375280678272248,0.5787848500721777
290,2427.1427459716797,1.5835250526899471,0.22939706643422444,0.18202573160330454,0.22119044264157614,1.3587456305821737,0.07413346320390701,0.14500654836495716,0.013973143075903256,0.23244744837284087,0.23244744837284087,0.0,0.17413346469402313,1.7741435448328653,0.7116350419819355,0.19430378079414368,0.17358557134866714,0.21526923775672913,0.022714665159583092,0.08708694577217102,0.7756383419036865,0.17262055724859238,0.3170083736379941,0.5761866420507431,3.8633606945420564,0.0,0.5934804220301826,0.12732051312923431,0.15803010016679764,0.1912561133503914,0.29677726328372955,0.49188506603240967,0.6367811858654022,0.5000461041927338,0.49958278238773346,0.5030566602945328,0.5442044138908386,0.6188490688800812,0.7913808226585388,1.8264809489250182,0.5934804220301826
291,2435.6934049129486,1.5834340056598497,0.22709519962469737,0.18206672767798107,0.22255233824253082,1.359444538752238,0.07450325340032578,0.1455017641186714,0.013970421254634857,0.23297722935676574,0.23297722935676574,0.0,0.17450325489044188,1.6207428971926372,0.7165802344679832,0.20102296769618988,0.17157705128192902,0.21488437056541443,0.022675498388707638,0.08699050918221474,0.7741682827472687,0.17270821332931519,0.3250269666314125,0.5819026430447897,3.889948374234691,0.0,0.5988964564706066,0.1275433897972107,0.1521112620830536,0.1868056356906891,0.31011293828487396,0.49613720178604126,0.6774513721466064,0.5010751932859421,0.5023714751005173,0.5246348679065704,0.5683503746986389,0.6259002387523651,0.769083708524704,1.4894544184207916,0.5988964564706066
292,2444.125710964203,1.5789719439422092,0.22741444210211437,0.18124805887540182,0.22149282991886138,1.3499174038569133,0.07489816496769587,0.14518588582674663,0.013967597484588623,0.23390950858592988,0.23390950858592988,0.0,0.174898166457812,1.2582311709721883,0.707630954682827,0.199955552816391,0.17081226408481598,0.211134634912014,0.02275212947279215,0.08708840236067772,0.7685990631580353,0.173088900744915,0.3125840959449609,0.5446381941437721,3.763370808320633,0.0,0.5731964776832222,0.12639449536800385,0.16024302691221237,0.19420255720615387,0.30675750970840454,0.47566935420036316,0.6122376322746277,0.503943458199501,0.4823931157588959,0.4909443259239197,0.5401077270507812,0.5880912840366364,0.6623492538928986,1.267662477493286,0.5731964776832222
293,2452.623586177826,1.5723328123101965,0.22821783721446992,0.18167529900868734,0.22236522734165193,1.3518507162729898,0.07524701406558355,0.14447016566991805,0.013962162223954995,0.22645727396011353,0.22645727396011353,0.0,0.17524701555569966,1.6492650628089904,0.7112906016409397,0.19698785245418549,0.1705096736550331,0.21452395617961884,0.02271886169910431,0.08691739290952682,0.7734255492687225,0.17342093586921692,0.33788664266467094,0.5814443801840147,4.080814107333625,0.0,0.638063797070334,0.12867487967014313,0.15975350886583328,0.1987476944923401,0.3286479562520981,0.5250982642173767,0.6863975524902344,0.5152838230133057,0.49905678629875183,0.5098475068807602,0.571660190820694,0.6438620090484619,0.7489559650421143,1.7694551825523377,0.638063797070334
294,2461.126760005951,1.60342914731397,0.22665030956268312,0.17982601424058278,0.22200220922629038,1.3582103411356607,0.07557915598154068,0.1450844407081604,0.013959193540116151,0.25550810197989143,0.25550810197989143,0.0,0.1755791574716568,1.715572222073873,0.7250699140131474,0.21087627112865448,0.1726725473999977,0.213928684592247,0.022805661894381046,0.08698941394686699,0.7724950015544891,0.17388241738080978,0.3280472519497077,0.561848059296608,3.7685164682201644,0.0,0.5750762218610158,0.1313251331448555,0.1643880382180214,0.19734080880880356,0.3100864440202713,0.4949009269475937,0.6702421605587006,0.5113217085599899,0.5079257637262344,0.5242051482200623,0.5627309083938599,0.5881650149822235,0.6767398118972778,1.720300054550171,0.5750762218610158
295,2469.707015991211,1.5643766445845055,0.22599002619584402,0.17997757891813915,0.2229390283425649,1.3550079266230266,0.07595513314008713,0.14480189383029937,0.013954057948042949,0.21892549792925517,0.21892549792925517,0.0,0.17595513463020324,1.706010635693868,0.7070668153464794,0.1961936578154564,0.17049971967935562,0.2128116488456726,0.022720955312252045,0.08672743290662766,0.7714385986328125,0.17399466782808304,0.31169797231753665,0.5412479763229688,3.759913084195727,0.0,0.5722090381333603,0.12422119826078415,0.15313642472028732,0.18301740288734436,0.28654806315898895,0.4670609086751938,0.6562038362026215,0.47590529918670654,0.4779544174671173,0.48991118371486664,0.5381304919719696,0.5785031914710999,0.6870832741260529,1.5963313937187196,0.5722090381333603
296,2478.2062849998474,1.5751060383782411,0.22733971178531648,0.18031857311725616,0.22182430227597555,1.3467056671778361,0.07628971189260483,0.14498609751462938,0.013955173331002395,0.23186144431432087,0.23186144431432087,0.0,0.17628971338272095,1.510722239812215,0.7024513706564903,0.1919916793704033,0.16797155141830444,0.2132369577884674,0.022675903514027596,0.08672348409891129,0.7701099514961243,0.17492885142564774,0.3145547428478797,0.5606558074553808,3.776803767043711,0.0,0.5762233879745429,0.12856147065758705,0.15913452208042145,0.1937970295548439,0.3060208112001419,0.4855514466762543,0.6142631769180298,0.5005656778812408,0.4893203675746918,0.49815040826797485,0.5486448407173157,0.5995649099349976,0.7276886403560638,1.6133780241012574,0.5762233879745429
297,2486.6744780540466,1.574343165840643,0.22494417230288188,0.17912005186080932,0.22249227464199067,1.352154588699341,0.0766429031888644,0.14489664286375045,0.01395042734220624,0.23130514621734619,0.23130514621734619,0.0,0.1766429046789805,1.5138501087824503,0.7065675891935825,0.19965913146734238,0.1686389073729515,0.2112945020198822,0.022703783586621284,0.08673084154725075,0.7686609029769897,0.1752108335494995,0.3225394481172164,0.5634137317538261,3.9683884363691804,0.0,0.6149003521821635,0.12760061398148537,0.15805937349796295,0.19324452430009842,0.30823270976543427,0.5063688009977341,0.6417306661605835,0.5028797835111618,0.48388801515102386,0.4952296167612076,0.5645678639411926,0.6037216782569885,0.7301954329013824,1.466742181777954,0.6149003521821635
298,2495.1922261714935,1.5648564316526365,0.2249074747165044,0.17864234646161398,0.22192199428876241,1.3504849672317505,0.07704915056626002,0.1448088084657987,0.013943034193168084,0.2229594459136327,0.2229594459136327,0.0,0.17704915205637614,1.5515244086583455,0.7075368352234364,0.1969800442457199,0.16891653090715408,0.2130492627620697,0.02269693650305271,0.08651511371135712,0.7712586224079132,0.17504487186670303,0.3142957134793202,0.5488787591457367,3.758051225772011,0.0,0.5723590800128286,0.12785759940743446,0.16012614220380783,0.1913013458251953,0.2953963428735733,0.4804954081773758,0.6305974423885345,0.5033780783414841,0.48443247377872467,0.48449471592903137,0.5308274030685425,0.5970543026924133,0.6930855810642242,1.4983116865158081,0.5723590800128286
299,2503.7438509464264,1.5623812036821618,0.22518088320891064,0.1785425066947937,0.2225212057431539,1.347595469156901,0.07740999211867651,0.14481653173764547,0.013946901634335518,0.22144910494486492,0.22144910494486492,0.0,0.17740999360879262,1.5885171969731648,0.7035620994865894,0.19632597267627716,0.16789595037698746,0.21164407581090927,0.02265053242444992,0.08646747097373009,0.7675871551036835,0.1756327897310257,0.3173339453836282,0.5655981749296188,3.683783899572905,0.0,0.5580349348740461,0.12990959733724594,0.16145312786102295,0.19611206650733948,0.3056749552488327,0.47855888307094574,0.6322950422763824,0.5277546346187592,0.5051214396953583,0.5080708861351013,0.5499281585216522,0.6069591641426086,0.6957547664642334,1.6616965413093567,0.5580349348740461
300,2512.228218793869,1.5697798032313586,0.22524283230304717,0.1790576050678889,0.2223072777191798,1.3451539436976114,0.07774755706389745,0.14475384801626207,0.013939511651794115,0.22972806791464487,0.22972806791464487,0.0,0.17774755855401356,1.556827449798584,0.7023282758891582,0.196442648768425,0.16798996180295944,0.21094532310962677,0.0226458590477705,0.08633944392204285,0.7678578197956085,0.17645612359046936,0.31972267230351764,0.5706769873698553,3.886160379651835,0.0,0.5983023939859835,0.1292157769203186,0.15723830461502075,0.19168566167354584,0.3109574615955353,0.5021532326936722,0.6270855963230133,0.5158396363258362,0.49881672859191895,0.4985541105270386,0.5458653569221497,0.6333145499229431,0.731671541929245,1.50474214553833,0.5983023939859835
301,2520.643308162689,1.5508515121492867,0.22462579111258188,0.17844673991203308,0.2226405769586563,1.3414763847986857,0.07810155898332596,0.14474666515986126,0.013933573166529338,0.21336594919363658,0.21336594919363658,0.0,0.17810156047344208,1.40030757188797,0.7083333246409893,0.198586605489254,0.1675555184483528,0.21298447996377945,0.022677892819046974,0.08633781224489212,0.7731350958347321,0.1762809306383133,0.3143776593108972,0.5416134148836136,3.8609035712146653,0.0,0.5928325346099423,0.12576495856046677,0.15879980474710464,0.19422582536935806,0.30732522904872894,0.4855663776397705,0.6145837604999542,0.51683309674263,0.4761269986629486,0.47441500425338745,0.5198159515857697,0.5765817761421204,0.6859076619148254,1.3463684499263764,0.5928325346099423
302,2529.2220780849457,1.598458519158885,0.22521506249904633,0.177847417195638,0.2222060263156891,1.3399028062820435,0.07847037663062413,0.14505942861239116,0.013930688239634037,0.2607040951649348,0.2607040951649348,0.0,0.17847037812074026,1.3359663168589273,0.7108200788497925,0.1944965273141861,0.1679547131061554,0.21617309749126434,0.02272169478237629,0.0863410122692585,0.7757879197597504,0.1766306236386299,0.32806653156876564,0.5730263789494833,4.076015133649526,0.0,0.6370636923705616,0.12719549238681793,0.1627938523888588,0.20166146755218506,0.33262695372104645,0.5184507519006729,0.6256706714630127,0.5348295569419861,0.5005854070186615,0.5093767046928406,0.5602388083934784,0.620145320892334,0.7129824757575989,1.4033301591873169,0.6370636923705616
303,2537.6908979415894,1.5438583842401081,0.22489680449167887,0.17760516703128815,0.22200953364372253,1.341349713007609,0.0788237288594246,0.1447340230147044,0.013931215275079012,0.20631359418233236,0.20631359418233236,0.0,0.17882373034954072,1.4547764778137207,0.7024897001683712,0.19583860039710999,0.16788329929113388,0.21135472506284714,0.02260758262127638,0.08606905862689018,0.7685897350311279,0.1769697517156601,0.3181893316407998,0.5508610879381498,3.6240840291224736,0.0,0.5469396135100423,0.13210763037204742,0.16209954023361206,0.19276169687509537,0.29298028349876404,0.4787691533565521,0.650417685508728,0.5286854207515717,0.4905497580766678,0.4922526478767395,0.5256670713424683,0.5863566696643829,0.6816549599170685,1.4814617872238158,0.5469396135100423
304,2546.0412590503693,1.5645585706612717,0.2237197995185852,0.17741463482379913,0.22290783723195393,1.345208748181661,0.0791885827978452,0.14462630599737167,0.013925963112463554,0.22630050381024677,0.22630050381024677,0.0,0.17918858428796133,1.6326424161593118,0.7113398984074593,0.19831924885511398,0.16712400317192078,0.21472932398319244,0.022646303288638592,0.08604123443365097,0.7729282081127167,0.17729654908180237,0.3132369313389063,0.5498256062467893,3.822986880286217,0.0,0.5852126203946271,0.1264408715069294,0.15577378869056702,0.18915241211652756,0.2967875003814697,0.48338179290294647,0.6278852224349976,0.49815331399440765,0.4684048593044281,0.47583895921707153,0.5387303829193115,0.6093089878559113,0.7085171341896057,1.6933094799518584,0.5852126203946271
305,2554.457417011261,1.5607926080430237,0.223283588886261,0.17706855436166127,0.2220291664203008,1.3437470197677612,0.07954752494891484,0.14450733760992687,0.013920544863988955,0.2240218053261439,0.2240218053261439,0.0,0.17954752643903096,1.588874880472819,0.709631260484457,0.19378776848316193,0.16775783151388168,0.21598228812217712,0.022709795273840427,0.08613741397857666,0.7762691378593445,0.1776125431060791,0.3108841211845477,0.5351924722393354,3.9033269605833905,0.0,0.6013230136892902,0.12226968631148338,0.1558740735054016,0.1881081536412239,0.2915274053812027,0.477258563041687,0.6302668452262878,0.505765751004219,0.4801938831806183,0.4782102108001709,0.5165757238864899,0.5702217519283295,0.6601875126361847,1.6430410623550415,0.6013230136892902
306,2562.8941040039062,1.5743721503415145,0.22395727336406707,0.17718481024106345,0.22213879525661467,1.3392978668212892,0.0798575833439827,0.14458806663751603,0.013919391545156638,0.23876682619253795,0.23876682619253795,0.0,0.1798575848340988,1.5202891031901042,0.7185681462287903,0.20139923691749573,0.169073224067688,0.21631614863872528,0.022678357549011707,0.0860559307038784,0.776370108127594,0.17818457633256912,0.3208446856588125,0.554125485320886,3.912885493470791,0.0,0.6036325053690405,0.12836777791380882,0.15940875560045242,0.19690106809139252,0.3263291120529175,0.5022884160280228,0.6117729842662811,0.5172002613544464,0.4918619692325592,0.4971885234117508,0.5420135855674744,0.5839791595935822,0.6925094127655029,1.4577629566192627,0.6036325053690405
307,2571.3724138736725,1.554910601710435,0.22281502882639567,0.17673139174779257,0.22260891795158386,1.3424291769663492,0.08024696260690689,0.14480218042929968,0.013915839977562428,0.21843919058640798,0.21843919058640798,0.0,0.180246964097023,1.4987212022145588,0.7114318050444126,0.1936255395412445,0.16708309203386307,0.2171323597431183,0.022738952189683914,0.08601578325033188,0.7792419493198395,0.17841999977827072,0.30812540650367737,0.5348102251688639,3.8612714200825877,0.0,0.5927134957290452,0.12303975969552994,0.15607625991106033,0.19111555814743042,0.3031602054834366,0.4750899076461792,0.6002707481384277,0.507511168718338,0.4801979213953018,0.47062136232852936,0.5095744729042053,0.5724377036094666,0.6685187220573425,1.5250387787818909,0.5927134957290452
308,2579.942857027054,1.552188555682854,0.22247361938158672,0.17664469083150228,0.22334768275419872,1.3405132214228312,0.08061881214380265,0.1449137772123019,0.013914652727544307,0.21657704214255016,0.21657704214255016,0.0,0.18061881363391877,1.5037426590919494,0.7175074405968189,0.20242410898208618,0.16818127781152725,0.21549634635448456,0.022679436951875687,0.08581042662262917,0.7772389650344849,0.17876162379980087,0.324188565214475,0.5654977187514305,3.933863931160129,0.0,0.6078574435226745,0.12780994921922684,0.15929803252220154,0.19496985524892807,0.31245385110378265,0.5027869492769241,0.6478127539157867,0.535893440246582,0.49854789674282074,0.5047337412834167,0.5593007802963257,0.5988005101680756,0.6957099437713623,1.6343349993228913,0.6078574435226745
309,2588.43962597847,1.5571466836224621,0.22353315055370332,0.17638219098250071,0.22241894205411275,1.3414027690887451,0.08100032359361649,0.14443768908580143,0.013913745464136203,0.22101655503114065,0.22101655503114065,0.0,0.1810003250837326,1.6502901077270509,0.715513851493597,0.19295547157526016,0.16614574939012527,0.21974275261163712,0.02272604312747717,0.0858328565955162,0.7836817800998688,0.1791462004184723,0.3265352708597978,0.557093488673369,3.9084496595359797,0.0,0.6026820055506741,0.12782105058431625,0.16151926666498184,0.19963205605745316,0.3228340446949005,0.4995821416378021,0.6478230655193329,0.5288388133049011,0.4917832165956497,0.4952998161315918,0.5421138405799866,0.5937519073486328,0.6907733380794525,1.606220507621765,0.6026820055506741
310,2596.8598227500916,1.5928543439755838,0.2192193607489268,0.17552919089794158,0.2232362280289332,1.3399603446324666,0.08134901175896327,0.14460308055082957,0.013907611773659786,0.26159979303677877,0.26159979303677877,0.0,0.1813490132490794,1.4562971591949463,0.7031461074948311,0.19464656710624695,0.16666080057621002,0.21258457005023956,0.02260628528892994,0.08555026352405548,0.7698184251785278,0.17950549721717834,0.3223027978092432,0.5607564747333527,3.9153145084962824,0.0,0.6040962419294464,0.12802695110440254,0.1595398485660553,0.19453313201665878,0.3174172043800354,0.5012657791376114,0.6330338716506958,0.5080311447381973,0.48108208179473877,0.4911559075117111,0.5595549643039703,0.6195394396781921,0.7051753103733063,1.4241431117057801,0.6040962419294464
311,2605.3763358592987,1.5514352667882727,0.22421679198741912,0.17643895943959553,0.22265507678190868,1.3317699591318766,0.08165939599275589,0.14421782195568084,0.013904967345297337,0.21949741939703624,0.21949741939703624,0.0,0.18165939748287202,1.5619195858637491,0.7147014923393726,0.19200630486011505,0.16691649705171585,0.21961846947669983,0.022615629248321056,0.08553516864776611,0.7837728559970856,0.17974301427602768,0.3237423902998368,0.5696882332364718,3.977500443567507,0.0,0.6166959736578631,0.1257881484925747,0.1582420989871025,0.19577454030513763,0.3195490688085556,0.5003224164247513,0.642778068780899,0.5081996023654938,0.491332083940506,0.4948817044496536,0.5544585585594177,0.6163446009159088,0.752912849187851,1.6450774312019347,0.6166959736578631
312,2613.908586025238,1.5553443701627354,0.22014329731464385,0.17637654145558676,0.22318182984987894,1.3369229555130004,0.08204774111509323,0.1446583886941274,0.013907671285172304,0.2238063563903173,0.2238063563903173,0.0,0.18204774260520934,1.5086124261220297,0.7162952907383442,0.20050499588251114,0.16733144968748093,0.2160622850060463,0.022616173140704632,0.08561082184314728,0.7766466736793518,0.18005766719579697,0.3223824029167493,0.5933503458897272,3.826165884527372,0.0,0.5863518680722654,0.13012855499982834,0.15965138375759125,0.19421101361513138,0.3123406916856766,0.49789343774318695,0.6400693356990814,0.5210481435060501,0.5004159808158875,0.5063370615243912,0.5706307291984558,0.6775293052196503,0.7841408550739288,1.5409887790679933,0.5863518680722654
313,2622.3903119564056,1.537444055437421,0.2219937135775884,0.17569002509117126,0.22269993921120962,1.3338126262029013,0.08242496699094773,0.14442384590705235,0.013902692620952924,0.20628343125184376,0.20628343125184376,0.0,0.18242496848106385,1.4561898191769918,0.7153442427515984,0.1964615434408188,0.1666174978017807,0.2177869752049446,0.022711492143571377,0.08563798666000366,0.7803380787372589,0.18043235689401627,0.317263454819719,0.5609876935680708,3.807638536685394,0.0,0.5822662184905483,0.12762295082211494,0.16100788861513138,0.19610340148210526,0.3052287995815277,0.4859420657157898,0.6276756227016449,0.521058976650238,0.5098198652267456,0.5155419260263443,0.540877491235733,0.5922735631465912,0.6863543391227722,1.5090614140033722,0.5822662184905483
314,2630.9092700481415,1.5840634433707843,0.2203710585832596,0.17509696582953135,0.22315835654735566,1.3363406737645467,0.08271245509386063,0.1440311998128891,0.013894331268966198,0.2541549374659856,0.2541549374659856,0.0,0.18271245658397675,1.5372482220331827,0.7136907614767551,0.1936035081744194,0.1657465323805809,0.21860699355602264,0.022634238004684448,0.08539176359772682,0.7818694114685059,0.18095063418149948,0.32984040925900143,0.5811082025369009,4.024488087710455,0.0,0.6264224477235785,0.1275733932852745,0.16942576318979263,0.21208281815052032,0.33908188343048096,0.5134176015853882,0.6174609959125519,0.5503837168216705,0.5131619274616241,0.5157233774662018,0.565291702747345,0.619924932718277,0.7221635580062866,1.5864064693450928,0.6264224477235785
315,2639.506728887558,1.5502357412129641,0.22106148302555084,0.17485930820306142,0.2226802388827006,1.3345353762308756,0.08309505234162012,0.14439342419306436,0.01389283457150062,0.21979060272375742,0.21979060272375742,0.0,0.18309505383173624,1.561972983678182,0.7166293188929558,0.19707857817411423,0.16687291860580444,0.21805714070796967,0.0225853705778718,0.0852983221411705,0.779326468706131,0.18122436851263046,0.32448840886354446,0.5723824699719747,3.9230245109971027,0.0,0.6055765732137336,0.12684500217437744,0.16077648103237152,0.19751034677028656,0.3163241595029831,0.4976160526275635,0.6478584110736847,0.5295644998550415,0.49839577078819275,0.5141743123531342,0.5794629752635956,0.6100203096866608,0.7026769518852234,1.705987238883972,0.6055765732137336
316,2648.008563041687,1.545260626015564,0.21907803316911062,0.17398410737514497,0.2237153321504593,1.3346025149027507,0.0834538275996844,0.14431527107954026,0.013896450928101937,0.21707582771778106,0.21707582771778106,0.0,0.1834538290898005,1.4345710476239522,0.7092714086174965,0.1915513202548027,0.16458237171173096,0.21771445125341415,0.02266760729253292,0.08534945175051689,0.7788361012935638,0.18171601742506027,0.32102490464846295,0.564990888039271,3.997075037222145,0.0,0.620714905523899,0.12443774193525314,0.1625053808093071,0.20274092257022858,0.3220648169517517,0.49738699197769165,0.6170135736465454,0.5311568975448608,0.5110487937927246,0.5052032321691513,0.5331552475690842,0.6038262248039246,0.7055549323558807,1.3977335274219513,0.620714905523899
317,2656.4562628269196,1.5460413459610816,0.219073823094368,0.17372007071971893,0.22338852683703106,1.3391298214594523,0.08377886364857355,0.14444785962502163,0.013901487241188686,0.21533335546652477,0.21533335546652477,0.0,0.18377886513868968,1.7051333030064901,0.6971212476491928,0.18879307061433792,0.16334481537342072,0.21332788467407227,0.02246792893856764,0.08503810688853264,0.7724485993385315,0.181985504925251,0.3168074830124776,0.5587152416507403,3.878539170598276,0.0,0.5964180778997281,0.1257055141031742,0.16330797225236893,0.19705365598201752,0.30835916101932526,0.48755376040935516,0.6188648343086243,0.5284669995307922,0.48847241699695587,0.4844186305999756,0.5322034358978271,0.5939731597900391,0.7247568070888519,1.716185712814331,0.5964180778997281
318,2664.892359972,1.5430069233756512,0.21966124574343363,0.17413527965545655,0.22343662977218628,1.331952444712321,0.08412608255942662,0.1442298486828804,0.013885620608925819,0.21535256405671438,0.21535256405671438,0.0,0.18412608404954275,1.4550264279047649,0.7151828184723854,0.19597440212965012,0.16711896657943726,0.21782446652650833,0.022613897919654846,0.0851837657392025,0.7799000144004822,0.18227580189704895,0.34111279000838596,0.5836090818047523,4.054463336860557,0.0,0.6327162275728954,0.13102642446756363,0.17167021334171295,0.2164931520819664,0.35808831453323364,0.5312418341636658,0.6381568014621735,0.5576359033584595,0.5279368460178375,0.5243897885084152,0.5576550960540771,0.6209375262260437,0.713099330663681,1.5009070873260497,0.6327162275728954
319,2673.4268848896027,1.5355659950446958,0.22069072624047598,0.1743264893690745,0.22346119085947672,1.325618529319763,0.08449658006429672,0.1445035551985105,0.013884350843727588,0.20921858648459116,0.20921858648459116,0.0,0.18449658155441284,1.5776447057724,0.7135524824261665,0.19731659442186356,0.1661841869354248,0.2165718972682953,0.022591914050281048,0.08500508219003677,0.779071182012558,0.18287062644958496,0.3269084158043067,0.5683347781499227,3.9082666519030376,0.0,0.6027750218038013,0.12919239699840546,0.16656696051359177,0.2032785415649414,0.31533440947532654,0.5049183368682861,0.6421598494052887,0.529757171869278,0.507880687713623,0.4995647072792053,0.5535236597061157,0.6174428164958954,0.7018396258354187,1.5801632285118103,0.6027750218038013
320,2681.891088962555,1.5296959813063344,0.2193220982948939,0.17357172667980195,0.2236129194498062,1.3327352285385132,0.08485611826181412,0.14420444319645565,0.013881739508360625,0.20193990270296733,0.20193990270296733,0.0,0.18485611975193023,1.6257653077443441,0.7162710651755333,0.19438976049423218,0.1647244244813919,0.21975954622030258,0.022675366140902042,0.08515751734375954,0.7868782877922058,0.18310216069221497,0.31377035814026993,0.5405089929699898,3.9041601843071523,0.0,0.6015295874754593,0.12340560927987099,0.15879620611667633,0.191885806620121,0.30620773136615753,0.4817952662706375,0.6205315291881561,0.5225600004196167,0.48455630242824554,0.4793859124183655,0.5115224123001099,0.5690925121307373,0.6759368181228638,1.5905771136283875,0.6015295874754593
321,2690.374029159546,1.5328493570210413,0.2194638619820277,0.17295710345109302,0.2238743245601654,1.3257641792297363,0.08531993279854456,0.14423395494620006,0.013875136182953914,0.2084282636642456,0.2084282636642456,0.0,0.1853199342886607,1.356695294380188,0.7173975296318531,0.19768040627241135,0.16706907004117966,0.21809129416942596,0.022695469669997692,0.08512221649289131,0.7794318497180939,0.18342075496912003,0.3214333566526572,0.5587628657619158,3.7322460477509583,0.0,0.5678309705525232,0.1309952735900879,0.16456953436136246,0.1944243162870407,0.3078185170888901,0.488906592130661,0.641885906457901,0.5250920951366425,0.47485174238681793,0.48033174872398376,0.5444136261940002,0.6097748279571533,0.7181131541728973,1.2784173488616943,0.5678309705525232
322,2699.1458189487457,1.543221271612371,0.22021157244841258,0.17314468522866566,0.22314527829488118,1.3234577337900797,0.0855608676870664,0.14448237170775732,0.013869388246287901,0.21856837471326193,0.21856837471326193,0.0,0.1855608691771825,1.4863555987675985,0.7033672370016575,0.188680499792099,0.16413135081529617,0.2163105309009552,0.022639233618974686,0.08484584093093872,0.7766132354736328,0.18380463868379593,0.3213774065176646,0.545308401187261,3.9016188606876407,0.0,0.6011581881719074,0.1261502429842949,0.1563548669219017,0.19034108519554138,0.31217992305755615,0.4921901673078537,0.6510481536388397,0.5064076483249664,0.479895681142807,0.48580625653266907,0.5353419482707977,0.5740115940570831,0.6903872787952423,1.4745101928710938,0.6011581881719074
323,2707.5631499290466,1.5341638871002943,0.2191927343606949,0.1728367179632187,0.22394923170407613,1.3305282195409138,0.08594503949085872,0.14431897600491841,0.013871297053992749,0.2072025845448176,0.2072025845448176,0.0,0.18594504098097484,1.7100284496943157,0.7162309624254704,0.19744791835546494,0.1650608405470848,0.2181263118982315,0.02253659814596176,0.08474177122116089,0.7789603769779205,0.1840861588716507,0.32944003616770107,0.570530300339063,4.017313685857189,0.0,0.6249107861845474,0.12589015811681747,0.1577652022242546,0.19259221106767654,0.31664663553237915,0.5057402551174164,0.6780057549476624,0.5331043899059296,0.4873926490545273,0.49183879792690277,0.5578684508800507,0.634708046913147,0.7182694673538208,1.7581117630004883,0.6249107861845474
324,2716.0464589595795,1.5384376510201643,0.2163989136616389,0.1722979724407196,0.22406349778175355,1.33356507619222,0.08630441576242447,0.14423657407363255,0.013870380632579327,0.21299493908882142,0.21299493908882142,0.0,0.1863044172525406,1.7765053749084472,0.7093424461781979,0.19477546960115433,0.16324416548013687,0.21647244691848755,0.022637451998889446,0.08474963530898094,0.779313862323761,0.18479736149311066,0.3149669027576844,0.5608376810948054,3.864888229205607,0.0,0.5936351832914551,0.12567157670855522,0.15749285370111465,0.1928795874118805,0.30899782478809357,0.4857065975666046,0.6190529763698578,0.5433640778064728,0.4957221746444702,0.4897744655609131,0.5428186655044556,0.5862959921360016,0.7070507109165192,1.7616234064102172,0.5936351832914551
325,2724.525234937668,1.5574052838298182,0.22108195821444193,0.17281480232874552,0.22282828787962597,1.3229359149932862,0.08661984552939733,0.14408004184563955,0.013863038395841916,0.23261566162109376,0.23261566162109376,0.0,0.18661984701951345,1.7529926856358846,0.7090905979275703,0.1892140805721283,0.1630088835954666,0.21918603777885437,0.022580661810934544,0.08457158505916595,0.7828994691371918,0.18490124493837357,0.31715326259533566,0.5507515147328377,3.8622137285592357,0.0,0.5931819550245743,0.12666665017604828,0.1620795577764511,0.19577409327030182,0.3100486695766449,0.4892136752605438,0.6191369295120239,0.5265000462532043,0.4880541115999222,0.47843554615974426,0.5269967019557953,0.5830544233322144,0.7014682590961456,1.631279742717743,0.5931819550245743
326,2732.9273071289062,1.5361356354318558,0.2166999727487564,0.17200410465399424,0.22420872151851653,1.3278027931849161,0.0869669571518898,0.1441586747765541,0.013864130154252053,0.2132308930158615,0.2132308930158615,0.0,0.1869669586420059,1.5289938489596049,0.7134366817772388,0.19665609300136566,0.16452953964471817,0.21725790947675705,0.02250470593571663,0.08439184352755547,0.7802188992500305,0.18517421185970306,0.33374442905187607,0.5760731051365534,4.084854127178583,0.0,0.638898210216654,0.12692607939243317,0.1635097861289978,0.20253251492977142,0.32648344337940216,0.5184745192527771,0.6645402312278748,0.5578090846538544,0.5099696815013885,0.5034264028072357,0.5501132309436798,0.6114411354064941,0.7236790955066681,1.5360651433467865,0.638898210216654
327,2741.346739053726,1.5261583221959882,0.21821966568628948,0.17183895905812582,0.2237142542997996,1.329089601834615,0.08740261147419612,0.14421139657497406,0.013863776934643586,0.20089929004510243,0.20089929004510243,0.0,0.18740261296431224,1.6271218101183573,0.7013181857764721,0.18932073563337326,0.1634237840771675,0.21514277905225754,0.022650093771517277,0.0846310593187809,0.7761092185974121,0.1857474222779274,0.31988286413252354,0.568497784435749,3.9245235546423967,0.0,0.6058147930739327,0.12573397532105446,0.16135983914136887,0.19811655580997467,0.31586524844169617,0.493445947766304,0.624775618314743,0.5316436588764191,0.49733105301856995,0.5000719577074051,0.5584847927093506,0.6156607866287231,0.7077944576740265,1.5209484040737151,0.6058147930739327
328,2749.875272989273,1.5254147791614134,0.2155164490143458,0.17098884880542756,0.2245494375626246,1.3276197512944539,0.0877810314297676,0.14457120696703593,0.0138563996180892,0.2030276934305827,0.2030276934305827,0.0,0.18778103291988374,1.4747387647628785,0.7076617404818535,0.19270088523626328,0.16259890794754028,0.21683070063591003,0.02257053554058075,0.0843796618282795,0.7755059897899628,0.18610264360904694,0.3287885629882415,0.5440268218517303,4.106314816690811,0.0,0.6435186052505729,0.12308073416352272,0.15913189202547073,0.19518019258975983,0.3137081414461136,0.5054082423448563,0.676222175359726,0.525724321603775,0.4772048145532608,0.4793194383382797,0.5375789403915405,0.5811330080032349,0.6632004082202911,1.6195368766784668,0.6435186052505729
329,2758.307256937027,1.5313272290319826,0.21905708412329356,0.17246384024620057,0.2234952449798584,1.3212573925654094,0.08811398893594742,0.14438861509164175,0.013851114207257827,0.2081481287876765,0.2081481287876765,0.0,0.18811399042606353,1.648788571357727,0.7045792005956173,0.19628731906414032,0.16304370015859604,0.21338501572608948,0.022589730098843575,0.08437809348106384,0.7703649699687958,0.1863812506198883,0.3151135668158531,0.549025130768617,3.6668874330865084,0.0,0.5547296959885085,0.1299775093793869,0.16410566121339798,0.19756107777357101,0.3088582456111908,0.4766128957271576,0.6135660111904144,0.5270769447088242,0.4841599464416504,0.48210059106349945,0.523687407374382,0.5898485779762268,0.6872773170471191,1.7739121913909912,0.5547296959885085
330,2766.769880056381,1.538252304502142,0.215952068567276,0.1715470830599467,0.22492387692133586,1.3344126145044963,0.0884459063410759,0.14432827631632486,0.013849963154643773,0.2118710160255432,0.2118710160255432,0.0,0.18844590783119203,1.927772013346354,0.7060033492743969,0.18939366936683655,0.16165509074926376,0.21789106726646423,0.022587189450860023,0.08436768129467964,0.780385434627533,0.1869056299328804,0.3289757656554381,0.5768659363190333,3.9994073570472515,0.0,0.6212300370714781,0.12659788876771927,0.16521866619586945,0.20981958508491516,0.34174202382564545,0.506316527724266,0.6241599023342133,0.5677679479122162,0.5208350121974945,0.5074321329593658,0.5575631260871887,0.6110957562923431,0.6965016424655914,1.8248271822929383,0.6212300370714781
331,2775.3058681488037,1.531944047853661,0.2179407685995102,0.17099801301956177,0.22402779757976532,1.3220670620600383,0.0888236736257871,0.14447942078113557,0.01384418768187364,0.20962066153685252,0.20962066153685252,0.0,0.18882367511590323,1.7498590230941773,0.7049006335437298,0.18799474835395813,0.16332416981458664,0.21762190014123917,0.02260005846619606,0.08431198447942734,0.7787961661815643,0.18695783615112305,0.33001258969306946,0.5680810635288557,4.087245019578594,0.0,0.6394414654370059,0.12486707419157028,0.16231606900691986,0.2021343633532524,0.32400065660476685,0.5103623270988464,0.6563950479030609,0.5603101849555969,0.5031708627939224,0.4893023669719696,0.5456699430942535,0.5963358581066132,0.7136971652507782,1.642173671722412,0.6394414654370059
332,2783.7588942050934,1.5359961371791238,0.2172134856383006,0.1710958868265152,0.22437066038449605,1.3180361111958823,0.0891139859954516,0.14427545567353567,0.013845298221955698,0.21659486889839172,0.21659486889839172,0.0,0.18911398748556774,1.4339250683784486,0.7025425732135773,0.18835489451885223,0.16232925653457642,0.21651152521371841,0.022504796274006367,0.08406256884336472,0.7769719660282135,0.18794026225805283,0.32586862208942574,0.571769155561924,4.112486954034759,0.0,0.6447079479465126,0.12493933364748955,0.16139476746320724,0.20007222890853882,0.3263908922672272,0.5138113796710968,0.6286031305789948,0.5466206967830658,0.4926576167345047,0.4904756247997284,0.5406526327133179,0.6115689873695374,0.7486393749713898,1.4197489678859712,0.6447079479465126
333,2792.228504896164,1.5643224412730585,0.2167528212070465,0.17072196304798126,0.22474585672219594,1.3184669812520344,0.08950835516055425,0.14403991401195526,0.01384396276747187,0.2455899626016617,0.2455899626016617,0.0,0.18950835665067037,1.5585049430529276,0.6988509632647038,0.1917192041873932,0.1605093851685524,0.21343853324651718,0.02259946148842573,0.08416971936821938,0.7700536549091339,0.18783441931009293,0.31755536670486134,0.5488228624065717,3.7870709024222884,0.0,0.5781248215657118,0.12756261229515076,0.16098245978355408,0.19814423471689224,0.31435203552246094,0.4830886572599411,0.6212022006511688,0.5134037584066391,0.4758567214012146,0.48275288939476013,0.5307977795600891,0.5871235132217407,0.7030025124549866,1.6216157734394074,0.5781248215657118
334,2800.775333881378,1.5758885847016548,0.21523413956165313,0.17003792027632395,0.22473934690157574,1.3229947566986084,0.08990597873926162,0.1445863331357638,0.01383771865318219,0.2554628570874532,0.2554628570874532,0.0,0.18990598022937774,1.6406566381454468,0.7020417787134647,0.18873704224824905,0.1604677066206932,0.21653544157743454,0.022559314966201782,0.0839977040886879,0.7780579626560211,0.1884458139538765,0.31283087097108364,0.558921699722608,3.7790620127945935,0.0,0.5762876528856037,0.12593599036335945,0.15830758959054947,0.19002711027860641,0.2967148423194885,0.4759199172258377,0.6300797760486603,0.5461873859167099,0.4969275891780853,0.48895804584026337,0.5410601198673248,0.5931881070137024,0.6872089505195618,1.6369109153747559,0.5762876528856037
335,2809.1911160945892,1.5575576423822592,0.21697425246238708,0.17004525065422058,0.22467787663141886,1.3170298178990683,0.090201169749101,0.1445474569996198,0.01383767422909538,0.23830692768096923,0.23830692768096923,0.0,0.19020117123921712,1.6347020149230957,0.7119764238595963,0.18864338845014572,0.16214580833911896,0.22113006561994553,0.02249866910278797,0.08383292332291603,0.7854440212249756,0.18841459602117538,0.3174045371512572,0.5455578317244848,4.108615552630263,0.0,0.6440453992506087,0.12244613468647003,0.15711921453475952,0.19204000383615494,0.3139481544494629,0.5030840933322906,0.6157896220684052,0.5014725029468536,0.4631456881761551,0.46826235949993134,0.5273225903511047,0.593156486749649,0.7199873626232147,1.6024094939231872,0.6440453992506087
336,2817.51362991333,1.5195804923384761,0.21366023719310762,0.1691811551650365,0.22472032407919565,1.322951356569926,0.09056163082520167,0.14459052036205927,0.01383176694313685,0.2008453518152237,0.2008453518152237,0.0,0.19056163231531778,1.6297086238861085,0.7110028378665447,0.19671936333179474,0.16268708556890488,0.21646996587514877,0.022524381056427956,0.08388502150774002,0.7779020071029663,0.18888985365629196,0.31694305998583633,0.5641845216353735,3.886766710647541,0.0,0.5981053863675936,0.12583686783909798,0.15902962535619736,0.19288965314626694,0.3124220073223114,0.48909854888916016,0.6223816573619843,0.5169943422079086,0.49082860350608826,0.5080092698335648,0.5670242607593536,0.5996255576610565,0.7026250958442688,1.7269404649734497,0.5981053863675936
337,2825.856724023819,1.521231740359993,0.21622451643149057,0.169363072514534,0.2248077690601349,1.3201725721359252,0.09091308464606603,0.14401836295922596,0.013828884065151214,0.20219101905822753,0.20219101905822753,0.0,0.19091308613618216,1.75668576558431,0.7057763338088989,0.19016094505786896,0.16075843572616577,0.21761808544397354,0.02257938403636217,0.08386783301830292,0.7808220684528351,0.1892358437180519,0.3207645993679762,0.5673488179842631,4.121156112487565,0.0,0.6467597340036839,0.12152067944407463,0.160635344684124,0.20090901851654053,0.32661834359169006,0.5008056908845901,0.6140985190868378,0.5531027317047119,0.4875336140394211,0.4881896823644638,0.5377629399299622,0.6170371174812317,0.720466822385788,1.598095703125,0.6467597340036839
