epoch,elapsed_time,total_loss,l_pred,l_multi,l_probe,l_coord,spike_rate,grad_norm,val_total_loss,val_l_pred,val_l_multi,val_l_probe,val_l_coord,val_pos_err,val_vel_err,val_spike_rate,grad_norm_recent
1,6.949141979217529,6.438656894365947,5.506417910257976,0.3920703411102295,0.36810190677642823,0.22987892727057138,0.11185904939969381,3.7647990084070515,6.3348056226968765,5.467002868652344,0.32483145594596863,0.35269351303577423,0.23850113153457642,0.6863249242305756,0.8343967795372009,0.10897292196750641,3.324338100477881
2,13.46894383430481,6.282456940412521,5.481986331939697,0.31155462662378947,0.32234664758046466,0.2273299147685369,0.10955973267555237,2.3927882447411424,6.346754975616932,5.502474069595337,0.2911189943552017,0.34936070442199707,0.2421814575791359,0.6823813915252686,0.8405781686306,0.10812505707144737,2.286784741771688
3,19.841717958450317,6.260014022390048,5.491956583658854,0.284267387787501,0.31296187241872153,0.23472989698251087,0.10769390215476354,1.706483445288695,6.318121954798698,5.495675325393677,0.27746060490608215,0.3418581634759903,0.25052594393491745,0.6819100677967072,0.8231460154056549,0.10758957639336586,1.6265160022357175
4,26.340703010559082,6.248254497845967,5.490218639373779,0.27170120080312093,0.31109262903531393,0.24359042346477508,0.10746891250212988,1.441241012794009,6.284887753427029,5.464856386184692,0.26293937861919403,0.34428083896636963,0.25833383202552795,0.6835136711597443,0.8268730044364929,0.10729248076677322,1.4547771384658392
5,32.708003759384155,6.188750737408797,5.4344843546549475,0.2577514519294103,0.3126953283945719,0.2513591110706329,0.10640212694803873,1.1004437135729066,6.160781156271696,5.352235555648804,0.2483285292983055,0.3421906679868698,0.26441138982772827,0.6858256757259369,0.8232005834579468,0.10584193840622902,1.0231013054364222
6,39.008070945739746,6.059456812838714,5.313020451863607,0.24228512346744538,0.3126468996206919,0.2560389111439387,0.10421777268250783,0.9078431734984854,6.0320409424602985,5.2429444789886475,0.23250708729028702,0.3364214599132538,0.26721949875354767,0.687600702047348,0.8118385672569275,0.10413428768515587,0.8981328277542711
7,45.6828727722168,5.949019034206867,5.208692646026611,0.22953799466292063,0.3127786954243978,0.25806671380996704,0.10362065881490708,0.7372603195517314,5.973879370838404,5.193344831466675,0.22836846858263016,0.3331751525402069,0.2687666118144989,0.6874614655971527,0.8051996529102325,0.10417172312736511,0.7194896431348173
8,52.264559745788574,5.895823053022226,5.16178347269694,0.2243646611769994,0.31092862486839296,0.2595686674118042,0.10415917932987213,0.6530643716993383,5.905239384621382,5.1370532512664795,0.22218956798315048,0.3285456746816635,0.27036118507385254,0.6874160468578339,0.7954978942871094,0.10463198646903038,0.6379981977777642
9,58.74719595909119,5.869683297475179,5.134705988566081,0.22177916367848713,0.31204386353492736,0.26084086994330086,0.10286626468102138,0.5919978618951156,5.9262355379760265,5.155393838882446,0.2246643528342247,0.32925476133823395,0.2713630348443985,0.6877217292785645,0.7957801222801208,0.10167823359370232,0.5768727509872847
10,65.52594685554504,5.867267770071824,5.131920369466146,0.2222773998975754,0.3121043503284454,0.2615380714337031,0.10255295137564341,0.5465324072643968,5.854448243975639,5.088269472122192,0.21816423535346985,0.328548327088356,0.27182628214359283,0.6880313158035278,0.796471118927002,0.10314976423978806,0.5291977338558069
11,72.21805191040039,5.794641573727131,5.066926161448161,0.21517229775587718,0.31006463170051574,0.2618794679641724,0.10316319465637207,0.5143542935946003,5.777540888637304,5.015548944473267,0.210021011531353,0.3284907191991806,0.27211353182792664,0.6882656812667847,0.7947592735290527,0.10288330167531967,0.5083168515215262
12,78.66223287582397,5.718656586110592,4.990073331197103,0.20857699414094288,0.3121473789215088,0.262189045548439,0.1028109277288119,0.5032710048148068,5.744162175804377,4.980519771575928,0.20922762900590897,0.3295142948627472,0.27248677611351013,0.6882066130638123,0.7961290776729584,0.10210792347788811,0.5060074442451363
13,84.96374297142029,5.68748786598444,4.964747428894043,0.20695963203907014,0.3096303105354309,0.262539267539978,0.10223703334728877,0.5033847610625777,5.678580742329359,4.928862571716309,0.20308425277471542,0.3240880221128464,0.272749200463295,0.6878966689109802,0.7876014411449432,0.10141927003860474,0.5067394627585015
14,91.19313883781433,5.582513833542665,4.867779668172201,0.19659519294897715,0.3082182844479879,0.262741427620252,0.09952625930309296,0.5413994317041017,5.5248840637505054,4.787456274032593,0.18712721019983292,0.3219320923089981,0.2728279083967209,0.6886070966720581,0.7831752300262451,0.09669073298573494,0.5643004286920548
15,97.39665007591248,5.350111259023349,4.645853010813395,0.17364879647890727,0.30871692498524983,0.2625200887521108,0.09426850030819575,0.5882912965303064,5.195537310093641,4.482198476791382,0.16032668203115463,0.31658774614334106,0.2724551409482956,0.6890384256839752,0.7736232876777649,0.09291811659932137,0.5980829711325102
16,103.72560095787048,5.093983866274357,4.4051355997721355,0.1563771277666092,0.3053298513094584,0.2623197873433431,0.0925973321000735,0.5254799574975582,5.044543460011482,4.335296630859375,0.15233954787254333,0.3165385276079178,0.2724130004644394,0.6882052421569824,0.7751613557338715,0.09231224283576012,0.4918045877162333
17,110.06084775924683,4.956533044576645,4.271783097585042,0.14849817355473835,0.3052504301071167,0.26237541635831196,0.09193343073129653,0.43883572972744683,4.856468193233013,4.162765264511108,0.13975368440151215,0.31191304326057434,0.27246566116809845,0.6879960894584656,0.7620334625244141,0.09128987789154053,0.4257541074486738
18,116.5448567867279,4.829989075164,4.150099817911784,0.14063179393609365,0.30478668014208476,0.262379918495814,0.09119368443886439,0.40708133941430596,4.781620245426893,4.086232662200928,0.1372809037566185,0.3133735656738281,0.2723577916622162,0.6878950893878937,0.7669057548046112,0.09101242572069168,0.391666543097969
19,122.91951489448547,4.776995008687178,4.100096861521403,0.13880708515644075,0.30374730229377744,0.2621980577707291,0.09037006249030431,0.3900198926250555,4.772384773939848,4.076667785644531,0.13758357614278793,0.31346260011196136,0.2722173482179642,0.6880376636981964,0.7659691274166107,0.0901414267718792,0.3857635812507914
20,129.23001074790955,4.779004873832067,4.100405470530192,0.1404517928759257,0.30418675343195595,0.26205126345157626,0.09041482259829839,0.42386753304084684,4.798011306673288,4.097459077835083,0.1398807242512703,0.3153059333562851,0.27184052765369415,0.6874848008155823,0.7727132439613342,0.09049380198121071,0.42708530152472113
21,135.51394391059875,4.81401779850324,4.1319764137268065,0.14304171800613402,0.3052602628866831,0.2617066482702891,0.09145269145568212,0.45160418347603887,4.8509476557374,4.146327495574951,0.14395828545093536,0.3163205087184906,0.27175143361091614,0.6873044669628143,0.7723967432975769,0.09218122437596321,0.44550723152943184
22,141.7833297252655,4.871976898610592,4.187276331583659,0.14765019118785858,0.30543773571650185,0.26166747013727826,0.09321972678105037,0.45535143668332995,4.95014064013958,4.236526012420654,0.15318229794502258,0.3185117393732071,0.27165360748767853,0.6865918934345245,0.7806653380393982,0.09351079910993576,0.4510976535233772
23,148.18976998329163,4.952831424276034,4.263178857167562,0.15616700053215027,0.30578453342119855,0.26152465542157494,0.09381966094175974,0.4457630952383372,5.004953116178513,4.286416292190552,0.15855717658996582,0.31962911784648895,0.27150195837020874,0.6858601272106171,0.783586710691452,0.09435756132006645,0.4426190248459651
24,154.7597599029541,4.986418480674426,4.298431619008382,0.16019289294878641,0.3039452075958252,0.26132162710030876,0.09419221927722295,0.43325886523625096,5.000822905451059,4.288848161697388,0.1602020338177681,0.3159368634223938,0.2712468206882477,0.6851831078529358,0.7745423913002014,0.09410586580634117,0.42782307748244836
25,161.04315495491028,4.962671774625778,4.2729805628458655,0.15854276418685914,0.3052099148432414,0.26110705037911736,0.09420366783936819,0.40574046969475414,5.008005868643522,4.296915054321289,0.16131629794836044,0.3152163326740265,0.27108144760131836,0.6847924590110779,0.776767373085022,0.09574928134679794,0.41726602796166334
26,167.4575958251953,4.999672910074393,4.3093793551127115,0.1618072917064031,0.3046949545542399,0.26098695000012717,0.09611154496669769,0.4651390303892318,5.070053573697805,4.345947504043579,0.16585295647382736,0.3205897957086563,0.2710764408111572,0.6839351654052734,0.7857323288917542,0.09585873410105705,0.469845664808345
27,173.77912282943726,5.018434242407481,4.328556728363037,0.16290460427602133,0.30421260595321653,0.26100874940554303,0.09652295062939326,0.4495885028670623,5.044178009033203,4.327284336090088,0.16217344999313354,0.31790347397327423,0.2711584270000458,0.6833450496196747,0.7808260321617126,0.09652872383594513,0.4501940842061004
28,180.2432188987732,4.97235766450564,4.2871296564737955,0.1598405639330546,0.3026538630326589,0.26101067562898,0.09616769750912985,0.4407864224642745,4.9490180015563965,4.247737646102905,0.15605241060256958,0.3116270750761032,0.27088208496570587,0.6829603314399719,0.7668875753879547,0.09512369707226753,0.45142290582028244
29,186.55232787132263,4.9295516312122345,4.246613057454427,0.1562196453412374,0.30241437554359435,0.26081359187761943,0.09672108292579651,0.44378032301448467,4.931296303868294,4.2271568775177,0.15495362877845764,0.3133313059806824,0.2710998207330704,0.6824443340301514,0.7698130905628204,0.09672194719314575,0.4474213660579903
30,192.73190689086914,4.887834637363752,4.209316031138102,0.15367480317751567,0.30084060231844584,0.2609601189692815,0.09617225428422292,0.43423629669449276,4.92903707921505,4.220301151275635,0.1550615131855011,0.3156025856733322,0.2710263282060623,0.6820870637893677,0.775551825761795,0.09610182791948318,0.4400973376864637
31,199.15787982940674,4.865245376030604,4.188285954793295,0.15220876932144164,0.30042751828829445,0.26076785326004026,0.09691737194856008,0.39957235995179324,4.882384039461613,4.186399459838867,0.1528230458498001,0.30978652834892273,0.27064789831638336,0.6812244355678558,0.7655623853206635,0.09646786749362946,0.4082363434324101
32,205.4990689754486,4.863599332173665,4.187196350097656,0.1523562749226888,0.30011242230733237,0.2605120857556661,0.0976815328001976,0.4007204367078723,4.884299091994762,4.188746213912964,0.1528060883283615,0.3095749169588089,0.27066749334335327,0.6802057921886444,0.7655258476734161,0.09830014035105705,0.40622214462529344
33,211.87459087371826,4.8320096383492155,4.157440853118897,0.15050306518872578,0.2996586263179779,0.26055866678555806,0.09817621558904648,0.4074390363539789,4.819099262356758,4.122605800628662,0.1480693519115448,0.3112293928861618,0.2707744687795639,0.6798767745494843,0.7687800228595734,0.09829229488968849,0.4102737233876777
34,218.53780484199524,4.792760287225247,4.121691417694092,0.14798214932282766,0.2985388974348704,0.26056408882141113,0.0984387477238973,0.3816089720690058,4.778345350176096,4.091785430908203,0.14582926779985428,0.30682264268398285,0.27060550451278687,0.6791455447673798,0.7596861720085144,0.09876883029937744,0.38632090309010625
35,224.96010875701904,4.731094933549563,4.064089552561442,0.14351457158724468,0.29762404759724936,0.26036545634269714,0.09870627125104268,0.3994704595723443,4.73125159367919,4.046541929244995,0.14204328507184982,0.3068440109491348,0.2704393118619919,0.6780347228050232,0.7606379389762878,0.09829310700297356,0.41000361720093037
36,231.2300319671631,4.691734384497007,4.024554014205933,0.14055671493212382,0.2984510064125061,0.2602008750041326,0.0986324871579806,0.39036120931834994,4.701900448650122,4.0150206089019775,0.14059757441282272,0.3082905262708664,0.2702682465314865,0.6773059070110321,0.7673440277576447,0.09804821386933327,0.39481727707097264
37,237.5554540157318,4.61188289274772,3.9497427781422934,0.1353021929661433,0.29724450906117755,0.2601058026154836,0.09815359165271123,0.3841808255960437,4.643124382942915,3.9574151039123535,0.13628938049077988,0.30878229439258575,0.27027827501296997,0.6767434477806091,0.7676288783550262,0.09855329245328903,0.38357504300046863
38,243.94632768630981,4.584488207598527,3.9232598781585692,0.13370938797791798,0.2971868177254995,0.2599245736996333,0.09848025192817052,0.4086568162396074,4.590206932276487,3.915420651435852,0.1331145390868187,0.304114505648613,0.2699955701828003,0.6758508384227753,0.7591045796871185,0.09845244139432907,0.4111212398130376
39,250.39785766601562,4.52501776466767,3.867653322219849,0.12980366249879202,0.2962313055992126,0.2597559650739034,0.09831336885690689,0.40294128977902427,4.476065760478377,3.802563786506653,0.12493396922945976,0.3055174946784973,0.2698480188846588,0.6752808690071106,0.7606939971446991,0.09798246994614601,0.4011993225518843
40,256.8093230724335,4.4931438632309435,3.836198155085246,0.12791550705830257,0.2964939773082733,0.2595988094806671,0.09865234394868215,0.38842073592485427,4.5059878416359425,3.834701180458069,0.1283128634095192,0.303565114736557,0.26977549493312836,0.673961341381073,0.7589584290981293,0.09864135831594467,0.38812447204250705
41,262.89006900787354,4.45086300422748,3.797866185506185,0.12556262115637462,0.29510775407155354,0.2594387720028559,0.09852121224006018,0.39245393951358093,4.479204503819346,3.8089689016342163,0.1262405477464199,0.3035576641559601,0.2695155143737793,0.6733394861221313,0.7580249011516571,0.09821277484297752,0.4032020173386698
42,269.3376498222351,4.4469195311268175,3.793911854426066,0.12539595464865366,0.2951548496882121,0.25917082726955415,0.09865527401367823,0.3904665397893815,4.515527166426182,3.8400566577911377,0.12918336689472198,0.30543941259384155,0.26923561096191406,0.6719540357589722,0.7644708156585693,0.0989571139216423,0.40138665801403545
43,275.7370808124542,4.40646218508482,3.754814926783244,0.1226021776596705,0.29517308473587034,0.2589151511589686,0.09851605892181396,0.41476766005308063,4.398899920284748,3.7298827171325684,0.12147022783756256,0.3041410446166992,0.26899494230747223,0.6705673336982727,0.7626695036888123,0.09758364781737328,0.41890364204389885
44,282.0558228492737,4.3580251341064775,3.712221113840739,0.12022187809149425,0.29284654060999554,0.2586781402428945,0.0977682833870252,0.3893503567130851,4.395236833021045,3.735235810279846,0.12169798836112022,0.2995760142803192,0.26892463862895966,0.6696555614471436,0.7527096271514893,0.09820649772882462,0.4015450763234639
45,288.4460108280182,4.412624119222164,3.76473495165507,0.12439764042695363,0.2928451736768087,0.25859077970186867,0.09850732386112213,0.43304497044926726,4.477265000343323,3.806801676750183,0.1280360221862793,0.30322265625,0.2687842696905136,0.6689146459102631,0.7621373236179352,0.09910615533590317,0.45254874112235133
46,294.5554449558258,4.473101921379566,3.8235087712605793,0.1285505602757136,0.292658934990565,0.25838111837704975,0.09958110849062601,0.408069089224915,4.444797640666366,3.781122088432312,0.12606431171298027,0.30032169818878174,0.26856280863285065,0.6681672930717468,0.7599678635597229,0.09844191744923592,0.4056658328880668
47,300.8891808986664,4.41838686093688,3.7748485883076985,0.12548051724831263,0.2903990070025126,0.2580689380566279,0.09788997371991476,0.41549921451160715,4.4409729447215796,3.7751699686050415,0.1253424696624279,0.30156587064266205,0.26824091374874115,0.6661700904369354,0.7601318955421448,0.09790318086743355,0.4260946813365839
48,307.27197790145874,4.368452526628971,3.7270934104919435,0.12216629485289256,0.29013798435529076,0.25774823129177094,0.0980195313692093,0.41343295198191377,4.422857927158475,3.7686787843704224,0.1248110868036747,0.2958867996931076,0.2679191827774048,0.6647622585296631,0.7488633096218109,0.09881696477532387,0.40996103674329154
49,313.61421489715576,4.385172482828299,3.7455332120259603,0.1232670158147812,0.28900288144747416,0.2574786792198817,0.09891276011864344,0.38948451783684024,4.418871192261577,3.7597004175186157,0.12490707263350487,0.29835861921310425,0.26773519814014435,0.6635746657848358,0.7531998455524445,0.09897582978010178,0.38893531728174047
50,320.08200192451477,4.3701899001995725,3.731292947133382,0.12280545830726623,0.2887471119562785,0.2572738975286484,0.09805056403080623,0.3851151963840151,4.386234221979976,3.7293477058410645,0.12351059541106224,0.29756560921669006,0.26762261986732483,0.6627859771251678,0.7561395168304443,0.09768392145633698,0.38344938101133214
51,326.8963258266449,4.36293499370416,3.727983585993449,0.12282801270484925,0.2867687006791433,0.2571373720963796,0.097432508567969,0.3916343639390136,4.402246428653598,3.746661901473999,0.12475868687033653,0.29660259187221527,0.2673841714859009,0.661105215549469,0.752858579158783,0.09748663008213043,0.39977298451616566
52,333.301953792572,4.36112295438846,3.7269163449605305,0.123171799381574,0.286310354868571,0.2568484514951706,0.09740684578816096,0.38950673976465505,4.341389650478959,3.6882470846176147,0.12096749618649483,0.29632940888404846,0.26712480187416077,0.6595179438591003,0.7508499324321747,0.0965416319668293,0.3734406738776558
53,339.6623947620392,4.372441896051169,3.739981110890706,0.1238332395752271,0.28527208268642423,0.25655461152394615,0.09766889214515687,0.39387996358210137,4.335773505270481,3.6827272176742554,0.11967720091342926,0.29660384356975555,0.26688316464424133,0.6577284634113312,0.7553862631320953,0.09677519276738167,0.39884329468142143
54,345.96434903144836,4.323790553460518,3.6938325564066568,0.12093295902013779,0.28474575877189634,0.25624181628227233,0.09691916207472483,0.3994620054262575,4.308432957157493,3.664473533630371,0.11981074139475822,0.2920270264148712,0.2666357606649399,0.6560977697372437,0.7466140985488892,0.09579967707395554,0.3959905969221681
55,352.229749917984,4.322862734397252,3.6949775218963623,0.12123887936274211,0.28363288640975953,0.2560420612494151,0.09702414323886235,0.4133956546663596,4.344508228823543,3.6979739665985107,0.12130391225218773,0.292941153049469,0.26646432280540466,0.6546871960163116,0.7499451637268066,0.09690330550074577,0.4003305315545074
56,358.54715871810913,4.323340648661057,3.695411443710327,0.12106841852267583,0.28369749784469606,0.2558221717675527,0.09740880032380422,0.40651476438844114,4.286600047722459,3.6418118476867676,0.11739783361554146,0.29304464161396027,0.26627106964588165,0.6526928842067719,0.752565324306488,0.09681181237101555,0.4201478554191871
57,364.9444999694824,4.290832341710726,3.6694181601206464,0.11950609087944031,0.28083056807518003,0.25557199915250145,0.09702669233083724,0.38822750338628487,4.2931688111275434,3.647990107536316,0.11842470988631248,0.29298317432403564,0.2660227119922638,0.6514497995376587,0.7548688352108002,0.09626564010977745,0.4029440949827531
58,371.31992506980896,4.27107817530632,3.6507657210032147,0.11849224964777628,0.28053316473960876,0.2552836010853449,0.09676763365666072,0.38849826196724474,4.273749420419335,3.6294689178466797,0.11669035628437996,0.29296766221523285,0.26568058133125305,0.6488625407218933,0.7556358277797699,0.09671660140156746,0.37969580182646967
59,377.60569405555725,4.278474752108256,3.658489402135213,0.11893785794576009,0.2802582105000814,0.254896280169487,0.09694205820560456,0.3987275488023468,4.329964954406023,3.686625361442566,0.12115535885095596,0.29138095676898956,0.2653966695070267,0.64593705534935,0.75323086977005,0.09725266322493553,0.4003583435722125
60,383.97554898262024,4.275300978620847,3.6565141836802164,0.11892092029253641,0.27966316739718117,0.2546299437681834,0.09695046693086624,0.4134058184174626,4.244555836543441,3.6042640209198,0.11491669341921806,0.291416734457016,0.2651715874671936,0.6436948776245117,0.755342572927475,0.09659086540341377,0.4217380960098523
61,390.3520257472992,4.246743380029996,3.633233992258708,0.11714947819709778,0.27746732433636984,0.25430926978588103,0.09722243895133337,0.4302577818897318,4.2611446268856525,3.628427743911743,0.11716900020837784,0.28706619143486023,0.2648784965276718,0.6408973336219788,0.7479436993598938,0.09717203676700592,0.4387343652072218
62,396.7081768512726,4.2211179169515765,3.6128883202870687,0.11592162301143011,0.2751343925793966,0.25405123035113014,0.09748757481575013,0.4123261939467246,4.200262168422341,3.5704315900802612,0.11351992562413216,0.286535307765007,0.26473142206668854,0.6389331221580505,0.7488064765930176,0.09693551436066628,0.40595202615477344
63,403.08300399780273,4.203310563415289,3.594673983256022,0.11502941101789474,0.2755609373251597,0.2537403037150701,0.09693267246087392,0.4040325468362156,4.209898993372917,3.5794655084609985,0.11389002203941345,0.28674423694610596,0.2643474340438843,0.6369044482707977,0.7484540045261383,0.0971386693418026,0.42130796566734885
64,409.5417969226837,4.181611640999715,3.57538161277771,0.11362898300091426,0.2747077683607737,0.25330026547114054,0.0974934900800387,0.41765991880289877,4.216663185507059,3.5886446237564087,0.11415589600801468,0.28547030687332153,0.26395681500434875,0.6333138346672058,0.7480050921440125,0.09787469729781151,0.4274226640613765
65,415.9212067127228,4.155187092721462,3.5577139695485434,0.11267581085364024,0.2705676088730494,0.2529037922620773,0.0975009227792422,0.4131541400314999,4.122922072187066,3.509663701057434,0.11028118804097176,0.27905888855457306,0.2637023478746414,0.6297633051872253,0.7397887706756592,0.0962350033223629,0.40007141402827145
66,422.2994349002838,4.116180754204591,3.5222646713256838,0.1102860301733017,0.2693865338961283,0.25261459151903787,0.09734955430030823,0.39793026223568906,4.126045549288392,3.5077871084213257,0.10927968099713326,0.2818093001842499,0.26339080929756165,0.6268022060394287,0.7482062578201294,0.09702945128083229,0.393045810818236
67,428.62202191352844,4.1051211945712565,3.5121341228485106,0.1098516250650088,0.26903062959512075,0.25217476586500803,0.09712988237539927,0.40134612547999904,4.13416900485754,3.5172308683395386,0.1100793331861496,0.2809492349624634,0.26294921338558197,0.623279869556427,0.7492900490760803,0.09741077199578285,0.4070219650902754
68,434.9919927120209,4.08706834713618,3.5005179246266684,0.1091175119082133,0.2659958332777023,0.25166493753592173,0.09737494538227717,0.42146273693367836,4.111753614619374,3.4985352754592896,0.10961968079209328,0.27920424938201904,0.26250168681144714,0.6181346476078033,0.748689591884613,0.09688133373856544,0.41699987456805393
69,441.29568696022034,4.07100732550025,3.4869292259216307,0.10860643833875656,0.26488744020462035,0.25118896663188933,0.09701128403345743,0.4196997140130972,4.084230527281761,3.47686231136322,0.10792592167854309,0.2767026275396347,0.2621057331562042,0.614217221736908,0.7455885112285614,0.09684651717543602,0.42106573180574863
70,447.54364800453186,4.060989652822415,3.4789230982462565,0.10804256349802017,0.2640226364135742,0.25076747834682467,0.09717713793118794,0.4134364551392187,4.05952462553978,3.4535906314849854,0.10620319843292236,0.27641619741916656,0.26167935132980347,0.6097626686096191,0.7455404698848724,0.09682245180010796,0.4138181355759617
71,454.03346586227417,4.0314957201480865,3.4574987411499025,0.10681925614674886,0.2602936754624049,0.25024588803450265,0.09682297110557556,0.4421708718313853,4.049439303576946,3.448588728904724,0.10662131011486053,0.27376995980739594,0.26121798157691956,0.6043176352977753,0.7459403276443481,0.09657691419124603,0.4478836713486283
72,460.491575717926,4.008074369033178,3.4387852509816486,0.10557267268498739,0.2582513908545176,0.24971223175525664,0.09682172338167826,0.4377760003718563,4.041645225137472,3.4532095193862915,0.10649573057889938,0.2675939202308655,0.26071618497371674,0.5986863672733307,0.7372754514217377,0.09684686735272408,0.4500213304302962
73,466.91705083847046,4.035274753967921,3.4731170654296877,0.10762926340103149,0.25417152841885887,0.2489094873269399,0.09730061888694763,0.42005898905109995,4.045969095081091,3.4505932331085205,0.1061464175581932,0.2711513265967369,0.259941428899765,0.5906974971294403,0.7478505671024323,0.09725992754101753,0.41139985726106226
74,473.39659810066223,4.029990460971991,3.4705169677734373,0.10741220414638519,0.2528836955626806,0.2481885512669881,0.09706830432017645,0.40043270441751433,4.061315327882767,3.4701106548309326,0.10715258121490479,0.26881419122219086,0.2593100965023041,0.5836659967899323,0.7475456893444061,0.09705380350351334,0.4080912811145678
75,479.81968784332275,4.013072107980649,3.4591339429219565,0.10684642146031062,0.2502574771642685,0.24748888810475667,0.09712087710698446,0.4361955798509665,4.023985177278519,3.437130570411682,0.10539239645004272,0.2670792043209076,0.25876227021217346,0.5772505104541779,0.7479760646820068,0.09691696986556053,0.4392558470006179
76,486.11985993385315,4.017056848357121,3.468050400416056,0.10741043835878372,0.2476506143808365,0.24684896965821584,0.0971614584326744,0.43129254680636714,4.066999953240156,3.4865983724594116,0.10888733714818954,0.2629789561033249,0.2580055445432663,0.5679799318313599,0.7439654767513275,0.09718604758381844,0.43300701209066067
77,492.6248767375946,3.996574838459492,3.4564105033874513,0.10695039331912995,0.2433445692062378,0.2457743207613627,0.09712429443995158,0.4010417171654508,4.001412935554981,3.429695963859558,0.1052515059709549,0.25954560935497284,0.25698746740818024,0.5567370653152466,0.7430511713027954,0.09679094702005386,0.3948385916199642
78,498.7842917442322,3.9868691268066567,3.457619555791219,0.10700150380531946,0.23787440955638886,0.2447013070185979,0.09721516917149226,0.4219142537501244,3.949529493227601,3.3905889987945557,0.1029558964073658,0.25373127311468124,0.256024032831192,0.5449572205543518,0.7398053705692291,0.09600277990102768,0.4384406386219532
79,505.08432173728943,3.956121324499448,3.4342780431111652,0.10545748273531595,0.2345572700103124,0.2436557283004125,0.09710172563791275,0.46172137781443623,3.9884823989123106,3.4323776960372925,0.10528942570090294,0.2517299950122833,0.2549527436494827,0.5322514176368713,0.7452990114688873,0.09718936309218407,0.45634233600797314
80,511.50403094291687,3.935911716769139,3.4283194065093996,0.10486714392900467,0.22757936914761862,0.24187235534191132,0.09700661897659302,0.4219929694013403,4.009726695716381,3.464643120765686,0.10836590826511383,0.24545031040906906,0.2531329393386841,0.5117939710617065,0.7433969378471375,0.09686627984046936,0.434364655633631
81,518.0542058944702,3.9251725703477858,3.430717865626017,0.10507060488065084,0.22095970114072164,0.24010197520256044,0.09727468589941661,0.4522075526718735,3.960181647911668,3.420790672302246,0.10471664741635323,0.24351632595062256,0.25179538130760193,0.49515141546726227,0.7429875135421753,0.09724853560328484,0.4764054382376826
82,524.4661750793457,3.9070456276337304,3.42645206451416,0.10502528150876363,0.2140404611825943,0.23830542067686716,0.09723236709833145,0.46552807576363725,3.991500237956643,3.460321068763733,0.1067475862801075,0.23890268802642822,0.2493734061717987,0.46837887167930603,0.7527375817298889,0.09781808033585548,0.44729188556168104
83,531.1151328086853,3.9080483466386795,3.4436663309733073,0.10576758583386739,0.20574911137421925,0.23503109316031137,0.09754573553800583,0.45871561470763994,4.003427520394325,3.4887349605560303,0.10926774144172668,0.23002934455871582,0.24639802426099777,0.4332088679075241,0.7471157908439636,0.09749215468764305,0.46580702000113694
84,537.5218749046326,3.9003978341817858,3.4573965549468992,0.10677966078122457,0.19480572442213695,0.23163045843442281,0.09742713868618011,0.45179496524170004,3.975273445248604,3.478471040725708,0.10839298367500305,0.22130295634269714,0.24321210384368896,0.3965666592121124,0.7413860559463501,0.09748907387256622,0.47380824723142057
85,543.94673204422,3.891018368800481,3.464759683609009,0.1072307268778483,0.1863216608762741,0.22782347400983174,0.09767740865548452,0.4324932772314405,3.957262670621276,3.4794358015060425,0.10803795978426933,0.21190394461154938,0.23821884393692017,0.34169310331344604,0.7392907738685608,0.09788458049297333,0.4328101612587602
86,550.2712860107422,3.8911913712819417,3.494257672627767,0.1090262770652771,0.17121028006076813,0.22035307387510936,0.09789225359757742,0.4307710598784314,3.9750361796468496,3.510686755180359,0.10942010208964348,0.2048196867108345,0.23105338960886002,0.28163328766822815,0.7359475791454315,0.09796537831425667,0.43643526754626744
87,556.6664867401123,3.8881945264836153,3.5063418706258136,0.11000525802373887,0.163425013422966,0.2117591847976049,0.09775179127852122,0.4562337019932536,3.988440904766321,3.5313515663146973,0.11208624392747879,0.20052310824394226,0.2206457257270813,0.26328739523887634,0.736359715461731,0.09765416011214256,0.4668584543348017
88,562.9324197769165,3.9408120666941007,3.55342386563619,0.11294926305611928,0.16545678476492565,0.19709691007932026,0.09834396789471309,0.5130189661020513,4.06720957159996,3.5906726121902466,0.11539670825004578,0.20941930264234543,0.20480398833751678,0.33630797266960144,0.7229496240615845,0.0986778624355793,0.5309228140195549
89,569.0338439941406,4.12507574458917,3.6533967018127442,0.11935850183169047,0.20599989593029022,0.17435298959414164,0.09988986601432165,0.6308786149973178,4.338847063481808,3.7088857889175415,0.12309657037258148,0.28420649468898773,0.17607808113098145,0.5797245502471924,0.7325100302696228,0.100761778652668,0.6564194727714415
90,575.2928657531738,4.512855572998523,3.7871012051900226,0.12849783400694528,0.33075272540251416,0.1409370481967926,0.10156222929557164,0.857127707870733,4.7127615213394165,3.8254449367523193,0.1310444474220276,0.4108971804380417,0.14474918693304062,0.8585487604141235,0.7335878312587738,0.1019619032740593,0.9037982956290737
91,581.6994397640228,4.8134945929050446,3.8745126406351726,0.1338844656944275,0.4360198597113291,0.11488642245531082,0.10319525748491287,1.0188862743719438,4.828529324382544,3.872671127319336,0.13348912447690964,0.4445568174123764,0.1264217048883438,0.9440930485725403,0.7100478708744049,0.1034170389175415,1.038867104800643
92,588.0286958217621,4.853875240683555,3.890488608678182,0.13433172106742858,0.4481103857358297,0.09914292246103287,0.10390673826138179,1.0909950558345913,4.79966377094388,3.8444950580596924,0.13120201975107193,0.44478385150432587,0.11103330552577972,0.9554632604122162,0.7082920372486115,0.10399896651506424,1.092177805823956
93,594.3645179271698,4.7803545897205675,3.8728710810343423,0.13300012449423473,0.42049172321955364,0.08619442433118821,0.1044614260395368,1.1038384478583148,4.712268378585577,3.8579213619232178,0.132109634578228,0.3941460996866226,0.1012660302221775,0.8876782357692719,0.6918964385986328,0.10419520735740662,1.1005430977779413
94,600.7190480232239,4.663375009099642,3.865870157877604,0.13227911988894145,0.3656826456387838,0.07715036471684773,0.10460215906302134,1.0827082012657392,4.610089793801308,3.849173665046692,0.13193956017494202,0.3474731743335724,0.09164680913090706,0.8087125420570374,0.685501903295517,0.10400000959634781,1.0596375911092124
95,607.1217019557953,4.563539880514145,3.863973871866862,0.13218223651250202,0.31673744519551594,0.06849881211916606,0.10499978264172873,1.017852116429884,4.566321313381195,3.880803942680359,0.13338536024093628,0.309412345290184,0.08183528482913971,0.7418349087238312,0.6775736510753632,0.10518897324800491,1.0244069728901661
96,613.4182288646698,4.482459682226181,3.8656052271525065,0.13201044797897338,0.2754246155420939,0.06065283889571826,0.10548632740974426,1.0060626262460866,4.457558125257492,3.8597664833068848,0.13220670819282532,0.2658441439270973,0.07524304836988449,0.6493514478206635,0.6668657958507538,0.10560198128223419,0.9977713977950866
97,619.7058780193329,4.393226450681686,3.86016632715861,0.13171984354654948,0.23360010087490082,0.05497281104326248,0.10592778821786245,0.9071855008711898,4.381277360022068,3.847502827644348,0.131552055478096,0.23399925231933594,0.0679100938141346,0.5725004076957703,0.6589742600917816,0.10613031312823296,0.9080714247026542
98,625.9974958896637,4.320488731563091,3.8503139495849608,0.13117075860500335,0.20229470133781433,0.0499856506784757,0.10637521694103877,0.8532242653461348,4.343070201575756,3.8577569723129272,0.1320233792066574,0.20965076982975006,0.063102250918746,0.4896007478237152,0.6626030504703522,0.10619919374585152,0.8694424186626014
99,632.2871499061584,4.258500558137894,3.8416728178660073,0.13040215969085694,0.17581333021322887,0.04614058906833331,0.10666645020246505,0.7923571483504878,4.246766697615385,3.806822419166565,0.1288948878645897,0.18774841725826263,0.059303244575858116,0.4116969555616379,0.6534419655799866,0.10601917281746864,0.7873452589347385
100,638.5838837623596,4.196863787869613,3.8184922536214194,0.1287053535381953,0.15700942873954774,0.0426030233502388,0.10680192063252131,0.7035176704300105,4.234353858977556,3.8262672424316406,0.1296350136399269,0.17163455486297607,0.056288886815309525,0.3442886471748352,0.6461401581764221,0.10688267275691032,0.6996522685405397
101,645.5837297439575,4.163168410708507,3.8077630837758383,0.12795017609993617,0.1457151194413503,0.03975106986860434,0.10713281283775965,0.6699821322711224,4.194699414074421,3.801406741142273,0.12815825641155243,0.16460677236318588,0.05250179022550583,0.2927825152873993,0.6523876190185547,0.10692603886127472,0.6602175433304762
102,652.200160741806,4.134304435799519,3.7991026719411214,0.1273619626959165,0.13576039125521977,0.03717703570922216,0.10725504557291667,0.6197253276498532,4.19030536711216,3.8109688758850098,0.12926843762397766,0.15735113620758057,0.050337040796875954,0.24458172172307968,0.6520538330078125,0.10697701573371887,0.6050041924789584
103,658.96919465065,4.124716076503197,3.8024533430735272,0.12768058031797408,0.12921122163534166,0.03531034017602603,0.10733159681161245,0.5749508425964732,4.158608727157116,3.78867769241333,0.12786899507045746,0.15299826860427856,0.048104628920555115,0.21001984924077988,0.6514109671115875,0.10690569132566452,0.57370763153974
104,665.6543319225311,4.119781206796566,3.803617302576701,0.12775594542423885,0.12614296575387318,0.03347357598443826,0.10773708721001943,0.5514462313555449,4.190017566084862,3.8274227380752563,0.13044694066047668,0.14868567883968353,0.04624500684440136,0.18355022370815277,0.6464435160160065,0.10735897719860077,0.5446679156604592
105,672.2675957679749,4.098917348186175,3.789038801193237,0.1267279883225759,0.12325727641582489,0.03185702363650004,0.10796603759129843,0.5317579429580935,4.163050442934036,3.8013323545455933,0.12863552570343018,0.14870016276836395,0.04459146596491337,0.16519460082054138,0.6487999260425568,0.10750779137015343,0.535238936186912
106,678.8758265972137,4.088469877590736,3.781838862101237,0.1263924792408943,0.12171738793452581,0.030582959577441216,0.10783295383056005,0.5091452219108722,4.13977126032114,3.785248875617981,0.12718631327152252,0.14546461403369904,0.04333745129406452,0.1519220918416977,0.6423660516738892,0.10726707801222801,0.5218934626581163
107,685.5196146965027,4.0900496187309425,3.786767323811849,0.12676504304011663,0.11994988669951757,0.02938560185333093,0.10811680803696315,0.46999140698959735,4.141939543187618,3.7928998470306396,0.12777192890644073,0.14257686585187912,0.042063649743795395,0.14441528171300888,0.6368865668773651,0.10768932476639748,0.4654448105075438
108,692.1709115505219,4.083098153273265,3.7795858860015867,0.12640321453412373,0.1201553300023079,0.02848764806985855,0.10814111332098643,0.46433366077997285,4.125868316739798,3.7754600048065186,0.12708019465208054,0.14343410730361938,0.04118136130273342,0.13924779742956161,0.63857501745224,0.10717820003628731,0.47612552808246134
109,698.8388676643372,4.082016560435295,3.7807359218597414,0.12650757630666096,0.1190134252111117,0.02755201073984305,0.10839447726806005,0.4309150429245244,4.131860814988613,3.7815089225769043,0.12732042372226715,0.14334584027528763,0.03996202349662781,0.13609503209590912,0.6400827169418335,0.10731096565723419,0.4307643800319626
110,705.4717626571655,4.060268107553323,3.7606104691823323,0.1250225216150284,0.11857318878173828,0.026807190229495365,0.10851665536562602,0.4323684663882837,4.158332373946905,3.8084518909454346,0.12916835397481918,0.1426481530070305,0.03933980502188206,0.13446291536092758,0.6358672678470612,0.10746442526578903,0.43299548196999094
111,712.0113568305969,4.06672852486372,3.7672142505645754,0.12570724387963614,0.11833032617966334,0.026123511294523876,0.10854741781949998,0.43751118563496516,4.155953098088503,3.8015341758728027,0.12876681238412857,0.14501775801181793,0.038608087226748466,0.13316277414560318,0.6453811526298523,0.10765735432505608,0.43438810501802977
112,718.621988773346,4.063756841917833,3.7671300252278646,0.1255260835091273,0.11693188746770224,0.02567631391187509,0.1087585190931956,0.46580044650874874,4.151157274842262,3.802672863006592,0.1290970742702484,0.14196793735027313,0.03787592798471451,0.1330542042851448,0.6350513994693756,0.10815348103642464,0.4916155184215231
113,725.2865996360779,4.0637385584414005,3.7671684900919598,0.12578610728184383,0.11683850735425949,0.025037520627180735,0.10870893051226933,0.4374809547194859,4.164174053817987,3.8103750944137573,0.12982527166604996,0.14444316178560257,0.037525031715631485,0.1325143203139305,0.6452902257442474,0.10770495980978012,0.43758400183738955
114,731.7893216609955,4.057873175293207,3.7611313343048094,0.12534704754749934,0.11703415860732397,0.024566401603321235,0.10900992751121522,0.41724578651931415,4.129357889294624,3.777349829673767,0.12753504514694214,0.14412026852369308,0.03683763928711414,0.1323365569114685,0.6435929536819458,0.10819132626056671,0.3985200539117282
115,738.568915605545,4.0450786347190535,3.7496446132659913,0.12453173100948334,0.11658407797416051,0.024118728811542194,0.1090200737118721,0.4180437079827827,4.146735895425081,3.7945631742477417,0.128496415913105,0.14396225661039352,0.03643686696887016,0.13253121078014374,0.6403172016143799,0.10760492086410522,0.44179295007536573
116,745.1929616928101,4.041600172966719,3.748972113927205,0.12449272920687994,0.11519084721803666,0.023733317106962203,0.10924018025398255,0.4034903907983572,4.151551514863968,3.8032950162887573,0.1292758285999298,0.14180929213762283,0.035935914143919945,0.13217531144618988,0.637741357088089,0.10820754244923592,0.4068858658752436
117,751.9795687198639,4.041942773511012,3.7467827161153155,0.12446162352959315,0.11646462281545003,0.023403696281214557,0.1093811293443044,0.430671227531181,4.115778027102351,3.7698755264282227,0.12688827142119408,0.14122918248176575,0.03546147607266903,0.13254428654909134,0.636568158864975,0.10841599106788635,0.43498673616099015
118,758.6553337574005,4.045680486659209,3.7512372493743897,0.12482006649176279,0.11601660201946894,0.023027035966515542,0.1093202585975329,0.42422485073379845,4.1169861778616905,3.773505926132202,0.12747590243816376,0.13987115025520325,0.035269970074296,0.1321539804339409,0.6333675682544708,0.10848045721650124,0.4334115891089388
119,765.1835687160492,4.0358432196080685,3.742417494455973,0.12421695242325465,0.11565862447023392,0.02272401607284943,0.10940375377734503,0.4146667768820856,4.100872909650207,3.7595242261886597,0.1261547915637493,0.13913564383983612,0.034843433648347855,0.13214506208896637,0.6334727108478546,0.10847662016749382,0.4164165805779506
120,771.7432436943054,4.03706009114782,3.743542035420736,0.12449429283539454,0.1156354546546936,0.022454324985543887,0.10946419288714727,0.4148620736443986,4.083965888246894,3.7401721477508545,0.12497014924883842,0.1406543329358101,0.034389592707157135,0.13180657476186752,0.6370649933815002,0.10829851403832436,0.4259283413252157
121,778.6611337661743,4.030027907341719,3.7382490475972494,0.12409710536400477,0.11486515353123347,0.0221485764409105,0.10962179899215699,0.42497115721854656,4.090874208137393,3.750718593597412,0.12535640224814415,0.1387387067079544,0.03407931327819824,0.13168931007385254,0.6289545595645905,0.10831322148442268,0.4242961102496456
122,785.4415016174316,4.033799362679322,3.743761650721232,0.12437402109305064,0.11392535070578257,0.021868948886791865,0.1097231442729632,0.42264763396202626,4.081669893115759,3.7433834075927734,0.12533991783857346,0.13780826330184937,0.033976200968027115,0.13181792199611664,0.6251620054244995,0.108684953302145,0.42624313463915964
123,792.0405566692352,4.038367612659931,3.745694907506307,0.12454321285088857,0.11520054936408997,0.021630894020199777,0.10982839614152909,0.3956460575194296,4.093218958005309,3.751868724822998,0.12568626925349236,0.13925354927778244,0.03364684246480465,0.1311144307255745,0.6298736035823822,0.10909086838364601,0.3992148015060983
124,798.7048597335815,4.025536951671044,3.7343117872873943,0.12372909833987554,0.11468030760685603,0.021379290086527666,0.11002148489157358,0.4138600258377113,4.116453167051077,3.7722291946411133,0.12700247019529343,0.14036136865615845,0.0335072036832571,0.13097168505191803,0.6313192844390869,0.10966354981064796,0.42086729410154355
125,805.2510848045349,4.025402244180441,3.734117603302002,0.1238931342959404,0.11466903686523437,0.02119512644906839,0.10986680785814922,0.3892376971084525,4.090874237939715,3.746767282485962,0.1257571540772915,0.14061418920755386,0.0330691859126091,0.13064884394407272,0.6309547424316406,0.10904744639992714,0.3963968026420517
126,812.0675957202911,4.016820891201496,3.7260008811950684,0.12336503167947134,0.11456874708334605,0.02089042365550995,0.10979828536510468,0.37593323520974514,4.115551646798849,3.7710986137390137,0.1272941753268242,0.14040297269821167,0.03282555006444454,0.13033220916986465,0.6360078454017639,0.10918771103024483,0.37968108473314355
127,818.8263247013092,4.015286044279734,3.726871140797933,0.12336857318878174,0.11336530844370524,0.020716961969931922,0.1101409504810969,0.38012834277670565,4.097942259162664,3.7530767917633057,0.12642406672239304,0.14082671701908112,0.032655222341418266,0.13018163293600082,0.6370517909526825,0.10913975536823273,0.37449696291055545
128,825.6144998073578,4.018439429501693,3.72916693687439,0.1238471100727717,0.11367446879545848,0.02054114229977131,0.10991118599971135,0.42335143515380086,4.094533141702414,3.7561429738998413,0.12658946961164474,0.13754771649837494,0.0323371235281229,0.13003019988536835,0.6267088651657104,0.10895217210054398,0.4338787032148851
129,832.4065437316895,4.015077947328488,3.725803327560425,0.12343646635611852,0.11377819329500198,0.0203159944464763,0.11016075164079667,0.40616070409540794,4.089777376502752,3.7502710819244385,0.12656717747449875,0.13811135292053223,0.03220524825155735,0.1294172927737236,0.628067821264267,0.1090465746819973,0.39625804945189513
130,838.9960067272186,4.019430610289176,3.7297755241394044,0.12378216336170832,0.11388200223445892,0.020212794529894988,0.11002582510312399,0.4126485352989592,4.112768217921257,3.769667625427246,0.12767574191093445,0.13963136076927185,0.03204970061779022,0.12901943176984787,0.6309437453746796,0.10902338102459908,0.43489416943278963
131,845.7307126522064,4.011255017171304,3.722001489003499,0.12328946441411973,0.1138043979803721,0.02002559999624888,0.11017051885525385,0.3899692112320364,4.105839569121599,3.762967824935913,0.1270773485302925,0.13966653496026993,0.03218621946871281,0.12927205860614777,0.6294080317020416,0.10909318923950195,0.38236689647400757
132,852.6127607822418,4.00941843589147,3.7200296401977537,0.12318027416865031,0.11389932930469512,0.019789924534658592,0.1102439229687055,0.4207511706101744,4.0780075546354055,3.73655903339386,0.12521417066454887,0.13942071795463562,0.031768132001161575,0.1279798001050949,0.6286274194717407,0.10892077907919884,0.4301790217334352
133,859.0448195934296,4.003834418952465,3.71600824991862,0.12283890545368195,0.11320335815350215,0.019619811760882535,0.11017388155062993,0.3721155537045099,4.085628280416131,3.7492676973342896,0.12584741786122322,0.13671843707561493,0.031546467915177345,0.12806164473295212,0.6238826215267181,0.10961681604385376,0.39593647945278587
134,865.6683537960052,4.018188153455655,3.727790180842082,0.1236830825606982,0.11427821566661199,0.019447717318932214,0.11035671532154083,0.4110489550492964,4.0704990811645985,3.727918863296509,0.12450218945741653,0.1401645615696907,0.03126556891947985,0.1269298493862152,0.6314730048179626,0.10932076722383499,0.41846339192347265
135,872.2986557483673,4.019998113065958,3.7321757793426515,0.1241371845205625,0.1128768707315127,0.01932591696580251,0.11023394167423248,0.38256033424282543,4.087529748678207,3.7455530166625977,0.1257191300392151,0.1395585834980011,0.0311276912689209,0.12662936747074127,0.6270711123943329,0.10918642953038216,0.38591225786048594
136,878.950113773346,4.007837445537249,3.719101349512736,0.12325725158055624,0.11355373511711757,0.01920189199348291,0.1102109914024671,0.3893018776712832,4.0846178736537695,3.7425472736358643,0.1256951205432415,0.13961151987314224,0.03093794174492359,0.12632817775011063,0.6318999826908112,0.10901471972465515,0.39178243281223324
137,885.5617685317993,3.998711074888706,3.7124505043029785,0.12277263899644215,0.1124371255437533,0.019013373677929244,0.11030550052722295,0.3902487140184111,4.073777636513114,3.7315648794174194,0.12503699585795403,0.13984712958335876,0.030957097187638283,0.1262231543660164,0.6319010257720947,0.10945027694106102,0.3828940715053992
138,892.1664667129517,4.005713233351708,3.717292292912801,0.12319336533546447,0.11341212888558706,0.018898451204101243,0.11026931355396906,0.3904078532492752,4.0936424396932125,3.7532635927200317,0.12657659500837326,0.13854527473449707,0.030695563182234764,0.12565921247005463,0.6291425824165344,0.10927339270710945,0.3860753321945028
139,898.928023815155,3.997088663528363,3.7082897822062173,0.12252550075451533,0.1137680654724439,0.018746635317802428,0.11045784503221512,0.40215815488061596,4.089870125055313,3.748327612876892,0.1265575885772705,0.13913185894489288,0.030402294360101223,0.12482360750436783,0.6290864050388336,0.1092703677713871,0.4069164469816669
140,905.4723978042603,4.007966703673204,3.719398848215739,0.12357999781767527,0.11338892827431361,0.018625108214716118,0.11039664695660273,0.3915356662706755,4.072035256773233,3.7314881086349487,0.12505466490983963,0.13900990784168243,0.030481571331620216,0.1245863288640976,0.6297664940357208,0.10993396490812302,0.4057488354045119
141,912.2306308746338,3.9995222243169946,3.714790137608846,0.12306885371605555,0.11159882992506027,0.018448348405460516,0.11056960821151733,0.41715503231075796,4.078857263550162,3.7330435514450073,0.12521589919924736,0.14160288125276566,0.030278119258582592,0.12404720112681389,0.6357268989086151,0.10956891626119614,0.4371333526388976
142,919.3570296764374,3.997634247938792,3.711322530110677,0.12282477219899496,0.11244966586430867,0.018372683599591256,0.11053933401902517,0.4015178560520068,4.06276547908783,3.7193946838378906,0.12435293197631836,0.1405971646308899,0.030151963233947754,0.12333095073699951,0.632346123456955,0.10945533588528633,0.39535311685925467
143,926.2821016311646,4.000332209467888,3.7134440263112385,0.12309320171674093,0.1126707911491394,0.018248280944923558,0.11040066182613373,0.39784156329328263,4.0816102884709835,3.7382041215896606,0.12578939646482468,0.14025573432445526,0.030116338282823563,0.12367754057049751,0.6300057172775269,0.10920090600848198,0.4011414970556437
144,932.908002614975,3.9991017147898673,3.713055451711019,0.12300879259904225,0.1122709333896637,0.01811205769578616,0.11057817886273066,0.38901032412874037,4.0706166215240955,3.730937361717224,0.12528280168771744,0.13851892948150635,0.02977417502552271,0.12263809517025948,0.6277930736541748,0.10906575620174408,0.38609121006344793
145,939.5580296516418,3.991159014652173,3.7053810596466064,0.12256855517625809,0.11224683870871861,0.018012656023104985,0.11062467445929845,0.41546597512443245,4.107304848730564,3.7635602951049805,0.1277341991662979,0.13993872702121735,0.029814498499035835,0.12216080352663994,0.6283464729785919,0.10964628681540489,0.418544077324423
146,946.1351747512817,3.9940030674139657,3.707607905069987,0.12277351021766662,0.11250420361757278,0.01786762128273646,0.11059266577164333,0.4063623435673614,4.073128800839186,3.7291388511657715,0.12570460885763168,0.1405688226222992,0.02974281832575798,0.12232566624879837,0.6319940686225891,0.10972057655453682,0.3991093225470509
147,952.617134809494,3.9876265769203503,3.702382802963257,0.12246430814266204,0.11200580994288127,0.017829000018537045,0.11068424532810847,0.4280070067508017,4.075956333428621,3.729410409927368,0.12550313025712967,0.14189717918634415,0.029460362158715725,0.12155825272202492,0.6395977735519409,0.10913330316543579,0.4357172527751267
148,959.1134858131409,3.996475621064504,3.7115827083587645,0.12312710682551066,0.111664679646492,0.017698414561649164,0.11060047745704651,0.3949925423515535,4.095765680074692,3.7547309398651123,0.12692883610725403,0.13878516107797623,0.02952531911432743,0.12147249281406403,0.6281421184539795,0.10985415428876877,0.4094727108408218
149,965.6252748966217,3.9885401137173178,3.7031925360361737,0.12250855316718419,0.112046650548776,0.017601526404420535,0.11056765417257945,0.39084240690804023,4.0657423716038465,3.7234703302383423,0.12512069568037987,0.13985584676265717,0.029301722534000874,0.1210901066660881,0.6316591799259186,0.10988501831889153,0.3911351949578254
150,972.1581337451935,3.982907672226429,3.6989256064097087,0.12225022216637929,0.11142847736676534,0.01747976659486691,0.11072075714667638,0.3982826429531628,4.0719222743064165,3.7297956943511963,0.12537691369652748,0.13971906155347824,0.029202898032963276,0.12052423879504204,0.6281623542308807,0.10933913663029671,0.3998450577115277
151,978.8454275131226,3.995172550280889,3.7077977021535236,0.12288826505343119,0.11296535780032475,0.017403249939282734,0.11072835326194763,0.4272560476220157,4.0563914235681295,3.7126811742782593,0.1241675429046154,0.14081323891878128,0.029098338447511196,0.1202731542289257,0.6319073736667633,0.10952607542276382,0.4336678628165327
152,985.405704498291,3.9923011382420857,3.707694975535075,0.12284700671831766,0.11159132967392603,0.017294093842307727,0.11072856982549031,0.42009844987148726,4.074988830834627,3.7348896265029907,0.12615228444337845,0.1385115310549736,0.02912373933941126,0.11991168186068535,0.6255959272384644,0.10975324362516403,0.4223130061175069
153,992.0083158016205,3.9860523482163748,3.70124929745992,0.12256712714831035,0.11175974359114965,0.0171939246977369,0.11081076314051946,0.3914509921004287,4.060001173987985,3.7208797931671143,0.12487410381436348,0.13834216445684433,0.028727911412715912,0.1195753812789917,0.6254982352256775,0.10973313078284264,0.4017570388230787
154,998.5681185722351,3.9843154119948547,3.6988736152648927,0.1222717876235644,0.11215295145908992,0.017112570876876513,0.11083821654319763,0.39581816205360615,4.087530367076397,3.7462798357009888,0.1269923895597458,0.13887716829776764,0.029008101671934128,0.11957987770438194,0.6277716755867004,0.10947468876838684,0.39094617890333827
155,1005.139438867569,3.9896028958261014,3.706127134958903,0.1227845792969068,0.11104173560937246,0.017088935834666093,0.11076416025559108,0.39652880529510803,4.064213639125228,3.719162702560425,0.12498770281672478,0.14127854257822037,0.028682755306363106,0.11883984878659248,0.632662296295166,0.1092880368232727,0.40890226181488326
156,1011.6574008464813,3.982416053364674,3.698711331685384,0.12234124491612117,0.11126704961061477,0.01691133640706539,0.11080664098262787,0.39957205253560824,4.064500818029046,3.723910927772522,0.12540804222226143,0.13894293457269669,0.028745608404278755,0.11830683052539825,0.6282955408096313,0.10934988781809807,0.40226652305138205
157,1018.2283637523651,3.978403828293085,3.6950786272684732,0.12216960738102595,0.1111201986670494,0.016847638599574565,0.11078700025876363,0.4132702223587487,4.077429452911019,3.734858512878418,0.12630127742886543,0.13971015065908432,0.028504008427262306,0.11795444041490555,0.6293310523033142,0.10993535816669464,0.4218934411892155
158,1024.8229446411133,3.9721556400259335,3.6899708112080893,0.12180198530356089,0.11064191808303198,0.01674491831411918,0.1108310009042422,0.39903419953423225,4.091373469680548,3.7478193044662476,0.12707819789648056,0.14000753313302994,0.028445016592741013,0.11758435517549515,0.6293367147445679,0.10971569269895554,0.4022071236844719
159,1031.4245488643646,3.9821601348618665,3.6998955567677814,0.12248638222614924,0.11051069349050521,0.01668517036984364,0.11087928513685862,0.41492909036007397,4.071892069652677,3.7246508598327637,0.12527671828866005,0.14230142533779144,0.028388338163495064,0.11736855283379555,0.6353606879711151,0.10946114733815193,0.42515799343256067
160,1037.9268827438354,3.9739705046017963,3.692107311884562,0.1219697376092275,0.11043916195631027,0.016615342659254868,0.11100846429665884,0.3937418511437596,4.085812473669648,3.7430121898651123,0.1264401562511921,0.1397901028394699,0.02838924713432789,0.11704564094543457,0.629408985376358,0.10992414131760597,0.3971153904994803
161,1044.4430055618286,3.976508423189322,3.693568976720174,0.12217413485050202,0.11092618952194849,0.01651546967526277,0.11097189635038376,0.4109138748045575,4.080700524151325,3.7364020347595215,0.1266181319952011,0.1404947116971016,0.028185134753584862,0.11623352020978928,0.6321326494216919,0.11008365079760551,0.4195750188922792
162,1050.9797058105469,3.980760515232881,3.6985322793324786,0.12263633906841279,0.11045503318309784,0.016513549163937567,0.11089323063691457,0.42186614895701097,4.074496699497104,3.7297500371932983,0.12611165270209312,0.1408454179763794,0.028305268846452236,0.11676029488444328,0.6304905116558075,0.10957624018192291,0.42411078830092863
163,1057.5049667358398,3.9773783281445505,3.693641217549642,0.12214828431606292,0.11133148421843847,0.01641055578365922,0.11108040362596512,0.42838715449736886,4.0488143265247345,3.7107796669006348,0.12408408522605896,0.13799630850553513,0.028003554791212082,0.11574885621666908,0.6277925074100494,0.10962454974651337,0.44748884580711845
164,1064.0131165981293,3.968041437615951,3.6857367038726805,0.12178092549244562,0.1107071354985237,0.01631356937189897,0.11099576850732168,0.4188005341564577,4.077312242239714,3.7338240146636963,0.12597056478261948,0.14025147259235382,0.028060252778232098,0.11583522334694862,0.6297493875026703,0.11009597033262253,0.4159484046783784
165,1070.641568660736,3.970126449813445,3.688371117909749,0.12189763138691584,0.11040325810511907,0.016262785779933134,0.11102343698342641,0.40547665601504324,4.083656998351216,3.7345179319381714,0.12649047747254372,0.14294691383838654,0.02788022719323635,0.11521582677960396,0.637263149023056,0.11017380654811859,0.4073142388993848
166,1077.244212627411,3.966930989921093,3.685320806503296,0.12170301775137583,0.11037933727105459,0.01619125638778011,0.11115516523520151,0.4017476785621588,4.0439310278743505,3.708252191543579,0.12420980259776115,0.13678696751594543,0.027790840715169907,0.114851925522089,0.6212042570114136,0.10981863737106323,0.40159795434978507
167,1083.804795742035,3.976394889255365,3.693800767262777,0.12235724826653799,0.11070774892965952,0.016108267785360415,0.11098068604866664,0.39397987450373895,4.059094732627273,3.711946129798889,0.12451795861124992,0.14244481176137924,0.027732983231544495,0.1146480105817318,0.6371251940727234,0.10957856848835945,0.3920752095289778
168,1090.301674604416,3.971381416420142,3.690444564819336,0.12206937372684479,0.10995108236869176,0.016081245553990205,0.1112202137708664,0.4049536264844717,4.04834508895874,3.7035090923309326,0.12353479862213135,0.14153429865837097,0.02767910063266754,0.1143440417945385,0.6366944015026093,0.10967384278774261,0.4068308534015192
169,1096.8542087078094,3.9804857368270556,3.6990675290425616,0.12255384624004365,0.11007064233223597,0.01598533329864343,0.11119401057561239,0.4044509873670605,4.047475162893534,3.7100130319595337,0.1247219517827034,0.13755057752132416,0.027706557884812355,0.1140388697385788,0.6240012347698212,0.10981404781341553,0.40335581811217736
170,1103.518768787384,3.962738701701164,3.6829788366953533,0.12146555185317993,0.10951354453961054,0.015921133322020373,0.11138932307561239,0.4030185243655537,4.060299878939986,3.7148836851119995,0.12514106556773186,0.1414228305220604,0.027534502558410168,0.11373528465628624,0.6342926919460297,0.11013142764568329,0.4020845526962947
171,1110.1787915229797,3.9654442528883616,3.6848509470621744,0.12176812688509624,0.1098546211918195,0.01589614792416493,0.11139062494039535,0.3875957507884583,4.077303389087319,3.727132201194763,0.12586801126599312,0.14361859112977982,0.027493035420775414,0.11320804059505463,0.6395706832408905,0.10971738025546074,0.3922673856713681
172,1116.7153568267822,3.9676322733362515,3.68853874206543,0.12198873460292817,0.1090495819846789,0.015797292503217857,0.11119232922792435,0.4071857225081587,4.065080467611551,3.7199506759643555,0.12535382062196732,0.14122644066810608,0.027542282827198505,0.11337701603770256,0.633438766002655,0.10986148193478584,0.40107718088967365
173,1123.3922617435455,3.9616955116391184,3.6831911245981854,0.12163168291250864,0.10884427279233932,0.0157681355252862,0.11143288761377335,0.4004452037525077,4.049788603559136,3.707756519317627,0.1250535137951374,0.13975266367197037,0.02737206406891346,0.11267383396625519,0.6305492520332336,0.10962565243244171,0.4057751857092714
174,1130.0450775623322,3.965317037453254,3.685242287317912,0.12187801351149877,0.10956787168979645,0.01568862358108163,0.11147867888212204,0.3977722231419553,4.072646003216505,3.7256534099578857,0.12565436214208603,0.14208270609378815,0.027292498387396336,0.11246353015303612,0.6343421041965485,0.11075910180807114,0.37827280608814784
175,1136.547810792923,3.957593608895938,3.6783993244171143,0.12131782174110413,0.10926768680413564,0.01564086132372419,0.11164659311374028,0.40305884428234,4.071094227954745,3.7175761461257935,0.12526052817702293,0.14544390887022018,0.027238878421485424,0.1120566762983799,0.645968109369278,0.10988961160182953,0.39085552895304587
176,1143.1196665763855,3.969257064163685,3.688991006215413,0.12211423416932424,0.10960447043180466,0.015565904850761095,0.11131884704033533,0.3817652079690944,4.022158782929182,3.6818253993988037,0.12271400541067123,0.13948819041252136,0.027094139717519283,0.11156725883483887,0.6284531056880951,0.11037760227918625,0.3863143518827728
177,1149.7750027179718,3.9617860632638138,3.682932472229004,0.12166705081860224,0.10901003281275432,0.015526089165359736,0.11129139463106791,0.4101289910894828,4.0746452659368515,3.732222557067871,0.1262790560722351,0.13964159041643143,0.02719853725284338,0.11209744215011597,0.6293839514255524,0.11038266122341156,0.42335356258462653
178,1156.3142817020416,3.9682505153119565,3.6881515343983966,0.12216640760501225,0.10950788855552673,0.015540395273516576,0.11159141610066096,0.44014657104166094,4.055911241099238,3.708126187324524,0.12456217035651207,0.14275198429822922,0.027035104110836983,0.11146705225110054,0.6367666125297546,0.11029436439275742,0.43252783908233533
179,1162.9564065933228,3.9602079232533773,3.6824786186218263,0.12173861861228943,0.1084299976627032,0.015462402440607547,0.11156911849975586,0.4060761691468446,4.0688125137239695,3.721741199493408,0.12561436370015144,0.14213206619024277,0.02717446256428957,0.11136113479733467,0.6381025314331055,0.11018066480755806,0.4067530869438591
180,1169.5438306331635,3.9552419496079287,3.6777448336283367,0.1213308816154798,0.10841583758592606,0.015404221042990685,0.111637478073438,0.4017037818750797,4.050211193040013,3.7001991271972656,0.12402475252747536,0.143999844789505,0.026933802291750908,0.11079670116305351,0.640392929315567,0.1102103665471077,0.39782841856899714
181,1176.2977738380432,3.953224301089843,3.675234587987264,0.12124419957399368,0.10868380665779113,0.015324200224131345,0.11157259146372477,0.40317685596482383,4.054555183276534,3.706414222717285,0.12459353730082512,0.14292209595441818,0.026876610703766346,0.11051549762487411,0.6383634805679321,0.11024431511759758,0.4064093034318235
182,1183.0101897716522,3.9473987480004626,3.669001007080078,0.12083116372426352,0.10899107952912648,0.015267677325755357,0.11159798155228297,0.39552887910983886,4.04431002214551,3.701001524925232,0.12442541867494583,0.14054789394140244,0.026890406385064125,0.10999743267893791,0.632377564907074,0.10981521010398865,0.3968386089404167
183,1189.5715878009796,3.953768209616343,3.67541880607605,0.12151846090952555,0.1087950865427653,0.015250549527506034,0.11174403180678685,0.39344965861226416,4.0454248040914536,3.6964997053146362,0.12387043237686157,0.14349494129419327,0.026872092857956886,0.10993293300271034,0.6395626664161682,0.11028820276260376,0.387071076162939
184,1196.2699437141418,3.956670416891575,3.6799038569132487,0.12156959076722464,0.10799088229735693,0.015176789121081431,0.11182541201512018,0.39602218909239373,4.0539187509566545,3.7052955627441406,0.12453514710068703,0.1431778073310852,0.02674957737326622,0.10956612974405289,0.6385900974273682,0.11026971787214279,0.4101656480685921
185,1202.862402677536,3.952642363558213,3.674960470199585,0.12133855273326238,0.10850630849599838,0.015134296286851168,0.11178553650776545,0.4245953661232476,4.0508103016763926,3.704368829727173,0.12431623414158821,0.1421416774392128,0.026820102706551552,0.10933749750256538,0.6367658972740173,0.11041375994682312,0.4356276177244928
186,1209.4796018600464,3.95965868383646,3.68205091158549,0.12176633179187775,0.10836230317751566,0.015086733736097813,0.11178960551818212,0.3866732647737602,4.059842739254236,3.7103220224380493,0.1252865567803383,0.14343871921300888,0.026632215827703476,0.10920282080769539,0.638811469078064,0.11066406220197678,0.3995711031442351
187,1216.0814259052277,3.9593973850210507,3.6817838827768963,0.12176260451475779,0.10836609999338785,0.015046654331187407,0.11198464632034302,0.4171110163839964,4.056031102314591,3.70304799079895,0.1245177872478962,0.14536210894584656,0.026608251966536045,0.10895047709345818,0.6460055112838745,0.11065755411982536,0.42935959588050904
188,1222.6473846435547,3.952137291431427,3.6760530789693195,0.12151378790537516,0.10766365925470987,0.015011820445458094,0.11185850848754247,0.38506483473614017,4.029843563213944,3.686681032180786,0.12348749116063118,0.14070939272642136,0.026528426446020603,0.10871246457099915,0.6315425932407379,0.11068655550479889,0.40019006170375065
189,1229.2217366695404,3.9545750238001345,3.6772282918294272,0.12154025187095006,0.10828830301761627,0.014954406923304001,0.11182215710481008,0.4095624869948039,4.0496384259313345,3.6975789070129395,0.12414292618632317,0.14499402791261673,0.026578704826533794,0.108629010617733,0.6452081799507141,0.11055530235171318,0.4115544522939422
190,1235.888745546341,3.9583508516351382,3.6809419790903726,0.1217227190732956,0.10827375650405884,0.014941491434971492,0.1120308165748914,0.40929751482249477,4.0505647752434015,3.7064695358276367,0.12427695468068123,0.1409783810377121,0.02644648589193821,0.10803097859025002,0.6340037882328033,0.11068591848015785,0.4064831965833635
191,1242.451323747635,3.9567731310923895,3.68017570177714,0.12180920839309692,0.10784641255935033,0.01487811499585708,0.11207834134499232,0.40838804958953717,4.062298094853759,3.7172378301620483,0.12499828264117241,0.14128056168556213,0.026516370475292206,0.10793943330645561,0.6351242661476135,0.1111118271946907,0.4152086990927618
192,1249.058414697647,3.9492484952012696,3.6723504861195884,0.12127794722716013,0.10812951773405075,0.014850472379475833,0.11213769515355428,0.4246388940753618,4.060888400301337,3.710067868232727,0.12471054121851921,0.1442326307296753,0.026342532597482204,0.10773704573512077,0.6408958733081818,0.11082629859447479,0.41481766048607255
193,1255.654352903366,3.9590209762255353,3.6828662077585856,0.12202232082684834,0.10757180402676264,0.014798667033513386,0.11214360892772675,0.38706881291417444,4.056125963106751,3.706929087638855,0.1248345859348774,0.14338979125022888,0.026293914765119553,0.10739162936806679,0.6383351683616638,0.11104840785264969,0.385677058401653
194,1262.2275595664978,3.9570463463664054,3.6801207701365155,0.12189946273962657,0.10798792243003845,0.014757150908311208,0.11218939820925394,0.39888520065142336,4.030054664239287,3.680742025375366,0.12281836196780205,0.14395172894001007,0.026258044876158237,0.10715803131461143,0.6412884593009949,0.11069824174046516,0.39265020401377126
195,1268.8397736549377,3.952676867196957,3.6763627688090006,0.12150740573803584,0.10778019775946936,0.014693868439644575,0.11217865695556005,0.40230081690445163,4.053278150036931,3.6976592540740967,0.12412172928452492,0.14677901566028595,0.02627234999090433,0.10677159950137138,0.6498308181762695,0.11061599105596542,0.40277782012596486
196,1275.4376776218414,3.953418212632338,3.6769802729288736,0.12155570487181346,0.10783004363377889,0.014694672729820012,0.11218647013107935,0.40074867042297135,4.0409280098974705,3.695040464401245,0.12357456237077713,0.1420501321554184,0.02617074828594923,0.10664401575922966,0.6380231380462646,0.11075939238071442,0.4098375470225064
197,1282.0639877319336,3.954941372325023,3.6789485136667888,0.12166401992241542,0.10758042434851328,0.014646149768183628,0.11222580174605051,0.4254422625877412,4.030630549415946,3.6840821504592896,0.12252960726618767,0.1426417976617813,0.02620099764317274,0.10630974546074867,0.6365609169006348,0.11086111888289452,0.43399500263588386
198,1288.8614528179169,3.9500785507261753,3.6743316332499187,0.12151163766781489,0.10749554932117462,0.014601809531450271,0.11233930091063181,0.3860721901998666,4.032825725153089,3.6850446462631226,0.1230894960463047,0.14311816543340683,0.026128125376999378,0.1061721220612526,0.6367718279361725,0.11102108657360077,0.393138144693452
199,1295.4098708629608,3.944811121374369,3.670073477427165,0.12104447036981583,0.10710770438114801,0.014547444476435582,0.11238964845736822,0.39249705564726045,4.043508084490895,3.6939114332199097,0.12421596422791481,0.1437443345785141,0.026153527200222015,0.10571399331092834,0.6397317349910736,0.11071858555078506,0.39867982393319085
200,1302.0268607139587,3.9535595484077932,3.678391615549723,0.12171837240457535,0.10715437332789103,0.01456067111964027,0.11249690751234691,0.3908290476636598,4.040674656629562,3.695488214492798,0.12386396527290344,0.1416272297501564,0.02603089716285467,0.10565726086497307,0.6365992426872253,0.11110804975032806,0.39553726049543275
201,1309.2668626308441,3.9442042003075284,3.668776448567708,0.12103104591369629,0.10745611439148585,0.014505329417685668,0.11265337467193604,0.3668874693595747,4.020315546542406,3.6792126893997192,0.12279091030359268,0.13985370099544525,0.02596545871347189,0.1052192896604538,0.6283862590789795,0.11129812896251678,0.3817995963860994
202,1315.7875294685364,3.945078266163667,3.6705286184946697,0.1212390273809433,0.1069650669892629,0.014467726120104392,0.11259695142507553,0.3895160938258755,4.03202760964632,3.6853911876678467,0.122951939702034,0.14258022606372833,0.025927836075425148,0.10499605163931847,0.6398861706256866,0.1112484335899353,0.39512276064262286
203,1322.3432235717773,3.9527398655811945,3.6768582820892335,0.12165205876032512,0.1075277770558993,0.014418972252557675,0.11259917467832566,0.39682425083907724,4.041145605966449,3.694628596305847,0.12418898567557335,0.14221125841140747,0.02586628496646881,0.10465601831674576,0.6356425285339355,0.11168381571769714,0.3938887036213423
204,1328.7201285362244,3.9458502809206646,3.6707907199859617,0.12130839029947917,0.10720268289248149,0.014385346602648497,0.112750976284345,0.40106942710264804,4.038918752223253,3.6894516944885254,0.12349206954240799,0.14386051148176193,0.025909296236932278,0.10482365638017654,0.6390282809734344,0.11110607162117958,0.3883267123215413
205,1334.996096611023,3.9517661454776922,3.675465488433838,0.12145824084679285,0.10778576831022899,0.014352463868757088,0.11265456775824229,0.4177934391969524,4.032564541324973,3.6829845905303955,0.12271497771143913,0.14411123096942902,0.02580994740128517,0.10437889769673347,0.6411570906639099,0.11181902140378952,0.41815173450030896
206,1341.3088157176971,3.9467265660564106,3.67115748723348,0.12116478582223257,0.10749334295590719,0.01433093131830295,0.11283924629290899,0.4305166545442114,4.021086687222123,3.678333282470703,0.12249233201146126,0.1407536193728447,0.025753756053745747,0.10400901362299919,0.6314253509044647,0.11160540208220482,0.4412862995885446
207,1347.717271566391,3.943348256746928,3.667929760615031,0.12115059693654379,0.10742159883181254,0.014264941650132338,0.11283626258373261,0.4247562913390996,4.027046820148826,3.6784530878067017,0.12279553338885307,0.14359798282384872,0.025817756541073322,0.103785939514637,0.6417748332023621,0.11144566163420677,0.44340640430509515
208,1354.137009859085,3.9476361073553563,3.6728930473327637,0.12156244069337845,0.10698091983795166,0.014259421608100335,0.11282855967680613,0.3884574407712343,4.019036430865526,3.6744585037231445,0.12226799875497818,0.1417219638824463,0.025633063167333603,0.10348645225167274,0.6359269618988037,0.11172200739383698,0.38729853783546586
209,1360.6481575965881,3.94407357921203,3.668999354044596,0.1211287409067154,0.10725492735703786,0.014204849892606338,0.11293668647607168,0.38259145816626117,4.032849771901965,3.6853736639022827,0.12318431958556175,0.14294197410345078,0.025659877806901932,0.10332859680056572,0.6377938389778137,0.11161795631051064,0.38682066565829243
210,1367.4165546894073,3.9400072855254016,3.666896104812622,0.12109266370534896,0.10628242443005244,0.014187895227223635,0.11309960881868998,0.3998987087012118,4.018544247373939,3.671824097633362,0.12181536480784416,0.14290623366832733,0.025511146523058414,0.10287835821509361,0.6391760408878326,0.11161167547106743,0.4186599571276434
211,1374.033475637436,3.9458992732067903,3.6703899065653482,0.12120948880910873,0.1074523111184438,0.014155480017264684,0.11295860409736633,0.3991761702459175,4.04979439266026,3.6930817365646362,0.12387499585747719,0.1473875790834427,0.025619082152843475,0.10301428288221359,0.6497561931610107,0.1116565503180027,0.41090813369743584
212,1380.6603026390076,3.94729559024175,3.6724421977996826,0.12133496205012004,0.10709295570850372,0.014106983970850705,0.11294493327538173,0.3903610165016465,4.054817916825414,3.7008062601089478,0.12408364191651344,0.14598491787910461,0.025409333407878876,0.10252651944756508,0.6456782817840576,0.11187401413917542,0.3876854900261195
213,1387.1747047901154,3.943778167416652,3.6689324537913004,0.12112653901179632,0.10714122205972672,0.014071255456656218,0.11322688857714334,0.4026902764887582,4.022063111886382,3.6735124588012695,0.12206197902560234,0.1437598317861557,0.025387415662407875,0.10227954015135765,0.6396415531635284,0.11162923276424408,0.39959314275703106
214,1393.6538536548615,3.942805092036724,3.668470541636149,0.12104363540808359,0.1069063663482666,0.014046582269171874,0.11319270779689153,0.4003662187099518,4.0288997143507,3.6819628477096558,0.12274453043937683,0.1427823007106781,0.025370916351675987,0.10208302363753319,0.6372465491294861,0.11201555281877518,0.39911436379216014
215,1400.1688287258148,3.9406809533635774,3.6672041257222494,0.12111108203728994,0.1064606433113416,0.01401063259691,0.1131989469130834,0.3981560827090725,4.050638610497117,3.6936734914779663,0.12396334484219551,0.1474917232990265,0.025278737768530846,0.10187887027859688,0.6496435701847076,0.11186802759766579,0.38584800175013456
216,1406.594738483429,3.9509016938507555,3.6754855632781984,0.12158083071311315,0.10731285760800044,0.01399047002196312,0.11334830721219381,0.41685941597521464,4.026963297277689,3.6772817373275757,0.12279636412858963,0.14414168894290924,0.02535351738333702,0.10188589245080948,0.6436099112033844,0.11176176369190216,0.4083144187928009
217,1413.1117827892303,3.9475430977841217,3.673709026972453,0.12165114333232244,0.10650424957275391,0.013970196588585775,0.11321348696947098,0.40855848063513883,4.037269769236445,3.679681897163391,0.12272306904196739,0.1481131687760353,0.02528879325836897,0.10174519196152687,0.6493567526340485,0.11222197115421295,0.40960670621487666
218,1419.6559088230133,3.9446404829621313,3.67075826327006,0.12137529154618582,0.10659728695948918,0.01393019175156951,0.11339122106631597,0.4108797856106775,4.04174267873168,3.6837798357009888,0.12309499830007553,0.1482076719403267,0.02524916920810938,0.10139855369925499,0.6523253917694092,0.1120675802230835,0.40305185157722734
219,1426.2726075649261,3.9402652551730473,3.666796573003133,0.12106322050094605,0.10646853595972061,0.013914949012299378,0.11334792723258337,0.39566831983723344,4.014327904209495,3.6656172275543213,0.12129287049174309,0.14403212070465088,0.025173643603920937,0.10094064846634865,0.6385837197303772,0.11204258352518082,0.40289429564711704
220,1432.8886284828186,3.940939836452405,3.666512695948283,0.1210238312681516,0.10695761243502298,0.013873625360429288,0.11347130040327708,0.3807092484732581,4.003408655524254,3.6606252193450928,0.12119457125663757,0.14109307527542114,0.025214814580976963,0.10082529857754707,0.6334313154220581,0.11217854544520378,0.38276211831882206
221,1439.4234206676483,3.9420960870881876,3.669399960835775,0.12112750361363094,0.10606618722279866,0.013854948959002892,0.1135717769463857,0.40572417644025877,4.026050291955471,3.6765642166137695,0.1223219782114029,0.14416254311800003,0.025118828751146793,0.10059180855751038,0.6413487493991852,0.11234281957149506,0.3998292754836691
222,1446.09250664711,3.940320904304584,3.6657651742299397,0.1209273800253868,0.10704602003097534,0.013813119071225325,0.11359423746665319,0.41573067746030884,4.040608232840896,3.68886935710907,0.12313539907336235,0.14508558809757233,0.02491261065006256,0.10022319108247757,0.6437005698680878,0.11200584843754768,0.43341767129112146
223,1452.705426454544,3.9415563069283963,3.6671446641286214,0.12089810818433762,0.106981294353803,0.013783896745493015,0.11361008038123449,0.38953283977727043,4.02861787378788,3.674064874649048,0.12234890460968018,0.146689273416996,0.025008914060890675,0.10013995319604874,0.6471719741821289,0.11283621937036514,0.40255606298208607
224,1459.206297636032,3.940573456635078,3.665812381108602,0.12098775058984756,0.10713360011577606,0.013744221938153108,0.11357269982496897,0.4018190306824112,4.010180354118347,3.6587435007095337,0.12128224968910217,0.1453978642821312,0.02488077525049448,0.09983239322900772,0.6432708203792572,0.11281529068946838,0.43108614666783723
225,1465.6620676517487,3.937897595266501,3.665039825439453,0.12090376317501068,0.10620294411977133,0.013717169097314278,0.1136211484670639,0.4023625622329719,4.0230175741016865,3.673327088356018,0.12248022109270096,0.14422518759965897,0.024957554414868355,0.09972955659031868,0.6395146250724792,0.1129629947245121,0.41461543598178796
226,1472.1396884918213,3.9428553275763987,3.670069360733032,0.12125158756971359,0.10608008652925491,0.013708848475168149,0.11396006991465886,0.4056429433196375,4.022783679887652,3.6684311628341675,0.1222023032605648,0.14662568271160126,0.02469231467694044,0.09906084463000298,0.6471439898014069,0.11254208534955978,0.3969001459336701
227,1478.6697175502777,3.9464934043586255,3.673503589630127,0.12160782267649968,0.10609295169512431,0.013654130417853594,0.11370822389920553,0.42355799889940704,4.041910961270332,3.6864336729049683,0.12327945232391357,0.14691878110170364,0.024780884385108948,0.09910598024725914,0.6492542624473572,0.11343604698777199,0.443763550164212
228,1485.1321685314178,3.9391966603696345,3.6665539741516113,0.12095855722824732,0.10608170380194983,0.013648735483487447,0.11386637489000956,0.4151065909970555,4.022934103384614,3.6738364696502686,0.12202488258481026,0.14404259622097015,0.024646013043820858,0.09885256737470627,0.6390769481658936,0.11277186870574951,0.40999731343278273
229,1491.6851847171783,3.932234753916661,3.660172367095947,0.12064071844021479,0.10587101380030314,0.01359904371201992,0.11370372225840887,0.41287115493685766,4.014096815139055,3.6645015478134155,0.12176797538995743,0.1443556398153305,0.0246705561876297,0.09877275675535202,0.6420570611953735,0.11280104890465736,0.40557511382558786
230,1498.2402307987213,3.93989605208238,3.6667727788289386,0.12113850514094035,0.10627701034148535,0.013598647682617109,0.1140094389518102,0.4038846324446067,3.9974455945193768,3.6511815786361694,0.12057595700025558,0.14298801869153976,0.02464037388563156,0.09850441664457321,0.6371490955352783,0.11283081024885178,0.4142801584704389
231,1504.847538471222,3.933505150427421,3.6595016956329345,0.1203934187690417,0.10690337270498276,0.013567282849301894,0.11404861162106196,0.414301889587633,4.009472586214542,3.6610101461410522,0.12142063677310944,0.1438760608434677,0.02454027161002159,0.09825672581791878,0.6412369906902313,0.11287957802414894,0.40545374564109393
232,1511.4269845485687,3.940791213015715,3.6664803504943846,0.12109457353750865,0.10688178787628809,0.013538057077676057,0.114013671875,0.39440577586765513,4.029380690306425,3.674916982650757,0.12214013189077377,0.14669682085514069,0.02443754579871893,0.09791911020874977,0.6471342742443085,0.11273449286818504,0.4042183744965386
233,1517.897915840149,3.937619312852621,3.6651209354400636,0.12087483654419581,0.10603047957022985,0.013511475237707297,0.11428553561369578,0.39264051155715934,4.039427498355508,3.6842446327209473,0.12294821813702583,0.14685437828302383,0.024462423287332058,0.0978306345641613,0.6510074734687805,0.11285336315631866,0.40097575777100214
234,1524.4705066680908,3.9399376183748247,3.6653669516245526,0.12091786464055379,0.10705586721499762,0.013508806750178338,0.11419542183478673,0.39682905123739853,4.016937246546149,3.6645840406417847,0.12143157050013542,0.14581871032714844,0.02451910637319088,0.09792938083410263,0.6465074717998505,0.1130097322165966,0.4006172625122068
235,1531.0563085079193,3.9372245207428933,3.6647389411926268,0.12107238670190175,0.1059746930996577,0.013466410680363576,0.114212999244531,0.4116163323538213,4.02937800437212,3.6753203868865967,0.12229304015636444,0.1464555487036705,0.024212566204369068,0.09721935912966728,0.645661324262619,0.11314383521676064,0.39521394472889476
236,1537.7743108272552,3.9389396739502747,3.6670229117075603,0.12104476143916448,0.10569719076156617,0.013439495923618476,0.11421218613783518,0.3616701265280806,4.017356097698212,3.6642582416534424,0.12160500884056091,0.14614767581224442,0.02430242206901312,0.09731835871934891,0.6462302803993225,0.11330984905362129,0.3665447436786783
237,1544.425579547882,3.9350058374305568,3.661743752161662,0.12071258376042047,0.1064528966943423,0.013414557899037997,0.11438400596380234,0.38569853067424636,4.03653066046536,3.6835970878601074,0.1228686012327671,0.14574963599443436,0.02423530351370573,0.09689582884311676,0.6458513140678406,0.11369960382580757,0.3697496708136794
238,1551.003755569458,3.94397204965353,3.670667282740275,0.12135339478651683,0.10631403475999832,0.013394412895043692,0.1145116647084554,0.4084147677149052,3.988574480637908,3.6415393352508545,0.11987627670168877,0.14354850351810455,0.02420077845454216,0.09686089679598808,0.6381168067455292,0.11314377561211586,0.41253863231974625
239,1557.5185816287994,3.9359448336064817,3.6618010997772217,0.12085018803675969,0.10685931990544001,0.013364109676331282,0.11450086683034896,0.39662923913474457,4.037712696939707,3.685670852661133,0.12325314432382584,0.14520763605833054,0.024068635888397694,0.09653812274336815,0.6420698165893555,0.11341087520122528,0.37976049668665024
240,1564.0349426269531,3.943156562993924,3.6693041801452635,0.12123167663812637,0.10661827226479849,0.013359602664907773,0.11466330289840698,0.3992094934845403,4.015355754643679,3.6616413593292236,0.12137968093156815,0.14651227742433548,0.024094986729323864,0.09645449370145798,0.6487699151039124,0.11323021352291107,0.3878449310993215
241,1570.5920567512512,3.9352511460582416,3.6617101192474366,0.12071763773759206,0.10659110397100449,0.0133339274674654,0.11454345782597859,0.37388787358187014,4.03346442244947,3.682683229446411,0.1234886460006237,0.1445184350013733,0.024102814495563507,0.09637125954031944,0.6415882110595703,0.11339471489191055,0.3825377177769574
242,1577.1798038482666,3.938830780982971,3.6658172607421875,0.12109655141830444,0.10623262226581573,0.013303703100730976,0.11468478838602701,0.4145443404758887,4.014446364715695,3.6652363538742065,0.12180564180016518,0.14415359497070312,0.023884748108685017,0.09590685740113258,0.6388294696807861,0.11338861286640167,0.4129095851760828
243,1583.7652547359467,3.9392234722773236,3.6650702476501467,0.12112518350283305,0.10679531643788019,0.013276728677252929,0.11471864183743795,0.4013452617665477,4.0140997767448425,3.661530017852783,0.12183693051338196,0.14582564681768417,0.023869634605944157,0.09581248834729195,0.6455701291561127,0.11363810300827026,0.3987705542004544
244,1590.37029671669,3.938750165949265,3.66510222752889,0.12102318654457728,0.10656817257404327,0.013254835270345211,0.11471245537201563,0.39414678402338116,4.005043936893344,3.655631184577942,0.1209290586411953,0.1444741114974022,0.023839257657527924,0.09544820338487625,0.6447366178035736,0.11364949494600296,0.3920433013557438
245,1596.8686935901642,3.9324713855981828,3.660002581278483,0.12055954535802206,0.10609451582034429,0.013249473925679923,0.11490473002195359,0.3930884204163047,4.015024144202471,3.662243366241455,0.1212744489312172,0.14607177674770355,0.023933466523885727,0.09561895579099655,0.6429086327552795,0.11407836899161339,0.4092834639926828
246,1603.4087727069855,3.9342027279237906,3.6599571069081622,0.1206836923956871,0.10695188740889232,0.013198548275977374,0.11489301125208537,0.39729048058421645,4.0067027397453785,3.655628800392151,0.1214340403676033,0.14517845958471298,0.023730680346488953,0.09528246894478798,0.6425094306468964,0.11399100348353386,0.4001602673151924
247,1610.131219625473,3.9353704010446866,3.6624815622965494,0.12084029813607534,0.10623434484004975,0.013205394459267458,0.11493391990661621,0.3948587833819835,3.9982081055641174,3.647308826446533,0.12038281559944153,0.14535393565893173,0.02385757304728031,0.09530416503548622,0.6441402733325958,0.11370832100510597,0.4008583873610504
248,1616.7398495674133,3.935741395751635,3.6627733866373697,0.12080390652020773,0.10628302792708079,0.013172343249122302,0.11500352621078491,0.43689158716017407,3.9830578919500113,3.6344770193099976,0.11950914189219475,0.14441315084695816,0.023642191663384438,0.09481188654899597,0.6402046978473663,0.114276472479105,0.4481425386850638
249,1623.4001505374908,3.933089051147302,3.660005283355713,0.12078116039435069,0.10634659379720687,0.013134972595920166,0.11518929054339727,0.3935327624475416,4.005967186763883,3.659554600715637,0.12130654230713844,0.1428796574473381,0.02368906419724226,0.09470938891172409,0.6374136805534363,0.11398425698280334,0.3997188307003726
250,1630.1255695819855,3.9291989838083583,3.6552732944488526,0.12032723327477773,0.10688103636105856,0.013134887410948674,0.11512657254934311,0.40492100347909177,3.9936411026865244,3.6433510780334473,0.12023152783513069,0.1450871303677559,0.02356557920575142,0.09406691789627075,0.6430607438087463,0.1137784831225872,0.4004440380302737
251,1636.7545037269592,3.9306024683018523,3.656927967071533,0.12045512646436692,0.10672346899906794,0.01309880226229628,0.11528217295805614,0.404320239709439,4.0020928382873535,3.6557730436325073,0.12080797553062439,0.142957903444767,0.02367545198649168,0.09443734958767891,0.6373810768127441,0.11445725336670876,0.41280960468847033
252,1643.3434445858002,3.9344150883456073,3.6619847933451335,0.12095527897278467,0.10597632775704066,0.013092771420876186,0.11534407635529836,0.39855958561245164,3.995216676965356,3.643911838531494,0.11990662291646004,0.14567576348781586,0.023516821675002575,0.09382463246583939,0.6465686559677124,0.11426205560564995,0.3894333099270991
253,1649.8692727088928,3.9369786702096463,3.662500778834025,0.12089716643095016,0.10701465408007303,0.013065200143804153,0.11542605211337408,0.4179652511088487,4.026217786595225,3.672074794769287,0.12210744246840477,0.14654463529586792,0.023611179552972317,0.09394095465540886,0.6484456658363342,0.1144309788942337,0.41375713839189887
254,1656.4357776641846,3.933141974856456,3.6596632480621336,0.12067882865667343,0.1065696562329928,0.01305329588552316,0.11540066202481587,0.4030543759185586,4.021881757304072,3.668218731880188,0.12221678718924522,0.1462773159146309,0.023473134264349937,0.09377746284008026,0.6467129290103912,0.1144481860101223,0.4016455033674206
255,1663.0048377513885,3.925424571832021,3.6515058199564616,0.12011548082033793,0.10693050573269526,0.013036102801561356,0.1153845489025116,0.43998607070037593,4.002222090959549,3.6459401845932007,0.12019127607345581,0.14809313416481018,0.02349856123328209,0.09357323497533798,0.6508753597736359,0.11470598354935646,0.4217694779015286
256,1669.5979237556458,3.9208931046227615,3.64848043123881,0.11995373914639156,0.1062179019053777,0.013028349168598652,0.11569959868987402,0.40270695614146373,3.997785896062851,3.6413718461990356,0.12000617384910583,0.1482054814696312,0.02357487380504608,0.09360231831669807,0.6522539258003235,0.11454938724637032,0.40116506396733254
257,1676.1364786624908,3.928305642058452,3.655605189005534,0.1204878235856692,0.10622827063004175,0.013002316312243542,0.11573567688465118,0.39082070128348956,3.989718509837985,3.6376447677612305,0.1198757253587246,0.14606793969869614,0.023485329002141953,0.09320365637540817,0.6468916535377502,0.114574383944273,0.39549855334805856
258,1682.7214815616608,3.9243018724024297,3.6517406940460204,0.12023976991573969,0.10622064669926962,0.01299721784889698,0.1157805452744166,0.38809489985814133,4.014944113790989,3.6584136486053467,0.12131224572658539,0.14793717116117477,0.023427410051226616,0.09298890829086304,0.6499805450439453,0.11436651274561882,0.37832704838367903
259,1689.2798416614532,3.9269952684640885,3.6541430632273357,0.12028951048851014,0.10635372499624889,0.012984363734722138,0.11561859796444575,0.40111433195720403,3.998237371444702,3.6457070112228394,0.1201813817024231,0.14621983468532562,0.023452362045645714,0.09304015710949898,0.6477386355400085,0.11523617804050446,0.4149133696895131
260,1695.8385684490204,3.9276702493429183,3.65545924504598,0.12050469120343527,0.10597932934761048,0.01294948731859525,0.11587668160597484,0.4054180637248088,4.016477916389704,3.6639673709869385,0.12144950777292252,0.145892895758152,0.023266475647687912,0.09258628636598587,0.6436748802661896,0.11512492224574089,0.40027091855410485
261,1702.3446435928345,3.921740157902241,3.649004364013672,0.12003064453601837,0.10636023581027984,0.012936041131615639,0.11593131472667058,0.40853012143133854,3.9992991629987955,3.651628255844116,0.12104131653904915,0.14357512444257736,0.023251923732459545,0.09240803867578506,0.6396993100643158,0.1148465983569622,0.4104159139048151
262,1708.8756866455078,3.9230302994449935,3.651197067896525,0.12019499242305756,0.10586786766846974,0.01291826128338774,0.11610780159632365,0.4005941687283975,3.995685463771224,3.6452399492263794,0.12038544937968254,0.14512639492750168,0.023437533527612686,0.09266132116317749,0.6444447934627533,0.11536708101630211,0.40129655998258107
263,1715.6414246559143,3.9162405607601007,3.644390916824341,0.11973995715379715,0.10598983267943064,0.012907773784051339,0.11615304946899414,0.4124653511059672,3.997453847900033,3.650588631629944,0.12047668173909187,0.1433134377002716,0.023387938737869263,0.09244219213724136,0.6387279629707336,0.11498866602778435,0.4114312481002277
264,1722.2843368053436,3.9177379456659156,3.6459609190622966,0.11977443844079971,0.10594490369160971,0.012888191857685645,0.11621283640464147,0.4051307002424517,3.9943723678588867,3.6452828645706177,0.11994940042495728,0.1445574015378952,0.023174108937382698,0.09200778231024742,0.6408477127552032,0.11516840010881424,0.404991762798981
265,1728.852356672287,3.917684322843949,3.6447216510772704,0.11975021213293076,0.10654378285010656,0.012854725153495868,0.11624782929817835,0.4369031907996772,3.9985637422651052,3.6464738845825195,0.12060372158885002,0.14589399844408035,0.023183043114840984,0.09196627140045166,0.6447164714336395,0.11547967791557312,0.4644602731605688
266,1735.503829717636,3.9142898127436636,3.641971715291341,0.11959626773993175,0.10625998179117839,0.012847008152554433,0.11649294644594192,0.41727776347581375,3.9876261688768864,3.638064980506897,0.11992944031953812,0.14479823410511017,0.02322559803724289,0.09182264655828476,0.6426087021827698,0.11571085825562477,0.41333890133680545
267,1742.0418875217438,3.9099151231348515,3.638773457209269,0.11926858375469844,0.10575368702411651,0.012835954750577609,0.1164429247379303,0.4202501606611956,3.9856097660958767,3.6331106424331665,0.1195526048541069,0.14636141061782837,0.023373985663056374,0.0919305868446827,0.6463877260684967,0.11570277437567711,0.4216567147656328
268,1748.5201218128204,3.9169338648517926,3.644805892308553,0.11981496314207712,0.10611024548610051,0.012817598413676023,0.11654096096754074,0.390083212754805,3.993433078750968,3.6417497396469116,0.12000323459506035,0.1458408609032631,0.02310603205114603,0.09123317524790764,0.644268661737442,0.1155133917927742,0.39391112556145463
269,1755.0750946998596,3.9146476541956265,3.6413211822509766,0.11950906018416087,0.10678597092628479,0.012806221625457208,0.11662711600462596,0.4307914599246035,3.9858419578522444,3.6398597955703735,0.12013005837798119,0.14295856654644012,0.023210580460727215,0.09147090092301369,0.6358543932437897,0.1155615784227848,0.43076584456368244
270,1761.6243147850037,3.9075299931069214,3.635899607340495,0.1192743922273318,0.10599659482638041,0.01278983090693752,0.11674891461928685,0.4102902554046155,3.986440261825919,3.6355615854263306,0.11974335834383965,0.14550349861383438,0.02318363543599844,0.0912892334163189,0.6438623666763306,0.1157459057867527,0.3887547567530797
271,1768.2731137275696,3.9078547691305476,3.638181034723918,0.11931175092856089,0.10500892947117488,0.012768600260217984,0.11679475903511047,0.41079989875247797,3.987031027674675,3.6381642818450928,0.1199713945388794,0.14444052428007126,0.023173420690000057,0.09127140417695045,0.6423174440860748,0.11585821211338043,0.41003289223185246
272,1774.8533766269684,3.897725787013769,3.627754561106364,0.11861293762922287,0.10533237854639689,0.012756714783608913,0.1169417863090833,0.42245698732894893,3.9913208410143852,3.6391263008117676,0.12033949792385101,0.14601239562034607,0.023089604452252388,0.09096045047044754,0.645846426486969,0.11576636880636215,0.42386073449632305
273,1781.3750264644623,3.902044572929541,3.6307545344034833,0.11896364788214366,0.10590410729249318,0.012751955756296713,0.1170730248093605,0.4293339662206561,3.9799319859594107,3.6317999362945557,0.11956639215350151,0.14417442679405212,0.023204658180475235,0.09105422347784042,0.6399572789669037,0.11578939110040665,0.4191288497395676
274,1787.923491716385,3.902285825461149,3.6308162530263264,0.11885338673988978,0.10602143953243891,0.012756385405858358,0.11705707510312398,0.419025720073344,3.9771484192460775,3.630992293357849,0.1196669451892376,0.1431613266468048,0.023067131638526917,0.09068651497364044,0.6376971900463104,0.11629411950707436,0.42583728682965927
275,1794.5934357643127,3.9165888329346976,3.6444668610890707,0.11997668147087097,0.10606681555509567,0.012713985921194156,0.117010198533535,0.40974956067040375,3.97492378950119,3.625204086303711,0.1192372739315033,0.1450505331158638,0.023097188211977482,0.09061641618609428,0.6426171064376831,0.11591064557433128,0.4033378646993504
276,1801.2701387405396,3.900501941641172,3.629463052749634,0.11867206891377767,0.10585142721732457,0.012700677787264188,0.11724848101536432,0.3976258918082936,3.9934123791754246,3.6411328315734863,0.12042856961488724,0.14603263139724731,0.0229957178235054,0.09034467861056328,0.6445589065551758,0.11667404696345329,0.3956149548137594
277,1807.8026645183563,3.902032043784857,3.630463711420695,0.11900179833173752,0.10603371659914652,0.01270257296661536,0.11728239009777705,0.4019213948629993,4.00733626075089,3.6518452167510986,0.12152129784226418,0.14736519753932953,0.023221579380333424,0.0908854492008686,0.6485459506511688,0.1164885014295578,0.4080475609269583
278,1814.2942447662354,3.8992724942664307,3.628895314534505,0.11888984789450964,0.10546612789233525,0.01267463763554891,0.11740402579307556,0.4139407774873456,3.997685069218278,3.6446017026901245,0.12106769159436226,0.14627476036548615,0.02308968175202608,0.09036896750330925,0.6439910531044006,0.11686976999044418,0.41900619024574315
279,1820.8525977134705,3.8856598804394404,3.6155863761901856,0.11780152718226115,0.10558637032906214,0.012681572418659925,0.11755235443512599,0.4269777305802481,3.9753219801932573,3.6275492906570435,0.11955762282013893,0.1439969390630722,0.022924108430743217,0.09005791693925858,0.6398962140083313,0.11652814596891403,0.42800156087290003
280,1827.4800777435303,3.8965383544564247,3.6254493554433185,0.11873280505339305,0.10586129824320475,0.012654664864142736,0.11740462332963944,0.41817503005835166,3.9999333918094635,3.647027373313904,0.12121129035949707,0.14615018665790558,0.02305894810706377,0.09014557674527168,0.6464841067790985,0.1174129843711853,0.43721508395884057
281,1834.2729105949402,3.8896189026534556,3.620444488525391,0.1183602973818779,0.10499713271856308,0.012636272376403213,0.11779166758060455,0.4121316679484728,4.001290645450354,3.647861957550049,0.12120255082845688,0.14641370624303818,0.023015346378087997,0.08984221145510674,0.646559089422226,0.11738159134984016,0.4142738667806233
282,1840.9058277606964,3.8907164516548316,3.6213037014007567,0.1184382622440656,0.10509680956602097,0.012627461024870475,0.11778276960055033,0.4011116107406053,4.003985803574324,3.6525683403015137,0.1217997595667839,0.14525879174470901,0.023058380000293255,0.09004606306552887,0.6427704393863678,0.11713529750704765,0.4060940327154284
283,1847.489899635315,3.890508850167195,3.62102157274882,0.11847961495320002,0.1051237349708875,0.012611941232656439,0.11777468472719192,0.4014448083142797,4.000245651230216,3.6438950300216675,0.12008319422602654,0.14815451204776764,0.022834076546132565,0.08944237604737282,0.653258889913559,0.11751993745565414,0.4161477935858322
284,1854.061990737915,3.8875753310819468,3.618321943283081,0.11816643426815669,0.10508508533239365,0.012589315635462601,0.11807611733675002,0.3912810035333865,3.985761623829603,3.6364752054214478,0.12017755955457687,0.1445988193154335,0.022923249751329422,0.08953637257218361,0.6432099342346191,0.11713378876447678,0.4107269037496414
285,1860.6626298427582,3.888900861144066,3.618522373835246,0.11837637424468994,0.10559515009323756,0.012574335125585397,0.11817046503225963,0.42062309139840176,3.9828191939741373,3.634416699409485,0.12007506564259529,0.1441824808716774,0.022849190048873425,0.08944132179021835,0.6405318677425385,0.11739379912614822,0.434489892569366
286,1867.214391708374,3.87655353123943,3.607731024424235,0.11747175206740697,0.1050433153907458,0.012569420350094637,0.11818136970202128,0.4151365503164206,3.9636195525527,3.6136932373046875,0.11823754012584686,0.14540377259254456,0.022816767916083336,0.08925214782357216,0.6423118412494659,0.11735537275671959,0.4278096616162409
287,1873.7467477321625,3.876259068151315,3.607207711537679,0.11753462851047516,0.10514202117919921,0.012561797692130009,0.118404025832812,0.40280067715648893,3.9455818347632885,3.6007763147354126,0.11745589226484299,0.1430387869477272,0.022943813353776932,0.08936882019042969,0.6362434923648834,0.11759911105036736,0.40535302161092873
288,1880.2574965953827,3.8749234872559706,3.606539551417033,0.11735911518335343,0.10485218912363052,0.012547974164287249,0.11850092262029648,0.42789032624858075,3.9890837613493204,3.6358296871185303,0.11995838955044746,0.1466374397277832,0.02284886408597231,0.08907356485724449,0.6482274830341339,0.11804164573550224,0.4472470633110003
289,1886.9629876613617,3.8797618478536604,3.611028544108073,0.11776602268218994,0.10492514620224634,0.01252145462979873,0.1184103195865949,0.4555513096191243,3.9652854967862368,3.617169141769409,0.11895355954766273,0.1443197876214981,0.02275024075061083,0.08884138241410255,0.6424507796764374,0.1178978905081749,0.4451359123719915
290,1893.6054286956787,3.8712654585639634,3.602422030766805,0.11723140776157379,0.10511386195818583,0.012506811413913965,0.1187146266301473,0.41393184684393786,3.9751556552946568,3.622747540473938,0.11926133185625076,0.1463887244462967,0.022755766287446022,0.08859312534332275,0.6481138467788696,0.11812383681535721,0.4247255569191468
291,1900.155776500702,3.869708270827929,3.6011421203613283,0.11708543300628663,0.10501171698172887,0.012505448733766874,0.11875840971867244,0.403650814664186,3.963779214769602,3.615933418273926,0.11869791895151138,0.14424841850996017,0.022856838069856167,0.08872168883681297,0.6413591206073761,0.11793329194188118,0.4219369962760763
292,1906.7505254745483,3.8694068680206937,3.6008896032969155,0.11697208484013875,0.10501561115185419,0.012487746899326642,0.11881694942712784,0.4018302881459578,3.9868005495518446,3.6330389976501465,0.12061947211623192,0.14672590792179108,0.022785047069191933,0.08875574544072151,0.6480596661567688,0.11835367977619171,0.3822971999343616
293,1913.30389046669,3.865629780292511,3.5984145641326903,0.1169479509194692,0.10437062035004298,0.012477087322622538,0.11917458722988765,0.39273167799188957,3.957353523001075,3.612295985221863,0.11858807131648064,0.14288175106048584,0.022751949727535248,0.08852231130003929,0.6383382976055145,0.11885596811771393,0.3973196956870807
294,1919.8630256652832,3.8668371473749477,3.5986894766489663,0.11699423094590505,0.10482527762651443,0.012463480684285362,0.11905615230401358,0.39779102969448715,3.9679391011595726,3.621169686317444,0.11924223601818085,0.14357414841651917,0.02282632514834404,0.08850854635238647,0.6391604542732239,0.11825241893529892,0.4085781852453055
295,1926.3965334892273,3.861429226398468,3.5938274383544924,0.11662377913792928,0.1046449492375056,0.012455564706275861,0.11923112024863561,0.40968662005211187,3.959019811823964,3.6070135831832886,0.11851641908288002,0.14637400954961777,0.022752121090888977,0.08819423615932465,0.6469947099685669,0.11893891543149948,0.41293538425754883
296,1932.9381177425385,3.8647231576343377,3.59660013516744,0.11687973886728287,0.10484157651662826,0.012441806433101495,0.11932991494735082,0.4087611445068509,3.9493851754814386,3.605759024620056,0.11815996840596199,0.14227308332920074,0.022708715870976448,0.08827361091971397,0.6344403624534607,0.11867472529411316,0.4136645637406927
297,1939.4906187057495,3.8645437210798264,3.595391114552816,0.11686912973721822,0.10535902082920075,0.012447160948067904,0.1194954420129458,0.42923302536770375,3.9636157620698214,3.611838221549988,0.1190280057489872,0.14613176882266998,0.022834832780063152,0.08825241774320602,0.6485116183757782,0.1191183589398861,0.44963235317613187
298,1946.0860967636108,3.853613717854023,3.58603253364563,0.116185129682223,0.1047443096836408,0.01241152873262763,0.11951443205277125,0.41914873034959527,3.961161097511649,3.6122114658355713,0.11842374131083488,0.1448688805103302,0.02260269597172737,0.08779352158308029,0.6459581553936005,0.11854323744773865,0.42836130139203965
299,1952.6009757518768,3.857302821924289,3.5890349547068277,0.11636997510989507,0.10504143983125687,0.012406947774191697,0.11962413191795349,0.4088202818981275,3.9579944293946028,3.6093249320983887,0.11813491210341454,0.14480102062225342,0.022621520794928074,0.08774545043706894,0.641601175069809,0.11939452961087227,0.40719019151810204
300,1959.1835536956787,3.8588890579839545,3.5910595417022706,0.1165063018600146,0.10478818267583848,0.012401431674758594,0.1197995349764824,0.394225935649897,3.938969947397709,3.5959713459014893,0.11757244169712067,0.14210619032382965,0.022666115313768387,0.08775931224226952,0.635326087474823,0.11957037076354027,0.391314800433575
301,1966.4667599201202,3.8482067503035067,3.5816317240397137,0.11588710496822993,0.10431573688983917,0.012377391879757246,0.11992203841606776,0.42052581852785786,3.9669687002897263,3.6181126832962036,0.11944839358329773,0.1445659101009369,0.022627712227404118,0.08775782212615013,0.64397332072258,0.1193208247423172,0.43073865369900644
302,1973.1586577892303,3.8514199184874696,3.5844861030578614,0.11608983625968297,0.10444444864988327,0.01238457513973117,0.11986805548270543,0.41326439252948516,3.934635251760483,3.589474678039551,0.11672472953796387,0.14339910447597504,0.022715384140610695,0.08774670585989952,0.634872168302536,0.11887741833925247,0.4148474485462802
303,1979.9294028282166,3.8506749346852303,3.5838441530863445,0.11598707139492034,0.10441862295071284,0.012349365775783857,0.12006201098362605,0.4197072129383057,3.9283601734787226,3.5847885608673096,0.11682106927037239,0.1425805389881134,0.02257324568927288,0.08736546337604523,0.6348934471607208,0.11916445940732956,0.4126425360914676
304,1986.586285829544,3.8439691657821338,3.576844835281372,0.11566072007020314,0.10464698523283004,0.012339260832717022,0.12036046087741852,0.42328736301696845,3.9589772671461105,3.6074947118759155,0.11836859583854675,0.14614912867546082,0.02249025460332632,0.08725494891405106,0.6466896533966064,0.11985456198453903,0.4121175279402358
305,1993.2517046928406,3.838432414084673,3.5728639443715413,0.11536574512720107,0.10394279857476553,0.012334964812422793,0.12031076451142629,0.43521763136774827,3.940131336450577,3.5934027433395386,0.11763021349906921,0.1439567431807518,0.022603620775043964,0.08729038387537003,0.6392223834991455,0.11947823688387871,0.4414789438319079
306,1999.8558547496796,3.839281501621008,3.57288498878479,0.11529494772354762,0.10437451948722204,0.012345337262377142,0.12055419931809107,0.4436726276447443,3.926539832726121,3.582813262939453,0.11664782837033272,0.14270132780075073,0.022470878437161446,0.08711851760745049,0.6353678405284882,0.11974650248885155,0.4445207141879733
307,2006.4505507946014,3.8310517616569997,3.5647754510243734,0.11487121532360713,0.10442035148541133,0.012321899567420283,0.1206487089395523,0.4498077985934951,3.955354779958725,3.606494188308716,0.1185297966003418,0.14479784667491913,0.022610300220549107,0.08719050511717796,0.6413906514644623,0.12011770904064178,0.46919080259136325
308,2013.0590097904205,3.833992003897826,3.5679219563802085,0.11489074726899465,0.10431233694156011,0.012305723456665873,0.1206674819191297,0.4157212772454244,3.913419647142291,3.5720672607421875,0.11606531962752342,0.14165986329317093,0.02255693729966879,0.08697543293237686,0.6327910125255585,0.11978242546319962,0.4146181244648365
309,2019.6849977970123,3.8294439358015855,3.563576666514079,0.11466945856809616,0.10426627000172933,0.012282340709740916,0.1209060326218605,0.3926177096389123,3.9321599323302507,3.5887162685394287,0.11727473512291908,0.14240314811468124,0.022514209151268005,0.08697755634784698,0.6350610852241516,0.12074992060661316,0.40232793244959686
310,2026.260545015335,3.823675464093685,3.559152777989705,0.11447725792725881,0.10364202857017517,0.012283736933022737,0.12106619030237198,0.41944656738129266,3.9034690521657467,3.566836953163147,0.11564003676176071,0.13940604031085968,0.022506751120090485,0.08687285706400871,0.626170426607132,0.12017560750246048,0.4337251800737428
311,2032.9230048656464,3.8260079003870486,3.5599260012308758,0.11452770779530207,0.10440902262926102,0.01228981981985271,0.12113080620765686,0.4096794003290728,3.914705041795969,3.5673857927322388,0.11575887352228165,0.1447199061512947,0.02262744028121233,0.08690100535750389,0.6397507786750793,0.12029111012816429,0.41522477210055103
312,2039.6230800151825,3.818118968854348,3.5528899510701497,0.11407919774452845,0.10409470945596695,0.012264210389306147,0.1212330733736356,0.39404998711041345,3.915786363184452,3.572113513946533,0.11612455546855927,0.1428052857518196,0.022523527033627033,0.08670657128095627,0.6360838115215302,0.12031000107526779,0.3938562651185628
313,2046.277498960495,3.8117864397664865,3.547661781311035,0.11369058837493261,0.10363968213399251,0.012270098427931468,0.12130615214506785,0.4023909215489135,3.9294499829411507,3.583805561065674,0.11728732287883759,0.14350038021802902,0.022266382351517677,0.08617421239614487,0.6383347809314728,0.12143432721495628,0.3972856726832605
314,2052.8358809947968,3.8101778768002985,3.5462316989898683,0.11384732574224472,0.10351125746965409,0.012244177671770254,0.1214381511012713,0.4150209893019868,3.9194265212863684,3.5713415145874023,0.11610988900065422,0.14501503109931946,0.022461947984993458,0.08632096275687218,0.6411722600460052,0.12076950818300247,0.41959113836153666
315,2059.3697538375854,3.8064891492327053,3.542911418279012,0.1134105275074641,0.10343623359998068,0.012263338733464479,0.12158772746721903,0.4132375133866068,3.913512956351042,3.564813494682312,0.11590378731489182,0.14537378400564194,0.022660544142127037,0.0868595764040947,0.6427661776542664,0.12098342180252075,0.4032207472586089
316,2065.9281690120697,3.8092613038917382,3.544514513015747,0.11355330894390742,0.10398506820201874,0.012234173947945237,0.12184836169083914,0.43244103139715584,3.91656849719584,3.5688693523406982,0.11595236137509346,0.14486148208379745,0.02234966866672039,0.08616653457283974,0.6436295807361603,0.12125064060091972,0.4326565693863739
317,2072.475797891617,3.8024517292777698,3.539071877797445,0.11326077481110891,0.1033747320373853,0.012229528231546282,0.12199055949846903,0.4130052889066554,3.9306867495179176,3.5807682275772095,0.11721663177013397,0.1456551030278206,0.022338995710015297,0.08609466254711151,0.6406861543655396,0.12119228020310402,0.4038586462999675
318,2079.0217599868774,3.8105303193132083,3.54677635828654,0.11382420162359873,0.1034209301074346,0.012195487087592483,0.12207329620917638,0.4029503728144083,3.9127839505672455,3.570809483528137,0.11593040823936462,0.14200463145971298,0.0224075336009264,0.08602013438940048,0.6343120038509369,0.12156360596418381,0.38592076913499695
319,2085.4912247657776,3.794574442754189,3.5312599817911785,0.1128118579586347,0.10345426599184672,0.012192241630206506,0.12218788017829259,0.41755673554662665,3.9106577411293983,3.564856767654419,0.11626081168651581,0.14383528381586075,0.02251726109534502,0.08614297956228256,0.6397841572761536,0.12202166020870209,0.42618467747368055
320,2092.059096813202,3.7912055172026156,3.5285074075063068,0.11269369274377823,0.10317563166220983,0.012194363633170724,0.12229199210802714,0.39871892759447913,3.8885881900787354,3.545676350593567,0.11474943161010742,0.14276856184005737,0.02254044357687235,0.08614278212189674,0.6377913057804108,0.12139706686139107,0.3952806649575056
321,2098.5916249752045,3.788601516187191,3.525875981648763,0.11239714523156484,0.10326348096132279,0.012181311054155231,0.12237847199042638,0.4306484011009734,3.8846975956112146,3.539644718170166,0.11378829553723335,0.14407936483621597,0.022447495721280575,0.08590541779994965,0.6395052373409271,0.12162527814507484,0.4236229226382613
322,2105.13192486763,3.780667670319478,3.5188178539276125,0.11193649520476659,0.10294078439474105,0.012170469046880801,0.1225265845656395,0.4051853253007597,3.9000688437372446,3.5511614084243774,0.11498876288533211,0.14570652693510056,0.022378163412213326,0.08584021031856537,0.6440541744232178,0.12188488245010376,0.4130716266041108
323,2111.7622559070587,3.789152457813422,3.5258106708526613,0.11239353716373443,0.10357250918944677,0.012173962406814098,0.12261556039253871,0.3999401226828635,3.902001643553376,3.5523303747177124,0.1151282973587513,0.14605356007814407,0.022454543970525265,0.08593903481960297,0.6443500816822052,0.12240345031023026,0.4049639815856012
324,2118.270796775818,3.784827059259017,3.5234296321868896,0.1122040902574857,0.1026476909716924,0.012146066532780726,0.1227831482887268,0.40731307728369703,3.8884896095842123,3.545764684677124,0.11465511843562126,0.14269868284463882,0.022365426644682884,0.08562901988625526,0.6358412504196167,0.12219779193401337,0.43533336175615445
325,2124.9731838703156,3.775511260827382,3.513678805033366,0.11147451599438986,0.1030475988984108,0.01214023691912492,0.12290272315343222,0.40626898783669724,3.88160190731287,3.534829258918762,0.11399085819721222,0.14488860964775085,0.022383201867341995,0.08568233996629715,0.6411431729793549,0.12187360599637032,0.4151960168460674
326,2131.5939588546753,3.7845861427485943,3.5217401027679442,0.11231398632129033,0.10334452341000239,0.012133417340616385,0.12312440276145935,0.42921791899000433,3.8956370502710342,3.5493377447128296,0.11537310481071472,0.14430637657642365,0.022314244881272316,0.08548711985349655,0.6419625282287598,0.12224958464503288,0.4289703758152486
327,2138.2501299381256,3.774068136761586,3.511259174346924,0.11153143395980199,0.10352162271738052,0.01212086295709014,0.12304980556170146,0.44960245953970496,3.8879295643419027,3.5410518646240234,0.11444027349352837,0.14482878148555756,0.022394533269107342,0.08560802042484283,0.6418579816818237,0.12280930206179619,0.4705474889487187
328,2144.85969209671,3.7716999168197316,3.5100349108378093,0.11158138414223989,0.10293715695540111,0.012114395434036852,0.12323334415753683,0.43055122288038616,3.893071137368679,3.543136954307556,0.1143610030412674,0.1463768407702446,0.022278890945017338,0.08535684645175934,0.6442988514900208,0.12267595529556274,0.42503317786899286
329,2151.388202905655,3.769440601269404,3.507282511393229,0.11122195323308309,0.10327355662981669,0.01210597351503869,0.1235007589062055,0.4087844015577579,3.8873036429286003,3.5347267389297485,0.11398757994174957,0.1477915570139885,0.0223616985604167,0.08531523123383522,0.6478198170661926,0.12268083542585373,0.3992143807151088
330,2157.8507578372955,3.76422140399615,3.5027000109354653,0.11104702552159627,0.10299894014994303,0.012106064598386486,0.12352918734153112,0.42797507735914936,3.880829395726323,3.5326493978500366,0.11410418525338173,0.14556395262479782,0.022433094680309296,0.08547091856598854,0.6439134180545807,0.12270554527640343,0.4359674559594625
331,2164.344647884369,3.7591284565627574,3.497756258646647,0.11070804049571355,0.1030090888341268,0.012098121456801891,0.12380843162536621,0.417650012620336,3.8782307896763086,3.5315719842910767,0.11380096152424812,0.14487916231155396,0.022220611572265625,0.08502130210399628,0.6409631967544556,0.12334344536066055,0.4161082415118913
332,2170.8863039016724,3.759183920919895,3.497812589009603,0.11068263351917267,0.103015007575353,0.012083404402559002,0.12402403503656387,0.4114292009129628,3.8855106811970472,3.539940595626831,0.11473327502608299,0.14410172402858734,0.022192567586898804,0.08493400365114212,0.6394104659557343,0.12364809960126877,0.4329800253081976
333,2177.445510864258,3.7601809866726397,3.4982237974802652,0.11084840248028437,0.10326649397611617,0.012076523434370757,0.1238683799902598,0.41093172082862023,3.863111734390259,3.516442894935608,0.11270368099212646,0.14515849947929382,0.02243130374699831,0.08543072268366814,0.6412009298801422,0.12304804101586342,0.4215487650623765
334,2183.999888896942,3.7519874771436057,3.4901960213979084,0.11030060052871704,0.10332057774066924,0.012082232798760136,0.12406792640686035,0.40512783333551206,3.872885335236788,3.5216500759124756,0.11325550824403763,0.1473037526011467,0.02239738404750824,0.08537748083472252,0.6482869386672974,0.12331670895218849,0.4049434056474731
335,2190.4941449165344,3.7488043864568072,3.48771702448527,0.10999595324198405,0.10304469267527262,0.012057866249233485,0.12427853643894196,0.40662643834805856,3.8739814069122076,3.529222846031189,0.11439697071909904,0.14378003776073456,0.0222149221226573,0.08480605110526085,0.6398575603961945,0.12383295223116875,0.40966992371218297
336,2197.0426518917084,3.7439042409261067,3.482603152592977,0.10979274511337281,0.10320235788822174,0.012046411136786143,0.12443310568730036,0.39412790813165877,3.872709596529603,3.5295603275299072,0.11368276551365852,0.14315394312143326,0.022278061136603355,0.08484816178679466,0.6391028761863708,0.1235044077038765,0.39893080684039756
337,2203.565454721451,3.7428209729492665,3.4825030167897544,0.10980738947788875,0.10270713071028391,0.012059158273041248,0.12457850426435471,0.4258087694035018,3.853402202948928,3.5115342140197754,0.11257044598460197,0.14279138296842575,0.022379974834620953,0.08500396087765694,0.6351395845413208,0.12326538190245628,0.4207465981174992
338,2210.1514649391174,3.739004065593084,3.4779260476430256,0.10950226982434591,0.10316344151894251,0.012049716850742697,0.12471913049618404,0.4372528142628785,3.8391613215208054,3.4969584941864014,0.11143311858177185,0.14324313402175903,0.02219314780086279,0.08456071466207504,0.6363743245601654,0.1237199455499649,0.4491681626274315
339,2216.888475894928,3.734929234534502,3.475632842381795,0.10943298290173213,0.10228995035092035,0.012058695685118437,0.1248001848657926,0.40491223370144347,3.848850540816784,3.506639838218689,0.1119922548532486,0.14310728758573532,0.022363496012985706,0.08497157320380211,0.6357389390468597,0.12366478145122528,0.39489634283543495
340,2223.5650770664215,3.7310579491158324,3.4707977294921877,0.1090112492442131,0.1028772975007693,0.012017259513959289,0.12500059654315313,0.42780370540970947,3.8440274856984615,3.498167634010315,0.11174672096967697,0.14499324560165405,0.02218280453234911,0.08451767638325691,0.6427249908447266,0.12422845512628555,0.41786570921197946
341,2230.1722240448,3.7268571299811204,3.467565377553304,0.10886473109324774,0.10242969344059626,0.012022553818921249,0.1250874027609825,0.3894256391770797,3.87347131036222,3.523993968963623,0.11380965635180473,0.1462862566113472,0.022270523943006992,0.08459386602044106,0.6473755836486816,0.124657042324543,0.39541217472991147
342,2236.8142058849335,3.731199620415767,3.4722089449564617,0.10932813336451848,0.1021633043885231,0.012007582001388073,0.1253234053651492,0.4306159618120693,3.8430363181978464,3.4957339763641357,0.11177416518330574,0.1457076296210289,0.022098885849118233,0.08424104750156403,0.6451541185379028,0.1248377077281475,0.42522566070183654
343,2243.36340880394,3.7223603047430514,3.4627003987630207,0.1085697129368782,0.1026875247557958,0.011994428901622693,0.12553385396798453,0.4251380270695765,3.8466021306812763,3.4977333545684814,0.11155737191438675,0.14654504507780075,0.022168566472828388,0.08438942208886147,0.6429574191570282,0.12445492669939995,0.4302989442039954
344,2249.978924036026,3.7189293997983137,3.45952467918396,0.10850018014510472,0.10257731527090072,0.011989664783080419,0.12566628605127333,0.41493321010664297,3.833749655634165,3.4870800971984863,0.11107123643159866,0.14556697010993958,0.022234794683754444,0.0843995101749897,0.6448729038238525,0.1247124932706356,0.41163963879332455
345,2256.6008529663086,3.718663625915845,3.4594847043355306,0.10846493045488993,0.10247322817643484,0.011994319315999747,0.12580582747856775,0.40293641601902835,3.820529855787754,3.4820843935012817,0.11057697236537933,0.14157848805189133,0.022296334616839886,0.08452660217881203,0.6324582397937775,0.1249505877494812,0.42006347323481813
346,2263.1138648986816,3.713095261901617,3.453612041473389,0.1081409697731336,0.1027063677708308,0.011972439071784417,0.1258594830830892,0.421067862573883,3.8291521333158016,3.482864022254944,0.11082445830106735,0.14543794095516205,0.022207914851605892,0.08426264300942421,0.6457245945930481,0.1251465380191803,0.4241518340941469
347,2269.660202026367,3.7117655903100966,3.4526556809743245,0.1078929344813029,0.10258172104756037,0.01197150400839746,0.12601584245761235,0.43995051928192114,3.8178339190781116,3.4739240407943726,0.11016283184289932,0.14441423118114471,0.022213510237634182,0.08408045768737793,0.6402125954627991,0.12540864571928978,0.445295313931795
348,2276.194595813751,3.71219055056572,3.4524680614471435,0.10805101195971172,0.1028484915693601,0.0119591832626611,0.12631548543771107,0.4343243659455149,3.8205293491482735,3.4751594066619873,0.11019937694072723,0.14513512700796127,0.02207126095890999,0.08383738249540329,0.6441073417663574,0.12520083412528038,0.46070471597387996
349,2282.699240922928,3.7070148130257925,3.4484612782796225,0.10778342882792155,0.10233091016610464,0.011948845100899537,0.12648095736900966,0.39161815970745717,3.826650593429804,3.4819328784942627,0.11076519638299942,0.14466755837202072,0.02212028205394745,0.08396236598491669,0.6426362693309784,0.12520280852913857,0.3929019211145249
350,2289.226913690567,3.703153888632854,3.4451087792714437,0.10759945164124171,0.10212269177039464,0.011959834164008499,0.12658528635899227,0.40252283592756627,3.8395547419786453,3.492331862449646,0.11186638474464417,0.14564484357833862,0.022000576369464397,0.08373185619711876,0.6452688574790955,0.1257738061249256,0.39539725656744584
351,2295.852068901062,3.70104208389918,3.4425483862559,0.10737032890319824,0.10240426659584045,0.011935455910861491,0.1266374225417773,0.40482197400198494,3.8081656005233526,3.4664106369018555,0.10978342220187187,0.1434316262602806,0.022119845263659954,0.08386799320578575,0.6381607353687286,0.12590517848730087,0.40780532915031953
352,2302.4117407798767,3.6940587331851322,3.4370772361755373,0.10705073674519856,0.10172806431849797,0.011939781190206607,0.12688861588637035,0.392551472982665,3.8295051995664835,3.484562635421753,0.11159395053982735,0.14457279443740845,0.022050023078918457,0.08364906534552574,0.6438297629356384,0.12635835260152817,0.38334979230915284
353,2309.159003973007,3.6949844347933927,3.4366443792978925,0.10713165551424027,0.10238711386919022,0.011926321995755036,0.127119738360246,0.4299805013649632,3.8308664560317993,3.48205828666687,0.1108483076095581,0.14669200778007507,0.022218707017600536,0.08393220603466034,0.6464465856552124,0.1262458711862564,0.4363510919614616
354,2315.739790916443,3.694242772211631,3.436945915222168,0.10696641157070795,0.1019068256020546,0.011925065005198122,0.1271648759643237,0.4218803039402311,3.804416909813881,3.46350634098053,0.10948359966278076,0.14308438450098038,0.0220791008323431,0.08377963304519653,0.6359478533267975,0.126295804977417,0.4208413227940732
355,2322.3553988933563,3.6921346654494602,3.435125986735026,0.1071130633354187,0.10172607352336248,0.011915879261990388,0.12741666634877521,0.4392431569304496,3.81981841288507,3.475369691848755,0.11036480590701103,0.14463315904140472,0.022075234912335873,0.08347661793231964,0.6431729197502136,0.1269971877336502,0.4188746378711251
356,2328.875138759613,3.689475663503011,3.43190811475118,0.10677657922108968,0.1020896295706431,0.011906640324741601,0.12763482133547466,0.4129429274862162,3.8047982789576054,3.4618897438049316,0.10963431745767593,0.14404568821191788,0.022138867527246475,0.08358048647642136,0.6417044997215271,0.1266300454735756,0.41660062018884
357,2335.313684940338,3.6776934608817102,3.4204837958017986,0.10604455967744192,0.1020936926205953,0.011898005412270625,0.1276480033993721,0.4147923311692979,3.810130326077342,3.4658243656158447,0.11020984873175621,0.1446005180478096,0.022083330899477005,0.08343306928873062,0.6422939896583557,0.12683122605085373,0.42018680026373445
358,2341.83553981781,3.6806270591914654,3.4244092146555585,0.10633605768283208,0.10152490784724554,0.011910797407229742,0.12787006596724193,0.4187083073614186,3.8195967003703117,3.4720377922058105,0.11059354245662689,0.14613106846809387,0.022089923731982708,0.08356504142284393,0.6474467813968658,0.12750337272882462,0.40611151762005254
359,2348.3064539432526,3.6824897256990274,3.425694640477498,0.10638597359259923,0.1018010492126147,0.011904769949615002,0.12804329494635264,0.4112365838249052,3.8234728667885065,3.472324013710022,0.11081688478589058,0.14787020534276962,0.022100228816270828,0.08331063389778137,0.648607611656189,0.12715977430343628,0.4115927510648354
360,2354.983664751053,3.680968841413657,3.4245165824890136,0.10637620588143666,0.10163207799196243,0.01188497783926626,0.12834098289410273,0.4139993402567109,3.7938284315168858,3.4519439935684204,0.10900992900133133,0.14368973672389984,0.022027967497706413,0.08327343314886093,0.6394546627998352,0.12741466611623764,0.4179749902381345
361,2361.609168767929,3.6743130954603354,3.418942928314209,0.10603459328413009,0.1011764352520307,0.01188242508408924,0.12841639469067256,0.4313479082195009,3.79989755153656,3.4553802013397217,0.10919812321662903,0.14495914429426193,0.021939479745924473,0.08290368691086769,0.6418395638465881,0.12762032449245453,0.4366056598881186
362,2368.2193229198456,3.6728531134625277,3.4165207227071126,0.105984066426754,0.10167017877101898,0.011874927425136168,0.12856960992018382,0.44227074065277266,3.7830367609858513,3.4413349628448486,0.10831262171268463,0.14377274364233017,0.022213121876120567,0.08339406177401543,0.6365641355514526,0.12770908325910568,0.44511107865432215
363,2374.883522748947,3.6637778036296367,3.40729071299235,0.10534665038188298,0.10190688272317251,0.011870271293446422,0.12876112262407938,0.4410776082336023,3.783736851066351,3.4406895637512207,0.10845725983381271,0.14440932869911194,0.02205521147698164,0.0830681174993515,0.6395208537578583,0.12795904278755188,0.44558783143494535
364,2381.492693901062,3.665911540637414,3.40887713432312,0.10545713951190312,0.10215291827917099,0.01186323690538605,0.12897618412971495,0.43738715571334164,3.7819421142339706,3.436052680015564,0.1079358458518982,0.1459607556462288,0.021947437897324562,0.08296938985586166,0.6469662189483643,0.12782825529575348,0.42732225890732645
365,2388.068459033966,3.6615516163408754,3.405110820134481,0.10525063822666804,0.1019077385465304,0.011846210310856501,0.12911051412423452,0.4352334401076111,3.7877208050340414,3.4410821199417114,0.1081734411418438,0.14627598226070404,0.022023613564670086,0.08305103704333305,0.6464686989784241,0.12851544469594955,0.464427385257615
366,2394.810661792755,3.65859110429883,3.4027128060658773,0.10505388925472896,0.10167567680279414,0.01185329258441925,0.12926714221636454,0.4173848305928101,3.7883913423866034,3.4435200691223145,0.10862566158175468,0.14527922123670578,0.02198432758450508,0.082810889929533,0.6449315547943115,0.12855131924152374,0.4183607700625235
367,2401.480392932892,3.653075118114551,3.397432820002238,0.10479480077823003,0.10162244886159896,0.011839560186490416,0.12956597010294596,0.4201013459788427,3.7736971229314804,3.4327495098114014,0.1079377830028534,0.14348936080932617,0.02210252173244953,0.08295377716422081,0.639676570892334,0.1286371722817421,0.4203447961872734
368,2408.1058287620544,3.6520320693651835,3.396778376897176,0.10464623967806498,0.10146528631448745,0.011835793033242226,0.1296083450317383,0.4191581325896438,3.7756327781826258,3.4323439598083496,0.10783569887280464,0.14468548446893692,0.022073278203606606,0.08290087059140205,0.6410012245178223,0.1288529485464096,0.42581965374877057
369,2414.7074167728424,3.652518874655167,3.397382926940918,0.10482292423645655,0.10136224279801051,0.011832180914158623,0.12994596461455027,0.4387219920750753,3.7862697541713715,3.4372942447662354,0.1083851158618927,0.14739147573709488,0.02201094012707472,0.08271348476409912,0.648871660232544,0.12895548343658447,0.4286391183799
370,2421.2917037010193,3.644244522104661,3.38946582476298,0.10413675357898076,0.10135516027609508,0.01183473899339636,0.13006976942221324,0.43994850033428334,3.7866239845752716,3.439810633659363,0.10860547423362732,0.14625530689954758,0.02203761599957943,0.08270666375756264,0.6458545029163361,0.1291845738887787,0.4222669173401126
371,2427.918785095215,3.644565921028455,3.3899611473083495,0.10444400509198506,0.10119138558705648,0.011820066316674153,0.13020681341489157,0.4081674603298706,3.7766271755099297,3.4324575662612915,0.10805223882198334,0.14507174491882324,0.022068253718316555,0.0828343853354454,0.6437959671020508,0.12913574278354645,0.40039637706724396
372,2434.5398049354553,3.6374619429310164,3.382656224568685,0.10391576985518138,0.10142391671737035,0.011816822597756982,0.1303686539332072,0.42701154234109473,3.7689566761255264,3.4255120754241943,0.10808214545249939,0.1447017639875412,0.021942385472357273,0.08254153653979301,0.641924262046814,0.1294505074620247,0.42846030830976795
373,2441.139062643051,3.642850711196661,3.388097810745239,0.10428143789370854,0.10130609075228374,0.011817879245306055,0.13066086371739705,0.43030770289806486,3.754425408318639,3.415176510810852,0.10650524869561195,0.1429981365799904,0.022104916162788868,0.0827026516199112,0.6369279026985168,0.1295454353094101,0.4320034033696799
374,2447.748669862747,3.636490619679292,3.3811238129933674,0.10371161003907521,0.10175550083319346,0.011824130297948916,0.13054351011912027,0.4324815528962269,3.7571393083781004,3.416592597961426,0.10709136351943016,0.14350051432847977,0.022010071203112602,0.08274891600012779,0.6381960213184357,0.12961355596780777,0.43611783650082153
375,2454.348576068878,3.6412598696847756,3.3856836636861165,0.10431103855371475,0.10171034336090087,0.011795261222869158,0.1308079441388448,0.4251430767078917,3.7705833166837692,3.4275530576705933,0.10785713791847229,0.1445508450269699,0.022029129788279533,0.08259095624089241,0.6425314247608185,0.13010510057210922,0.4323415473249169
376,2460.9589879512787,3.63162164191405,3.3763984044392905,0.10348960955937704,0.10173921634753545,0.011794389039278031,0.1309889853000641,0.4118792386021901,3.7642752807587385,3.418646454811096,0.10701584443449974,0.14606045186519623,0.021937175653874874,0.08234896883368492,0.6465259492397308,0.13009079545736313,0.4114973807076384
377,2467.5169088840485,3.630580066392819,3.3758216381072996,0.10350900640090306,0.10150196254253388,0.011799782405917843,0.13118977944056193,0.38979852411372495,3.7564734518527985,3.415446400642395,0.10767665505409241,0.14359436184167862,0.02213466726243496,0.08283102884888649,0.638734370470047,0.13043514639139175,0.3926954212576394
378,2474.054267883301,3.62461141149203,3.370172929763794,0.1031116227308909,0.10144133518139521,0.011783017575119932,0.13138943215211232,0.42794806171800537,3.751905046403408,3.412009119987488,0.10702259838581085,0.14319231361150742,0.022084029391407967,0.08272350952029228,0.6368179619312286,0.13074538856744766,0.4336295747830167
379,2480.7187399864197,3.627669224143028,3.3727965990702313,0.1033945639928182,0.10158767153819402,0.011801372266684968,0.13170865873495738,0.4390916610286816,3.7495102211833,3.408337116241455,0.1065293401479721,0.14395421743392944,0.021921897307038307,0.08234591782093048,0.638777107000351,0.13110560923814774,0.4458250586790008
380,2487.3662810325623,3.6225078577796617,3.368691349029541,0.1031435360511144,0.1011223703622818,0.011782778287306428,0.13175759613513946,0.4358557051214198,3.756937215104699,3.4151679277420044,0.10750984027981758,0.14400718361139297,0.022095732390880585,0.08259804919362068,0.6412789225578308,0.13076712936162949,0.4575587419125415
381,2494.2700629234314,3.61667057176431,3.362931251525879,0.10289533138275146,0.10114582727352778,0.01177035056365033,0.13199300169944764,0.4458682085088847,3.7475042790174484,3.40462589263916,0.10627099871635437,0.14487144351005554,0.02197158895432949,0.08228765800595284,0.6410545110702515,0.13114368170499802,0.44532875133508537
382,2500.9837849140167,3.61106976022323,3.3568950653076173,0.10231910049915313,0.10150757233301798,0.011764167466511329,0.13214903473854064,0.41276477601682143,3.7488548159599304,3.4080392122268677,0.10668224096298218,0.14373724162578583,0.022009932436048985,0.08225611969828606,0.6383111774921417,0.13117815554141998,0.4154105195338792
383,2507.5709450244904,3.6125384733080863,3.358776839574178,0.10245139300823211,0.10126796861489613,0.01176167386583984,0.13237711489200593,0.42042419501999767,3.7495886497199535,3.4077054262161255,0.10635175555944443,0.14435367286205292,0.02191981766372919,0.08211595937609673,0.6401939988136292,0.13147588819265366,0.43230993048099364
384,2514.1993458271027,3.612397575378418,3.358427397410075,0.10228876074155172,0.10141289879878362,0.011755712889134884,0.1326354165871938,0.41963537900748976,3.747775100171566,3.4081437587738037,0.10657747089862823,0.1431713029742241,0.021900830790400505,0.08205144479870796,0.6382493674755096,0.131688691675663,0.4461327845952045
385,2520.8441259860992,3.6120693065226077,3.3573804537455243,0.10247533470392227,0.10172559271256129,0.011742372857406735,0.13277729054292042,0.44615416317279494,3.740795636549592,3.3990734815597534,0.10626311972737312,0.14429529756307602,0.021993139758706093,0.0823642648756504,0.6414338052272797,0.13202618807554245,0.4655528995928121
386,2527.485816717148,3.6052473234633604,3.351935784022013,0.10192644149065018,0.10117415934801102,0.01174601356809338,0.13290679256121318,0.4210954764747844,3.7459345292299986,3.4004175662994385,0.10652368888258934,0.14612755924463272,0.021899188868701458,0.08183248341083527,0.6465207040309906,0.13223644345998764,0.4413684641019161
387,2534.161725997925,3.5998327031731607,3.3467708269755048,0.10166465938091278,0.1011147732535998,0.011742073483765126,0.13313547174135845,0.42963018607153813,3.7342642303556204,3.39172899723053,0.10526661202311516,0.1449509635567665,0.022007892839610577,0.0820876955986023,0.6408004760742188,0.13258527219295502,0.4319040534623694
388,2540.8417847156525,3.597594746450583,3.343572473526001,0.10161993205547333,0.10160615344842275,0.011743388666460911,0.1334068497021993,0.44757801823402565,3.7345172874629498,3.3904837369918823,0.1056627556681633,0.1456010863184929,0.02188685443252325,0.08183300122618675,0.6410814821720123,0.13266485184431076,0.46402268774973665
389,2547.4723269939423,3.5949618302285673,3.3412903944651284,0.1014261210958163,0.1014791876077652,0.011722926485041777,0.1334751506646474,0.4620941160734307,3.7258177548646927,3.3893868923187256,0.10566839575767517,0.14179833233356476,0.021905476227402687,0.08187464252114296,0.635125607252121,0.13270658999681473,0.4499669526541926
390,2554.029513835907,3.589434445897738,3.3371416250864665,0.10119300882021585,0.10084815820058186,0.011724975674102705,0.133682182431221,0.4272239978209616,3.7310361061245203,3.3890987634658813,0.10573156550526619,0.14453577995300293,0.02185539249330759,0.08171410858631134,0.6385214626789093,0.13313261419534683,0.4438869063397205
391,2560.6280148029327,3.5904372995098432,3.3376056512196857,0.10120310882727306,0.1011150469382604,0.011725061060860752,0.13397195140520732,0.41743889760015446,3.737313026562333,3.3999619483947754,0.10634579136967659,0.1420890912413597,0.022025506012141705,0.08190770819783211,0.6347127556800842,0.1334245353937149,0.4298281680526195
392,2567.2429478168488,3.5859717637300492,3.3327266534169513,0.10086261630058288,0.1014069010814031,0.011710503930225968,0.13404020170370737,0.4041590757333097,3.7113647870719433,3.370050549507141,0.10409622639417648,0.14463306218385696,0.021979897283017635,0.08176398277282715,0.6387697756290436,0.13285784423351288,0.3852792418961549
393,2574.0315227508545,3.5868278235197066,3.3330261866251627,0.10097557902336121,0.10165692369143169,0.01171000540877382,0.1341930866241455,0.4125358199573636,3.7088931277394295,3.37124764919281,0.10418181121349335,0.14277728646993637,0.02198566123843193,0.0819370485842228,0.6361567378044128,0.13402942568063736,0.4244012360908487
394,2580.7296237945557,3.578429530064265,3.325265963872274,0.10042094190915425,0.10147654761870702,0.011697458025688926,0.13444140752156575,0.39758281741940166,3.7248380072414875,3.3848490715026855,0.10520214587450027,0.1436939314007759,0.021970081143081188,0.08165145292878151,0.6383543014526367,0.13401343673467636,0.4117452539368234
395,2587.412002801895,3.5769353965918222,3.3233064651489257,0.1003983736038208,0.10171487232049306,0.011702070012688637,0.13472981750965118,0.42749262864231735,3.7206702418625355,3.378008008003235,0.10465774685144424,0.14516668021678925,0.021865754388272762,0.08148279786109924,0.6406975090503693,0.13408970832824707,0.4275218975261085
396,2594.0524418354034,3.5742603316903114,3.321448071797689,0.10019434193770091,0.10135754446188609,0.011690470514198144,0.1348621964454651,0.41367005570480514,3.7322881761938334,3.3864243030548096,0.10574354603886604,0.14649605005979538,0.021941423416137695,0.08153427392244339,0.6455346941947937,0.13401152193546295,0.42293810528816855
397,2600.628343820572,3.575386726111174,3.3221423943837483,0.10035955955584844,0.10153227597475052,0.011701144060740869,0.1349986433982849,0.43039531973680945,3.7166803795844316,3.3767385482788086,0.10512152686715126,0.1436905339360237,0.022034254856407642,0.08182043954730034,0.6368311643600464,0.13437383621931076,0.44224639802483556
398,2607.2265548706055,3.5714358411729337,3.318093840281169,0.10003528247276942,0.10166217982769013,0.011686448364829023,0.13528651297092437,0.41814114359460774,3.699224930256605,3.362624406814575,0.1037556454539299,0.1423613503575325,0.02180041652172804,0.08147536963224411,0.6334584057331085,0.1345311403274536,0.4379439562870968
399,2613.885628938675,3.57123964826266,3.3178067525227863,0.09999288121859233,0.10171822756528855,0.011685475334525108,0.13549473583698274,0.4105563029144564,3.723887115716934,3.3777976036071777,0.10522300004959106,0.14673900604248047,0.021886778064072132,0.08150838315486908,0.6435525119304657,0.13497959822416306,0.4071563737586167
400,2620.4908270835876,3.564505623529355,3.3112443923950194,0.09964200605948766,0.10172011405229568,0.011680252477526664,0.13566541870435078,0.4066152450322115,3.696141142398119,3.3582375049591064,0.10356778651475906,0.1430598720908165,0.02189034316688776,0.0814681388437748,0.6355498135089874,0.13498174399137497,0.40236198260712464
401,2627.859343290329,3.5581147506833077,3.3067530314127604,0.09937938153743744,0.10083601425091425,0.011677603671948115,0.13586881558100383,0.39276925812947827,3.706164427101612,3.362981677055359,0.10434599220752716,0.1455048769712448,0.021883448585867882,0.08131349459290504,0.6426416039466858,0.13518444448709488,0.4027704191387146
402,2634.480870962143,3.5601249230404695,3.308297316233317,0.09956301897764205,0.1010230486591657,0.011683776881545782,0.13607036769390107,0.41973375817206554,3.6894992012530565,3.3510968685150146,0.10318807139992714,0.14340414851903915,0.021990721113979816,0.08158867433667183,0.6366225481033325,0.13577596098184586,0.43721206383463523
403,2641.306699037552,3.557580199837685,3.3047771294911703,0.09921662211418152,0.10159737964471181,0.01166027639992535,0.13632400234540304,0.42865301218646873,3.689973384141922,3.3493404388427734,0.10331976413726807,0.14448653161525726,0.021900569088757038,0.08141973614692688,0.6388564705848694,0.13556379079818726,0.42782954623478336
404,2648.0142061710358,3.55048402150472,3.2981497287750243,0.09885732928911845,0.1014528140425682,0.011655979882925748,0.1365526258945465,0.4377265200430503,3.698047947138548,3.3554986715316772,0.10371019691228867,0.14534708857536316,0.021840712055563927,0.08115887269377708,0.6421951055526733,0.13543149083852768,0.42209515841552525
405,2654.5785801410675,3.553652816514174,3.301107343037923,0.09903490245342254,0.10151401112476985,0.011650845206653078,0.13671592772006988,0.4434402313870346,3.6896336246281862,3.347134590148926,0.10286605730652809,0.1455330029129982,0.02192563656717539,0.08122016489505768,0.6412353217601776,0.13610810786485672,0.447328797894468
406,2661.1425890922546,3.5417167897025745,3.289827299118042,0.09833338956038157,0.10136139790217082,0.011661641967172424,0.13688221375147502,0.43643851003874,3.699060695245862,3.356316924095154,0.10362521186470985,0.14546558260917664,0.021785279735922813,0.08114336058497429,0.6407651305198669,0.13654197752475739,0.441127131561985
407,2667.859931945801,3.545933185517788,3.2937226136525473,0.09861074189345041,0.10145260045925776,0.011656825399647157,0.1370447059472402,0.45138715158087644,3.6739393286406994,3.3343206644058228,0.10233389586210251,0.1442258581519127,0.021887263283133507,0.08144121989607811,0.6379678249359131,0.13581938296556473,0.461428315127608
408,2674.326009273529,3.5411163916190467,3.2884851455688477,0.09826439023017883,0.10174952546755472,0.011642233577246468,0.13729389111200968,0.4060973732265965,3.673843812197447,3.3357983827590942,0.10224994271993637,0.1434602290391922,0.021954476833343506,0.08118762075901031,0.6358724236488342,0.13689075410366058,0.40980666446223174
409,2680.882548093796,3.5360161597530047,3.2849534352620444,0.09808240234851837,0.10101076165835063,0.011638087298100194,0.1375158409277598,0.3973331295742034,3.66971786133945,3.332837700843811,0.10235899314284325,0.1428503319621086,0.021806249395012856,0.08098337054252625,0.6358140408992767,0.13708681613206863,0.3986255380642133
410,2687.6082651615143,3.540896652142207,3.288318332036336,0.09838831623395285,0.10169208099444707,0.011642857315018773,0.13763769666353862,0.41546912812687403,3.6748923864215612,3.3334169387817383,0.10188696905970573,0.14526598155498505,0.021957059390842915,0.08133573457598686,0.6400763392448425,0.13707571476697922,0.4315324916283611
411,2694.207738161087,3.532524762302637,3.2798877716064454,0.09783308853705724,0.10186022321383158,0.011636494596799215,0.1379150946935018,0.42730886326180034,3.68911275267601,3.3431962728500366,0.10288238525390625,0.1472376435995102,0.021958639845252037,0.08109302818775177,0.6439540684223175,0.1375240683555603,0.43889573418129213
412,2700.8562591075897,3.528208002199729,3.276650333404541,0.09754892339309057,0.10139160354932149,0.0116263790987432,0.13824088573455812,0.41658868489532414,3.6440739445388317,3.3049676418304443,0.1003732904791832,0.1444598287343979,0.02191481739282608,0.08101723715662956,0.6390314698219299,0.1376381739974022,0.4174672989082904
413,2707.5810492038727,3.528778997063637,3.276149940490723,0.09760124484697978,0.10191421707471211,0.011635277156407635,0.13826632897059124,0.4014722043542697,3.6594593301415443,3.3182748556137085,0.10124026238918304,0.14528217166662216,0.02170954179018736,0.08075742796063423,0.640016108751297,0.13791073858737946,0.39899256031561653
414,2714.2682061195374,3.525348844130834,3.2733628431955974,0.09741664131482443,0.1016388401389122,0.011618231485287348,0.13857953548431395,0.42256037519340617,3.6501317527145147,3.3087087869644165,0.1006849817931652,0.1455402374267578,0.021855837665498257,0.0809253640472889,0.6419373750686646,0.13793020695447922,0.4194477136921201
415,2720.9570519924164,3.521523172905048,3.2694787343343097,0.0972006822625796,0.10172204871972403,0.011639951992159088,0.13873036205768585,0.42529031020435276,3.665832206606865,3.321604609489441,0.1016879677772522,0.14669180661439896,0.022004591301083565,0.08132682740688324,0.6442352831363678,0.13797543942928314,0.4102043728898625
416,2727.8217222690582,3.5198335759341717,3.267496665318807,0.09715637216965357,0.10187936226526896,0.01161660049110651,0.13882617155710855,0.4430674807240447,3.6453578248620033,3.3083969354629517,0.10076229274272919,0.14328987151384354,0.021729758009314537,0.08055978268384933,0.6344778537750244,0.13842517882585526,0.4383589395267915
417,2734.3346252441406,3.52178654273351,3.269491370519002,0.09733580748240153,0.10181363423665364,0.011627006685982148,0.13912418782711028,0.42875954135825406,3.6528163477778435,3.3112142086029053,0.10088326036930084,0.1455802544951439,0.02165915723890066,0.08054059743881226,0.6441789865493774,0.13864100724458694,0.4211473578792395
418,2740.9292981624603,3.51615296776096,3.2645233472188315,0.09693652341763179,0.1015806794166565,0.011592282727360726,0.13925602237383525,0.43235104095829996,3.665736649185419,3.320464611053467,0.10173068195581436,0.14720334857702255,0.021858648397028446,0.08080850169062614,0.6459575593471527,0.13843348622322083,0.4207191817515514
419,2747.455134153366,3.5099039286375047,3.2591801007588703,0.09663282434145609,0.10120370785395304,0.011600678383062283,0.13945214947064719,0.46059723297276706,3.657756060361862,3.3124613761901855,0.10094675421714783,0.14741065353155136,0.02193894051015377,0.08083991706371307,0.6445424556732178,0.13851039111614227,0.47060484183351897
420,2753.9058241844177,3.5116085377832253,3.260130739212036,0.09677694588899613,0.1015446628133456,0.011603331798687578,0.13962765634059907,0.4141608260838123,3.639247475191951,3.2972850799560547,0.10012775287032127,0.14594925940036774,0.02195447962731123,0.08091286569833755,0.6423690617084503,0.13925281167030334,0.4048752688489512
421,2760.1549010276794,3.507715216030677,3.256349738438924,0.09649569938580195,0.10155881394942602,0.011597694254790743,0.13998947342236837,0.4448424171810645,3.6431505661457777,3.2985135316848755,0.10014032945036888,0.1472834348678589,0.021926235407590866,0.08060633763670921,0.6475463211536407,0.13944470137357712,0.429532010077543
422,2766.5399310588837,3.5022875358661016,3.251208702723185,0.09622199734052023,0.10148391723632813,0.01158903461570541,0.140033691128095,0.42885785810135446,3.6590339224785566,3.309075355529785,0.10097691044211388,0.14973505586385727,0.021841051056981087,0.08057060837745667,0.6537294983863831,0.1399056538939476,0.44253673668548343
423,2773.0274221897125,3.5014578461647035,3.2511033535003664,0.0961702287197113,0.10113468915224075,0.011599791406964263,0.1403184155623118,0.4105033000040315,3.627925856038928,3.2868728637695312,0.0994868241250515,0.14565479010343552,0.02182224579155445,0.08039580658078194,0.6400025486946106,0.13998116552829742,0.4193885044735472
424,2779.473486185074,3.4942447351912658,3.2440774917602537,0.09572834322849909,0.10115153590838115,0.011579533293843269,0.14047976434230805,0.42224893324856827,3.634710246697068,3.2905890941619873,0.0993402786552906,0.1472255066037178,0.021843264810740948,0.08046292141079903,0.6458272635936737,0.14027442038059235,0.4520322238973254
425,2785.907214164734,3.4956227521101635,3.2442787488301597,0.09577266772588094,0.1017288347085317,0.01157510116075476,0.14078081548213958,0.4139914638543731,3.642800249159336,3.297507166862488,0.10035981237888336,0.1475565880537033,0.021754376590251923,0.08028753474354744,0.6455434262752533,0.14054466784000397,0.41703039584020224
426,2792.337459087372,3.4966471165418627,3.245444933573405,0.09599642753601074,0.10160198460022608,0.011580539091179768,0.14095306992530823,0.42081089823090456,3.640620095655322,3.29384446144104,0.10010814294219017,0.14836078137159348,0.021809703670442104,0.08039740845561028,0.6479879915714264,0.14062418788671494,0.42092176191819874
427,2798.841681957245,3.4969902945061526,3.244931697845459,0.09595318883657455,0.10204100112120311,0.01156954124259452,0.14118636151154837,0.4282911135116484,3.6475187465548515,3.302667498588562,0.1005798727273941,0.14728065580129623,0.021847279742360115,0.08038099855184555,0.6445390582084656,0.14122948050498962,0.4479915604186357
428,2805.2985270023346,3.4897016920149326,3.238928524653117,0.09540960143009822,0.10153418332338333,0.01156610098357002,0.14151519238948823,0.44264740912974815,3.629011256620288,3.28728449344635,0.09940716251730919,0.1460115909576416,0.021784966811537743,0.08019482716917992,0.6453897655010223,0.14119821041822433,0.4455930487853238
429,2811.626016139984,3.4898189355929694,3.2387156963348387,0.0954780658086141,0.10168210317691168,0.01156345889903605,0.14167740841706594,0.42537394384248095,3.6332088261842728,3.2885876893997192,0.09954532980918884,0.14742423593997955,0.02185834478586912,0.08022788166999817,0.6462788879871368,0.14137474447488785,0.41913327938383704
430,2818.1730120182037,3.4859932899475097,3.235374848047892,0.0952046791712443,0.10150805115699768,0.011565365704397361,0.14186094800631205,0.42959643079997695,3.6260941810905933,3.2822641134262085,0.09920848160982132,0.1471129134297371,0.021875478327274323,0.08021645247936249,0.645631343126297,0.14137985557317734,0.44291925409097804
431,2824.815979242325,3.4799007321397464,3.229581276575724,0.09491966863473257,0.10142981062332788,0.011564610277613003,0.14209651648998262,0.43289158462468247,3.6270167604088783,3.2822561264038086,0.09911449253559113,0.14760169386863708,0.02176300622522831,0.08008579537272453,0.6474123001098633,0.1419205144047737,0.4343275258823748
432,2831.4306120872498,3.4802629311879474,3.228395366668701,0.09483732382456461,0.10222445130348205,0.01155733116902411,0.1422728955745697,0.43572108001985643,3.6206447016447783,3.278852701187134,0.09877150878310204,0.14620312303304672,0.021708869375288486,0.08009655773639679,0.6440580189228058,0.14169526100158691,0.4600025156774013
433,2837.913022994995,3.4788961234192053,3.2286536852518717,0.09486521929502487,0.10140491425991058,0.011550922831520438,0.1424806833267212,0.4235178518482983,3.6095490604639053,3.267922043800354,0.09827262163162231,0.1462453529238701,0.021929488517343998,0.08035256341099739,0.6427333950996399,0.14211402088403702,0.4290815438216066
434,2844.904435157776,3.474586751808723,3.2247050921122233,0.09462906867265701,0.1012835626800855,0.011553054458151262,0.14280240833759308,0.43422778685306007,3.614760860800743,3.269069790840149,0.09809041023254395,0.1483229324221611,0.021883507259190083,0.08019701763987541,0.6481514871120453,0.1426364853978157,0.4415295193295504
435,2853.2112600803375,3.4751075180868307,3.2243887265523274,0.09469666928052903,0.1016852284471194,0.011540981754660607,0.14290570815404255,0.42980467207792744,3.627816181629896,3.2779228687286377,0.09874596446752548,0.15026016533374786,0.02173683699220419,0.07982669398188591,0.6531853973865509,0.1423869952559471,0.42527170782227347
436,2860.0890052318573,3.46917363529404,3.2191468874613443,0.0943899576862653,0.10141588449478149,0.011541492398828268,0.14315006732940674,0.37961694050904227,3.6181021835654974,3.273437976837158,0.09855319187045097,0.14769380539655685,0.021773947402834892,0.07992963120341301,0.6452229917049408,0.14257492870092392,0.37719787370450464
437,2867.066013097763,3.465734226753314,3.215842072168986,0.09413027813037236,0.10141350775957107,0.011551219131797552,0.1433655599753062,0.41036947081628866,3.6247940454632044,3.2791483402252197,0.09939052537083626,0.14797522127628326,0.02187604270875454,0.08015964180231094,0.6492671370506287,0.14262305945158005,0.4065752713104837
438,2874.093836069107,3.4654248816271624,3.2143667062123615,0.09407253513733546,0.10201095392306646,0.011551958493267496,0.1435616304477056,0.43991528406446123,3.620387513190508,3.27150297164917,0.09853509813547134,0.14980849623680115,0.021687903441488743,0.0796472430229187,0.6525970995426178,0.1429833397269249,0.4522382941976417
439,2880.9822652339935,3.4615831250945726,3.212047815322876,0.0938798040151596,0.10129770388205846,0.011569795726488034,0.14374229709307354,0.4138300982957949,3.6079022642225027,3.2628031969070435,0.09819797798991203,0.14800003916025162,0.02195433620363474,0.08040326461195946,0.6472653746604919,0.14339692890644073,0.40487325539399466
440,2887.842755317688,3.4590194180607794,3.2091483592987062,0.09367294410864511,0.10151729335387548,0.011525510934491952,0.14410454630851746,0.4316611397866621,3.6111227087676525,3.2627288103103638,0.09767570346593857,0.14977802336215973,0.021778845228254795,0.07976660504937172,0.6508890092372894,0.14374837279319763,0.4172655904052521
441,2894.6106719970703,3.4568922904630504,3.206004269917806,0.09350078056255977,0.10206881513198217,0.011536199832335114,0.14428613285223643,0.4054574862425487,3.6088320557028055,3.257482171058655,0.09781502559781075,0.15122118592262268,0.021804901771247387,0.07978074625134468,0.6539282500743866,0.14382347464561462,0.4114071634636332
442,2901.3196291923523,3.458665466805299,3.2085292180379232,0.09375116527080536,0.10163033306598664,0.011526589825128516,0.14428683817386628,0.4422112658574303,3.617932079359889,3.267946243286133,0.09832679852843285,0.1504112184047699,0.021662461571395397,0.0795353353023529,0.6556406617164612,0.14383910596370697,0.43947779388068914
443,2908.291412115097,3.4518760959307353,3.2025103410085043,0.0933188557624817,0.1013531635204951,0.01151612582616508,0.14466010332107543,0.4219464379160728,3.6007715184241533,3.2529913187026978,0.09749791398644447,0.14951562136411667,0.021731826476752758,0.07958628982305527,0.6500781178474426,0.14449986070394516,0.41754189159229693
444,2915.0705852508545,3.4501908677319686,3.200606044133504,0.09320976088444392,0.10148997157812119,0.011514710324505965,0.1448912759621938,0.4251874943757042,3.6013268008828163,3.252728223800659,0.09719829261302948,0.1499997153878212,0.02178748045116663,0.07948081195354462,0.6521651148796082,0.1444953829050064,0.4190873865539146
445,2921.791708946228,3.445781541119019,3.1964232444763185,0.09300534774859746,0.10142781138420105,0.01152062068382899,0.1450295130411784,0.4155855004504616,3.6077650915831327,3.256828784942627,0.09761720523238182,0.15106385201215744,0.02188985887914896,0.07969836890697479,0.6533039212226868,0.1449669823050499,0.42805670313495475
446,2928.838590145111,3.445619500676791,3.193871561686198,0.09293258786201478,0.10264082252979279,0.011506296430403988,0.14533837735652924,0.4361171016210984,3.6076933350414038,3.257845401763916,0.09771401807665825,0.15049546211957932,0.02183335181325674,0.079654261469841,0.6545969247817993,0.14517345279455185,0.43801958670447094
447,2935.707111120224,3.4464710878829163,3.1963865439097088,0.09303358743588129,0.10178387512763341,0.011507560343792042,0.14557383954524994,0.4452323803937809,3.589384676888585,3.241981029510498,0.09692046418786049,0.1494717076420784,0.02180438209325075,0.07938279584050179,0.64901402592659,0.14523995667696,0.4541050634270352
448,2942.488580226898,3.4389228597283363,3.1898126284281414,0.09258654415607452,0.10140847961107889,0.011500471193964282,0.14590310355027516,0.4607321354812314,3.605299709364772,3.2503963708877563,0.09734215959906578,0.1531161293387413,0.021664566360414028,0.07911533117294312,0.6590364575386047,0.14569149911403656,0.48536316383247613
449,2949.391032218933,3.4373438129822413,3.187950070699056,0.09257207115491231,0.10155385335286458,0.011495130788534879,0.14597146411736805,0.3938612737165286,3.5883325785398483,3.242167353630066,0.0966794490814209,0.14891275018453598,0.021691501140594482,0.07911570370197296,0.6506041288375854,0.14578288048505783,0.4016351951237252
450,2956.011440038681,3.433046703785658,3.184599256515503,0.09230135132869084,0.10114838580290476,0.011504159790153306,0.146235458056132,0.40614693056516155,3.5982665941119194,3.2475541830062866,0.09741528332233429,0.15100238472223282,0.021619943901896477,0.07910960540175438,0.6557050347328186,0.14587408304214478,0.4032424264305579
451,2962.745674133301,3.429131312916676,3.1796332200368247,0.0919607991973559,0.10175884664058685,0.011485573727016647,0.1464787870645523,0.41862070192086404,3.577356740832329,3.2294535636901855,0.09567910432815552,0.15003181248903275,0.021750866435468197,0.07928332686424255,0.6508746445178986,0.14623256027698517,0.420444368144385
452,2969.57768201828,3.4299822375178337,3.180120515823364,0.09202363391717275,0.10192495236794154,0.0114961717898647,0.14671115577220917,0.43449035117002943,3.5840543266385794,3.2351882457733154,0.09630976244807243,0.15035559982061386,0.02166395355015993,0.07910702377557755,0.6526836156845093,0.1463414952158928,0.4197169403302926
453,2976.5012340545654,3.4258839095632236,3.176652669906616,0.09184281726678213,0.10165491551160813,0.011485754838213324,0.14690587023893992,0.4470470421456342,3.5884467009454966,3.2403640747070312,0.0967935211956501,0.14984293282032013,0.021800832822918892,0.0792272537946701,0.6520151793956757,0.14655116200447083,0.4454729369596614
454,2983.2980921268463,3.4265673254927,3.176402791341146,0.09192326764265696,0.10210145016511281,0.01148664675032099,0.14719156920909882,0.4310528995243209,3.5774289667606354,3.233235239982605,0.09614920616149902,0.14805956184864044,0.021676323376595974,0.07908974587917328,0.6483500897884369,0.14678426086902618,0.4454817708408167
455,2989.9807403087616,3.4201744509239993,3.171165688832601,0.09165369321902593,0.10159095774094264,0.011482933101554712,0.14736984570821127,0.4536792823360351,3.5759546905755997,3.2273080348968506,0.09590175747871399,0.15034788846969604,0.02170896716415882,0.0789760984480381,0.6523180603981018,0.1471055969595909,0.4405651470792796
456,2996.4671511650085,3.4184912299116452,3.169742806752523,0.09150172571341196,0.10149878015120824,0.011479953645418088,0.1475691189368566,0.42259896101307287,3.580244390293956,3.234035849571228,0.09705406054854393,0.1488407552242279,0.02181953750550747,0.07902919873595238,0.647937536239624,0.14692505449056625,0.4228691468669023
457,3003.146245956421,3.418222963064909,3.168785285949707,0.09135192086299261,0.10188085834185283,0.01147400119031469,0.1479040265083313,0.43240945169646405,3.558160336688161,3.21401846408844,0.09500155225396156,0.1483205482363701,0.021679136902093887,0.07886471971869469,0.6456892490386963,0.14778529107570648,0.4352604310093954
458,3009.77796626091,3.413672504077355,3.1639633496602375,0.09113985151052476,0.10206961433092752,0.011487924711157877,0.1479785144329071,0.41451469881946584,3.558613022789359,3.21116042137146,0.09506125375628471,0.1499609872698784,0.021762201562523842,0.07897307723760605,0.6513749659061432,0.1479336991906166,0.4022031605895509
459,3016.4064910411835,3.4106331042945386,3.161013889312744,0.09099025378624598,0.10206204404433568,0.011485861195251346,0.1482715388139089,0.41981923689112466,3.553096029907465,3.209048628807068,0.09460342675447464,0.1483728438615799,0.02173923421651125,0.07881248742341995,0.6461248695850372,0.14806286245584488,0.42580221228951726
460,3023.04096531868,3.40762490828832,3.1579477787017822,0.09079174598058065,0.10214062829812368,0.011470494947085777,0.1485618511835734,0.42780582306393083,3.555732876062393,3.2111159563064575,0.09466445446014404,0.14864234626293182,0.021664423868060112,0.07862546667456627,0.6480647027492523,0.14850330352783203,0.4325967693343844
461,3029.588135957718,3.404211116582155,3.155892515182495,0.09063484023014705,0.10150059064229329,0.011469084195171793,0.1487900932629903,0.42043229610962085,3.5508690401911736,3.206592082977295,0.09448890388011932,0.14851625263690948,0.02160059195011854,0.07858490943908691,0.6485283076763153,0.14863944053649902,0.41997184845854196
462,3036.007208108902,3.4051031875113646,3.155971908569336,0.09073769599199295,0.10188121547301611,0.011467040066296856,0.14887022376060485,0.4192248091135868,3.5445965975522995,3.200757384300232,0.09424969553947449,0.14835718274116516,0.02183147892355919,0.07888742536306381,0.647951751947403,0.14874791353940964,0.4286483707595072
463,3042.6219952106476,3.4014097958803178,3.1522340774536133,0.09046536286671956,0.10197151849667231,0.011464956418300669,0.14924218753973642,0.4286546011793109,3.5464803613722324,3.2049193382263184,0.09466374665498734,0.1471145749092102,0.021728345192968845,0.07867247238755226,0.646057665348053,0.14927617460489273,0.42800820413312124
464,3049.4297349452972,3.399171241124471,3.150735600789388,0.09040813048680624,0.10161578754583994,0.011464051498721043,0.14937201539675396,0.43786579277354437,3.5407954677939415,3.1947604417800903,0.09405909478664398,0.1495027393102646,0.0215971814468503,0.07855264469981194,0.6513192653656006,0.1492970511317253,0.419412102257566
465,3056.1653389930725,3.395445840805769,3.14715477625529,0.09014311681191127,0.1016097530722618,0.011448035094266137,0.1495973308881124,0.4505684822502414,3.5464747231453657,3.199163556098938,0.09409552440047264,0.1501317024230957,0.021719438955187798,0.07850699871778488,0.6530447900295258,0.14952683448791504,0.4761851039203937
466,3062.6074521541595,3.394202817728122,3.144985802968343,0.09009619206190109,0.10208445936441421,0.011458584650730094,0.1499078224102656,0.4402100224299863,3.5437600519508123,3.1973196268081665,0.09419206902384758,0.14967219531536102,0.021684748120605946,0.07858831062912941,0.6526296436786652,0.14973080158233643,0.4334188723747279
467,3069.2077820301056,3.3899355478584767,3.141947062810262,0.08986553301413854,0.10152785927057266,0.011447903125857313,0.15003390808900197,0.4275119689905871,3.5370795242488384,3.1898120641708374,0.09382786601781845,0.1501767635345459,0.021742448210716248,0.07858496531844139,0.6523965299129486,0.14989211410284042,0.42089625645098555
468,3075.9551260471344,3.389697703967492,3.141302998860677,0.08988778243462245,0.10172540694475174,0.011447093139092127,0.15028759936491648,0.4148359526782593,3.52486389875412,3.1855010986328125,0.09331196546554565,0.14635340869426727,0.021698083728551865,0.07839895412325859,0.644903689622879,0.1503119245171547,0.41533901891141467
469,3082.967203140259,3.3857874470452467,3.1372917970021565,0.08954799721638361,0.10186082571744919,0.011447856559728582,0.15051404933134716,0.4523905571814877,3.535087250173092,3.1892627477645874,0.09377796947956085,0.14946775883436203,0.021688328124582767,0.07844116166234016,0.6502028405666351,0.15032587200403214,0.45206377067654485
470,3089.819594144821,3.3836705133318903,3.1352718194325764,0.08956201573212942,0.10180884301662445,0.011455851327627897,0.15079980591932932,0.45841126413519184,3.5272929705679417,3.1856809854507446,0.09332359582185745,0.14747509360313416,0.021667162887752056,0.07836798951029778,0.6467069089412689,0.15058233588933945,0.45308097673647796
471,3096.7298381328583,3.3802550815045835,3.1320443471272785,0.08938151448965073,0.10175998856623968,0.011440687750776609,0.15095904072125751,0.43859013782206063,3.5264976881444454,3.182237386703491,0.09338559955358505,0.14878375083208084,0.021758509799838066,0.07850819453597069,0.6495830416679382,0.15097708255052567,0.42166733739483087
472,3103.709016084671,3.3779048040509223,3.13037314414978,0.08925248285134633,0.10145270923773447,0.011443237261846661,0.1511704643567403,0.4218315815305082,3.5301202069967985,3.181149125099182,0.09304922446608543,0.15122323483228683,0.021594242192804813,0.07824598997831345,0.6564652323722839,0.15114792436361313,0.42059174484992584
473,3110.334038257599,3.3758856683969496,3.128318738937378,0.08910478154818217,0.10150726934274037,0.011444745973373452,0.15135687887668609,0.43716846801272097,3.516748333349824,3.1733466386795044,0.09240089729428291,0.14860062301158905,0.02179174218326807,0.07839343324303627,0.6485719978809357,0.15123186260461807,0.43856055599390215
474,3116.764477968216,3.372976695994536,3.1248705705006916,0.08891984522342682,0.10182310144106548,0.01145687730362018,0.15162858068943025,0.4298827344992531,3.521732836961746,3.178406238555908,0.09315124154090881,0.1483754888176918,0.021653578616678715,0.0786377526819706,0.6477862298488617,0.15137764811515808,0.44681680180228955
475,3123.3804981708527,3.3698816396296025,3.122590764363607,0.08881841649611791,0.10144083350896835,0.011428228470807274,0.15181358456611632,0.43077989812216766,3.518143579363823,3.168386936187744,0.09232866764068604,0.1517961546778679,0.021727115847170353,0.07832114025950432,0.6564856767654419,0.15191109478473663,0.4274296019449654
476,3129.859771966934,3.367478636900584,3.1195372263590495,0.08871361215909322,0.1017923022309939,0.011428481495628754,0.15210525095462799,0.448883984431734,3.509242231026292,3.163226008415222,0.09213848784565926,0.14997348934412003,0.021679016761481762,0.07809724658727646,0.6519337892532349,0.15228603035211563,0.4550604766553986
477,3136.3385779857635,3.367572546005249,3.1206803480784098,0.08870431979497274,0.10127001901467642,0.01143503007479012,0.1523193895816803,0.4391564145119882,3.496847778558731,3.1533159017562866,0.09155291318893433,0.14887771010398865,0.021824493072926998,0.07847711443901062,0.647903561592102,0.15245512872934341,0.4539326357567356
478,3142.908196926117,3.3629986315965654,3.115569257736206,0.08845645387967428,0.10160057346026102,0.011424161152293284,0.15247873266537984,0.45999462198477786,3.5039697140455246,3.1599364280700684,0.09216353297233582,0.14897575974464417,0.0217649657279253,0.07835749164223671,0.6491404473781586,0.1526395082473755,0.4661348718418369
479,3149.3634362220764,3.362097116311391,3.1145613193511963,0.08840493559837341,0.10166666458050409,0.011448740540072323,0.1527441958586375,0.44879453168063194,3.50534631870687,3.1628832817077637,0.0920017771422863,0.14823107421398163,0.021590277552604675,0.07805605232715607,0.6471326649188995,0.1526399776339531,0.4540620416468798
480,3155.9160480499268,3.360415192445119,3.1131375948588054,0.08827368021011353,0.10157037874062856,0.011428068935250243,0.15287792980670928,0.4492678183880988,3.502885289490223,3.1573325395584106,0.0919329971075058,0.1497931256890297,0.02176615037024021,0.07821720093488693,0.6522111296653748,0.15273413807153702,0.46797442171178744
481,3162.6119611263275,3.35824161991477,3.1105104605356853,0.08810100009044011,0.10184032966693242,0.01142562311142683,0.1531748056411743,0.46504470534259773,3.500051526352763,3.1544638872146606,0.09139230474829674,0.14994574338197708,0.021769088692963123,0.07814767211675644,0.6537869870662689,0.1532597467303276,0.473027775259759
482,3169.053290128708,3.3523015613357225,3.1051089127858478,0.087844517827034,0.10163519481817881,0.011415580396230023,0.15341786046822867,0.4355958160917586,3.491423837840557,3.150010108947754,0.09139500558376312,0.14785811305046082,0.021654381416738033,0.07788749411702156,0.6469453573226929,0.15336210280656815,0.4373481896515671
483,3175.48894906044,3.3506327005724112,3.1040162881215414,0.08778422723213831,0.10136214941740036,0.01142164645716548,0.15367084344228107,0.4278410753074477,3.483715260401368,3.138360857963562,0.09086351469159126,0.14996132254600525,0.021590614691376686,0.07765815034508705,0.6518362462520599,0.15344540029764175,0.44029561241095755
484,3181.9039492607117,3.346511837095022,3.1002089341481525,0.08762395431598027,0.1012454628944397,0.011414488622297844,0.1538968632618586,0.416323137839167,3.4950351119041443,3.1475913524627686,0.09160962700843811,0.15081947296857834,0.021605157293379307,0.07784014567732811,0.6541638970375061,0.1538134217262268,0.44746092444381497
485,3188.5505650043488,3.3460248701274393,3.0991363207499187,0.08750125418106715,0.10156896114349365,0.011404788897683224,0.15404877662658692,0.45367171362525277,3.476796457543969,3.1307965517044067,0.09019984677433968,0.1504499912261963,0.021634039469063282,0.07778466120362282,0.6524079144001007,0.1540895327925682,0.47538584299053976
486,3195.0301110744476,3.3422711168726287,3.095927906036377,0.08738721112410228,0.10132480263710023,0.011412498898183306,0.15431108872095745,0.4456632427122511,3.486469028517604,3.136773943901062,0.09079500660300255,0.1521487906575203,0.02162033412605524,0.0776289515197277,0.6576801538467407,0.1541481763124466,0.4627860449608522
487,3201.4859023094177,3.338121083378792,3.091978120803833,0.0870320717493693,0.10131346335013708,0.01140840322089692,0.15453553597132366,0.4414913469858027,3.4825201872736216,3.134719729423523,0.09056158736348152,0.15125983208417892,0.021699175238609314,0.07776881754398346,0.6554901599884033,0.1545358970761299,0.43483412247748265
488,3207.984419107437,3.3354994202653567,3.0888654549916583,0.08696573277314504,0.10157554944356283,0.011415945086628198,0.15478201111157736,0.477152362281063,3.483767382800579,3.1360915899276733,0.09071625769138336,0.15115883201360703,0.02157415822148323,0.07750483974814415,0.6557953357696533,0.1544978842139244,0.5048211773617077
489,3214.419219017029,3.3359518900513647,3.089286295572917,0.08697474300861359,0.10158911148707071,0.011394462749982874,0.15500911275545756,0.4776035996890997,3.4744433518499136,3.1311570405960083,0.09040246531367302,0.1490425392985344,0.021623628214001656,0.07757033035159111,0.6501722633838654,0.15497157722711563,0.4694881007719106
490,3220.8321962356567,3.3311895261208218,3.0855326016743976,0.08680562575658163,0.10112705578406651,0.011401299573481082,0.15514366428057352,0.4446581099404441,3.4814518187195063,3.132910966873169,0.09037547186017036,0.15167655795812607,0.021549168042838573,0.07748221606016159,0.6549133360385895,0.1553766205906868,0.46614021003784006
491,3227.3001770973206,3.3283400220175583,3.083679993947347,0.08662540763616562,0.1006736621260643,0.011401712677131097,0.1554271380106608,0.43762034912728265,3.474347559735179,3.1302117109298706,0.09029373154044151,0.1494944915175438,0.021738101728260517,0.07770954445004463,0.650064080953598,0.1552979126572609,0.4557914506329562
492,3233.7318251132965,3.3274465980629127,3.081981960932414,0.08656852891047796,0.10109018633762995,0.011389843001961709,0.15564648509025575,0.441059836927134,3.456127028912306,3.1123156547546387,0.0891820415854454,0.14961017668247223,0.021625546738505363,0.07752543315291405,0.6513680219650269,0.15535946935415268,0.41385040618998337
493,3240.1567010879517,3.3211841801802318,3.0761508623758953,0.0862401803334554,0.10095661381880443,0.011392709721500674,0.155899249513944,0.4300423546421221,3.472470223903656,3.1281230449676514,0.09001374244689941,0.14967015385627747,0.021627217531204224,0.07751155644655228,0.6518798470497131,0.15563644468784332,0.43135123730499886
494,3246.5790469646454,3.3199136887987453,3.074635108311971,0.08619158963362376,0.10109139283498128,0.01138381043759485,0.1560864249865214,0.4263509982710843,3.4647428672760725,3.118788003921509,0.0895923338830471,0.15057934820652008,0.02166061196476221,0.07748592644929886,0.6540301442146301,0.15629557520151138,0.4375910929033643
495,3253.033499956131,3.3179502094785374,3.073277552922567,0.08605876465638479,0.10082163711388906,0.01139404100055496,0.15631662209828695,0.43653431460104564,3.454732596874237,3.110326409339905,0.08900076150894165,0.14995290338993073,0.021533600986003876,0.07729490101337433,0.6532273888587952,0.15618448704481125,0.4355107540637066
496,3259.461983203888,3.3129515243073304,3.068478981653849,0.08578313042720159,0.10079048871994019,0.011379986194272836,0.15654150545597076,0.4331108252069834,3.4571413546800613,3.116005778312683,0.08927857875823975,0.14824814349412918,0.02159712091088295,0.07712740451097488,0.6496897637844086,0.1564805954694748,0.44061157947503327
497,3266.0243241786957,3.3131269539395967,3.0688108285268147,0.08582572440306345,0.10070163160562515,0.011403251936038335,0.15676925977071127,0.4533559560044401,3.4547014087438583,3.1072715520858765,0.08896097540855408,0.15147468447685242,0.021759366616606712,0.07757104560732841,0.6560019552707672,0.1570218876004219,0.4602571154921056
498,3272.524635076523,3.3130438064535457,3.0678470134735107,0.08580672045548757,0.10114671637614568,0.011382389658441147,0.15705663959185281,0.4707429421438162,3.446217719465494,3.104264259338379,0.08877397328615189,0.14878323674201965,0.021528320387005806,0.07715451344847679,0.6499217748641968,0.1570224091410637,0.4914407445649938
499,3279.0656530857086,3.30663091018796,3.062407859166463,0.08546094248692195,0.10074628988901774,0.011387047559643785,0.15725916822751362,0.4418632208594262,3.452940994873643,3.1049567461013794,0.08930971100926399,0.15166469663381577,0.021537314169108868,0.07718550786376,0.6566419899463654,0.1572391241788864,0.4368294304347532
500,3285.571674346924,3.3047079677383104,3.061029799779256,0.08536601960659027,0.10049757907787958,0.011380266693110267,0.15756108959515888,0.4214518019085553,3.4424457624554634,3.100387930870056,0.0886135846376419,0.14887551963329315,0.02159071806818247,0.07746562734246254,0.6499448716640472,0.15753033757209778,0.4235431404376008
501,3293.0761654376984,3.3031934862335524,3.0592018127441407,0.0852833241224289,0.10067500571409861,0.011384231224656104,0.1577061076958974,0.42177487351346676,3.4584552347660065,3.108586549758911,0.08932390809059143,0.1526033654808998,0.02153442706912756,0.07695690914988518,0.6578154265880585,0.15768054872751236,0.44075254641540107
502,3299.9831874370575,3.3028311133384705,3.0586923599243163,0.08522019584973653,0.10076432774464289,0.011393740400671959,0.15794688661893208,0.427557113708504,3.4541465658694506,3.1075758934020996,0.08919448032975197,0.1509867161512375,0.021723493933677673,0.07728446274995804,0.6559384167194366,0.15791509300470352,0.43885510557023455
503,3306.661309480667,3.2964496600131192,3.0523563543955485,0.084902586042881,0.10082100629806519,0.011366201424971223,0.158214137951533,0.42641374230321977,3.4452179688960314,3.0966198444366455,0.08857280388474464,0.15215586125850677,0.021605203859508038,0.0770062766969204,0.6609370708465576,0.1581985354423523,0.4287562740256349
504,3313.3382234573364,3.293921508640051,3.0500380039215087,0.08482881039381027,0.10073454976081848,0.011366865721841653,0.1584385852018992,0.44674041271049636,3.4356894474476576,3.089449167251587,0.08824482187628746,0.15105893462896347,0.021522406488656998,0.07689493894577026,0.6566242873668671,0.15828688442707062,0.43298926798523574
505,3319.946658372879,3.2939229125777882,3.050270986557007,0.08488440016905467,0.10060486296812693,0.011367471236735583,0.1586157242457072,0.45352493353035356,3.4398305267095566,3.0943410396575928,0.08874481916427612,0.15055853873491287,0.02163608279079199,0.0770745538175106,0.6525347530841827,0.15875232219696045,0.45456904833175066
506,3326.5369691848755,3.2909471713006497,3.0462597370147706,0.08462533205747605,0.10118738412857056,0.011382217596595487,0.15878900686899822,0.4758918134284324,3.4277319610118866,3.0823386907577515,0.08774593472480774,0.15076015144586563,0.02147615607827902,0.07709039747714996,0.6545019149780273,0.15862444043159485,0.4797954696618801
507,3333.129162311554,3.28761281867822,3.0439470291137694,0.08444222211837768,0.10072233925263087,0.011377729522064329,0.15904291570186616,0.48385130817825883,3.4293215069919825,3.0829849243164062,0.08768479898571968,0.15124709159135818,0.021582352928817272,0.07720571011304855,0.6550865769386292,0.15919137001037598,0.4977308812841098
508,3339.7670764923096,3.283036558330059,3.0396424293518067,0.08434232771396637,0.10061148256063461,0.011359859071671963,0.15927929679552713,0.4412405574923966,3.423961091786623,3.076342463493347,0.0875522568821907,0.15192124992609024,0.021629811264574528,0.07696421071887016,0.6570490300655365,0.15945928543806076,0.44896417266167765
509,3346.43167924881,3.2806185061732926,3.037364896138509,0.08409402072429657,0.1006032998363177,0.011358170490711927,0.15965641339619954,0.4260921135922484,3.429561085999012,3.0808496475219727,0.08784772455692291,0.15239378809928894,0.021481404080986977,0.07668786123394966,0.6596116125583649,0.15962135046720505,0.4195762160177046
510,3353.1148471832275,3.2814648990829784,3.0379282315572103,0.08420633773008983,0.10071674933036169,0.011361025692895054,0.15977750718593597,0.43916248189792617,3.4316546078771353,3.081465005874634,0.08750812336802483,0.15321777015924454,0.021610255353152752,0.07688590884208679,0.6629975438117981,0.15985304862260818,0.4503297138314937
511,3359.707683324814,3.2771019155780476,3.033918555577596,0.08395397563775381,0.10060318609078725,0.011373103316873311,0.15998844106992086,0.44070687228482164,3.4090520963072777,3.0622849464416504,0.08657194674015045,0.15174058824777603,0.021695098839700222,0.07715853303670883,0.6568614840507507,0.15988292545080185,0.46135279011414304
512,3366.334452152252,3.2745786438385647,3.030786895751953,0.08377435207366943,0.10095228602488836,0.011350730915243428,0.16032128830750783,0.43549230196702343,3.41211792267859,3.0656429529190063,0.08682851865887642,0.15153035521507263,0.021572060883045197,0.07678867876529694,0.6561506390571594,0.1601817086338997,0.44213989929797687
513,3372.948999404907,3.2731472978989284,3.0300957361857095,0.08372995853424073,0.10059329122304916,0.01137458613763253,0.16047363380591076,0.43465585743723323,3.42760131880641,3.0784798860549927,0.08748819679021835,0.152688667178154,0.021304295398294926,0.07635349035263062,0.660573273897171,0.1605844870209694,0.4233130570465871
514,3379.5669405460358,3.2669447076817355,3.024498542149862,0.08344098776578904,0.1003628358244896,0.011352839476118485,0.16072520713011423,0.43836937962049116,3.4061005506664515,3.056190848350525,0.08642851188778877,0.15334772318601608,0.02153789810836315,0.07662852108478546,0.6602627038955688,0.16022182255983353,0.44263044912944405
515,3386.338871240616,3.2625793429712453,3.0203672568003337,0.08319641202688217,0.10030694007873535,0.011377795009563367,0.16096131801605223,0.43798914156434926,3.4149421751499176,3.0668957233428955,0.08696866035461426,0.15228106081485748,0.02172781527042389,0.07741466909646988,0.6591361165046692,0.1610971763730049,0.41838788574694286
516,3392.973954439163,3.2672152260939282,3.0246037324269612,0.08348936239878336,0.10043340623378753,0.011359318097432455,0.16122520565986634,0.4524804371232526,3.40225694142282,3.0539608001708984,0.08615095540881157,0.15261033177375793,0.021369447000324726,0.07635015621781349,0.6596916019916534,0.1610885187983513,0.45807031261971165
517,3399.5619773864746,3.262880625327428,3.02025990486145,0.0832299530506134,0.10050287197033564,0.011374395961562792,0.16139523486296337,0.4466905379151573,3.4058261923491955,3.056357741355896,0.08644094318151474,0.15312398970127106,0.021319503895938396,0.07661516219377518,0.6626394093036652,0.16114873439073563,0.4381653817185593
518,3406.04953622818,3.259315024813016,3.016502364476522,0.0830807348092397,0.1006361464659373,0.011333548122396071,0.1616393764813741,0.43681036705828585,3.397609854117036,3.0496127605438232,0.08606265857815742,0.15248288214206696,0.02157579828053713,0.0767706073820591,0.6589071154594421,0.16149663925170898,0.42167116238270685
519,3412.5681054592133,3.2552889051536718,3.0139021714528402,0.08299810936053593,0.09994383951028188,0.011343498807400465,0.1618408759435018,0.4473034985363501,3.3939376827329397,3.0431900024414062,0.08576325699687004,0.15393302589654922,0.021644756197929382,0.07669990509748459,0.6623618900775909,0.16142014414072037,0.45938530063865357
520,3419.0376064777374,3.2540147537986437,3.0118786970774334,0.08279918531576792,0.10036823203166326,0.011349826445803046,0.16205604473749796,0.4249400517778638,3.4065327793359756,3.053871750831604,0.08638954162597656,0.15473312884569168,0.021672513335943222,0.07705002278089523,0.6645680665969849,0.16192615032196045,0.4245773835030615
521,3425.4811704158783,3.2490544728934765,3.0074446042378744,0.08259579787651698,0.10015598485867182,0.011344890637944142,0.16238102416197459,0.4441112651159242,3.4061301667243242,3.057181477546692,0.0862787701189518,0.15290465205907822,0.02162854839116335,0.0765431672334671,0.6592195928096771,0.1624402403831482,0.438116872686939
522,3431.9803154468536,3.2485177678366504,3.0064058462778727,0.08244700878858566,0.10044420858224233,0.011338164983317255,0.1626061201095581,0.4522085133643511,3.4097116831690073,3.0590999126434326,0.0865306444466114,0.1536732241511345,0.0214728070423007,0.07632292062044144,0.6614192724227905,0.16220872104167938,0.470487982994695
523,3438.4386734962463,3.246405702084303,3.004522101084391,0.08235140095154445,0.1003539502620697,0.011360884442304571,0.16282372772693635,0.42188043823404914,3.3970272168517113,3.04565167427063,0.08559231460094452,0.15428969264030457,0.02154180034995079,0.0763719379901886,0.6629288494586945,0.162569060921669,0.43059741974042554
524,3444.929726600647,3.244667395701011,3.002788289388021,0.08224746733903884,0.10037768632173538,0.011336095677688719,0.1630840390920639,0.4498007625264136,3.3992394506931305,3.048450469970703,0.08588659763336182,0.15392284095287323,0.021527410484850407,0.07628936320543289,0.6636438369750977,0.1631128489971161,0.4799282040187277
525,3451.3421273231506,3.2431613999108473,3.001748259862264,0.08223654578129451,0.10014743357896805,0.011331771112357577,0.16335568527380626,0.4402501943725451,3.3863331712782383,3.034289240837097,0.08488205820322037,0.15480145066976547,0.02144093718379736,0.0762588120996952,0.6636182963848114,0.16354648768901825,0.44877924386329393
526,3457.848831176758,3.242653638869524,3.00029190381368,0.08214741299549738,0.10064401427904765,0.011349767632782459,0.1635375440120697,0.47604768145391535,3.3875799886882305,3.0373634099960327,0.08522423356771469,0.15380223095417023,0.02144712395966053,0.07613801583647728,0.661611795425415,0.16315295547246933,0.4651147423103185
527,3464.3535993099213,3.239420372744401,2.9977242151896157,0.08203116556008656,0.10034028738737107,0.01133236155534784,0.16373014450073242,0.4333503143612082,3.3877610452473164,3.039546251296997,0.08526165038347244,0.15279198437929153,0.021557887084782124,0.07637804374098778,0.6610846817493439,0.16411231458187103,0.4589947781958835
528,3470.9178473949432,3.237757693976164,2.996121342976888,0.0819518690307935,0.10033020824193954,0.01133116902783513,0.16413047909736633,0.45951568791805014,3.386799916625023,3.0364757776260376,0.08515235781669617,0.1538739800453186,0.02154147531837225,0.07631474733352661,0.6629435420036316,0.16383079439401627,0.46958239208094266
529,3477.4172763824463,3.233040406058232,2.992273187637329,0.0817703718940417,0.09994101623694102,0.011327408875028292,0.16428623994191488,0.41461530373256456,3.384346581995487,3.034268021583557,0.08513869345188141,0.1537546068429947,0.021569019183516502,0.0762588307261467,0.6632352769374847,0.16436407715082169,0.3981091775960918
530,3483.8939411640167,3.2316861510276795,2.990391159057617,0.08159684538841247,0.10024828463792801,0.011335821030661464,0.16450770497322081,0.43478849621331633,3.3795459624379873,3.025913119316101,0.08461282774806023,0.15566321462392807,0.02160601783543825,0.07628598809242249,0.6684250235557556,0.16428768634796143,0.45190680793577165
531,3490.351927280426,3.2285427240033946,2.9870973269144696,0.08146927704413733,0.10035537928342819,0.011340027395635843,0.1647779405117035,0.43681964943575285,3.387383285909891,3.035173177719116,0.0851915255188942,0.1548071727156639,0.021443022415041924,0.07617824524641037,0.6640214622020721,0.16468261182308197,0.42868697488906726
532,3496.8687822818756,3.2262999445199965,2.9851382255554197,0.08134898543357849,0.10024361312389374,0.011330513190478087,0.16488048036893208,0.42761095045211506,3.3773714527487755,3.0246938467025757,0.0844452828168869,0.15522748231887817,0.02140776254236698,0.07631411030888557,0.6664266288280487,0.16484415531158447,0.4541699086417532
533,3503.3091044425964,3.2249980136752128,2.984339125951131,0.08131573498249053,0.10000051011641821,0.011327000986784696,0.1652014990647634,0.4171102531835886,3.3788095079362392,3.0269843339920044,0.08478238433599472,0.15471699088811874,0.02164709847420454,0.07636814191937447,0.6623620390892029,0.16514980047941208,0.4283146202861984
534,3509.8095984458923,3.221965279678504,2.9809923648834227,0.08112083176771799,0.10020624945561091,0.011326875584200025,0.16552604138851165,0.44255058921680107,3.368449419736862,3.014780044555664,0.08389651775360107,0.1558605581521988,0.021637991070747375,0.07642678543925285,0.6675126552581787,0.16558152437210083,0.4424495620307546
535,3516.3169083595276,3.217871095240116,2.977096700668335,0.08085537453492482,0.10017335365215937,0.011316628707572818,0.16569487750530243,0.4424872451306443,3.378704907372594,3.021463394165039,0.08452189341187477,0.15749028325080872,0.021393406204879284,0.0759786032140255,0.6720042824745178,0.16585396975278854,0.4376111077054925
536,3522.782438516617,3.2184874835113684,2.9776976267496744,0.08098373860120774,0.10014899373054505,0.011325971192369859,0.16595534682273866,0.41164302036217365,3.36804355122149,3.0153212547302246,0.08401020243763924,0.15535859763622284,0.021515759639441967,0.07615790143609047,0.6664042770862579,0.16605032980442047,0.40770236135199
537,3529.282744407654,3.213842100898425,2.9734355449676513,0.08070178627967835,0.10002783139546713,0.011330034211277961,0.16619374255339306,0.4322313649072735,3.3643606826663017,3.0139938592910767,0.08408810198307037,0.15416138619184494,0.02159519586712122,0.0764366090297699,0.6623856425285339,0.16636090725660324,0.4231665885411783
538,3535.7575833797455,3.214258524030447,2.9737255255381267,0.08075851251681646,0.10007687111695608,0.0113376602375259,0.166400878628095,0.4638054019090552,3.355943975970149,3.0039530992507935,0.08329829201102257,0.15517086535692215,0.0213774424046278,0.0757976546883583,0.6646611094474792,0.16637764871120453,0.48687138983290845
539,3542.2225403785706,3.20837396706144,2.9674411455790204,0.08037005513906478,0.10037389695644379,0.011359373573213816,0.16667426228523255,0.4172716784999524,3.360363371670246,3.009299397468567,0.0833764523267746,0.15468787401914597,0.02171621471643448,0.07633824273943901,0.6620250046253204,0.16666172444820404,0.40334466085962656
540,3548.721620321274,3.2047793708741663,2.9651073773701984,0.08024427344401677,0.09977492839097976,0.011311256838962436,0.16686002711455028,0.4386786830232035,3.356851363554597,3.001942276954651,0.08349012210965157,0.15658201277256012,0.0215289993211627,0.07600127905607224,0.6672655045986176,0.16686593741178513,0.42350901344215597
541,3555.1557002067566,3.203250219176213,2.9637418588002524,0.08021177798509598,0.09970123569170634,0.01133137793901066,0.16719140708446503,0.40724872542575835,3.3567055352032185,3.0037264823913574,0.08347371965646744,0.15562109649181366,0.021476776339113712,0.0759039968252182,0.6675297915935516,0.16713263094425201,0.4101332880318532
542,3561.7970674037933,3.205212602267663,2.96509477297465,0.08030022631088893,0.09998385806878408,0.011318432524179418,0.16730761726697285,0.4397381636401178,3.3511326499283314,2.998314619064331,0.08313149958848953,0.15562614053487778,0.02138474117964506,0.07594140991568565,0.6659132242202759,0.1673886850476265,0.44053902719272264
543,3568.3544583320618,3.199265739818414,2.958860921859741,0.07990195453166962,0.10022692034641902,0.01131158829666674,0.1676023761431376,0.4434546224609838,3.354690531268716,3.0003710985183716,0.08336319401860237,0.15631891787052155,0.02143522258847952,0.0757765844464302,0.6676217019557953,0.16754336655139923,0.4405668007954606
544,3574.8772444725037,3.19627086147666,2.955721203486125,0.0797888403137525,0.10032761891682943,0.011311903813232977,0.1678492287794749,0.44011002057122683,3.3454573713243008,2.992040514945984,0.08286523073911667,0.15599212050437927,0.02155322302132845,0.07594520971179008,0.6650430560112,0.16806814819574356,0.4444067484503031
545,3581.3238644599915,3.195727894703547,2.9553260008494058,0.07977085908253988,0.10025823215643564,0.0113161139190197,0.16815380851427714,0.44778623528094125,3.3467530496418476,2.994643211364746,0.08308542519807816,0.15528356283903122,0.02161413710564375,0.07596427947282791,0.6647765636444092,0.16806838661432266,0.4651314858392876
546,3587.8288662433624,3.1936553321778773,2.9532323201497395,0.0796771710117658,0.10029221326112747,0.011303358866522709,0.1683777113755544,0.4560047172306763,3.3429581560194492,2.989550471305847,0.08263695985078812,0.156044602394104,0.021532505750656128,0.07638727873563766,0.6671712696552277,0.16828212141990662,0.4627833320562239
547,3594.3002405166626,3.1908452178041142,2.950870323181152,0.0796407014131546,0.10007727195819219,0.011306095728650689,0.1685643990834554,0.46606207244416886,3.339056110009551,2.984625220298767,0.08250264450907707,0.1565897837281227,0.021501068957149982,0.07592117786407471,0.6673696041107178,0.16872215270996094,0.47395479985297034
548,3600.803530216217,3.188938401142756,2.948558298746745,0.07942424019177755,0.1003339911500613,0.01130383270792663,0.1688023567199707,0.49295764189075114,3.3451629895716906,2.989683747291565,0.08285558596253395,0.15702572464942932,0.021391970105469227,0.07558000087738037,0.6691303253173828,0.1688571348786354,0.5157045380086461
549,3607.3075613975525,3.187106179445982,2.947204764684041,0.07934183726708094,0.10011524806420008,0.011297438852488994,0.16907796363035837,0.4231827934572755,3.340203408151865,2.9856317043304443,0.08277002722024918,0.15659334510564804,0.021425305865705013,0.07553746178746223,0.6689647734165192,0.16903036087751389,0.42404848108007565
550,3613.8182723522186,3.1844520015021165,2.9444878260294596,0.07925652513901392,0.10016795645157496,0.01131918419462939,0.16935509145259858,0.43008812276821295,3.334681957960129,2.9807889461517334,0.08236140012741089,0.15635615587234497,0.021326840855181217,0.07583541050553322,0.6692382991313934,0.16937819868326187,0.42505741357197613
551,3620.2710433006287,3.1791091047227384,2.939919662475586,0.07903299381335577,0.09983647267023722,0.011293440451845526,0.1694933791955312,0.44879093273157483,3.3264202643185854,2.976916790008545,0.08212131634354591,0.15422140806913376,0.02146303653717041,0.07558616995811462,0.6619969308376312,0.1695607230067253,0.46596075159435213
552,3626.6870033740997,3.175067228327195,2.935477638244629,0.07873199035724004,0.10011179745197296,0.0113075851307561,0.1698694129784902,0.4338865909988317,3.3239499125629663,2.972327709197998,0.08193253353238106,0.15532796829938889,0.021388985216617584,0.07556528598070145,0.6652876138687134,0.16994599997997284,0.43294701484268944
553,3633.163647174835,3.174400871495406,2.934774955113729,0.07866435746351878,0.1001468688249588,0.011298588135590155,0.1700163851181666,0.46067852042407137,3.32739545032382,2.9717071056365967,0.08176564425230026,0.15740276128053665,0.021532250568270683,0.07566479593515396,0.6681450307369232,0.17016451060771942,0.46678122860302873
554,3639.6916303634644,3.1748342183729013,2.9347997029622395,0.07874852965275446,0.10033012529214223,0.011298556175703803,0.17032883067925772,0.4556297304019726,3.324241576716304,2.9701054096221924,0.08182856068015099,0.15661094337701797,0.021407132036983967,0.07555698230862617,0.6669737100601196,0.1703125610947609,0.47088433931057166
555,3646.124623298645,3.169758885850509,2.930669323603312,0.0785274679462115,0.09991291413704555,0.011297203072657188,0.170524795850118,0.47468022187437614,3.328320862725377,2.9730840921401978,0.08184883370995522,0.15715617686510086,0.0214142557233572,0.07530706748366356,0.6693843007087708,0.1706114560365677,0.44733285681419555
556,3652.8616683483124,3.166719640046358,2.9272857189178465,0.07830464988946914,0.10014079809188843,0.011294596921652555,0.17077761590480806,0.4538821204330988,3.330890405923128,2.9772409200668335,0.08199847489595413,0.15632512420415878,0.02151735406368971,0.07545949518680573,0.6667592525482178,0.17079392075538635,0.45884221509458456
557,3659.3870055675507,3.166285166889429,2.926899274190267,0.0782191311319669,0.10013816356658936,0.011291182755182186,0.17104589740435283,0.43426891735996515,3.3248972576111555,2.96856427192688,0.08159249648451805,0.1577683687210083,0.02138315886259079,0.07540183886885643,0.6718197762966156,0.17109014838933945,0.42526955510592657
558,3665.863726377487,3.1630602719883125,2.9232059001922606,0.0781145100792249,0.10039855837821961,0.011310060104976098,0.17128504713376363,0.41143659579522446,3.312692355364561,2.960356593132019,0.08117952197790146,0.15587300062179565,0.021500869654119015,0.07547104358673096,0.6647255718708038,0.1712479069828987,0.4096031346227642
559,3672.3531234264374,3.157944996158282,2.9189531326293947,0.07789144118626913,0.10002307146787644,0.011311758946006497,0.17156141499678293,0.42605584452692835,3.3125796392560005,2.95855712890625,0.08120118081569672,0.15671095997095108,0.021474631503224373,0.07541493698954582,0.668530136346817,0.1717226430773735,0.41885251800440865
560,3678.810423374176,3.1574258620540303,2.9180564880371094,0.07783173422018687,0.10022675345341364,0.011290784102554123,0.17174652914206187,0.432929057201376,3.3045775797218084,2.952091336250305,0.08062581345438957,0.15608666837215424,0.021458886563777924,0.07533574476838112,0.6677984893321991,0.1718229204416275,0.4364912021373736
561,3685.2783963680267,3.1575191363692285,2.9177931785583495,0.0779018392165502,0.10038751910130182,0.01129119579369823,0.17199261983235678,0.4413172615160023,3.307391634210944,2.9565014839172363,0.08104709908366203,0.15518330037593842,0.02134096436202526,0.07513204589486122,0.6660798192024231,0.17189395427703857,0.44236691390986616
562,3691.811148405075,3.153852555900812,2.9143065134684245,0.07763362874587378,0.1003646140297254,0.011294148101781806,0.17220084766546886,0.43894084286570706,3.310302035883069,2.9545265436172485,0.08104908838868141,0.1576254740357399,0.021565373986959457,0.07541589066386223,0.6683038473129272,0.17230643332004547,0.4544422738958522
563,3698.356025457382,3.1523428656160832,2.912581380208333,0.07752136141061783,0.10050040235122044,0.011288609666128954,0.17250211536884308,0.43873913539909726,3.3019622415304184,2.9533079862594604,0.08114784955978394,0.154040165245533,0.021455908194184303,0.07534786313772202,0.6605022251605988,0.17246872931718826,0.43462571007083595
564,3704.855669260025,3.149849849939346,2.910537608464559,0.07754142880439759,0.1002707635362943,0.01129533580193917,0.1727184236049652,0.4665323609031719,3.307160260155797,2.9511642456054688,0.08079037442803383,0.15780041366815567,0.02127022296190262,0.07496696338057518,0.669299840927124,0.17274031043052673,0.45072882216394455
565,3711.384325504303,3.1451825502018136,2.9060320377349855,0.07722852677106858,0.10026812454064687,0.01127916038967669,0.1729330519835154,0.4660606852582004,3.298194916918874,2.943890333175659,0.08045506849884987,0.15703852474689484,0.021432748064398766,0.07521997392177582,0.6678451001644135,0.17294543981552124,0.4892931289023494
566,3717.9006683826447,3.1443956516683103,2.9047524134318032,0.07726549555857977,0.10050524522860844,0.011292027961462735,0.17326307495435078,0.4381823611502188,3.307331345975399,2.9510170221328735,0.08080120384693146,0.15795686095952988,0.021389193832874298,0.07521145418286324,0.6704595386981964,0.17321213334798813,0.4311527696711382
567,3724.4049203395844,3.139911147703727,2.9011345704396567,0.07692330231269201,0.10015746305386225,0.011277287049839895,0.17350618441899618,0.45934716290436417,3.295204609632492,2.942194938659668,0.08026662468910217,0.1564381793141365,0.021465083584189415,0.07518811896443367,0.6670733988285065,0.17362938076257706,0.4578782388335602
568,3730.8466362953186,3.138676763822635,2.8996574878692627,0.07693157643079758,0.10027674386898676,0.011280926829203963,0.1737668176492055,0.4506338419506573,3.2981288377195597,2.941759943962097,0.08036072924733162,0.15809426456689835,0.021426822990179062,0.07517968118190765,0.6723787486553192,0.17370553314685822,0.44806371687681007
569,3737.478108406067,3.1366313457489015,2.8974764982859296,0.07681112090746561,0.1003746435046196,0.011286639655008913,0.17401671012242634,0.4883098373493199,3.2924722526222467,2.9393230676651,0.08012111857533455,0.15654431283473969,0.02141248807311058,0.07537589594721794,0.6672926247119904,0.17404360324144363,0.5030959220208141
570,3743.977199316025,3.1375422954559324,2.8975815296173097,0.07682560880978902,0.10077398071686426,0.011299857419605057,0.1742137591044108,0.47468021856467146,3.2897644340991974,2.9346007108688354,0.08005091547966003,0.15756913274526596,0.021389856934547424,0.07537918165326118,0.668919175863266,0.1742284595966339,0.4642902551215533
571,3750.527106285095,3.1313355281949042,2.892788632710775,0.07663365105787913,0.10011503497759501,0.011280673369765282,0.1745213210582733,0.450958306588112,3.2705150861293077,2.9203065633773804,0.07919556275010109,0.15530537068843842,0.02151599619537592,0.07539696618914604,0.6638110280036926,0.17450962215662003,0.4408737578079546
572,3757.012086391449,3.127141010016203,2.8883461634318035,0.07629779825607935,0.10032297372817993,0.011283873223389189,0.17470621665318806,0.435949226929368,3.2794151585549116,2.925107717514038,0.07943105325102806,0.15729595720767975,0.021345599554479122,0.07521194964647293,0.6696489453315735,0.17495233565568924,0.4313571905821648
573,3763.515913248062,3.12707733164231,2.8877344767252606,0.07629099388917288,0.10059867898623148,0.011285039611781638,0.17494205435117086,0.4677695354191484,3.2778332233428955,2.925932288169861,0.07942262291908264,0.15609481185674667,0.021524760872125626,0.07552998140454292,0.6648925542831421,0.1751028299331665,0.47734339476732457
574,3770.0820004940033,3.126793929437796,2.887297519048055,0.07626423140366873,0.10068214734395345,0.01129665393382311,0.17520931164423625,0.43010548690287287,3.2773464750498533,2.922860860824585,0.07936393842101097,0.15740182250738144,0.02138373628258705,0.07552299275994301,0.6687714457511902,0.17539376765489578,0.4374900071381006
575,3776.5784323215485,3.1233524764577547,2.884368626276652,0.07609205941359203,0.10046891023715337,0.01127080717124045,0.17544574638207752,0.44953560491185557,3.2734879199415445,2.919743776321411,0.07896162942051888,0.15713166445493698,0.021490846760571003,0.07530435919761658,0.6677836775779724,0.1754300370812416,0.45582325333192203
576,3783.03715634346,3.1183696933090688,2.8789573510487876,0.0758440966407458,0.10074514696995417,0.011271874932572246,0.1757951388756434,0.44831689803697294,3.2630937229841948,2.911960244178772,0.07892292365431786,0.15583600848913193,0.021457813680171967,0.07511334866285324,0.6631067097187042,0.17578642070293427,0.4473484024805656
577,3789.518898487091,3.1153079527119796,2.8764436721801756,0.07573546121517817,0.10049827496210734,0.01128036929294467,0.1760193685690562,0.43840462634177074,3.266840238124132,2.913767099380493,0.0788022056221962,0.15683601796627045,0.021592698991298676,0.0752749890089035,0.6667352020740509,0.17584355920553207,0.46698738278304147
578,3795.9845123291016,3.11297662705183,2.873875602086385,0.07560177346070608,0.10065006911754608,0.011270964269836743,0.17623811860879263,0.4684484600264174,3.267363926395774,2.9131981134414673,0.07879306003451347,0.15738464146852493,0.021544823423027992,0.07544982060790062,0.6685894131660461,0.17645251750946045,0.48062977225855175
579,3802.4400742053986,3.1147462186714012,2.8750765800476072,0.07572839806477229,0.1009027197957039,0.011303596912572782,0.1765168180068334,0.4574529593695566,3.2761153541505337,2.919170379638672,0.07928412407636642,0.1586514562368393,0.021333939395844936,0.0750122107565403,0.6720176339149475,0.176200769841671,0.46689076717025807
580,3808.969299554825,3.1087594591081142,2.869908078511556,0.07536010791858037,0.10058566331863403,0.01128377301308016,0.17668185730775196,0.44313596102338976,3.2604890260845423,2.90766978263855,0.07864557579159737,0.1567482277750969,0.02156584057956934,0.075068898499012,0.6675719022750854,0.17664068937301636,0.4533694522608419
581,3815.6767194271088,3.10734370375673,2.867983818054199,0.07536200731992722,0.10083944102128346,0.011271907218421499,0.17706418136755625,0.4711327853155108,3.268168941140175,2.9100157022476196,0.07861638069152832,0.15942252427339554,0.021516593173146248,0.07518281415104866,0.6721373498439789,0.1770440936088562,0.47955615411268154
582,3822.3590693473816,3.1051635635395844,2.865957816441854,0.07526983668406804,0.10078541437784831,0.011267603918289145,0.17721435725688933,0.4470691685402534,3.248683715239167,2.8991222381591797,0.07818805053830147,0.1552337259054184,0.021412203088402748,0.07492320984601974,0.6630234122276306,0.1770181730389595,0.4556153824348665
583,3828.949591398239,3.1072466733554998,2.868015098571777,0.07536061058441798,0.10077563474575678,0.011276089850192269,0.1773814578851064,0.46386450726939377,3.2503024078905582,2.8945029973983765,0.07771439105272293,0.15847110748291016,0.021367836743593216,0.0748252384364605,0.6703738570213318,0.17746948450803757,0.4715415686375771
584,3835.452310323715,3.101454126834869,2.8631792704264325,0.07507128914197286,0.10036960591872533,0.011267146887257695,0.17773600320021313,0.42718761135824684,3.2515809144824743,2.897027373313904,0.07795215770602226,0.1577887311577797,0.021391715854406357,0.07512669265270233,0.6710437834262848,0.1777830272912979,0.4640797589343214
585,3841.958839416504,3.0980544691284497,2.859212287267049,0.07483440935611725,0.10071248859167099,0.011258548653374115,0.17793321410814922,0.4688768137445584,3.247931495308876,2.8930249214172363,0.07774373888969421,0.1580173522233963,0.021401935257017612,0.0748819075524807,0.6696681976318359,0.17794881761074066,0.489526586994247
586,3848.480515241623,3.0937002720932165,2.8547221024831138,0.07462970266739527,0.10083165913820266,0.011267964107294878,0.17822184165318808,0.4564715657051916,3.253446951508522,2.898118257522583,0.07835516333580017,0.15807555615901947,0.021401840262115,0.0748392827808857,0.6704508662223816,0.17814656347036362,0.47234640895595936
587,3854.9598903656006,3.0922663999100526,2.853826363881429,0.07460709065198898,0.10056824535131455,0.011264438337335984,0.17845176657040915,0.46224353136373364,3.242951672524214,2.8904736042022705,0.07760190218687057,0.156838558614254,0.021457412280142307,0.07495695725083351,0.6679246425628662,0.17844900488853455,0.4468072833022719
588,3861.4210324287415,3.090320451805989,2.8509326616923016,0.07450231462717057,0.10106831640005112,0.011274059986074765,0.1787035604317983,0.49727558422878393,3.2409186847507954,2.8877177238464355,0.07740945369005203,0.1572481170296669,0.021334782242774963,0.0747859850525856,0.6678303778171539,0.17874307930469513,0.5199945927321937
589,3867.9461212158203,3.090035066008568,2.8512603918711346,0.07449409365653992,0.1007638136545817,0.011254577540482084,0.1789183517297109,0.5093559300552736,3.2369267772883177,2.8830047845840454,0.07732230052351952,0.15763042122125626,0.021375958807766438,0.07471560314297676,0.6700375080108643,0.17902355641126633,0.491122807600125
590,3874.50595331192,3.088206071406603,2.848844607671102,0.07446386565764745,0.10106476545333862,0.011262233431140582,0.17921354174613952,0.4528558937857462,3.237637124955654,2.884669542312622,0.07718421518802643,0.15718773752450943,0.02131206914782524,0.07475876808166504,0.6666634380817413,0.17901495099067688,0.47930149994115956
591,3880.9874033927917,3.083761298408111,2.8451852003733316,0.07420106083154679,0.10073778380950292,0.011265829500431816,0.17948345144589742,0.44837928287404005,3.2303396333009005,2.8771861791610718,0.0770045556128025,0.15732558816671371,0.021476381458342075,0.0750371515750885,0.6675719320774078,0.17964640259742737,0.46497024886235644
592,3887.495089530945,3.080349780122439,2.8415085474650064,0.07401431600252788,0.10091703732808431,0.011253119663645823,0.17978927890459698,0.4491015444912417,3.225689973682165,2.8716583251953125,0.07681223005056381,0.15781276673078537,0.021387158893048763,0.07480500265955925,0.6694149076938629,0.17997657507658005,0.42782255793440777
593,3893.996888399124,3.0795378158489863,2.8413522243499756,0.07404439846674601,0.10058169613281885,0.01125876111909747,0.17994042932987214,0.43259067754868996,3.2276509404182434,2.875332474708557,0.07656580209732056,0.157017782330513,0.02140248566865921,0.07474904507398605,0.666885644197464,0.17997366189956665,0.44561932457373093
594,3900.445652246475,3.0732616372406483,2.835849475860596,0.07370501706997554,0.1002798264225324,0.01124960243081053,0.1801319460074107,0.4312317590362936,3.2265454437583685,2.8723875284194946,0.07666711136698723,0.15791217982769012,0.021450034342706203,0.0747341513633728,0.6701407134532928,0.18021443486213684,0.43752758927066965
595,3906.9203543663025,3.0729232991735143,2.8349114259084067,0.07361939251422882,0.10060108850399653,0.011257599977155527,0.18046967287858326,0.4721493573522441,3.2224288135766983,2.867530941963196,0.07643422484397888,0.15834037959575653,0.021317721344530582,0.0746503509581089,0.6700277626514435,0.18059901148080826,0.4801548548680278
596,3913.5454642772675,3.0695307242373624,2.8310516834259034,0.07347960025072098,0.10086962034304937,0.011247801966965199,0.18074083030223848,0.4518225435292795,3.217485146597028,2.866383910179138,0.07630691304802895,0.15647388994693756,0.02137128822505474,0.07454770430922508,0.6662890911102295,0.1806495264172554,0.4605274103741313
597,3920.2047352790833,3.0688097310562927,2.8306626160939534,0.0734706923365593,0.10070588439702988,0.011274273538341125,0.18094145953655244,0.4703132993034196,3.2148967292159796,2.8610349893569946,0.0760481171309948,0.15791884064674377,0.021530556492507458,0.07484596967697144,0.6697382628917694,0.18097877502441406,0.47075536149735686
598,3926.6709175109863,3.066912481188774,2.828499412536621,0.073410298426946,0.10085395971934001,0.01125110221716265,0.18118869264920553,0.4788079028426862,3.2135465126484632,2.860979914665222,0.07616424188017845,0.15724223852157593,0.021308952011168003,0.07456229627132416,0.6676120460033417,0.1812114641070366,0.5003414763570732
599,3933.167762517929,3.0618017805119355,2.823880847295125,0.07316412379344304,0.10066943566004435,0.011258456002299985,0.18140006462732952,0.4636993716071959,3.217165509238839,2.859769582748413,0.0759962685406208,0.15969889611005783,0.021277951076626778,0.07471159100532532,0.672782689332962,0.18147873878479004,0.46071687322448207
600,3939.649810552597,3.061844052374363,2.823788531621297,0.07314685483773549,0.100741046667099,0.011252482235431672,0.18168299694856008,0.4381132495220248,3.2060491889715195,2.8526076078414917,0.07571065425872803,0.15779312700033188,0.021366427652537823,0.07520710304379463,0.668099045753479,0.18182244896888733,0.4454990451811655
