epoch,elapsed_time,total_loss,l_pred,l_multi,l_var,l_vel,l_sparse,l_probe,l_coord,l_corr,l_corr_asymptotic,l_corr_quiescence,spike_rate,grad_norm,val_total_loss,val_l_pred,val_l_multi,val_l_probe,val_l_coord,val_pos_err,val_vel_err,val_spike_rate,val_rollout_mae,val_rollout_vel_mae,val_drift_ratio,val_gate_passed,val_dynamic_score,val_pos_err_h1,val_pos_err_h5,val_pos_err_h10,val_pos_err_h25,val_pos_err_h50,val_pos_err_h100,val_vel_err_h1,val_vel_err_h5,val_vel_err_h10,val_vel_err_h25,val_vel_err_h50,val_vel_err_h100,grad_norm_recent,combined_score
1,8.711591243743896,2.2441837307065726,0.25268297890822095,0.0,0.4712657113869985,2.050096344947815,0.01477278620004654,0.43972002267837523,0.21666366656621297,0.0,0.0,0.0,0.11477278769016266,0.45388734141985576,1.4084418639540672,0.2622183710336685,0.46069540083408356,0.45793789625167847,0.20638682693243027,0.7867181301116943,0.9446563124656677,0.11539248377084732,0.8726657430330912,2.1424685468276343,1.2004769710602352,1.0,1.9488052232097068,0.7985882461071014,0.8267750144004822,0.8625425696372986,0.878917008638382,0.9586867988109589,0.9104848206043243,0.7276090681552887,0.7696062326431274,1.087521255016327,2.061874032020569,3.2734007835388184,4.934799909591675,0.3448461443185806,1.9488052232097068
2,16.97193217277527,2.2298608214904863,0.28020617365837097,0.0,0.3022092302640279,1.869000752766927,0.01930148551861445,0.47493929862976075,0.16935983002185823,0.0,0.0,0.0,0.11930148700873057,0.266748105486234,1.415200687944889,0.29764239490032196,0.29764239490032196,0.48436854779720306,0.15615102648735046,0.827815443277359,0.9574509561061859,0.12122924625873566,0.91810974975427,3.4514304796854653,1.2222631221850033,1.0,2.0785986130376104,0.8525366485118866,0.8275648355484009,0.8225089907646179,0.934370368719101,1.0420241057872772,1.029653549194336,0.7115383148193359,1.0650692582130432,1.8970832228660583,3.497746467590332,5.346328496932983,8.19081711769104,0.25211176425218584,2.0785986130376104
3,24.999656200408936,2.0711412254720925,0.3036051372687022,0.0,0.25647093951702116,1.7124360799789429,0.024388941129048665,0.4274504522482554,0.12383711089690526,0.0,0.0,0.0,0.12438894261916479,0.23182615836461384,1.2918854355812073,0.3025151491165161,0.3025151491165161,0.41905635595321655,0.11803020164370537,0.796645998954773,0.8761874735355377,0.12519507855176926,0.8781947394212087,4.68977423508962,1.2671255026485695,1.0,1.9529732367475228,0.8061887621879578,0.7643242478370667,0.7669977843761444,0.8934505879878998,1.021542340517044,1.0166647136211395,0.7121762037277222,1.1821744441986084,2.279037833213806,5.059735298156738,7.593562841415405,11.31195878982544,0.22661751061677932,1.9529732367475228
4,33.00392818450928,1.8769236765181025,0.29243264396985374,0.0,0.24349007507165274,1.6516310612360636,0.028451932966709136,0.35310927430788674,0.0925463542342186,0.0,0.0,0.0,0.12845193445682526,0.22692813575267792,1.1767178401350975,0.2939080744981766,0.2939080744981766,0.3679278641939163,0.0919317714869976,0.7340607941150665,0.8303521275520325,0.12775297462940216,0.8801162838935852,5.2225635548432665,1.32212829993498,1.0,1.8377776608383471,0.76472008228302,0.7805223166942596,0.809272825717926,0.9339685440063477,1.0110580623149872,0.9811558723449707,0.7170016169548035,1.1553393602371216,2.294914960861206,5.663770437240601,9.102153778076172,12.402201175689697,0.23987750858068466,1.8377776608383471
5,41.06758904457092,1.757069235170881,0.2920273423194885,0.0,0.2277609447638194,1.6055171887079875,0.030241370697816215,0.30698115229606626,0.06949475581447283,0.0,0.0,0.0,0.13024137218793233,0.2356570820013682,1.1184903159737587,0.2933315485715866,0.2933315485715866,0.3392464965581894,0.07125214487314224,0.6646319627761841,0.8279549181461334,0.12933146208524704,0.8174534440040588,5.732286751270294,1.510842439083417,0.0,1.5511435738983015,0.6642457544803619,0.6617059111595154,0.724017471075058,0.9033600091934204,1.0035706758499146,0.9478208422660828,0.7058230638504028,1.1513540744781494,2.3268086910247803,5.639199495315552,9.735945701599121,14.83458948135376,0.24837443083524705,1.5511435738983015
6,49.11824989318848,1.647892134822905,0.298727685213089,0.0,0.21103654106458028,1.5447922627131143,0.03048985153436661,0.26625899573167167,0.052678420394659045,0.0,0.0,0.0,0.13048985302448274,0.2730411986509959,1.0436006039381027,0.29844561219215393,0.29844561219215393,0.2979660928249359,0.058797648176550865,0.5765752494335175,0.8038147985935211,0.1290307641029358,0.7346050341924032,6.239090646306674,1.6487007792925052,0.0,1.278121602457579,0.5627082884311676,0.5718461871147156,0.6250530183315277,0.7924593389034271,0.9277375936508179,0.9278257787227631,0.715738981962204,1.2446359992027283,2.5345627069473267,6.394513130187988,11.264415740966797,15.280677318572998,0.280047607421875,1.278121602457579
7,57.23362708091736,1.5614122635684908,0.2912497838338216,0.0,0.20323550701141357,1.5285099109013875,0.03028461287419001,0.23189785480499267,0.044306227813164394,0.0,0.0,0.0,0.13028461436430613,0.26530897517999014,0.9618390947580338,0.29423829913139343,0.29423829913139343,0.2602408230304718,0.05275321938097477,0.4903382807970047,0.783782958984375,0.12828101217746735,0.7080736930171648,4.862267990907033,2.1259174962633947,0.0,0.9696404606622175,0.4558454304933548,0.4590212106704712,0.5670130550861359,0.8048830032348633,0.9690897762775421,0.992589682340622,0.703773021697998,1.126513957977295,2.1741076707839966,5.098754405975342,8.561431884765625,11.509027004241943,0.25889778435230254,0.9696404606622175
8,65.31775712966919,1.48595380835856,0.30009120106697085,0.0,0.1960188905398051,1.474649691581726,0.029768173396587373,0.20405040482680004,0.03967302540938059,0.0,0.0,0.0,0.1297681748867035,0.2512231836716334,0.9223174899816513,0.3024061322212219,0.3024061322212219,0.2343541458249092,0.04821046441793442,0.412473201751709,0.7670683860778809,0.12831659615039825,0.6857489123940468,4.35598989824454,2.5739133216021277,0.0,0.789281808917121,0.38109856843948364,0.41886819899082184,0.5453478395938873,0.8181122839450836,0.9809146821498871,0.9701519012451172,0.7007376849651337,1.1185124516487122,2.1474151611328125,5.026695013046265,7.569957256317139,9.572621822357178,0.24438551515340806,0.789281808917121
9,73.3026020526886,1.436843343715494,0.3003554443518321,0.0,0.19130976994832358,1.4503324111302693,0.029190318286418916,0.1862070729335149,0.03454267928997676,0.0,0.0,0.0,0.12919031977653503,0.269370107849439,0.8994911387562752,0.30552642047405243,0.30552642047405243,0.22060075402259827,0.0417381227016449,0.33818306028842926,0.7691662311553955,0.1269797459244728,0.6751353914539019,4.244766687353452,3.122560386434187,0.0,0.6787753850963689,0.311841681599617,0.39758965373039246,0.5522412955760956,0.81985804438591,0.9737444818019867,0.9955371916294098,0.6858403980731964,1.1019269824028015,2.09724223613739,4.832456350326538,7.447386026382446,9.30374813079834,0.29161200672388077,0.6787753850963689
10,81.44951128959656,1.390577092456321,0.31484816670417787,0.0,0.18165597021579744,1.398064144452413,0.028503849605719247,0.1700698345899582,0.027597722535332044,0.0,0.0,0.0,0.12850385109583537,0.3033352494239807,0.8860904574394226,0.30800050497055054,0.30800050497055054,0.2120448499917984,0.03599478118121624,0.26417699456214905,0.7794274091720581,0.12633126229047775,0.673833346615235,3.970249821742376,4.099857328351431,0.0,0.7033804897096773,0.24514513462781906,0.3812605291604996,0.5624883472919464,0.8434449434280396,1.005060076713562,1.0056010484695435,0.6697970330715179,0.9399053156375885,1.691823661327362,4.108847498893738,6.8378870487213135,9.573238372802734,0.3310276120901108,0.7033804897096773
11,89.46777319908142,1.3594398053362966,0.3141221264998118,0.0,0.1766986717780431,1.3862233797709147,0.028221514324347177,0.15843519171078999,0.023699860088527203,0.0,0.0,0.0,0.1282215158144633,0.33860737780729927,0.8686280325055122,0.3194112628698349,0.3194112628698349,0.19475556910037994,0.03336123749613762,0.20896921306848526,0.7588766813278198,0.12660156190395355,0.6402156613767147,4.3021245549122495,4.160806644935362,0.0,0.6964001025974765,0.22610966116189957,0.3703204393386841,0.5341284871101379,0.7936112582683563,0.9407985806465149,0.9763255417346954,0.6683560907840729,0.9383281469345093,1.6608415246009827,4.234426021575928,7.568960905075073,10.74183464050293,0.3451198309659958,0.6964001025974765
12,97.4520492553711,1.3288993283485373,0.32393253644307457,0.0,0.1742467681566874,1.33799569606781,0.028083223601182303,0.1506184289852778,0.02177181715766589,0.0,0.0,0.0,0.1280832250912984,0.3022718479235967,0.8349641337990761,0.30917657911777496,0.30917657911777496,0.18559963256120682,0.03176155313849449,0.1750979945063591,0.7449904978275299,0.12640061229467392,0.6250935594240824,4.086251904567082,4.918009002514394,0.0,0.8142685133661287,0.1878710240125656,0.3533106595277786,0.539239227771759,0.7782707810401917,0.9239513874053955,0.9679182767868042,0.6506151258945465,0.8735752999782562,1.5539880394935608,4.097674608230591,7.23808217048645,10.103576183319092,0.3075259581208229,0.8142685133661287
13,105.53549790382385,1.3041065263717124,0.32132694522539773,0.0,0.17245513200759888,1.3190754095713297,0.02786544958750407,0.14449366132418315,0.02050855867564678,0.0,0.0,0.0,0.12786545107762018,0.3145270278056463,0.8363174051046371,0.3167959749698639,0.3167959749698639,0.18056172132492065,0.03084559738636017,0.15200583636760712,0.7355490922927856,0.12644828110933304,0.6071667671203613,4.5203109333912534,5.60271133300023,0.0,0.9556852840133588,0.16596458852291107,0.34245648980140686,0.5040415078401566,0.7628141343593597,0.9298516809940338,0.9378722012042999,0.6503449976444244,0.8683704733848572,1.5325368642807007,4.171948075294495,7.917015790939331,11.981649398803711,0.304559288918972,0.9556852840133588
14,113.87053799629211,1.2861389723373577,0.32119338512420653,0.0,0.171388640999794,1.3012367725372314,0.027653319140275318,0.14021317511796952,0.01956885096927484,0.0,0.0,0.0,0.12765332063039145,0.3088965038458506,0.8351113796234131,0.3254747986793518,0.3254747986793518,0.1734495908021927,0.02998351212590933,0.13669726997613907,0.7207958996295929,0.12590419501066208,0.5779454832275709,4.605250462889671,5.507090307694935,0.0,0.936642920832219,0.15878400206565857,0.3252781927585602,0.48901139199733734,0.7279847264289856,0.8744378387928009,0.8921767473220825,0.6147724688053131,0.8758307099342346,1.6318194270133972,4.179998397827148,8.21442198753357,12.114659786224365,0.2971672505140305,0.936642920832219
15,121.98748421669006,1.2689244691903392,0.3265936513741811,0.0,0.16990069150924683,1.2668281634648642,0.02725010911623637,0.137737700343132,0.01884140130132437,0.0,0.0,0.0,0.1272501106063525,0.3042521744966507,0.8136036247014999,0.31363633275032043,0.31363633275032043,0.17157456278800964,0.029207161627709866,0.12752383574843407,0.7206032574176788,0.1255526915192604,0.5784255129595598,4.359272087613742,5.689344873665152,0.0,0.9756082566487684,0.16089434176683426,0.30597537755966187,0.44620469212532043,0.7048218846321106,0.9153833985328674,0.937273383140564,0.6018465459346771,0.8044808506965637,1.5120619535446167,4.1451640129089355,7.840232849121094,11.251846313476562,0.3091220840811729,0.9756082566487684
16,130.3364520072937,1.2592804162219788,0.32546819051106773,0.0,0.16919162670771282,1.2626943349838258,0.02667773365974426,0.13473607152700423,0.018232396927972634,0.0,0.0,0.0,0.1266777351498604,0.36888035833835603,0.8201001733541489,0.32311660051345825,0.32311660051345825,0.16771263629198074,0.028797230683267117,0.12313687056303024,0.7085207104682922,0.12552838772535324,0.6158461992939314,4.593246400356293,5.928798192712534,0.0,1.02872256915576,0.1586807817220688,0.3342476785182953,0.5282917320728302,0.7692854702472687,0.9407863318920135,0.9637852013111115,0.6148715615272522,0.8860020041465759,1.715016484260559,4.3678648471832275,7.931725740432739,12.043997764587402,0.3589659854769707,1.02872256915576
17,138.58287811279297,1.245779157235908,0.3279791037241618,0.0,0.1683109591404597,1.2420174598693847,0.026509059965610503,0.1320212205251058,0.017755087402959665,0.0,0.0,0.0,0.12650906145572663,0.3277100642522176,0.8139923736453056,0.32225246727466583,0.32225246727466583,0.16530683636665344,0.02851453609764576,0.12132295966148376,0.7012413442134857,0.12501901015639305,0.633131917566061,5.122421885530154,6.004488802590758,0.0,1.0434063736579924,0.16432497650384903,0.33384618163108826,0.5026115477085114,0.7664203643798828,0.9866874814033508,1.0449009537696838,0.615294337272644,0.9512345492839813,1.867441475391388,4.8284993171691895,8.90129041671753,13.570771217346191,0.32254849672317504,1.0434063736579924
18,147.06483507156372,1.2357109910963724,0.3246533195177714,0.0,0.1697944740454356,1.2357023318608602,0.026091361045837404,0.13029046307007472,0.017336259533961614,0.0,0.0,0.0,0.12609136253595352,0.35516676505406697,0.8180868774652481,0.32216906547546387,0.32216906547546387,0.16741663962602615,0.027893620543181896,0.120272196829319,0.7086465656757355,0.1252564638853073,0.5890827563901743,5.27665010591348,5.868641792328507,0.0,1.018040573293854,0.15185291320085526,0.3178582638502121,0.48051440715789795,0.735760897397995,0.8911703526973724,0.9573397040367126,0.6015214025974274,0.902050256729126,1.7439742684364319,4.820228338241577,9.211568355560303,14.380558013916016,0.36799755692481995,1.018040573293854
19,155.29843616485596,1.2271825273986905,0.3232822855313619,0.0,0.17005513707796732,1.224879503250122,0.025573727985223133,0.12956054310003917,0.016980236768722533,0.0,0.0,0.0,0.12557372947533926,0.3676526685555776,0.8007967919111252,0.3217163681983948,0.3217163681983948,0.1591111198067665,0.027542736381292343,0.12016461417078972,0.6863009035587311,0.12435465678572655,0.6189417292674383,5.630750293533008,5.877578433734427,0.0,1.0166873162043608,0.1609421670436859,0.33959443867206573,0.5019237548112869,0.7565178573131561,0.9459502100944519,1.008721947669983,0.5998120605945587,0.9639332890510559,1.9331411123275757,5.373499870300293,9.969580173492432,14.944535255432129,0.3676868438720703,1.0166873162043608
20,163.73115801811218,1.2185882233316079,0.32742586533228557,0.0,0.16927324136098226,1.2130889256795248,0.025302950541178384,0.12626755287249883,0.016693281754851342,0.0,0.0,0.0,0.12530295203129452,0.4628139774004618,0.8137656450271606,0.32764866948127747,0.32764866948127747,0.16114632040262222,0.02716059796512127,0.12006121501326561,0.6934841573238373,0.123957809060812,0.6543524650235971,5.9701112161080045,6.173503534123133,0.0,1.0801932759376456,0.16547449678182602,0.36730751395225525,0.5264184474945068,0.7885878086090088,1.0215573906898499,1.0567691326141357,0.5998640060424805,1.0037901699543,2.1824073791503906,5.92554783821106,10.912463188171387,15.196594715118408,0.465953117609024,1.0801932759376456
21,172.42674207687378,1.2109995138831438,0.3206706086794535,0.0,0.16951941152413685,1.2139440298080444,0.024947752555211384,0.12573267767826715,0.01643810092161099,0.0,0.0,0.0,0.1249477540453275,0.38834591408570607,0.8019400164484978,0.3226171284914017,0.3226171284914017,0.15900716185569763,0.027126789093017578,0.12050668522715569,0.682664155960083,0.12388636916875839,0.6222663956383864,6.003885269165039,5.801695411736199,0.0,0.9975739837725827,0.17044106870889664,0.3315262198448181,0.4720670133829117,0.7606381177902222,0.98884716629982,1.01007878780365,0.5899899899959564,1.006685048341751,2.162213921546936,5.8998496532440186,10.82335901260376,15.541213989257812,0.4115654766559601,0.9975739837725827
22,180.7523729801178,1.2026709747423108,0.32233196099599204,0.0,0.16987987458705903,1.2008113225301107,0.024741805593172708,0.12407100846370062,0.016216318557659783,0.0,0.0,0.0,0.12474180708328883,0.37994215289751687,0.7912104278802872,0.3198019564151764,0.3198019564151764,0.1557537466287613,0.026867849752306938,0.12045429274439812,0.6763646006584167,0.12318062782287598,0.6498131801684698,6.376980567971866,5.943434339900844,0.0,1.0282626862248252,0.1703883707523346,0.3539572060108185,0.5224780142307281,0.7869441509246826,1.0126920938491821,1.0524192452430725,0.5980727970600128,0.9740439653396606,2.1595418453216553,6.364461898803711,11.8423752784729,16.323387622833252,0.3864406555891037,1.0282626862248252
23,188.97108030319214,1.1926245886211595,0.3246423125267029,0.0,0.16863305866718292,1.1834942817687988,0.024232637882232667,0.12242629726727804,0.016019395397355158,0.0,0.0,0.0,0.12423263937234878,0.3595279057820638,0.7848905622959137,0.31791946291923523,0.31791946291923523,0.15400568395853043,0.026404067873954773,0.12008608505129814,0.6679417490959167,0.1228204034268856,0.6233403173585733,6.597555890679359,6.3391357186764195,0.0,1.1199432109766578,0.15850243717432022,0.3223040848970413,0.4785991907119751,0.7628659009933472,1.0047684609889984,1.0130018293857574,0.5868696868419647,1.0590943098068237,2.3871748447418213,6.717344760894775,12.20958423614502,16.625267505645752,0.3798676609992981,1.1199432109766578
24,197.2028021812439,1.1888430131521697,0.32081363201141355,0.0,0.16999304294586182,1.1850547989209492,0.023820202549298605,0.12210712830225627,0.01585550562789043,0.0,0.0,0.0,0.12382020403941472,0.3631736636161804,0.7821067273616791,0.31832239031791687,0.31832239031791687,0.15231157094240189,0.026101568713784218,0.11979745328426361,0.666086733341217,0.12277843430638313,0.6230773540834585,7.350875889261563,5.317516883012873,0.0,0.8942879809476378,0.1838272586464882,0.33642514050006866,0.4763788729906082,0.77471724152565,0.977504551410675,0.9896110594272614,0.5957238972187042,1.1420404314994812,2.733689785003662,8.006161451339722,13.889616966247559,17.738022804260254,0.36353799700737,0.8942879809476378
25,205.23270392417908,1.1822049289010466,0.3173423171043396,0.0,0.17081253826618195,1.1814468542734782,0.02362429251273473,0.12144565433263779,0.015696431634326775,0.0,0.0,0.0,0.12362429400285085,0.37036668658256533,0.7860637679696083,0.3238482028245926,0.3238482028245926,0.1501457318663597,0.02617301605641842,0.11991550400853157,0.6599423587322235,0.12211855873465538,0.6131301708519459,7.900325293342273,5.9786733114246315,0.0,1.0402982145099968,0.15717541426420212,0.33128775656223297,0.4868166297674179,0.7761387228965759,0.9397004544734955,0.9876620471477509,0.6021037995815277,1.2072559595108032,2.9406445026397705,8.557615280151367,14.809221744537354,19.285110473632812,0.3551741987466812,1.0402982145099968
26,213.19871711730957,1.1754826267482712,0.3193297624588013,0.0,0.17089093228181204,1.1696555097897847,0.023403318226337434,0.12009876718123753,0.015578805841505528,0.0,0.0,0.0,0.12340331971645355,0.4024980664253235,0.7636407241225243,0.3085302859544754,0.3085302859544754,0.15042264759540558,0.026208738796412945,0.11990328505635262,0.6613769829273224,0.1223115473985672,0.6122715609769026,7.851030309995015,5.687093572915784,0.0,0.9740070138581308,0.16531134396791458,0.32341301441192627,0.47139735519886017,0.7609851062297821,0.9401410818099976,1.0123814642429352,0.595312237739563,1.1341960430145264,2.8303250074386597,8.538856983184814,14.854505062103271,19.152986526489258,0.39555281698703765,0.9740070138581308
27,221.18435907363892,1.1741295266896485,0.3157562971115112,0.0,0.1719219555457433,1.1768234411875407,0.02318814992904663,0.1194285402695338,0.015454337311287722,0.0,0.0,0.0,0.12318815141916276,0.43043087124824525,0.7567555159330368,0.30940812826156616,0.30940812826156616,0.14632166177034378,0.02574075199663639,0.11920911446213722,0.6499645113945007,0.12163853272795677,0.6187740651269754,8.370526666442553,5.412142332711602,0.0,0.9144197283206795,0.17029086500406265,0.34702564775943756,0.48988401889801025,0.7708609104156494,0.9216383993625641,1.0129445493221283,0.5857625901699066,1.116511344909668,2.8484150171279907,8.77560567855835,15.85901403427124,21.037851333618164,0.42490461468696594,0.9144197283206795
28,229.2013931274414,1.1631010803161188,0.314020969470342,0.0,0.17328210771083832,1.1656481266021728,0.023003416260083516,0.11756049940983454,0.015367482726772626,0.0,0.0,0.0,0.12300341775019964,0.4599187652269999,0.7701669260859489,0.3139414042234421,0.3139414042234421,0.1496274098753929,0.02590451017022133,0.11933334544301033,0.6564971804618835,0.12165195867419243,0.5818774389723936,8.828767945369085,5.37718256917314,0.0,0.9077072085701516,0.16456855088472366,0.3163329213857651,0.4530792236328125,0.7407775223255157,0.8849151432514191,0.931591272354126,0.5908225178718567,1.1877938508987427,3.0282665491104126,9.011814594268799,16.37671136856079,22.777198791503906,0.4801481455564499,0.9077072085701516
29,237.16837811470032,1.1586892762299006,0.31409462690353396,0.0,0.17351386149724324,1.1568197329839072,0.022945256034533183,0.11753511180480321,0.015270317656298478,0.0,0.0,0.0,0.1229452575246493,0.4463974297046661,0.766193650662899,0.3118152469396591,0.3118152469396591,0.14923539012670517,0.025882563553750515,0.11918960511684418,0.6570848822593689,0.12168474495410919,0.5933922616144022,9.54122274617354,5.463110271339738,0.0,0.9256112619263805,0.16720657795667648,0.34118571877479553,0.47515198588371277,0.7510668039321899,0.9134679734706879,0.9122745096683502,0.5889663398265839,1.2169723510742188,3.1604100465774536,9.777839660644531,17.825566291809082,24.677581787109375,0.4682357430458069,0.9256112619263805
30,245.14955306053162,1.1463071543063659,0.31106112003326414,0.0,0.17470113337039947,1.1465272267659505,0.022496037681897483,0.11548997759819031,0.01522890543565154,0.0,0.0,0.0,0.1224960391720136,0.4287087102731069,0.75865738093853,0.30960798263549805,0.30960798263549805,0.14712270349264145,0.025234212167561054,0.11812924593687057,0.6520260572433472,0.12080857157707214,0.5589903779327869,9.906370202700296,5.214221976498427,0.0,0.8734834396872263,0.1618734821677208,0.3222995698451996,0.4712050259113312,0.7238685488700867,0.8440442681312561,0.8306513726711273,0.5678485035896301,1.2858960032463074,3.2569406032562256,9.925095081329346,18.315093994140625,26.08734703063965,0.39433552622795104,0.8734834396872263
31,253.11813402175903,1.1431511746253817,0.31055748462677,0.0,0.17605213324228922,1.1442643443743388,0.022577961285909016,0.114653147260348,0.01507351491600275,0.0,0.0,0.0,0.12257796277602513,0.4736910084883372,0.7424436882138252,0.30384205281734467,0.30384205281734467,0.1433403044939041,0.025343012996017933,0.11815152317285538,0.6420019268989563,0.12121808528900146,0.5303394682705402,9.119229912757874,4.985794430635668,0.0,0.82556547777387,0.16085004061460495,0.3189627379179001,0.4347454160451889,0.6614397168159485,0.8019652366638184,0.8040736615657806,0.5811669230461121,1.2442123293876648,3.1513675451278687,9.198315143585205,16.40727996826172,24.133037567138672,0.49946490228176116,0.82556547777387
32,261.06787514686584,1.1382487446457767,0.308972692489624,0.0,0.175785431265831,1.140433708826701,0.022284883260726928,0.11404374490181605,0.015004806717236837,0.0,0.0,0.0,0.12228488475084305,0.49123512307802836,0.739733949303627,0.29924923181533813,0.29924923181533813,0.1454300507903099,0.02514647599309683,0.11775459349155426,0.6472460031509399,0.12073498219251633,0.5490170369545618,9.669889897108078,5.25798406424285,0.0,0.8833201811323642,0.15788963437080383,0.32155101001262665,0.463208869099617,0.7123942673206329,0.8301811814308167,0.8088772594928741,0.5727551579475403,1.2443671226501465,3.2016172409057617,9.67800235748291,17.783775329589844,25.538822174072266,0.5079766362905502,0.8833201811323642
33,269.1028800010681,1.1310710038601732,0.30892323652903236,0.0,0.1775883177916209,1.1286744356155396,0.02217995673418045,0.11336158861716589,0.0149237678386271,0.0,0.0,0.0,0.12217995822429657,0.425060099363327,0.739341214299202,0.29961156845092773,0.29961156845092773,0.14496193081140518,0.02526034414768219,0.11779073253273964,0.6446053981781006,0.1210036501288414,0.522024809072415,9.955443372329077,4.64633926050739,0.0,0.7563682998575251,0.16692187637090683,0.31169477105140686,0.43157708644866943,0.6684327721595764,0.7755756676197052,0.7779466807842255,0.5865769982337952,1.3572748899459839,3.4400434494018555,10.151140689849854,18.25199031829834,25.94563388824463,0.4258038640022278,0.7563682998575251
34,277.1349620819092,1.123132823931519,0.3037214457988739,0.0,0.17894450624783834,1.1282414356867472,0.022177407642205556,0.11203882147868474,0.014865782173971335,0.0,0.0,0.0,0.12217740913232168,0.4595616817474365,0.744805783033371,0.30097800493240356,0.30097800493240356,0.1466693878173828,0.025357533246278763,0.1177980937063694,0.6485640406608582,0.12088483572006226,0.5271210546294848,9.615979716181755,4.821606566590768,0.0,0.7916556626019293,0.16448530554771423,0.31789430975914,0.4416069835424423,0.6567360162734985,0.7930834293365479,0.7889202833175659,0.578103095293045,1.288083553314209,3.3498494625091553,9.825896263122559,17.346696853637695,25.307249069213867,0.4337503910064697,0.7916556626019293
35,285.1033389568329,1.1135713456819454,0.308028511206309,0.0,0.1786056955655416,1.104988447825114,0.022011445959409077,0.11098191936810811,0.014789791777729988,0.0,0.0,0.0,0.1220114474495252,0.40381991664568584,0.7436010614037514,0.3037257343530655,0.3037257343530655,0.14400622993707657,0.025239387527108192,0.1174946241080761,0.6401353776454926,0.120570357888937,0.5319709752996763,9.8703852891922,4.864019173301633,0.0,0.8003587796735583,0.1646135449409485,0.31553955376148224,0.44677573442459106,0.6540170609951019,0.8006834387779236,0.8101965188980103,0.5732651352882385,1.2772409319877625,3.3484106063842773,10.088033199310303,17.984336853027344,25.951025009155273,0.41350086629390714,0.8003587796735583
36,293.1060781478882,1.1109431793835636,0.3053145249684652,0.0,0.17967018683751423,1.104730228583018,0.021984210610389708,0.11104643990596136,0.014743566357841095,0.0,0.0,0.0,0.12198421210050583,0.44852521220842995,0.7349773272871971,0.3016539365053177,0.3016539365053177,0.1412482112646103,0.024771785363554955,0.11666706576943398,0.633291631937027,0.12047915533185005,0.5356161979337534,10.057496021191279,4.89520303720731,0.0,0.8067729155862622,0.16467774659395218,0.319688081741333,0.4487044960260391,0.6549628376960754,0.8061310052871704,0.8195330202579498,0.5793653726577759,1.3596277832984924,3.522913932800293,10.490814208984375,18.488296508789062,25.903958320617676,0.4776614487171173,0.8067729155862622
37,301.08750891685486,1.1070909531049742,0.30511894027392067,0.0,0.18045597175757092,1.1000028292338053,0.021892793973286948,0.11038940697908402,0.014665179823835691,0.0,0.0,0.0,0.12189279546340306,0.44987512826919557,0.7379224672913551,0.30097104609012604,0.30097104609012604,0.14323294907808304,0.02487652190029621,0.11673256009817123,0.6391321420669556,0.12018031626939774,0.5394519368807474,9.883388832211494,5.226208736445545,0.0,0.8763989728484601,0.1588953137397766,0.320575013756752,0.44528578221797943,0.6573978066444397,0.8304200768470764,0.8241376280784607,0.575880378484726,1.3354686498641968,3.463528871536255,10.397943496704102,18.250335693359375,25.277175903320312,0.44625120759010317,0.8763989728484601
38,309.13418412208557,1.1010977185564115,0.303237251440684,0.0,0.18187991579373677,1.0969910661379496,0.02185877611239751,0.10902805576721827,0.0146096454312404,0.0,0.0,0.0,0.12185877760251364,0.5572088738282521,0.7333291918039322,0.2972504198551178,0.2972504198551178,0.14372678101062775,0.024847080931067467,0.11657043173909187,0.6383297145366669,0.12042788788676262,0.5141386762261391,9.7695365746816,4.491187602622038,0.0,0.7253482143361513,0.1663859784603119,0.31423573195934296,0.43321290612220764,0.6171825230121613,0.7472706437110901,0.8065442740917206,0.5698809623718262,1.2948499917984009,3.3381165266036987,10.115395069122314,18.00166606903076,25.297310829162598,0.580427959561348,0.7253482143361513
39,317.1854250431061,1.095666048369215,0.3029400706291199,0.0,0.1826843450466792,1.0902452031771341,0.02196619858344396,0.1080839067697525,0.014560165411482254,0.0,0.0,0.0,0.12196620007356009,0.5790713528792063,0.7188924178481102,0.2922303229570389,0.2922303229570389,0.14027346670627594,0.024705590680241585,0.11625039204955101,0.6302827894687653,0.12045508995652199,0.5090625869731108,10.132967447241148,4.864099045621896,0.0,0.8003047485327297,0.15777965635061264,0.2821540981531143,0.40690116584300995,0.615070641040802,0.7674558758735657,0.8250140845775604,0.5670854151248932,1.2737851738929749,3.355533719062805,10.42500114440918,18.98806667327881,26.188332557678223,0.5763175159692764,0.8003047485327297
40,325.16966700553894,1.0925588289508597,0.29711560408274335,0.0,0.1847058802843094,1.0950588226318358,0.02168435206015905,0.10821124017238617,0.01452373064433535,0.0,0.0,0.0,0.12168435355027517,0.6344523767630259,0.7254427969455719,0.2961637079715729,0.2961637079715729,0.1405986174941063,0.024498747661709785,0.11581894010305405,0.6320393681526184,0.12011881545186043,0.5403783954679966,10.204932088653246,4.830334428725673,0.0,0.7935779155379565,0.1666405126452446,0.3192404508590698,0.44448763132095337,0.647421658039093,0.8049294054508209,0.8595507144927979,0.5705306231975555,1.2862598896026611,3.3962786197662354,10.431068420410156,19.01066780090332,26.53478717803955,0.6261459738016129,0.7935779155379565
41,333.34061789512634,1.0859435594252622,0.29929798245429995,0.0,0.1846488058567047,1.0788950761159262,0.02177549749612808,0.10783765961726506,0.014467229507863522,0.0,0.0,0.0,0.12177549898624421,0.5464383204778035,0.7279513105750084,0.2942347079515457,0.2942347079515457,0.1432996243238449,0.02482153009623289,0.11621136590838432,0.636868804693222,0.12024198845028877,0.5133873025576273,10.361190338929495,4.65425248496973,0.0,0.7573380156993474,0.16181299090385437,0.29721565544605255,0.4154884070158005,0.6194469928741455,0.7531185150146484,0.8332412540912628,0.5537474751472473,1.3601673245429993,3.556312084197998,10.767381191253662,19.304146766662598,26.62538719177246,0.5745782643556595,0.7573380156993474
42,341.53428292274475,1.0784605613987273,0.30101301074028014,0.0,0.18468357721964518,1.0628333528836569,0.021821178992589316,0.10724484473466873,0.014414946548640728,0.0,0.0,0.0,0.12182118048270543,0.46642455061276755,0.7227199673652649,0.2946382164955139,0.2946382164955139,0.140381321310997,0.024702683091163635,0.11589964106678963,0.6288018226623535,0.12031029164791107,0.562191312511762,10.429972196618715,5.681794884704857,0.0,0.9768822341281277,0.15153038501739502,0.2955203801393509,0.43058986961841583,0.6741398870944977,0.8609645664691925,0.96040278673172,0.5791622698307037,1.275860071182251,3.3744380474090576,10.650208950042725,19.64500904083252,27.05515480041504,0.4864839375019073,0.9768822341281277
43,349.52411913871765,1.0753692671734219,0.2968125224113464,0.0,0.186906232436498,1.0660926938056945,0.02175173411766688,0.10689435799916586,0.0143679010681808,0.0,0.0,0.0,0.121751735607783,0.5052531361579895,0.7358068078756332,0.3021770417690277,0.3021770417690277,0.14127062261104584,0.024419350549578667,0.11534115672111511,0.6306931972503662,0.12041829526424408,0.5454497014482816,10.000401506821314,5.594290737572055,0.0,0.9580335806539002,0.15040580928325653,0.28443342447280884,0.41407787799835205,0.652588278055191,0.841413825750351,0.9297789931297302,0.5666786432266235,1.3278958201408386,3.4029195308685303,10.222990989685059,18.42576313018799,26.056160926818848,0.5344721257686615,0.9580335806539002
44,357.50277495384216,1.074878020157727,0.29937339822451275,0.0,0.18658877313137054,1.0635387857755025,0.02166514645020167,0.1060469999909401,0.014331923518329858,0.0,0.0,0.0,0.12166514794031778,0.6226085285345714,0.7360806167125702,0.29945212602615356,0.29945212602615356,0.14345121383666992,0.024575253948569298,0.11549703776836395,0.6357230842113495,0.12032389268279076,0.5323563516139984,10.432905574639639,5.0845269796408905,0.0,0.846381106110637,0.15910100936889648,0.2916453182697296,0.40731796622276306,0.6213673949241638,0.8089533746242523,0.9057530462741852,0.590408444404602,1.3207756280899048,3.4854131937026978,10.822073936462402,19.547151565551758,26.831610679626465,0.6373404651880265,0.846381106110637
45,365.5005931854248,1.0676660418355217,0.29813666741053263,0.0,0.1873451034228007,1.052759087085724,0.021767143408457437,0.10569311330715815,0.014303504737714927,0.0,0.0,0.0,0.12176714489857356,0.5776745895544688,0.7229338511824608,0.2881750017404556,0.2881750017404556,0.14533567428588867,0.024174674414098263,0.11479324102401733,0.6410751044750214,0.12016374990344048,0.5331922098994255,10.821102554599443,5.208658208706047,0.0,0.8734607250941813,0.15387719869613647,0.2855619341135025,0.40948620438575745,0.6171717345714569,0.8014937341213226,0.9315624535083771,0.5978894531726837,1.3567870259284973,3.524580717086792,11.041747093200684,20.2157621383667,28.18984889984131,0.5900312185287475,0.8734607250941813
46,373.5017912387848,1.063053812381501,0.29320476452509564,0.0,0.1892435371875763,1.0563053210576376,0.021657441556453706,0.1049035926659902,0.01424091188237071,0.0,0.0,0.0,0.12165744304656982,0.5795039892196655,0.716177374124527,0.29090043902397156,0.29090043902397156,0.13991335779428482,0.024468271993100643,0.11510768532752991,0.624892920255661,0.12016857415437698,0.5324022558828195,10.48977512617906,5.029316016567316,0.0,0.8349377191614005,0.15698132663965225,0.2977205812931061,0.41706274449825287,0.6170715987682343,0.7895087003707886,0.9160685837268829,0.5709565579891205,1.336940348148346,3.513766050338745,10.844907760620117,19.577994346618652,27.094085693359375,0.5795208126306534,0.8349377191614005
47,381.51613903045654,1.0579313396747845,0.29742154479026794,0.0,0.18954979976018269,1.0389112114906311,0.021807344754536946,0.10453242013851802,0.014204640282938878,0.0,0.0,0.0,0.12180734624465307,0.5927619556585948,0.6957492753863335,0.28123970329761505,0.28123970329761505,0.13694486021995544,0.024377592839300632,0.11483186110854149,0.6170944273471832,0.12029872089624405,0.5377358719706535,10.231657986839613,5.423946188878837,0.0,0.9204659749725232,0.15151958167552948,0.28008072078227997,0.40604205429553986,0.6416280269622803,0.8218340575695038,0.9253107905387878,0.5675754249095917,1.1873885989189148,3.104974150657654,9.982255458831787,18.871575355529785,27.67617893218994,0.5401201277971268,0.9204659749725232
48,389.5036430358887,1.0559650808029497,0.2932831645011902,0.0,0.1887991468111674,1.0429407755533855,0.021687388916810355,0.10468086351950963,0.014174592898537714,0.0,0.0,0.0,0.12168739040692647,0.542948697010676,0.7054412141442299,0.2837347239255905,0.2837347239255905,0.13991956412792206,0.024385729804635048,0.11473137512803078,0.6258867084980011,0.12014049664139748,0.5339253594477972,10.662917057673136,5.273109743431432,0.0,0.8875293457952869,0.1527242511510849,0.28780342638492584,0.4112569987773895,0.6298596560955048,0.8053317368030548,0.916576087474823,0.5790268778800964,1.2716259360313416,3.3148516416549683,10.496375560760498,19.903778076171875,28.41184425354004,0.5273499310016632,0.8875293457952869
49,397.5041651725769,1.0489933483496618,0.2940084636211395,0.0,0.18972467482089997,1.0304402232170105,0.021666177113850913,0.10392038772503535,0.014122911263257265,0.0,0.0,0.0,0.12166617860396703,0.5218657294909159,0.7064715772867203,0.2824307680130005,0.2824307680130005,0.14141271263360977,0.02419937029480934,0.11432120576500893,0.6294095516204834,0.12025582417845726,0.5458844775954882,10.589092602332434,5.359764718638498,0.0,0.9055224865142952,0.15584568679332733,0.2896837443113327,0.4074549227952957,0.6356883645057678,0.8352962136268616,0.9513379335403442,0.566367506980896,1.257108986377716,3.2764458656311035,10.352128982543945,19.529335021972656,28.55316925048828,0.5411260545253753,0.9055224865142952
50,405.48346424102783,1.0465657681343146,0.29469265341758727,0.0,0.19036310414473215,1.0236668825149535,0.02172954479853312,0.10401250819365183,0.014090478047728538,0.0,0.0,0.0,0.12172954628864924,0.6279970367749532,0.7122455909848213,0.28631217777729034,0.28631217777729034,0.1413886621594429,0.02414513286203146,0.1141209714114666,0.6278775632381439,0.120399110019207,0.5305542051792145,10.72548728187879,5.128721196944905,0.0,0.8558323975839844,0.15796206891536713,0.2849031984806061,0.4078873246908188,0.6286716163158417,0.8101434111595154,0.8937576115131378,0.5668718218803406,1.3150309324264526,3.3253729343414307,10.338282585144043,19.931830406188965,28.875535011291504,0.623421972990036,0.8558323975839844
51,413.50289821624756,1.0398354479887832,0.29264663259188334,0.0,0.19095688263575236,1.0183376749356587,0.02180208216110865,0.10295670082171758,0.014065648739536604,0.0,0.0,0.0,0.12180208365122477,0.6697962661584218,0.7039090320467949,0.2800145596265793,0.2800145596265793,0.14194359630346298,0.02442299947142601,0.11441633850336075,0.6288236677646637,0.12031447514891624,0.5160827289024988,10.247626230120659,5.034068383648671,0.0,0.8360862371599932,0.15548111498355865,0.27274875342845917,0.3850082457065582,0.6100125908851624,0.7827025651931763,0.8905431032180786,0.5715334117412567,1.3640878796577454,3.4403090476989746,10.232794761657715,18.73130989074707,27.14572238922119,0.7235842287540436,0.8360862371599932
52,421.4869239330292,1.0386524037574418,0.2914882282416026,0.0,0.1918795883655548,1.017774554093679,0.021775822838147482,0.10304758846759796,0.01403904960801204,0.0,0.0,0.0,0.1217758243282636,0.6463581800460816,0.7000527307391167,0.27998869121074677,0.27998869121074677,0.14003484696149826,0.024409702979028225,0.11425882205367088,0.6223481297492981,0.12058483064174652,0.5166249051690102,9.813378726442656,5.3894393156162845,0.0,0.9137850376584965,0.14857272803783417,0.2704382836818695,0.3930142819881439,0.6124356687068939,0.8007237017154694,0.8745647668838501,0.5778679549694061,1.2309876680374146,3.1177719831466675,9.601738929748535,17.93371868133545,26.418187141418457,0.6653574466705322,0.9137850376584965
53,429.4855091571808,1.0318621654955982,0.29204612572987876,0.0,0.1936233510573705,1.0053069631258646,0.0219169353445371,0.10237283209959666,0.013974003680050372,0.0,0.0,0.0,0.12191693683465323,0.5724817911783854,0.7043193504214287,0.28272904455661774,0.28272904455661774,0.14011289179325104,0.02408692892640829,0.11360184103250504,0.6234676539897919,0.12062389776110649,0.523672749598821,10.106795698404312,5.331341297650302,0.0,0.9006034950092295,0.1506047546863556,0.27679455280303955,0.3931603729724884,0.6093547642230988,0.8029253482818604,0.9091967046260834,0.5546281933784485,1.299556016921997,3.2489203214645386,9.99611520767212,18.843177795410156,26.698376655578613,0.6114519506692886,0.9006034950092295
54,437.56989216804504,1.0266245845433635,0.29423977533976237,0.0,0.1917086680730184,0.992566728591919,0.02176551471153895,0.10197683821121852,0.013960939552634954,0.0,0.0,0.0,0.12176551620165507,0.611232477426529,0.6914562731981277,0.27150699496269226,0.27150699496269226,0.14209789037704468,0.02388804592192173,0.1131843775510788,0.6273652613162994,0.12011526897549629,0.5145492230852445,10.051560655236244,5.106842432999648,0.0,0.8517722280829833,0.15353453159332275,0.2805640548467636,0.3928670883178711,0.603903591632843,0.7840766608715057,0.8723494112491608,0.5783631503582001,1.2440452575683594,3.0931895971298218,9.577150821685791,18.300878524780273,27.51573657989502,0.6329980552196502,0.8517722280829833
55,445.584792137146,1.0303352916031145,0.2922332068284353,0.0,0.19333171447118122,1.0043973008791605,0.021782714128494262,0.10179603993892669,0.013912110216915607,0.0,0.0,0.0,0.12178271561861038,0.7552800377209982,0.6769751235842705,0.2672814279794693,0.2672814279794693,0.13802649080753326,0.023963727988302708,0.11317691951990128,0.6155749261379242,0.12053600326180458,0.5076676706473032,10.858031302690506,5.047461867691298,0.0,0.8390808379842646,0.15407778322696686,0.2759256213903427,0.3791747987270355,0.5904048085212708,0.777701735496521,0.8687212765216827,0.5658028721809387,1.2886583805084229,3.2557913064956665,10.28165340423584,20.211780548095703,29.544501304626465,0.7512855172157288,0.8390808379842646
56,453.5366940498352,1.0232869653574501,0.2902191241582235,0.0,0.19398317337036133,0.9957327365875244,0.021906682352224986,0.1013819396495819,0.013906285415093105,0.0,0.0,0.0,0.1219066838423411,0.693464869260788,0.6750432997941971,0.2656431794166565,0.2656431794166565,0.13828926533460617,0.0238580834120512,0.112887442111969,0.6162468791007996,0.12041416764259338,0.5385670525332292,10.100736369689306,5.57366419086281,0.0,0.9534503787513089,0.15057524293661118,0.2830938398838043,0.3937781900167465,0.635911613702774,0.8392558395862579,0.9287875890731812,0.5803027153015137,1.2349455952644348,3.0449734926223755,9.62471628189087,18.86745262145996,27.25202751159668,0.7204424381256104,0.9534503787513089
57,461.5520210266113,1.0189567600842566,0.2838773647944132,0.0,0.19480952223141987,0.9996220787366231,0.021899792551994323,0.10138038595517476,0.01384493662044406,0.0,0.0,0.0,0.12189979404211045,0.6264645040035248,0.6890327706933022,0.275805726647377,0.275805726647377,0.13766209036111832,0.024033534340560436,0.1130107082426548,0.6150929927825928,0.1209992915391922,0.5111281014978886,10.184175699949265,5.449878222376864,0.0,0.9268000348117934,0.14916441589593887,0.2614772170782089,0.3728642463684082,0.5932788252830505,0.8129279017448425,0.8770560026168823,0.5713658928871155,1.301513433456421,3.2729859352111816,9.98034143447876,18.702411651611328,27.27643585205078,0.6451648205518723,0.9268000348117934
58,469.53625416755676,1.0103568751054506,0.29170028964678446,0.0,0.19485685229301453,0.9695520838101704,0.022030813992023467,0.10065166850884756,0.013840793042133252,0.0,0.0,0.0,0.12203081548213959,0.6016473670800527,0.6886897310614586,0.27240242063999176,0.27240242063999176,0.14004305005073547,0.024287746287882328,0.11328650638461113,0.6224332749843597,0.12057367339730263,0.4907190576195717,9.981682653228441,5.042691878281348,0.0,0.8385365822111198,0.15067747980356216,0.2601163163781166,0.36651110649108887,0.5583542287349701,0.7598201036453247,0.8488351106643677,0.5887214243412018,1.2664347290992737,3.183042526245117,9.652899742126465,18.47325611114502,26.725741386413574,0.6101679027080535,0.8385365822111198
59,477.5540421009064,1.0073493602569215,0.2886514166990916,0.0,0.19530648092428843,0.9706350525220235,0.022004827360312142,0.10038947661717733,0.013789337190488974,0.0,0.0,0.0,0.12200482885042827,0.5368611613909403,0.6927975192666054,0.2753407508134842,0.2753407508134842,0.13989319652318954,0.02396581694483757,0.11259523034095764,0.6196838319301605,0.12085164338350296,0.5016540624201298,10.437424376606941,5.301967820257337,0.0,0.8955039897518384,0.14585843682289124,0.255819208920002,0.3614609092473984,0.5733452439308167,0.7733367383480072,0.9001038372516632,0.5652136504650116,1.2457916736602783,3.1034159660339355,9.791214942932129,19.198128700256348,28.720781326293945,0.5333420693874359,0.8955039897518384
60,485.65294218063354,1.0024922166058483,0.2885891834894816,0.0,0.19459384977817534,0.9631497899691264,0.02196055601040522,0.0999120886127154,0.013761999116589626,0.0,0.0,0.0,0.12196055750052134,0.623611964782079,0.686968669295311,0.27343159914016724,0.27343159914016724,0.13841063529253006,0.023811408318579197,0.11221429705619812,0.6159752309322357,0.12066975980997086,0.5039173675080141,10.379364748795828,5.047920633527698,0.0,0.839374515530609,0.1525689885020256,0.2648143917322159,0.37201160192489624,0.5624197125434875,0.7701561450958252,0.9015333652496338,0.5435547828674316,1.2968982458114624,3.212484121322632,9.808294296264648,18.910707473754883,28.504249572753906,0.6630036741495132,0.839374515530609
61,494.2839050292969,7.68518250969161,0.2615529805421829,0.2615529805421829,0.20537764430046082,1.022393242518107,0.02209792584180832,0.09958720654249191,0.013795884450276692,6.548825899759929,6.532621574401856,0.03240885448952516,0.12209792733192444,0.6436505595842997,0.6409449502825737,0.24124954640865326,0.24124954640865326,0.1395353153347969,0.024207045324146748,0.11269201338291168,0.6197033822536469,0.12068301439285278,0.5122448553641638,5.256805782516797,6.111345704042895,0.0,1.0798069696077313,0.13752970844507217,0.23690807074308395,0.35441717505455017,0.5975650548934937,0.8404915928840637,0.9065575301647186,0.5891756117343903,1.1810712814331055,2.6879864931106567,6.578526258468628,9.929030895233154,10.57504415512085,0.6123310804367066,1.0798069696077313
62,502.7031800746918,2.0889906465735595,0.24084508419036865,0.6439963777860006,0.2265907516082128,1.0989631334940593,0.02222612649202347,0.09943377127250036,0.0137475257118543,0.7419639825820923,0.7384522716204326,0.007023437491928537,0.12222612798213958,3.3930205663045245,0.692028634250164,0.25381411612033844,0.306498721241951,0.14248257875442505,0.024203285574913025,0.1125028133392334,0.6242156326770782,0.12082786858081818,0.49845342586437863,0.6540819307168325,4.029303132128124,0.0,0.6482429994457125,0.18957336246967316,0.2607167661190033,0.3411944806575775,0.5552668273448944,0.7638485431671143,0.880120575428009,0.5675473511219025,0.5706845223903656,0.5711770057678223,0.6352949142456055,0.7301003634929657,0.8496874272823334,1.0123844742774963,0.6482429994457125
63,511.1701669692993,1.641652601355842,0.26458441515763603,0.29050229986508685,0.22261416614055635,1.033984088897705,0.022114690144856772,0.09910823951164881,0.013703904518236717,0.4812341491381327,0.4791189153989156,0.004230468797807892,0.12211469163497289,0.7243173480033874,0.6735455170273781,0.26497405767440796,0.2686520963907242,0.13712270557880402,0.02384938672184944,0.11182892695069313,0.6132653653621674,0.12068882584571838,0.4257044866681099,0.6334629158178965,3.361765070744936,0.0,0.5407517585954671,0.191830113530159,0.23790371417999268,0.2949923425912857,0.44798673689365387,0.644887775182724,0.7366262376308441,0.5966163277626038,0.5729643106460571,0.5812807381153107,0.6107251644134521,0.6763633489608765,0.762827605009079,0.6774944603443146,0.5407517585954671
64,519.6857299804688,1.5539233877323568,0.26999603112538656,0.26356210311253864,0.22074348429838817,1.0014718572298686,0.022140080730120342,0.09908016920089721,0.013665274282296499,0.4180558562278748,0.41628242333730064,0.0035468749701976776,0.12214008222023646,0.6754354119300843,0.688280750066042,0.2791537195444107,0.2576689198613167,0.14014628529548645,0.023775157518684864,0.11153122782707214,0.6211602687835693,0.12063528969883919,0.40904784947633743,0.6088876823584238,3.441906232756225,0.0,0.5457283010158538,0.1839013397693634,0.22318865358829498,0.272000789642334,0.4305114448070526,0.6329711675643921,0.7117137014865875,0.5745639801025391,0.5683370232582092,0.5693660974502563,0.579365074634552,0.6330061554908752,0.7286877632141113,0.677086991071701,0.5457283010158538
65,528.103658914566,1.52295170930059,0.2746772865454356,0.2533192723989487,0.21836155255635578,0.978839635848999,0.02213584929704666,0.09956148465474447,0.013627005803088347,0.39812385439872744,0.39676447709401447,0.0027187499838570756,0.12213585078716278,0.6661139408747355,0.6731008142232895,0.26997704803943634,0.24487760663032532,0.14034248143434525,0.023693139664828777,0.11125970259308815,0.6192532479763031,0.12075177952647209,0.4176134156684081,0.5987642109394073,3.725188685187823,0.0,0.5854645418996824,0.1742267683148384,0.21135397255420685,0.2643425613641739,0.4271874874830246,0.6490275859832764,0.7795421183109283,0.567592054605484,0.5448541045188904,0.5477320551872253,0.5788982808589935,0.639335572719574,0.7141731977462769,0.6766925752162933,0.5854645418996824
66,536.5174300670624,1.4920350317610427,0.27609408895174664,0.24510663747787476,0.21857479612032574,0.970559815565745,0.02218033770720164,0.09879371921221415,0.01362014062081774,0.3755296190579732,0.3741865217685699,0.0026861979082847634,0.12218033919731776,0.6428990662097931,0.6711075901985168,0.26817624270915985,0.2416113317012787,0.14106284081935883,0.02384018525481224,0.1113557405769825,0.6222206354141235,0.12067388743162155,0.4120587818324566,0.6081063747406006,4.0633420411354795,0.0,0.6406614959395192,0.16099369525909424,0.20646978914737701,0.2580118700861931,0.42189714312553406,0.6541724503040314,0.7708077430725098,0.566074937582016,0.5466803163290024,0.5504205375909805,0.6030772626399994,0.6431473195552826,0.7392378747463226,0.6868419736623764,0.6406614959395192
67,545.0024440288544,1.4565475981216878,0.27387048602104186,0.24134320517381033,0.21874417265256246,0.9647826830546061,0.02223692387342453,0.09877225706974666,0.013574288909633954,0.34704063336054486,0.3456727941830953,0.00273567708209157,0.12223692536354065,0.6595281978448232,0.6612356416881084,0.263433076441288,0.23815248161554337,0.13936316221952438,0.0236203009262681,0.11087890714406967,0.6171446740627289,0.12075550109148026,0.3969222990175088,0.6044768442710241,3.8423869799485804,0.0,0.601173409692093,0.16512847691774368,0.19959381222724915,0.24837791919708252,0.4011762887239456,0.634487509727478,0.732769787311554,0.5868781507015228,0.5481653213500977,0.5442765951156616,0.5861751437187195,0.6414487361907959,0.7199171185493469,0.6915045201778411,0.601173409692093
68,553.4843471050262,1.45133154039504,0.2753596325715383,0.23956836660703024,0.21742415726184844,0.9650843024253846,0.022212834159533183,0.09882879853248597,0.013614656900366147,0.34109694163004556,0.3394315759340922,0.0033307291567325594,0.1222128356496493,0.6864105860392252,0.6683441437780857,0.26821157336235046,0.2346152737736702,0.14141246676445007,0.023446686565876007,0.11049593612551689,0.6241950690746307,0.12086896598339081,0.4020349731047948,0.608464149137338,3.9106331799348824,0.0,0.6122192221394895,0.1618453413248062,0.19800563156604767,0.24630512297153473,0.40690626204013824,0.6329177618026733,0.7662297189235687,0.555340588092804,0.5389075428247452,0.5403290390968323,0.5913782119750977,0.6669750809669495,0.7578544318675995,0.6959449410438537,0.6122192221394895
69,561.9188709259033,1.4282883068973509,0.27518213391304014,0.2350416878859202,0.21856961051623028,0.9552337368329366,0.022363116840521495,0.0980597252647082,0.013560540384302537,0.3267764151096344,0.32488969365755715,0.003773437533527613,0.12236311833063761,0.6611933628718059,0.6627633571624756,0.26550717651844025,0.23205333948135376,0.14061475545167923,0.02396470308303833,0.11119707301259041,0.6191863417625427,0.12105044350028038,0.41488029807806015,0.6060049633185068,4.000942627134141,0.0,0.6308347096010591,0.16598524153232574,0.20518574863672256,0.2579406276345253,0.424395427107811,0.6640974283218384,0.7716773152351379,0.5703489184379578,0.5523137152194977,0.5515103042125702,0.6000244319438934,0.6437686681747437,0.7180637419223785,0.652251586318016,0.6308347096010591
70,570.4019961357117,1.4035983025523213,0.2755504369735718,0.23261371155579885,0.21817343334356945,0.9419972022374471,0.022439288596312206,0.09732448905706406,0.01351868345712622,0.3110286394755046,0.3090175688266754,0.004022135445848107,0.12243929008642833,0.6691559076309204,0.6637647710740566,0.2629782482981682,0.23096559196710587,0.14265186339616776,0.02391776256263256,0.1108911857008934,0.6229108572006226,0.1211346723139286,0.4005200614531835,0.6109309991200765,4.196907859400687,0.0,0.6646341817327819,0.15433566272258759,0.18343418836593628,0.23372383415699005,0.39931902289390564,0.6477325558662415,0.7845751047134399,0.5552516877651215,0.5376586616039276,0.5322211682796478,0.5965735912322998,0.6852339506149292,0.7586469352245331,0.6590017557144165,0.6646341817327819
71,579.2500672340393,1.3965299750717046,0.27342214981714885,0.23040493428707123,0.21897337635358174,0.9500641862551371,0.022491861879825593,0.09769908686478933,0.013487977844973405,0.3023086269696554,0.30069990356763204,0.0032174479061116775,0.12249186336994171,0.683360509077708,0.6596412248909473,0.2651139050722122,0.22610578685998917,0.14073721319437027,0.023848526179790497,0.11058320477604866,0.6218304634094238,0.12106207013130188,0.38781556611259776,0.601431722442309,3.7999833678565613,0.0,0.5901160507081984,0.15831003338098526,0.18953722715377808,0.23538795113563538,0.38055697083473206,0.601575493812561,0.7615257203578949,0.5829162895679474,0.5549017786979675,0.5458850860595703,0.579826682806015,0.6284567415714264,0.7166037559509277,0.6663667798042298,0.5901160507081984
72,587.9688401222229,1.389114260848146,0.2744459350903829,0.22864722907543183,0.21802814602851867,0.937974727153778,0.02255853861570358,0.09760450124740601,0.013461139922340711,0.30104709466298424,0.29967469573020933,0.002744791672254602,0.12255854010581971,0.6896492799123128,0.6770848594605923,0.2752905935049057,0.22893040627241135,0.14366453140974045,0.023467441089451313,0.10982668399810791,0.626089334487915,0.12117699161171913,0.38179775327444077,0.5925551106532415,3.798521716747984,0.0,0.588487690183149,0.1552649438381195,0.18977557867765427,0.2337336167693138,0.37807491421699524,0.589777261018753,0.7441602051258087,0.5775569081306458,0.5313888192176819,0.5237003862857819,0.5739684998989105,0.6350598931312561,0.7136561572551727,0.6954704701900483,0.588487690183149
73,596.9506652355194,1.3937519423353175,0.26823541124661765,0.20342576503753662,0.22101529637972514,0.9522962172826132,0.02248014211654663,0.09706168274084727,0.013454007605711618,0.3181724806626638,0.3170162320137024,0.002312500006519258,0.12248014360666275,0.8514650305112202,0.6362467259168625,0.2530531957745552,0.19615261256694794,0.14255861192941666,0.023786637000739574,0.11015050858259201,0.6243937611579895,0.12128755077719688,0.4185450014968713,0.5966037958860397,4.140314928907348,0.0,0.6557455115975018,0.1620396301150322,0.19918733090162277,0.2490164414048195,0.4134189188480377,0.6708950996398926,0.8167125880718231,0.5670735239982605,0.5420719981193542,0.5356627106666565,0.5771975219249725,0.6406559944152832,0.7169610261917114,0.8797740578651428,0.6557455115975018
74,605.5904221534729,1.4120254063823572,0.2701972464720408,0.22809601426124573,0.21954747637112934,0.9434365630149841,0.022624021271864574,0.09692809234062831,0.013431239935259024,0.32692423661549885,0.32587865988413495,0.002091145825882753,0.12262402276198069,0.9570919791857402,0.6630419231951237,0.2632909119129181,0.22506127506494522,0.14361018687486649,0.023397495970129967,0.10937292128801346,0.6287854313850403,0.12110909819602966,0.3613937087357044,0.5970027446746826,3.608173774982379,0.0,0.5517047182630015,0.15165803581476212,0.1874716579914093,0.2308417111635208,0.35685110092163086,0.5472085475921631,0.6943311989307404,0.5620708763599396,0.52934330701828,0.5216312408447266,0.5663937032222748,0.6396478712558746,0.7629294693470001,0.9235572993755341,0.5517047182630015
75,614.2955620288849,1.3841701393132098,0.2720627735058467,0.22571903069814045,0.21871211032072704,0.9279024163881938,0.022547741731007893,0.09728280405203502,0.013392663095146418,0.3055770417054494,0.30468446214993794,0.0017851562627280752,0.12254774322112401,0.7315354863802592,0.6632619127631187,0.26412733644247055,0.22302037477493286,0.14381219446659088,0.023324777372181416,0.10911666974425316,0.6271151304244995,0.12129464372992516,0.37637631222605705,0.5937669475873312,3.8738721823156346,0.0,0.6002493973717503,0.1487235575914383,0.1816861554980278,0.22930653393268585,0.36707983911037445,0.57613605260849,0.7553257346153259,0.5740850567817688,0.5480757653713226,0.5383300483226776,0.5670325458049774,0.6155191361904144,0.7195591330528259,0.714988398551941,0.6002493973717503
76,623.0060579776764,1.354946695951124,0.2732565482457479,0.22359030246734618,0.2190872311592102,0.9272554953893025,0.022660968204339344,0.09675016750892003,0.013379899101952713,0.2775207151969274,0.27665092249711354,0.0017395833196739356,0.12266096969445546,0.7462555627028148,0.6695298440754414,0.27580682933330536,0.22196803241968155,0.1413694992661476,0.023772766813635826,0.10971536114811897,0.618962824344635,0.12170944735407829,0.37521672373016673,0.5909046729405721,3.5421761956184667,0.0,0.5418347839400537,0.15542424470186234,0.1862953156232834,0.22862356901168823,0.3529895693063736,0.5505400598049164,0.7774275839328766,0.5728704929351807,0.5338131785392761,0.5236822068691254,0.5506006479263306,0.6270788609981537,0.7373826503753662,0.797720193862915,0.5418347839400537
77,631.8060343265533,1.3566725222199845,0.2761998971303304,0.22263902326424917,0.21881894369920094,0.9157612840334575,0.022721732159455617,0.09629993836085002,0.013347723086675008,0.2834276735782623,0.2827330152193705,0.0013893229091384758,0.12272173364957174,0.8948951403299967,0.667687714099884,0.2702909857034683,0.220585435628891,0.1435520052909851,0.02360145654529333,0.10924090817570686,0.6257541179656982,0.12160883098840714,0.35850508883595467,0.5983615418275198,3.685377283092299,0.0,0.5647278995286454,0.14906351268291473,0.18235885351896286,0.22337104380130768,0.35360319912433624,0.5493552833795547,0.6932786405086517,0.5690560340881348,0.5386448800563812,0.5296074151992798,0.5622841715812683,0.6384208798408508,0.7521558701992035,0.9498009502887725,0.5647278995286454
78,640.4370801448822,1.3485880193145325,0.27102721532185875,0.22119097908337912,0.21987586319446564,0.9186525185902913,0.022882864872614542,0.09670063555240631,0.013339973986148834,0.2788077900807063,0.27827979226907096,0.0010559895754947016,0.12288286636273066,0.8817548751831055,0.6609749607741833,0.26246947795152664,0.2186996415257454,0.14457783102989197,0.02369539812207222,0.10922916233539581,0.6288689374923706,0.12148402631282806,0.3919140075643857,0.5914605408906937,3.792871848150091,0.0,0.587555722433129,0.15554093569517136,0.18618153035640717,0.23132861405611038,0.3669431209564209,0.589946836233139,0.8215430080890656,0.5690810680389404,0.523292750120163,0.5180945098400116,0.5623336136341095,0.643195629119873,0.7327656745910645,0.8762649893760681,0.587555722433129
79,649.053304195404,1.3389771565445698,0.27164960106213887,0.2191759298245112,0.22010529438654583,0.9128048817316691,0.022911836703618366,0.0968255047996839,0.01331807766109705,0.2722219814856847,0.2716340899467468,0.0011757812540357311,0.12291183819373448,0.7323829929033915,0.6673292815685272,0.2708556205034256,0.21800658106803894,0.14373518526554108,0.023542269133031368,0.10882121697068214,0.626189649105072,0.12161336094141006,0.37202343096335727,0.589042454957962,3.8782646885250402,0.0,0.600751120748659,0.14766108989715576,0.18027815222740173,0.22172415256500244,0.35799552500247955,0.5726687908172607,0.7518128752708435,0.5576347708702087,0.5205202996730804,0.5223990678787231,0.5646372139453888,0.6246191561222076,0.7444442212581635,0.7207199215888977,0.600751120748659
80,657.636696100235,1.3314638907555492,0.2769035756587982,0.2208371917406718,0.21848466793696086,0.9016415238380432,0.02284695009390513,0.09625482807556789,0.013360072610278923,0.26553533573945365,0.2650131980578105,0.0010442708308498064,0.12284695158402124,0.8853431105613708,0.6749203279614449,0.27429328858852386,0.2218315154314041,0.14485564082860947,0.023000488057732582,0.10784317925572395,0.6298843324184418,0.12149623408913612,0.38388993466893834,0.5817859396338463,3.640231206145058,0.0,0.5617103079905783,0.15961091220378876,0.1875932589173317,0.2258896380662918,0.3611295521259308,0.5810206234455109,0.788095623254776,0.5471509695053101,0.5060104578733444,0.5108060240745544,0.5586714148521423,0.6329517960548401,0.7351249754428864,0.8344642639160156,0.5617103079905783
81,666.3054802417755,1.343791090301238,0.2738510032494863,0.21981126467386883,0.21957927743593852,0.901511549949646,0.022951876123746235,0.09592809478441874,0.013280277885496617,0.2819965918858846,0.2814744561910629,0.0010442708347303171,0.12295187761386235,0.8804598530133565,0.6548994742333889,0.25843527168035507,0.21619591861963272,0.14418312162160873,0.023580503650009632,0.10863946378231049,0.6276488900184631,0.12167387455701828,0.41817060982187587,0.5831294779976209,4.303874133964583,0.0,0.6849193769765513,0.14813122898340225,0.1869342103600502,0.2333596721291542,0.3883820176124573,0.6375381648540497,0.9146783649921417,0.5364331007003784,0.5196531563997269,0.5267632007598877,0.5750232338905334,0.6309059858322144,0.7099981904029846,0.861728572845459,0.6849193769765513
82,674.9363911151886,1.323092599620577,0.2708348830540975,0.2172618478536606,0.21953378915786742,0.8992072780927022,0.023032333453496298,0.09599639077981313,0.01325425049290061,0.2665727029244105,0.2661059081554413,0.000933593767695129,0.12303233494361242,0.7209826827049255,0.6643936224281788,0.2660476639866829,0.2159237489104271,0.14519204199314117,0.02347250748425722,0.10821371898055077,0.6286837458610535,0.12175920605659485,0.3572065817813079,0.5784429783622423,3.6622423463959275,0.0,0.5604979267403891,0.14922423660755157,0.1777043268084526,0.21642237901687622,0.3393705040216446,0.5464953184127808,0.7140227258205414,0.5454083383083344,0.5064902454614639,0.4990147650241852,0.5429334342479706,0.6194483637809753,0.7573627233505249,0.6927548825740815,0.5604979267403891
83,683.6351952552795,1.3046192040550522,0.2726808567841848,0.21518922249476116,0.22017280360062916,0.896931771437327,0.02308175911506017,0.09583005408445994,0.01322529682268699,0.24867577950159708,0.24825064738591512,0.000850260411001121,0.1230817606051763,0.6955699682235718,0.6687381602823734,0.27362340688705444,0.21576593071222305,0.14361589401960373,0.02358074951916933,0.1082279197871685,0.6240101456642151,0.12173386290669441,0.3476731205979983,0.5554024800658226,3.6817651234173794,0.0,0.5620980819810973,0.14429663866758347,0.1777729168534279,0.21143648028373718,0.3282407373189926,0.5312663316726685,0.6930256187915802,0.5266945660114288,0.4809698164463043,0.4800376445055008,0.5220126807689667,0.5964134037494659,0.726286768913269,0.7208123087882996,0.5620980819810973
84,692.3204352855682,1.3192253146592217,0.2735961457093557,0.21534504691759745,0.21976629098256428,0.8940923889478047,0.02313628395398458,0.09604769547780355,0.013211371439198653,0.26328858236471814,0.2629917045434316,0.0005937500022506963,0.1231362854441007,0.9189345161120097,0.670375406742096,0.270170658826828,0.21461591124534607,0.14644839614629745,0.023592638783156872,0.10805695503950119,0.6314668953418732,0.12166213244199753,0.3629551827907562,0.5718364467223486,3.6102267227418947,0.0,0.5516320399303642,0.1507551148533821,0.18501344323158264,0.2265401855111122,0.3508165627717972,0.5442601442337036,0.7203456461429596,0.547067403793335,0.5240791440010071,0.5137441456317902,0.5360053479671478,0.6055505871772766,0.7045720517635345,0.9143523216247559,0.5516320399303642
85,700.9834492206573,1.3180692936332585,0.2720605472723643,0.21467143495877583,0.2196347028017044,0.8925505717595418,0.02317350059747696,0.09586312423149744,0.013182278877745071,0.2651439348856608,0.2648034393787384,0.0006809895846042006,0.12317350208759308,0.7950769484043121,0.6634945869445801,0.26097404956817627,0.21438467502593994,0.14766409993171692,0.0232496140524745,0.1073627658188343,0.6363858282566071,0.12210670113563538,0.3577266124387582,0.5837072134017944,4.0209046944297695,0.0,0.6268744815263053,0.13984414935112,0.1658167466521263,0.2042103260755539,0.33892787992954254,0.5622999966144562,0.7352605760097504,0.5493758618831635,0.5214657783508301,0.5167500972747803,0.5503681004047394,0.6213295757770538,0.7429538667201996,0.7862143069505692,0.6268744815263053
86,709.8226170539856,1.2985025454079733,0.2705391228199005,0.21411402920881908,0.21949783861637115,0.8862105170885722,0.02315000941356023,0.095458722114563,0.01317352568730712,0.25138290027777355,0.2510769098997116,0.0006119791622040793,0.12315001090367635,0.8322691957155863,0.6748653799295425,0.27845598757267,0.21682271361351013,0.14399901777505875,0.02343098819255829,0.1075042150914669,0.6249309480190277,0.12188749760389328,0.35373202711343765,0.580826093753179,3.7708588541780252,0.0,0.5792241051041302,0.14485138654708862,0.1735798344016075,0.2124272808432579,0.3393270969390869,0.5462141335010529,0.7059924304485321,0.5548216998577118,0.5097392499446869,0.501085489988327,0.5459306538105011,0.6176938116550446,0.7556856572628021,0.8406718313694,0.5792241051041302
87,718.4520902633667,1.330278635211289,0.27460210720698036,0.21497390667597452,0.21886421839396158,0.8762824694315593,0.023371090988318126,0.09602662523587545,0.013164269396414359,0.28244847257932026,0.2821626663208008,0.0005716145795304328,0.12337109247843424,0.7709797819455465,0.6621818542480469,0.264472097158432,0.21276739239692688,0.14566303044557571,0.023139506578445435,0.10690855234861374,0.6300769150257111,0.12197120115160942,0.3852973332007726,0.5918586452802023,4.086257160845334,0.0,0.640936168504639,0.14567755162715912,0.1809474602341652,0.2240872159600258,0.37048378586769104,0.5952759385108948,0.7953120470046997,0.5478614866733551,0.5360804200172424,0.5423192381858826,0.5810129344463348,0.6343177855014801,0.7095600068569183,0.7559717774391175,0.640936168504639
88,727.0725910663605,1.296778679965064,0.2708361208438873,0.21274076004823048,0.22064671119054158,0.8823311765988667,0.023381780087947845,0.09529657860596975,0.013131506058077018,0.2520881533622742,0.251817320783933,0.000541666667171133,0.12338178157806397,1.0856766978899637,0.6633711904287338,0.26563675701618195,0.21236655116081238,0.14577557891607285,0.023321375250816345,0.10698803886771202,0.631058931350708,0.12222720310091972,0.36626845970749855,0.5872149616479874,3.9681974034867933,0.0,0.6175712914125181,0.1453494280576706,0.17567680031061172,0.21528467535972595,0.35012227296829224,0.5767752230167389,0.7344023585319519,0.551592230796814,0.5060350596904755,0.5004121959209442,0.561078816652298,0.6431284844875336,0.761042982339859,1.1669160544872283,0.6175712914125181
89,735.6397480964661,1.349658507166896,0.27445136904716494,0.21403769652048746,0.21950220068295798,0.8701583266258239,0.023545625309149425,0.09559915214776993,0.013143585529178381,0.3062162439028422,0.30603590508302053,0.0003606770857004449,0.12354562679926555,0.8778080940246582,0.6672215424478054,0.26769520342350006,0.21076049655675888,0.14707304537296295,0.023654025979340076,0.10738563165068626,0.6346192955970764,0.12220476567745209,0.3681136543552081,0.5766118317842484,3.864293200309977,0.0,0.5974777722343315,0.145792156457901,0.17823685705661774,0.21774379909038544,0.3522205501794815,0.5633836388587952,0.7513049244880676,0.5659756660461426,0.5161035358905792,0.5082156360149384,0.5554765462875366,0.6112932562828064,0.7026063501834869,0.8627446830272675,0.5974777722343315
90,744.2202112674713,1.295856046381717,0.2715440571308136,0.21267379621664684,0.2196407268444697,0.8712069988250732,0.02350319971640905,0.09529364854097366,0.013128549667696159,0.2560993432998657,0.255887105067571,0.00042447916396971174,0.12350320120652516,0.7910096565882365,0.6719133332371712,0.27011483907699585,0.21281762421131134,0.14769484102725983,0.02315413113683462,0.10639389976859093,0.632665365934372,0.12222981452941895,0.39294573788841564,0.5752724135915438,4.002942853554593,0.0,0.6260718293357612,0.15175332129001617,0.18387960642576218,0.22383853793144226,0.362724632024765,0.6074598729610443,0.828018456697464,0.5309488326311111,0.5029264986515045,0.5042916238307953,0.5620829164981842,0.6280019879341125,0.7233826220035553,0.7304434418678284,0.6260718293357612
91,752.8036642074585,1.2852931918188308,0.2732610940933228,0.21251110434532167,0.2183866709470749,0.8683096210161845,0.023487357795238493,0.09572386145591735,0.01310355191429456,0.2446261246999105,0.24439891278743744,0.00045442707923939454,0.12348735928535462,0.8744843363761902,0.6565433368086815,0.2578797861933708,0.20954257249832153,0.14694613218307495,0.023066358640789986,0.10612279549241066,0.6325832009315491,0.12229998037219048,0.37249033401409787,0.5741699015100797,4.04114710500415,0.0,0.6316506762665052,0.14397308975458145,0.17473989725112915,0.21583303064107895,0.3502088934183121,0.5818164348602295,0.768370658159256,0.5425609946250916,0.4942513108253479,0.4900485724210739,0.5518403649330139,0.6194205582141876,0.7468976080417633,0.9069461584091186,0.6316506762665052
92,761.3892571926117,1.2751641543543277,0.26932648917039237,0.20993136167526244,0.22087144752343496,0.872383447488149,0.023674803972244262,0.09525854686896006,0.013077154010534286,0.23827705085277556,0.2380687157313029,0.0004166666689949731,0.12367480546236038,0.8994439323743184,0.6693544127047062,0.27171219885349274,0.21061257272958755,0.14616796374320984,0.023521128110587597,0.10670902952551842,0.6297610402107239,0.12254911661148071,0.3591308469573657,0.5750619918107986,3.5876012107994164,0.0,0.5472237255649449,0.15020298957824707,0.18539274483919144,0.22529708594083786,0.34680579602718353,0.5388684272766113,0.7082180380821228,0.5260730534791946,0.49654620885849,0.49497975409030914,0.5512928068637848,0.6304098665714264,0.7510702610015869,0.8867746770381928,0.5472237255649449
93,769.9728739261627,1.3289915864821524,0.27609546184539796,0.21066483557224275,0.21917629440625508,0.8506987889607748,0.023916502296924592,0.09466441422700882,0.013051744550466537,0.2970518350601196,0.2969020942846934,0.0002994791662786156,0.12391650378704071,0.8448944528897603,0.6660443916916847,0.26566997170448303,0.20859728753566742,0.148037888109684,0.023541931994259357,0.10652988031506538,0.6365969777107239,0.12275826558470726,0.35868176569541294,0.579641563196977,3.6310771722639865,0.0,0.5533438911956154,0.14613059163093567,0.1757868379354477,0.21322491765022278,0.33279210329055786,0.5306114554405212,0.7535446882247925,0.5393721163272858,0.5024923235177994,0.49607712030410767,0.5411575436592102,0.6315626502037048,0.767187625169754,0.8481697082519531,0.5533438911956154
94,778.5701150894165,1.2803376938798465,0.2712436238924662,0.209649192293485,0.2196240226427714,0.8596246004104614,0.023805935680866242,0.09514797776937485,0.013044996466487647,0.24833910167217255,0.2481717844804128,0.00033463541913079096,0.12380593717098236,0.7601337512334188,0.6607075296342373,0.2618075758218765,0.2081240639090538,0.14741896092891693,0.023265842348337173,0.10594703629612923,0.6357441246509552,0.12237008288502693,0.36886467784643173,0.573218323290348,3.8203723443994364,0.0,0.5881809451413635,0.14310892671346664,0.1747567281126976,0.21499833464622498,0.3385379910469055,0.5467293858528137,0.7950567007064819,0.5461695194244385,0.5100671947002411,0.49928154051303864,0.5390679836273193,0.6107018291950226,0.7340218722820282,0.7577401101589203,0.5881809451413635
95,787.1399872303009,1.270766824868042,0.2733810285727183,0.2100784997145335,0.21979223489761351,0.8514153440793355,0.023857908447583516,0.09453213065862656,0.013020762614905835,0.24171332120895386,0.2415792057911555,0.0002682291677047033,0.12385790993769964,0.926717746257782,0.6645084619522095,0.2666141763329506,0.20837168395519257,0.1468542218208313,0.0234579648822546,0.10607271268963814,0.6344605982303619,0.12287243083119392,0.3572217598557472,0.5576630408565203,3.5209491671099014,0.0,0.5360798490205851,0.1519443616271019,0.18114452809095383,0.21390020847320557,0.3285238444805145,0.5349883735179901,0.7328292429447174,0.5449651181697845,0.4922737777233124,0.4790106266736984,0.5226020812988281,0.590977132320404,0.7161495089530945,0.9308371901512146,0.5360798490205851
96,795.73477602005,1.2714171162146763,0.2716393937667211,0.2086337129275004,0.21971502204736074,0.8482837200164794,0.024008951584498086,0.09484849025805792,0.01299222968518734,0.245697217186292,0.24552794496218364,0.0003385416654055007,0.12400895307461421,0.7706544597943624,0.6647878214716911,0.26508259028196335,0.20814228057861328,0.14781704545021057,0.02305215783417225,0.10519619286060333,0.635817140340805,0.12270595133304596,0.3576764427125454,0.6000022490819296,3.6507172672791213,0.0,0.5583113372534261,0.14911189675331116,0.17803840339183807,0.21644148975610733,0.34258024394512177,0.5443653762340546,0.7155212461948395,0.5616748631000519,0.5333707630634308,0.5350904762744904,0.584067702293396,0.6288562417030334,0.7569534480571747,0.792186975479126,0.5583113372534261
97,804.3669941425323,1.2582733520306646,0.2721875548362732,0.20835008025169371,0.21942149996757507,0.8483869115511576,0.02406618744134903,0.09493300318717957,0.013001301512122154,0.23192584713300068,0.23181581993897757,0.00022005208520567976,0.12406618893146515,0.8211324612299601,0.6587566025555134,0.26043423265218735,0.20568456500768661,0.14774004369974136,0.023325449787080288,0.1055307388305664,0.6350816190242767,0.12260881438851357,0.35097626099983853,0.5782230272889137,3.5413545915608484,0.0,0.5372971919145404,0.14722397178411484,0.1757119745016098,0.21433303505182266,0.3314392864704132,0.5213722884654999,0.7157770097255707,0.5590507686138153,0.5205871611833572,0.5102331042289734,0.5453405976295471,0.6109029352664948,0.7232235968112946,0.8559648156166076,0.5372971919145404
98,812.9899971485138,1.2871690304949879,0.2715677599112193,0.20761101444562277,0.2204311768213908,0.8504563530286153,0.024107093115647633,0.09487299919128418,0.012947685721640786,0.26078275839487713,0.2606890082359314,0.00018749999968955915,0.12410709460576376,0.9216175278027853,0.6654921434819698,0.26995936036109924,0.2058776542544365,0.14629697799682617,0.02318322192877531,0.10510764643549919,0.6332391500473022,0.12262067571282387,0.35920607546965283,0.5813325519363085,3.7312981443678193,0.0,0.572111273351369,0.1459948793053627,0.17711034417152405,0.2165708914399147,0.3440141826868057,0.5447504222393036,0.7267957329750061,0.5597214698791504,0.513683632016182,0.5095324516296387,0.5591458678245544,0.6217663884162903,0.7241455018520355,0.9035936951637268,0.572111273351369
99,821.6160321235657,1.2914538312858592,0.2704838494459788,0.2071824252605438,0.22019474407037098,0.8518049200375875,0.024283147851626077,0.09478822698195775,0.012952518556267023,0.2657959312200546,0.26567939420541126,0.00023307291460999597,0.1242831493417422,0.9804051399230957,0.6644121333956718,0.2664532884955406,0.20701918005943298,0.14722462743520737,0.023214830085635185,0.10501005873084068,0.6343057155609131,0.12268450111150742,0.3386417627334595,0.5633782496054968,3.552072612261161,0.0,0.5364442189964124,0.1410815492272377,0.16947052627801895,0.2052171677350998,0.31566469371318817,0.5011319071054459,0.6992847323417664,0.5481545925140381,0.4974004477262497,0.4857170134782791,0.528297483921051,0.6070493757724762,0.7136505842208862,0.9116771459579468,0.5364442189964124
100,830.1502063274384,1.2492297091637738,0.2742217202981313,0.20743373731772105,0.21983833312988282,0.8307075262069702,0.024333059787750244,0.0938960388302803,0.01292841142664353,0.232055660088857,0.23189094762007395,0.0003294270837310857,0.12433306127786636,0.8400887648264567,0.6674530245363712,0.26649148762226105,0.20679647475481033,0.1487816497683525,0.023264321498572826,0.1048978939652443,0.6371131539344788,0.12299281358718872,0.3540514161189397,0.5584557006756464,3.700665117293351,0.0,0.5663236428248766,0.14599106460809708,0.17917340993881226,0.21899964660406113,0.34220126271247864,0.5402640402317047,0.6976790726184845,0.5243314206600189,0.4834708571434021,0.4827040135860443,0.5357233583927155,0.6056320071220398,0.7188725471496582,0.8471238195896149,0.5663236428248766
101,838.7667713165283,1.2698792558784286,0.27066103418668114,0.20688709119955698,0.22007206976413726,0.8389447013537089,0.02437933882077535,0.09414167155822119,0.012897757068276405,0.2518874396880468,0.25178392430146534,0.0002070312528909805,0.12437934031089147,1.0214549462000528,0.6613907888531685,0.262652650475502,0.20627368986606598,0.14780064672231674,0.023046953603625298,0.10436393320560455,0.6360583007335663,0.12290062382817268,0.3553634037574132,0.5724155033628145,3.6988193407227468,0.0,0.5657236073051962,0.14534591883420944,0.17792575061321259,0.21837211400270462,0.3432152718305588,0.5376082956790924,0.7097130715847015,0.5276661515235901,0.4819435179233551,0.4845970720052719,0.551211029291153,0.6297818124294281,0.7592934370040894,1.0595698595046996,0.5657236073051962
102,847.7507121562958,1.263124254986178,0.27182804942131045,0.20749552051226297,0.22144176363945006,0.8368042310078939,0.024353568255901337,0.0939316506187121,0.012880289275199176,0.24503002365430196,0.24493236740430196,0.00019531250072759576,0.12435356974601745,1.0460860927899678,0.6679921522736549,0.26516591012477875,0.2055836170911789,0.15001721680164337,0.02278831973671913,0.10383712872862816,0.6422130763530731,0.12278628349304199,0.3773729627331098,0.5616141979893049,3.968498381508744,0.0,0.6170188005941815,0.1427287608385086,0.1723220944404602,0.2089388072490692,0.33961811661720276,0.56641885638237,0.834211140871048,0.525265634059906,0.49380309879779816,0.49781280755996704,0.5462514162063599,0.6085604727268219,0.6979917585849762,0.9682705461978912,0.6170188005941815
103,856.3371860980988,1.2484168614959343,0.2725517233212789,0.2063395986954371,0.21876676281293234,0.8216692805290222,0.02438205232222875,0.09387535899877548,0.012875282391905784,0.23811099231243132,0.2379768798748652,0.0002682291711001502,0.12438205381234486,0.8322157581647237,0.6666383966803551,0.2647651806473732,0.20587512850761414,0.1494678258895874,0.022798217833042145,0.10371850803494453,0.6396684646606445,0.12302635610103607,0.3529728564123313,0.5588323126236597,3.570259078290904,0.0,0.5427680885182412,0.1475890725851059,0.1731204017996788,0.20968344807624817,0.3329083025455475,0.5269312262535095,0.7276046872138977,0.5319484025239944,0.4886596351861954,0.4857262372970581,0.5260851979255676,0.6047532558441162,0.7158211469650269,0.8606472730636596,0.5427680885182412
104,864.916787147522,1.2421671213543353,0.2716398616631826,0.20673916439215342,0.2193948487440745,0.826855206489563,0.024473794798056284,0.09416901667912801,0.012851636360088984,0.22928792436917622,0.2291778991619746,0.00022005208011250944,0.1244737962881724,0.8005134344100953,0.6610943973064423,0.2629023417830467,0.20492984354496002,0.14786356687545776,0.023021629080176353,0.10391686484217644,0.636785238981247,0.1229715421795845,0.38669081032276154,0.5597004170219103,4.192784744579546,0.0,0.6620791120260072,0.14467451721429825,0.17317146807909012,0.20902441442012787,0.3512882888317108,0.6065891087055206,0.8353970646858215,0.5254647582769394,0.4762355834245682,0.4710221439599991,0.5349579751491547,0.6059283316135406,0.7445937097072601,0.8227233052253723,0.6620791120260072
105,873.5161910057068,1.2544542754185386,0.2709683040777842,0.20487934549649556,0.22047908802827199,0.8217245459556579,0.02467274119456609,0.09387206186850866,0.01283931319291393,0.24612972537676495,0.24605290194352467,0.00015364583402212398,0.12467274268468222,0.8452925145626068,0.6632535457611084,0.2653501480817795,0.20463967323303223,0.1477917805314064,0.023103964515030384,0.10390563681721687,0.637050598859787,0.12323707342147827,0.3643400159974893,0.572569727897644,3.7448667864906007,0.0,0.5742648978828144,0.14484484493732452,0.17507947236299515,0.21397501230239868,0.3394763767719269,0.5424246490001678,0.7702397406101227,0.5551325678825378,0.5071952790021896,0.4958818703889847,0.5352390110492706,0.6096906065940857,0.7322790324687958,0.843931844830513,0.5742648978828144
106,882.070643901825,1.2389034368679859,0.27101104060808817,0.2045028915007909,0.22013341188430785,0.8207572738329569,0.024727265040079754,0.09416285355885824,0.012831653095781803,0.23063489496707917,0.23054570257663726,0.00017838541753008031,0.12472726653019588,0.8237159609794616,0.6554452292621136,0.25700828433036804,0.2025468572974205,0.14858175814151764,0.02291584387421608,0.10345731303095818,0.636584997177124,0.12341209873557091,0.3481009316941102,0.5673030416170756,3.8994485091601914,0.0,0.602359737164614,0.13796299695968628,0.16775070875883102,0.20712034404277802,0.3329443037509918,0.5379796028137207,0.7048476338386536,0.5433867871761322,0.501396119594574,0.4943193197250366,0.5402488708496094,0.6014503836631775,0.723016768693924,0.8506900548934937,0.602359737164614
107,890.7206592559814,1.249071093373156,0.271547136704127,0.20431142250696818,0.2203086773554484,0.8189085721969604,0.02487982759873072,0.09384516775608062,0.012850257381796838,0.24182530045509337,0.24174847900867463,0.0001536458330519963,0.12487982908884684,0.9608189066251119,0.674491997808218,0.27655768394470215,0.20477326959371567,0.147773839533329,0.02319994382560253,0.10379724204540253,0.6361135244369507,0.12361211702227592,0.34371837725241977,0.5592908511559168,3.3521403516974777,0.0,0.5037521890702623,0.1478763371706009,0.17729193717241287,0.21226393431425095,0.31706956028938293,0.49570223689079285,0.7121062576770782,0.5452832281589508,0.5006596446037292,0.4952244460582733,0.5289745032787323,0.5879840850830078,0.6976191997528076,1.0531022667884826,0.5037521890702623
108,899.4344072341919,1.2357353365630843,0.2715327541033427,0.20378461678822835,0.22010540862878164,0.8157794356346131,0.024958223601182303,0.09376506606737772,0.01279951169465979,0.23048083186149598,0.23043916622797647,8.333333389600738e-05,0.12495822509129842,0.8875902891159058,0.6668161004781723,0.26562418043613434,0.2026480734348297,0.14993394166231155,0.02290537115186453,0.10305994004011154,0.6398008465766907,0.12373442202806473,0.36227278287212056,0.5741801857948303,4.195387419163129,0.0,0.6618439166597847,0.13559770584106445,0.16621290147304535,0.20517326146364212,0.33759698271751404,0.5688849091529846,0.7601709365844727,0.5502959787845612,0.5049721598625183,0.5007262527942657,0.553451418876648,0.6052303612232208,0.7304049432277679,0.799044281244278,0.6618439166597847
109,908.1025252342224,1.239610192156397,0.27205188473065695,0.2037435342868169,0.21947199404239653,0.8115705688794453,0.02501035879055659,0.09371992945671082,0.012774413793037336,0.23609286646048228,0.23598674635092418,0.00021223958174232394,0.12501036028067272,0.9825493494669596,0.6634043976664543,0.26012109965085983,0.20197123289108276,0.15114884078502655,0.02304968237876892,0.10314532369375229,0.6435460150241852,0.12368989735841751,0.36535615598162013,0.5652064035336176,3.7871998031226135,0.0,0.5820646616474131,0.14398793876171112,0.17521080374717712,0.2128235623240471,0.34125353395938873,0.5453110933303833,0.7735500037670135,0.5326640605926514,0.5002354383468628,0.49866044521331787,0.5414360761642456,0.6091117262840271,0.7091306746006012,1.0523287951946259,0.5820646616474131
110,916.7846252918243,1.270281960659971,0.26763179202874504,0.20296892126401264,0.22192508379618328,0.8193697015444438,0.025162053604920704,0.09332014967997869,0.012765897779415052,0.2681521366039912,0.2680850803852081,0.00013411458494374528,0.12516205509503683,1.0816379030545553,0.6653467826545238,0.2621711567044258,0.2037094309926033,0.1506604552268982,0.022897456772625446,0.1027333177626133,0.6420707404613495,0.1236962303519249,0.3595750431219737,0.5674732625484467,3.752492568247524,0.0,0.5750436547148629,0.1428835764527321,0.18024693429470062,0.2182481363415718,0.337555855512619,0.536169558763504,0.7423461973667145,0.5402404516935349,0.5011683404445648,0.49325530230998993,0.5386458933353424,0.6030458211898804,0.7284837663173676,1.0445414245128632,0.5750436547148629
111,925.5389029979706,1.255068654648494,0.2721756766239802,0.20360530018806458,0.2201893796523412,0.803885833422343,0.02523475339015325,0.09332057784001033,0.01275414073218902,0.25595682164033257,0.2559073438247045,9.895833378929335e-05,0.12523475488026936,0.9099886059761048,0.6513561755418777,0.25195322930812836,0.20044291019439697,0.14959074556827545,0.023076094686985016,0.1028679609298706,0.6380228996276855,0.12398600205779076,0.3618435896933079,0.5803042898575465,3.925176671244129,0.0,0.6084597642757072,0.14258354902267456,0.17262398451566696,0.21272800862789154,0.34636203944683075,0.5596656203269958,0.7370983362197876,0.5656123757362366,0.5274434089660645,0.513535350561142,0.543815940618515,0.6072283089160919,0.724190354347229,0.8988633036613465,0.6084597642757072
112,934.2867712974548,1.2531649352400565,0.26971904138724007,0.2042449136575063,0.22125541865825654,0.8184917608896891,0.025191243489583334,0.09389348874489466,0.012775361894940336,0.24765311082204183,0.24759907523790994,0.00010807291522117642,0.12519124497969944,1.1820990204811097,0.6614203751087189,0.261246420443058,0.20352955162525177,0.1492045894265175,0.02256848383694887,0.10192206874489784,0.640293300151825,0.12370332330465317,0.3781258761882782,0.5789001335700353,4.190449124715769,0.0,0.6610433925163758,0.1393163651227951,0.17271054536104202,0.2127491757273674,0.35599584877491,0.5837981402873993,0.8041851818561554,0.5185578465461731,0.5015672147274017,0.519536554813385,0.58488529920578,0.6322530210018158,0.7166008651256561,1.172282689809799,0.6610433925163758
113,942.9341270923615,1.2289011657315616,0.2704432964324951,0.2032705436150233,0.22106222808361053,0.8068811496098837,0.025322210292021433,0.09336256682872772,0.012722207078089317,0.22998123466968537,0.22994086941083272,8.072916583235686e-05,0.12532221178213757,0.9924892067909241,0.6646307781338692,0.26382147520780563,0.20105209946632385,0.1501416265964508,0.023065555840730667,0.10258132591843605,0.6425884962081909,0.12428327277302742,0.3488411878546079,0.5886884704232216,3.579266156069161,0.0,0.5429587007214253,0.14441686868667603,0.17478420585393906,0.2106282040476799,0.3277866244316101,0.5169064104557037,0.7185248136520386,0.5514679849147797,0.5207819193601608,0.5190976858139038,0.5659067630767822,0.633678138256073,0.74119833111763,0.9596546053886413,0.5429587007214253
114,951.5534970760345,1.2347275069332682,0.27067622741063435,0.2029023398955663,0.21991406381130219,0.808918583393097,0.025535752375920612,0.09324672867854436,0.012711452320218086,0.2349813530842463,0.2349045306444168,0.00015364583474971976,0.12553575386603674,1.0468965808550517,0.6590469144284725,0.25877173244953156,0.2002929374575615,0.1500643566250801,0.022958077490329742,0.10226056352257729,0.640413224697113,0.12410819157958031,0.3404047141472499,0.5637002661824226,3.552828612596089,0.0,0.5380786875306101,0.14444950968027115,0.17642582952976227,0.21099422127008438,0.33011363446712494,0.513204351067543,0.6672407388687134,0.5355818271636963,0.49220341444015503,0.4851561635732651,0.5386334359645844,0.6202906668186188,0.7103360891342163,1.100282496213913,0.5380786875306101
115,960.2202091217041,1.2207397482008673,0.2688149392604828,0.20157607793807983,0.22085831960042318,0.8032431562741598,0.02564295530319214,0.09309704055388769,0.012701776747902235,0.22650852104028066,0.22644862631956736,0.00011979166520177386,0.12564295679330825,0.9833241502443949,0.666337713599205,0.26455239206552505,0.20086245238780975,0.15067704766988754,0.023006719537079334,0.1021709255874157,0.6418838500976562,0.1242092177271843,0.3654347447057565,0.5734392131368319,3.7191805581258275,0.0,0.5715072138335728,0.1501714438199997,0.17844918370246887,0.2141340747475624,0.3514128625392914,0.5585147142410278,0.7399261891841888,0.5021748393774033,0.4957723319530487,0.5083727836608887,0.5595753490924835,0.6093499958515167,0.7653899788856506,0.9612239956855774,0.5715072138335728
116,968.8831872940063,1.2221202623021479,0.2670334736506144,0.20156343976656596,0.2211459348599116,0.804045045375824,0.025651149451732635,0.09330983112255732,0.012682385152826707,0.2288203497727712,0.2287702202796936,0.00010026041515326748,0.12565115094184875,0.917477834224701,0.6736353226006031,0.2713853120803833,0.2025381699204445,0.15049046277999878,0.02295688446611166,0.10194291919469833,0.6417274475097656,0.1241239421069622,0.3757108685870965,0.5726697544256846,3.8057347766433263,0.0,0.5864878960501972,0.146596759557724,0.17868591099977493,0.21612420678138733,0.343940332531929,0.5579083859920502,0.8110096156597137,0.5332110822200775,0.5018844902515411,0.5022345185279846,0.5471402406692505,0.6188326478004456,0.7327155470848083,0.843486738204956,0.5864878960501972
117,977.5337002277374,1.2280422073051644,0.27172364195187887,0.2026337375243505,0.22029035687446594,0.79271506468455,0.025708006819089253,0.09273710201183955,0.012665378069505096,0.23638712068398793,0.2363422006368637,8.984374896196338e-05,0.12570800830920537,0.9280263662338257,0.6666809730231762,0.2663380727171898,0.19931203871965408,0.15034344047307968,0.022965963929891586,0.10175994038581848,0.639082670211792,0.12467029318213463,0.3336924525598685,0.5773399323225021,3.3870065182031865,0.0,0.5079373312019453,0.1444828063249588,0.17165175825357437,0.2084595263004303,0.32077209651470184,0.4893642067909241,0.6674243211746216,0.5479216277599335,0.5193358957767487,0.5167873501777649,0.5484957695007324,0.6146144568920135,0.7168844938278198,0.9657493770122528,0.5079373312019453
118,986.2058670520782,1.2324623420718126,0.2676605065663656,0.201216654976209,0.2205386996269226,0.7996318380037943,0.025878036518891652,0.0933622196316719,0.012653883344804247,0.24076218605041505,0.2407218207915624,8.072916704501646e-05,0.12587803800900776,1.1020296692848206,0.656742550432682,0.2613489702343941,0.19933050870895386,0.14786416292190552,0.02271405328065157,0.10121247544884682,0.6364681422710419,0.12459129467606544,0.34038741886615753,0.5647081608573595,3.787480544707824,0.0,0.5804765292547096,0.13846363872289658,0.16804740577936172,0.20611727237701416,0.3256431221961975,0.5244283378124237,0.6796247363090515,0.5405523478984833,0.49811968207359314,0.49208076298236847,0.5282451808452606,0.6010234653949738,0.7282275259494781,1.1645321130752564,0.5804765292547096
119,994.8392412662506,1.2083513602847233,0.26820237239201866,0.20076181689898173,0.22191737095514932,0.7953603943188985,0.026046493152777354,0.09287695089975993,0.012692368434121212,0.21921513775984447,0.2191584974527359,0.0001132812503783498,0.12604649464289347,0.968047034740448,0.6604619063436985,0.2620742470026016,0.2005409076809883,0.14905860275030136,0.02317021694034338,0.101884625852108,0.6379276812076569,0.12467727065086365,0.3459770306944847,0.571172354122003,3.522981063452181,0.0,0.5325355983620804,0.14435593783855438,0.17557115107774734,0.21083614975214005,0.32403022050857544,0.5085632354021072,0.7125054895877838,0.526377946138382,0.5046464055776596,0.5018752813339233,0.544559121131897,0.6102106869220734,0.7393646836280823,0.9416517078876495,0.5325355983620804
120,1003.5547342300415,1.2384836724687678,0.26883707543214164,0.20096943279107413,0.2200775235891342,0.782999579111735,0.026180933912595114,0.09293610403935114,0.01263146304214994,0.2547969609498978,0.25474878350893654,9.635416621070666e-05,0.12618093540271122,0.8282042384147644,0.6639923825860023,0.26466309279203415,0.19893082976341248,0.14993193745613098,0.023071796633303165,0.10146409273147583,0.6401439905166626,0.12470906600356102,0.3617631954451402,0.5728784203529358,3.5574983089629204,0.0,0.5418033168755603,0.15031910687685013,0.17715634405612946,0.21053177118301392,0.33252815902233124,0.5347599685192108,0.7652838230133057,0.54423788189888,0.5213642418384552,0.5176917612552643,0.55040642619133,0.5986901521682739,0.7048800587654114,0.821551901102066,0.5418033168755603
121,1012.2503139972687,1.2145578118390403,0.26970794002215065,0.1999656468629837,0.22038085560003917,0.7893274068832398,0.02627045214176178,0.09278711626927058,0.012605860223993659,0.22756493985652923,0.22752783199151358,7.42187488261455e-05,0.1262704536318779,0.9970513900121053,0.655942015349865,0.257492370903492,0.19799518585205078,0.1497260257601738,0.02286748494952917,0.10101701691746712,0.638932466506958,0.12483416125178337,0.34680181990067166,0.5732785686850548,3.5605489546949105,0.0,0.5392484453261008,0.1438821777701378,0.17266074568033218,0.2086590826511383,0.3267522007226944,0.5122995376586914,0.7165571749210358,0.5480746030807495,0.5044502019882202,0.49370597302913666,0.5391497611999512,0.6120587587356567,0.7422321140766144,1.0409900426864624,0.5392484453261008
122,1020.8217091560364,1.1981526966323144,0.26807220180829366,0.2003212183713913,0.2213347315788269,0.7821975866953532,0.026254935562610625,0.09234103411436081,0.01260656425729394,0.21698711613814037,0.21696498195330302,4.42708335564627e-05,0.12625493705272675,0.9880414088567098,0.6620577648282051,0.2593276873230934,0.1989707052707672,0.15162236243486404,0.02287027146667242,0.10086291283369064,0.6445133686065674,0.1249169334769249,0.354025911539793,0.5836666797598203,3.656615178426417,0.0,0.5573136102843856,0.14418309181928635,0.17171598970890045,0.2081954926252365,0.33473649621009827,0.5272220820188522,0.7381023168563843,0.5314569026231766,0.507320836186409,0.5066646486520767,0.5462395250797272,0.6294931471347809,0.7808250188827515,1.015904027223587,0.5573136102843856
123,1029.3883759975433,1.2348993914822737,0.2685937225818634,0.20038012365500132,0.21989409228165943,0.7803763071695964,0.026393606265385946,0.0923391674955686,0.012597194562355677,0.25417333245277407,0.25416031082471213,2.604166608459006e-05,0.12639360775550207,0.9530758659044901,0.6587404236197472,0.2558370977640152,0.19846604764461517,0.1518351510167122,0.022533150389790535,0.1002216637134552,0.6437994539737701,0.12515287473797798,0.3699331358075142,0.56186776359876,3.9881477407238553,0.0,0.6208528891616178,0.14250338077545166,0.17102013528347015,0.20843757688999176,0.3373524099588394,0.5683245360851288,0.7919607758522034,0.543751984834671,0.5025678724050522,0.48648373782634735,0.5290777683258057,0.5873333811759949,0.7219918370246887,0.9346672117710113,0.6208528891616178
124,1038.0193872451782,1.198612883349415,0.2665437787771225,0.19936449726422628,0.22066213190555573,0.7836342175801595,0.0264344056447347,0.09244267443815866,0.012603054971744616,0.2185105115175247,0.21848056316375733,5.9895831752025214e-05,0.12643440713485082,0.9841268261273702,0.6613301560282707,0.26162999868392944,0.19941894710063934,0.1499953418970108,0.0228488277643919,0.10064484179019928,0.6398332715034485,0.12508777529001236,0.3777509095768134,0.585032286743323,4.095751672450725,0.0,0.6423762854846815,0.1431255266070366,0.17339134216308594,0.2139076441526413,0.3593340218067169,0.5862066149711609,0.7905403077602386,0.5477306544780731,0.5105161964893341,0.505335345864296,0.5475943386554718,0.6162860095500946,0.7827311754226685,1.0045569360256195,0.6423762854846815
125,1046.657189130783,1.2046299991042664,0.268623286485672,0.20024007459481558,0.22012335856755574,0.7773711562156678,0.026606551309426626,0.09259555985530217,0.012586544717972476,0.2248063842455546,0.22477253079414367,6.770833279006183e-05,0.12660655279954275,1.0392813404401144,0.6591706275939941,0.26045825332403183,0.19710643589496613,0.15007957816123962,0.02269122190773487,0.10021834075450897,0.6396479308605194,0.12520019710063934,0.3472038457791011,0.5686626185973486,3.8146475912733164,0.0,0.5863343202468871,0.14055000990629196,0.16960519552230835,0.20371311157941818,0.3277059942483902,0.5361487567424774,0.7055000066757202,0.545320600271225,0.5067392885684967,0.503614068031311,0.5429597795009613,0.5979842841625214,0.7153576910495758,1.0148120522499084,0.5863343202468871
126,1055.3358750343323,1.2231820896151475,0.26637186606725055,0.19931074579556782,0.22075532178084056,0.7795206427574157,0.026680447161197662,0.09210507522026698,0.012544866496076187,0.24588689704736075,0.24585694968700408,5.989583369228058e-05,0.12668044865131378,1.0634237011273702,0.6603888012468815,0.2595655918121338,0.19857654720544815,0.1507674679160118,0.022865841165184975,0.10036692395806313,0.6419641971588135,0.12545189261436462,0.3544793079296748,0.5688251107931137,3.751435473975113,0.0,0.5744502335779569,0.14169076085090637,0.16337467730045319,0.1976858526468277,0.3286730796098709,0.5315437465906143,0.7639077305793762,0.5383166074752808,0.5154969692230225,0.5159173905849457,0.5584750175476074,0.5965636074542999,0.688181072473526,1.1019217252731324,0.5744502335779569
127,1063.955952167511,1.1959664090303703,0.2673219233751297,0.19990472197532655,0.22009587585926055,0.7730257312456766,0.026835663616657256,0.09210321853558222,0.012567184306681157,0.22066031495730082,0.22063166896502176,5.7291665871161965e-05,0.12683566510677338,1.1332902510960896,0.6623535826802254,0.26257677376270294,0.1990356594324112,0.15012948960065842,0.022701832465827465,0.0999525673687458,0.6437614560127258,0.1254381164908409,0.3519432929654916,0.5691489477952322,3.7350763808762495,0.0,0.5715015708885339,0.14226758480072021,0.1689750775694847,0.203902930021286,0.3296176791191101,0.531380295753479,0.7355161905288696,0.5259451419115067,0.5148253589868546,0.5108244121074677,0.5438429713249207,0.597225695848465,0.7222301065921783,1.1119042873382567,0.5715015708885339
128,1072.5505373477936,1.2203114572446794,0.2667505343755086,0.19938976764678956,0.22055374085903168,0.7701017260551453,0.02703781227270762,0.0917355810602506,0.012530282139778137,0.24789018432299295,0.24786153932412466,5.729166635622581e-05,0.12703781376282375,0.9313488662242889,0.6645296290516853,0.2652164474129677,0.1991668939590454,0.14986486732959747,0.022931179963052273,0.10015847533941269,0.6410624980926514,0.1258235089480877,0.36327080676953,0.5825803279876709,3.5811709087808485,0.0,0.544562860554428,0.14714764058589935,0.17538122087717056,0.21363992244005203,0.3334971219301224,0.5269608497619629,0.7829980850219727,0.5547731220722198,0.5220493078231812,0.5231190919876099,0.5620082020759583,0.6158373951911926,0.7176948487758636,0.9171260088682175,0.544562860554428
129,1081.1510372161865,1.19340171473256,0.26714541415373483,0.19948080480098723,0.22075013717015585,0.7642761508623759,0.027135903139909108,0.09178936382134756,0.01252587956065933,0.22327723304430644,0.22324858705202738,5.729166611369389e-05,0.12713590463002522,0.9447156508763631,0.6640312075614929,0.2601823955774307,0.19939503073692322,0.1520756483078003,0.02287530992180109,0.0998910553753376,0.6445156037807465,0.12598592042922974,0.3464231652518113,0.5610505665342013,3.6383261734010786,0.0,0.5536777189450818,0.14369038492441177,0.16927019506692886,0.20420046895742416,0.3185928761959076,0.5227924883365631,0.7199925780296326,0.5139240622520447,0.49577265977859497,0.4956710487604141,0.5426978766918182,0.5984278917312622,0.7198098599910736,0.9376589536666871,0.5536777189450818
130,1089.8037192821503,1.1815389200268933,0.2663760503133138,0.19888656934102375,0.2203686475753784,0.7628714919090271,0.02733203023672104,0.09140646706024806,0.012501685911168655,0.2138927698135376,0.21385956605275472,6.640624924330041e-05,0.12733203172683716,0.9502405325571696,0.6612814143300056,0.2596709802746773,0.1986600160598755,0.1511402130126953,0.022799303755164146,0.09962272644042969,0.6434061825275421,0.12601196393370628,0.3697856639822324,0.5708025718728701,3.83987560653004,0.0,0.5924765371915881,0.1448507234454155,0.1779610961675644,0.2157118245959282,0.34718193113803864,0.5562087595462799,0.7767996490001678,0.542125016450882,0.5117869675159454,0.5014994293451309,0.5450590252876282,0.6054983735084534,0.7188466191291809,0.9209087252616882,0.5924765371915881
131,1098.4675691127777,1.186137970824105,0.26884976228078206,0.19957477649052938,0.2195167471965154,0.7587960600852967,0.027381453414758047,0.09136368980010351,0.012494421501954397,0.2178588459889094,0.21782889763514202,5.989583296468481e-05,0.12738145490487415,1.1138458331425984,0.6575394198298454,0.25422000885009766,0.19904477894306183,0.15189851075410843,0.022795431315898895,0.09947404637932777,0.6455395817756653,0.12613775581121445,0.3685592959324519,0.5747443934281667,3.663092946460515,0.0,0.5607433225175714,0.1494200900197029,0.17772947996854782,0.21597740054130554,0.3433871865272522,0.547339677810669,0.7775019407272339,0.5345014929771423,0.5199495255947113,0.5077321827411652,0.5414829254150391,0.5995769500732422,0.7452232837677002,1.1645512998104095,0.5607433225175714
132,1107.0871031284332,1.1828425227664412,0.26496943334738415,0.19960567057132722,0.22054162522157034,0.762628698348999,0.02731336702903112,0.09161093334356944,0.012511715882768233,0.21594642599423727,0.21590736409028372,7.812499801123825e-05,0.12731336851914724,0.835834284623464,0.6633481346070766,0.2694719135761261,0.19874539226293564,0.14725176244974136,0.022440273314714432,0.09895728901028633,0.6352277398109436,0.12600690498948097,0.3416569729646047,0.5770173817873001,3.4445053072117857,0.0,0.5191673924313052,0.14613758027553558,0.17071028053760529,0.20423562824726105,0.31423458456993103,0.5033716708421707,0.7112520933151245,0.5522862374782562,0.5149248838424683,0.5072197914123535,0.5473079681396484,0.6147616505622864,0.7256037592887878,0.8700782537460328,0.5191673924313052
133,1115.702385187149,1.1910542634315788,0.26708700358867643,0.19950575133164725,0.21900246640046436,0.7555676301320394,0.02754313002030055,0.09142909993728002,0.012509899990012249,0.22602407932281493,0.22598436574141184,7.942708325572311e-05,0.12754313151041666,1.1775280197461446,0.6541972272098064,0.2530151456594467,0.1966899260878563,0.1514185592532158,0.02298250049352646,0.09965503588318825,0.642635703086853,0.12633144110441208,0.3842914824684461,0.5850909699996313,4.139819239201649,0.0,0.6509897862255178,0.14144499599933624,0.16855429112911224,0.20857790112495422,0.35448284447193146,0.5855567157268524,0.84713214635849,0.5391028225421906,0.5127676129341125,0.5185512006282806,0.5680539011955261,0.6340552866458893,0.7380149960517883,1.1353344023227692,0.6509897862255178
134,1124.400072336197,1.1904488872542667,0.2649540096521378,0.198298712571462,0.22052275935808818,0.7536381443341573,0.02775151878595352,0.09149712671836217,0.012476715942223866,0.2287326604127884,0.22870922287305195,4.687499943732594e-05,0.12775152027606965,0.9936343948046367,0.6602528356015682,0.2567207142710686,0.19721237570047379,0.15246296674013138,0.02295828703790903,0.09938760474324226,0.6458795666694641,0.12645623832941055,0.35918474694093067,0.5767642160256704,3.8025179739261405,0.0,0.5851703068593228,0.14449186623096466,0.1690589264035225,0.20383057743310928,0.3328012079000473,0.5494329184293747,0.7554929852485657,0.5442553162574768,0.5135295391082764,0.5164746642112732,0.5524578392505646,0.6026308834552765,0.7312370538711548,1.017040914297104,0.5851703068593228
135,1132.9884960651398,1.208519471397934,0.2676496684551239,0.19853887259960173,0.21962483723958334,0.7529275417327881,0.027980412542819976,0.09168826192617416,0.01244620249296228,0.2439404586950938,0.2439124643802643,5.598958256693247e-05,0.12798041403293609,1.1355383435885111,0.6597598306834698,0.25866667181253433,0.19643918424844742,0.15143678337335587,0.022808721289038658,0.09899357333779335,0.643336832523346,0.12645304203033447,0.3284686927994092,0.56097990522782,3.3658818057276245,0.0,0.5046383219731505,0.14530130475759506,0.16791126132011414,0.19883959740400314,0.3094806969165802,0.489067018032074,0.6602122783660889,0.5206756442785263,0.4928027093410492,0.4949434697628021,0.5338450372219086,0.6021444797515869,0.7214680910110474,1.1662778556346893,0.5046383219731505
136,1141.6515171527863,1.181837421678938,0.2623840034008026,0.19736697177092236,0.22066987554232279,0.755046260356903,0.027994519968827566,0.0914630596836408,0.01245093303732574,0.22238880892594656,0.2223679741223653,4.166666719053562e-05,0.1279945214589437,1.0393230199813843,0.6525534242391586,0.25356248021125793,0.19715651869773865,0.15020634233951569,0.022525121457874775,0.09847993031144142,0.6402454972267151,0.12660952657461166,0.3405448521176974,0.5464949185649554,3.669251563838062,0.0,0.5578369102251202,0.13910897821187973,0.16816983371973038,0.20195282995700836,0.31069517135620117,0.5104258358478546,0.7129164636135101,0.5256571769714355,0.48913106322288513,0.4769628793001175,0.5128406882286072,0.5796484351158142,0.6947292685508728,1.0586120367050171,0.5578369102251202
137,1150.5217022895813,1.1933107489758792,0.2662565300861994,0.1979454427957535,0.21971340477466583,0.7548890908559164,0.02807866781949997,0.09164747148752213,0.012428239919245243,0.2294670969247818,0.2294475664695104,3.9062499611948925e-05,0.1280786693096161,1.1335363864898682,0.6661553643643856,0.26611508429050446,0.19849096983671188,0.1503973975777626,0.0226475577801466,0.098506148904562,0.6403203904628754,0.12686599045991898,0.34968624512354535,0.5859131415685018,3.7639837868148076,0.0,0.5762198820387033,0.1395673155784607,0.16965114325284958,0.20664266496896744,0.3268392086029053,0.5253291130065918,0.7300880253314972,0.5640327632427216,0.5257560014724731,0.5245703756809235,0.561733216047287,0.6126158833503723,0.7267706096172333,1.1751437544822694,0.5762198820387033
138,1159.1838030815125,1.1997302384193367,0.2672131488720576,0.1994676093260447,0.21939321557680766,0.7444902578989665,0.028154674669106802,0.09089370220899581,0.012452668727686007,0.24086619019508362,0.24084796210130055,3.645833251842608e-05,0.1281546761592229,1.117474341392517,0.6528796516358852,0.246285080909729,0.1980726644396782,0.15377911925315857,0.02254426758736372,0.0982339158654213,0.647874653339386,0.1269626021385193,0.32778401548663777,0.5623448019226392,3.4832255816416486,0.0,0.5234617107671685,0.1406276449561119,0.1662174090743065,0.20188630372285843,0.3118780106306076,0.48983781039714813,0.656256914138794,0.5167265236377716,0.49815116822719574,0.5005318224430084,0.541630357503891,0.6086842119693756,0.7083447277545929,1.1532299518585205,0.5234617107671685
139,1167.9019770622253,1.1730804251739755,0.26481823325157167,0.19803303480148315,0.22009578943252564,0.7463742574055989,0.028342067698637643,0.09093975722789764,0.012460507700840633,0.21612933178742727,0.21609612902005512,6.640624948583233e-05,0.12834206918875377,1.0729461272557577,0.665346410125494,0.2665785327553749,0.19901935011148453,0.14962910115718842,0.02300456538796425,0.09888273477554321,0.6399542391300201,0.1269582435488701,0.33669614791870117,0.5619181071718534,3.3878202818826795,0.0,0.5074389666814519,0.14331896603107452,0.17274796217679977,0.20861882716417313,0.31746526062488556,0.48553889989852905,0.692486971616745,0.5368367433547974,0.5032421946525574,0.49838976562023163,0.5244405269622803,0.5995319187641144,0.7090674936771393,1.0566586315631867,0.5074389666814519
140,1176.5694472789764,1.2036508205385568,0.2668310244878133,0.19785149494806925,0.2194619913895925,0.742323116461436,0.028523869812488556,0.09099919299284617,0.012407012889161706,0.24666491150856018,0.24664473036924997,4.036458243111459e-05,0.12852387130260468,1.0771153569221497,0.6482003629207611,0.2479085698723793,0.1948479861021042,0.15143389999866486,0.022817115299403667,0.09835019335150719,0.6439385712146759,0.1271737813949585,0.33665990581115085,0.5783156553904215,3.711523762430423,0.0,0.5657873491248916,0.1385907679796219,0.16342639178037643,0.19893720000982285,0.3225918263196945,0.514382928609848,0.6820303201675415,0.5188915431499481,0.5124205350875854,0.5156953036785126,0.557279109954834,0.6356920897960663,0.7299153506755829,1.1751311242580413,0.5657873491248916
141,1185.2227482795715,1.186059323248143,0.262687881787618,0.1976897140343984,0.2198704957962036,0.7505558967590332,0.02860958923896154,0.09110222061475118,0.012415377330034972,0.2288900335629781,0.22888157069683074,1.692708319751546e-05,0.12860959072907766,1.1407609105110168,0.6701674684882164,0.2642364725470543,0.19882476329803467,0.1532593071460724,0.02252472471445799,0.09788226336240768,0.648281991481781,0.12715384364128113,0.3566220936675866,0.594429095586141,3.778255717232318,0.0,0.5811401245336635,0.14629722386598587,0.17353633791208267,0.21293684095144272,0.3462553173303604,0.5527483224868774,0.7079585194587708,0.5436597466468811,0.5375185012817383,0.540819376707077,0.5829820036888123,0.6325452923774719,0.7290496528148651,1.1934855103492736,0.5811401245336635
142,1193.8068470954895,1.1739604224935951,0.26525544822216035,0.19786424537499744,0.21938377420107524,0.7396610816319783,0.028728460768858592,0.09106127371390661,0.012381526812290152,0.21965991258621215,0.2196494956811269,2.0833332867672047e-05,0.12872846225897472,1.0205294768015543,0.6575834527611732,0.25242990255355835,0.19762326776981354,0.15317095816135406,0.022568484768271446,0.09773366898298264,0.6491179764270782,0.1275409832596779,0.3561755046248436,0.5714989801247915,3.8322990289030625,0.0,0.5902009955702135,0.14211004972457886,0.1705659180879593,0.2115262895822525,0.33899347484111786,0.5446082055568695,0.7292490899562836,0.5293711423873901,0.5098827481269836,0.5070133209228516,0.5404247939586639,0.5998777449131012,0.7424241304397583,0.9634150743484498,0.5902009955702135
143,1202.4173429012299,1.1810964683808076,0.26362742284933727,0.19758513967196148,0.21972437103589376,0.7402133464813232,0.028908256193002066,0.09081049313147863,0.012371612479910254,0.22866652011871338,0.22866001029809316,1.302083304229503e-05,0.12890825768311817,1.0819602886835733,0.6594438999891281,0.2548220679163933,0.19747264683246613,0.15294275432825089,0.022565457969903946,0.09760065376758575,0.6461536586284637,0.12763015180826187,0.34088029464085895,0.582675983508428,3.5611035094935914,0.0,0.5397402559714404,0.1447381153702736,0.16868647933006287,0.20308325439691544,0.31862078607082367,0.5154274106025696,0.6947257220745087,0.5115381181240082,0.4963793009519577,0.5010945647954941,0.5610396265983582,0.6498937010765076,0.7761105895042419,1.1037878453731538,0.5397402559714404
144,1211.1220359802246,1.176736417110078,0.26539081434408823,0.19719845950603485,0.2195766528447469,0.7321656703948974,0.029109916587670644,0.09040898183981577,0.01236057026932637,0.22747887472311656,0.22746650278568267,2.4739583022892474e-05,0.12910991807778677,1.081920584042867,0.6566417701542377,0.25568216294050217,0.19731848686933517,0.151150181889534,0.022700590081512928,0.09771444275975227,0.6422602832317352,0.12775448709726334,0.35884492844343185,0.5646748567620913,3.6178407759354183,0.0,0.5508386692327224,0.14603354781866074,0.1700916439294815,0.20297888666391373,0.3319721221923828,0.5283261239528656,0.7736672461032867,0.5121315717697144,0.5028609782457352,0.5097423493862152,0.544456273317337,0.6073877513408661,0.71147021651268,1.0917208790779114,0.5508386692327224
145,1219.8507282733917,1.1868014418791668,0.26462076405684154,0.19804950654506684,0.21980403264363607,0.737424389521281,0.02920019378264745,0.0907418688138326,0.012404370990892252,0.2345188369353612,0.2345116764307022,1.4322916346524531e-05,0.12920019527276358,1.139680846532186,0.6635755710303783,0.25691427290439606,0.19800379127264023,0.15382970124483109,0.022492998279631138,0.09750883653759956,0.6485596895217896,0.12780500203371048,0.3512723545233409,0.5830960646271706,3.503667519586109,0.0,0.5298225987570637,0.14602653682231903,0.1791086047887802,0.21368242800235748,0.32850801944732666,0.5116284340620041,0.7286801040172577,0.5307521671056747,0.5244649350643158,0.5155121386051178,0.5510914623737335,0.6302528977394104,0.7465027868747711,1.1231195151805877,0.5298225987570637
146,1228.5574321746826,1.1608348089386709,0.2643123706181844,0.1970527797937393,0.22000858187675476,0.7292358676592509,0.02935709406932195,0.09025667756795883,0.012339417915791273,0.21433445314566293,0.2143168737490972,3.515624969926042e-05,0.12935709555943806,1.1071876406669616,0.6736500971019268,0.27152319252491,0.19889413565397263,0.15133991837501526,0.022747221402823925,0.09758671373128891,0.6428965032100677,0.12812959402799606,0.34422746673226357,0.5976374944051107,3.5380589983337187,0.0,0.5353367252892979,0.14441224187612534,0.17065823823213577,0.20894799381494522,0.3324129432439804,0.5109390318393707,0.6979943513870239,0.5521140098571777,0.5526228845119476,0.554202675819397,0.5728943943977356,0.6269930899143219,0.7269979119300842,1.1548137366771698,0.5353367252892979
147,1237.2215411663055,1.1567505709943362,0.2660586595535278,0.19677621026833853,0.21893695096174876,0.7239839990933736,0.029495117564996082,0.08994644830624263,0.012336195819079876,0.21192722419897717,0.21191745897134145,1.9531249563442543e-05,0.1294951190551122,1.1482021371523539,0.6587240099906921,0.2516433820128441,0.19592665135860443,0.15455865114927292,0.02264807280153036,0.09723352640867233,0.6492674946784973,0.12806233763694763,0.34807361910740536,0.5744731550415357,3.538985508855175,0.0,0.5374203801419726,0.1483309343457222,0.1730520874261856,0.20484625548124313,0.3243103623390198,0.5249410271644592,0.7129610478878021,0.5363445580005646,0.5084634870290756,0.5069901645183563,0.5406769514083862,0.603145182132721,0.7512185871601105,0.9350953042507172,0.5374203801419726
148,1245.804787158966,1.1521630746040803,0.26097032328446707,0.19558250109354655,0.22015510201454164,0.7310031731923421,0.029692327479521434,0.09039244055747986,0.012331042687098186,0.20840371151765189,0.2083978533744812,1.1718749738065526e-05,0.12969232896963756,1.0890787760416667,0.6662075445055962,0.26077114790678024,0.19576957821846008,0.15377580374479294,0.02278356719762087,0.09732217341661453,0.6512174010276794,0.12842895090579987,0.33092813566327095,0.5565330932537714,3.2471999167339662,0.0,0.4842670623557224,0.1459585204720497,0.1697322577238083,0.201621413230896,0.3081378936767578,0.47395649552345276,0.6861622333526611,0.5167879015207291,0.5018207728862762,0.4939846247434616,0.5195903182029724,0.5983460545539856,0.7086688876152039,1.1415924251079559,0.4842670623557224
149,1254.3902382850647,1.1599205940476773,0.26345418989658353,0.19656824270884196,0.22022014260292053,0.7232642809549967,0.029824543495972952,0.09027368128299713,0.012342975366239746,0.21721705595652263,0.21720729072888692,1.9531249805974463e-05,0.12982454498608906,0.989948832988739,0.6658852696418762,0.2536918520927429,0.19935667514801025,0.1562575399875641,0.022426835261285305,0.09671476855874062,0.6535700261592865,0.12842128425836563,0.35215192660689354,0.5726348583896955,3.5206464813689307,0.0,0.5341648722620246,0.14847838878631592,0.17823610454797745,0.21182072162628174,0.32840463519096375,0.5227399170398712,0.7232317924499512,0.5295870006084442,0.5199665129184723,0.5090711861848831,0.5328765511512756,0.6045699119567871,0.7397379875183105,0.9857178390026092,0.5341648722620246
150,1263.0189859867096,1.177539218721601,0.26331159969170886,0.19702138900756835,0.21964017649491627,0.7270524581273397,0.029980469246705374,0.09049711674451828,0.012303936357299487,0.23239662249883017,0.23238229950269063,2.8645832935580982e-05,0.12998047073682148,0.9846433758735657,0.6630235500633717,0.2538120448589325,0.19599325209856033,0.1556074395775795,0.022476250305771828,0.09666194766759872,0.6559334695339203,0.12850580364465714,0.3394583451251189,0.5751886144280434,3.574077414580163,0.0,0.5411013062680639,0.1423722580075264,0.17292006313800812,0.20705993473529816,0.3271344155073166,0.5088494718074799,0.6784139275550842,0.5246006846427917,0.5167253762483597,0.5176115334033966,0.547693520784378,0.6231923699378967,0.7213082015514374,1.0422572851181031,0.5411013062680639
151,1271.6668400764465,1.1712099187037286,0.26354942719141644,0.1966117153565089,0.21949950456619263,0.7225436965624491,0.030103786289691924,0.09011786431074142,0.012294426063696543,0.2290010392665863,0.22899452944596607,1.302083304229503e-05,0.13010378777980805,1.1051519513130188,0.6712088659405708,0.2596334218978882,0.19856961071491241,0.15614531934261322,0.022496037185192108,0.09652983397245407,0.6533793807029724,0.12864983826875687,0.33595794066786766,0.581022784113884,3.4795817993780496,0.0,0.5234812167273017,0.14209458231925964,0.17336405813694,0.2073061838746071,0.32035893201828003,0.49442972242832184,0.6781941652297974,0.5468527376651764,0.5311388373374939,0.5225196182727814,0.5436117947101593,0.6153274178504944,0.7266862988471985,1.1537984490394593,0.5234812167273017
152,1280.3011682033539,1.1514520756512259,0.2637672066688538,0.1961861163377762,0.21985527276992797,0.7179718732833862,0.03030967861413956,0.08965925474961599,0.012303061845401923,0.21230153739452362,0.21229437589645386,1.4322916346524531e-05,0.13030968010425567,1.3887338121732076,0.6585981026291847,0.2547302693128586,0.19681675732135773,0.15272972732782364,0.022722733207046986,0.09677080065011978,0.6482123136520386,0.1290566325187683,0.34888556599617004,0.5726593757669131,3.6048063152747214,0.0,0.5485494278156676,0.14632563292980194,0.17177742719650269,0.2022373080253601,0.32663191854953766,0.5274755656719208,0.7188655436038971,0.5385412573814392,0.49560393393039703,0.49295946955680847,0.5481735169887543,0.6205130219459534,0.7401650547981262,1.3819954335689544,0.5485494278156676
153,1288.9907660484314,1.1458412934482718,0.26354986627896626,0.19586638013521832,0.21982918977737426,0.7161235650380452,0.030527938902378083,0.08991570671399435,0.012275257504855593,0.2073768566052119,0.2073651393254598,2.343749971866297e-05,0.1305279403924942,1.1977116465568542,0.6595001295208931,0.2511362209916115,0.19716379046440125,0.1548910066485405,0.022582809440791607,0.09639362245798111,0.6521680355072021,0.12922130525112152,0.35007793456315994,0.5846421271562576,3.6711870503746886,0.0,0.5596640860486192,0.1431620717048645,0.1734188050031662,0.21172431111335754,0.33572110533714294,0.5255747437477112,0.7108665704727173,0.5391780287027359,0.5260813683271408,0.5239036977291107,0.5545188784599304,0.6236891448497772,0.7404816448688507,1.341938990354538,0.5596640860486192
154,1297.683797121048,1.147348827329309,0.2607083052396774,0.195392640431722,0.22087961435317993,0.7275418202082317,0.03076502631107966,0.09000859210888544,0.012282538041472436,0.20584325194358827,0.20583739280700683,1.1718749738065526e-05,0.13076502780119578,1.421665624777476,0.6630701795220375,0.25373777002096176,0.19644063711166382,0.15555604547262192,0.02263806201517582,0.0964062251150608,0.6534348428249359,0.12926089763641357,0.33758000532786053,0.5630280325810114,3.4685768329002253,0.0,0.5228529317052706,0.14487452805042267,0.17498110234737396,0.2064385712146759,0.3121870160102844,0.5025084316730499,0.6844903826713562,0.5203009247779846,0.49843624234199524,0.49351072311401367,0.528201162815094,0.6082770824432373,0.7294420599937439,1.4279230833053589,0.5228529317052706
155,1306.385894060135,1.1765261230136579,0.26157443622748056,0.19579214453697205,0.2202121913433075,0.7186799049377441,0.03084331303834915,0.08965290586153667,0.012268799155329664,0.23912666141986846,0.2391194999217987,1.4322916346524531e-05,0.13084331452846526,1.4454548041025796,0.6646438241004944,0.25267601758241653,0.19804267585277557,0.15647323429584503,0.022579846903681755,0.09612489864230156,0.6558145582675934,0.12957246601581573,0.3581323114534219,0.5695412655671438,3.8511376020033,0.0,0.5939185461153419,0.14230970293283463,0.17368295043706894,0.20964325219392776,0.33378933370113373,0.5480542480945587,0.7413143813610077,0.5305574983358383,0.5126607865095139,0.5069979131221771,0.5360367894172668,0.5959303379058838,0.7350642681121826,1.4279354453086852,0.5939185461153419
156,1315.1209590435028,1.1605716769738743,0.26311560173829396,0.1957545926173528,0.2207098106543223,0.7131083607673645,0.03102701554695765,0.08988790015379587,0.012255764069656531,0.22382592956225078,0.22382007042566934,1.1718749980597447e-05,0.13102701703707378,1.2435364206631978,0.6691201962530613,0.25742094963788986,0.19826900213956833,0.15628237277269363,0.022522831335663795,0.09593489393591881,0.6562575697898865,0.12954676896333694,0.3363199171920617,0.575736199816068,3.39066469951205,0.0,0.5092362758985314,0.1456265076994896,0.17434462159872055,0.20586123317480087,0.3150702267885208,0.49377065896987915,0.6832462549209595,0.5311630368232727,0.5187420845031738,0.5145790874958038,0.5391525328159332,0.6208663880825043,0.7299140691757202,1.2317414224147796,0.5092362758985314
157,1323.7714040279388,1.1528903717485568,0.2617310772339503,0.19479003846645354,0.2198141356309255,0.717505935827891,0.031121471027533213,0.09014923274517059,0.012246160892148812,0.21533375283082326,0.21532854537169138,1.0416666433836023e-05,0.13112147251764933,1.263674012819926,0.6713381484150887,0.25579172372817993,0.19683338701725006,0.15856486558914185,0.022548898123204708,0.09587107971310616,0.6589485704898834,0.1298639178276062,0.3326370132466157,0.572780912121137,3.512567988795582,0.0,0.5279333308909369,0.13840912282466888,0.1670864000916481,0.1999266892671585,0.3109557628631592,0.4861714541912079,0.6932726502418518,0.5268914997577667,0.5339941084384918,0.5351218581199646,0.5511132776737213,0.6037785708904266,0.6857861578464508,1.3048888325691224,0.5279333308909369
158,1332.371834039688,1.150092019008783,0.26047343313694,0.1948733816544215,0.21986596584320067,0.7093764265378316,0.03132861107587814,0.0895574023326238,0.012238676628718774,0.21889216999212902,0.21888630986213684,1.1718749738065526e-05,0.13132861256599426,1.0879260261853536,0.6615123972296715,0.2527191489934921,0.19674964249134064,0.15520921349525452,0.022519970312714577,0.0957050584256649,0.6524595022201538,0.130173921585083,0.33243455986181897,0.5611937815944353,3.56126571425123,0.0,0.5377646262414844,0.14012820273637772,0.16951970010995865,0.19935038685798645,0.30806830525398254,0.49903376400470734,0.678507000207901,0.5138272047042847,0.5071760416030884,0.5018338412046432,0.529030054807663,0.5963975191116333,0.7188980281352997,1.0376764595508576,0.5377646262414844
159,1340.9900171756744,1.1453289402183144,0.26291597088178,0.19555219014485678,0.21992161870002747,0.7112338662147522,0.03145247250795365,0.0901294618844986,0.012220271459470192,0.20920958518981933,0.20920372605323792,1.1718749980597447e-05,0.13145247399806975,1.2548933386802674,0.6543199345469475,0.24818722158670425,0.19483628869056702,0.15435728430747986,0.022324140183627605,0.09530830383300781,0.6487336456775665,0.13006940484046936,0.34453123311201733,0.5667081773281097,3.826070698294779,0.0,0.5874330559795543,0.13596531003713608,0.16694172471761703,0.20365561544895172,0.323028564453125,0.5202128887176514,0.7173832952976227,0.5350745022296906,0.5093689262866974,0.5009201169013977,0.5397625267505646,0.6075074970722198,0.7076154947280884,1.2955102920532227,0.5874330559795543
160,1349.5390062332153,1.14417523216689,0.26161227623621625,0.19494117895762125,0.21960411667823793,0.7053033232688903,0.031680393715699515,0.08994936247666677,0.012227360748996337,0.212907275557518,0.21289816200733186,1.822916625921304e-05,0.13168039520581562,1.2642163554827373,0.660792849957943,0.2499219924211502,0.1950564831495285,0.15667130798101425,0.022488650865852833,0.09546181187033653,0.6559081077575684,0.13032330572605133,0.3424785149594148,0.5573430781563123,3.6529086047423314,0.0,0.5550265236574492,0.13999389111995697,0.17053788155317307,0.20202156901359558,0.31663574278354645,0.5113848894834518,0.7142971158027649,0.49159952998161316,0.4845264106988907,0.49186792969703674,0.5367482602596283,0.6052923202514648,0.7340240180492401,1.309983456134796,0.5550265236574492
161,1358.1387062072754,1.1723087428176464,0.26147165695826213,0.19438358942667644,0.220076318581899,0.7106431007385254,0.03187857915957769,0.08951839655637742,0.012210738208765785,0.23950840532779694,0.2395051509141922,6.510416521147515e-06,0.1318785806496938,1.4452432870864869,0.6631453484296799,0.2549077793955803,0.19523869454860687,0.15530911087989807,0.022247192449867725,0.0949815921485424,0.6506085991859436,0.1302296668291092,0.3386624256769816,0.5721071089307467,3.837918980223552,0.0,0.5895935136784308,0.13511594384908676,0.16414107382297516,0.19675498455762863,0.3187483549118042,0.5185640454292297,0.6986501514911652,0.5209759175777435,0.4956968277692795,0.5040450990200043,0.5530298948287964,0.6288760602474213,0.7300188541412354,1.4672369718551637,0.5895935136784308
162,1366.724023103714,1.1453920638305135,0.2623210440079371,0.19459294974803926,0.218898805975914,0.7009634176890055,0.03203982065121333,0.08987427999575932,0.012221842942138513,0.21580121318499249,0.2157960037390391,1.0416666433836023e-05,0.13203982214132945,1.2110852678616841,0.6655893325805664,0.2503664493560791,0.19556576013565063,0.158720001578331,0.022455179132521152,0.09522083774209023,0.6620253920555115,0.13073823601007462,0.33053310215473175,0.565070333580176,3.555707141953816,0.0,0.5367345589970645,0.14015600830316544,0.1630934327840805,0.1911492422223091,0.3022087514400482,0.4983537197113037,0.6882374584674835,0.497539758682251,0.4940608888864517,0.49968835711479187,0.5440681278705597,0.6150215864181519,0.7400432825088501,1.3095131635665893,0.5367345589970645
163,1375.2850711345673,1.1393891068020214,0.25949395497639977,0.19410481651624042,0.22071655889352162,0.7036875208218892,0.03222878525654475,0.08939378907283148,0.012215886358171701,0.21219297548135121,0.2121819068988164,2.213541641443347e-05,0.13222878674666086,1.0966864625612895,0.6614437662065029,0.25062496215105057,0.1949998214840889,0.15665944665670395,0.022250507958233356,0.09487181156873703,0.6538470387458801,0.13081711530685425,0.3328230318923791,0.5645583992203077,3.6969359719914054,0.0,0.5616300241660981,0.1339990720152855,0.16674862802028656,0.20110516250133514,0.3144931346178055,0.4953859895467758,0.6852062046527863,0.5330459177494049,0.49567461013793945,0.4949059933423996,0.5310853719711304,0.6091558933258057,0.723482608795166,1.0763477623462676,0.5616300241660981
164,1383.90265417099,1.1450091761886143,0.26100039382775625,0.19481141169865926,0.21853669583797455,0.6990872701009114,0.032430011530717215,0.08943703124920527,0.012201131600886584,0.21828653812408447,0.21827937761942545,1.4322916346524531e-05,0.13243001302083332,1.119542137781779,0.6593126691877842,0.2476724088191986,0.19409281760454178,0.15729692578315735,0.022671525366604328,0.09538319334387779,0.6552083790302277,0.13100823760032654,0.3414145161708196,0.5655887300769488,3.7213946269045937,0.0,0.5680942145970044,0.13988123089075089,0.16580582410097122,0.19729626178741455,0.31495045125484467,0.5205532610416412,0.710000067949295,0.5093971341848373,0.4927159547805786,0.49534836411476135,0.5352813303470612,0.6095340251922607,0.7512555718421936,1.0971522510051728,0.5680942145970044
165,1392.5509502887726,1.134695149899926,0.2604948341846466,0.19345158437887827,0.2200515349706014,0.6959213892618815,0.03258013079563777,0.08926978260278702,0.012180436806132396,0.2108519732952118,0.21083504656950633,3.3854166152499e-05,0.13258013228575388,1.1922537008921306,0.658964142203331,0.24424774944782257,0.1948224902153015,0.15865257382392883,0.02262525726109743,0.09513796493411064,0.6601401567459106,0.13119535893201828,0.33660905187328655,0.5803568512201309,3.6599395893849684,0.0,0.5553892683288251,0.13710852712392807,0.16629275679588318,0.1992909163236618,0.3140115588903427,0.5018089264631271,0.7011416256427765,0.5303800404071808,0.5158898830413818,0.5116794407367706,0.534452497959137,0.6102595329284668,0.7794797122478485,1.0972234964370728,0.5553892683288251
166,1401.3532330989838,1.1361722870380617,0.25789252618948616,0.19338432749112447,0.2204056739807129,0.699730384349823,0.03280083388090134,0.08925530463457107,0.012174025441830357,0.2129447191953659,0.2129414637883504,6.510416521147515e-06,0.13280083537101744,1.2655564109484354,0.6662003807723522,0.2515282779932022,0.196859709918499,0.15812112390995026,0.022596891969442368,0.09496254101395607,0.6580897271633148,0.1314188614487648,0.3420717467864354,0.548611156642437,3.6667325869195384,0.0,0.5574923376533206,0.13950947672128677,0.17076562345027924,0.20177040249109268,0.3140883296728134,0.511543944478035,0.7147527039051056,0.4983651489019394,0.4954517185688019,0.48659712076187134,0.5148724317550659,0.5838333666324615,0.7125471532344818,1.2232785642147064,0.5574923376533206
167,1410.4889719486237,1.143153525039088,0.26191311875979106,0.19388407369454702,0.21940370400746664,0.6899067759513855,0.03302886039018631,0.08972091277440389,0.012158457236364485,0.2196245898803075,0.21961742838223774,1.4322916346524531e-05,0.13302886188030244,1.1749834458033244,0.6656912453472614,0.2558209225535393,0.19588743895292282,0.15596330165863037,0.022375314496457577,0.09449170529842377,0.6545847952365875,0.1316048726439476,0.3299654784301917,0.5607326949636141,3.552703840297703,0.0,0.5361250184147199,0.14004240185022354,0.16866740584373474,0.19959260523319244,0.30471251904964447,0.49752917885780334,0.6692487597465515,0.5027247667312622,0.5070378929376602,0.5115775167942047,0.5469984710216522,0.601085901260376,0.6949716210365295,1.157328861951828,0.5361250184147199
168,1419.507353067398,1.1313227272902926,0.25975419183572135,0.19322259823481241,0.21979995767275493,0.6954937219619751,0.03310237576564153,0.08924546887477239,0.01216366964702805,0.20836369593938192,0.20835913916428883,9.11458312960652e-06,0.13310237725575766,1.28230193456014,0.6648456268012524,0.2505655586719513,0.1950243040919304,0.15838395804166794,0.02222498133778572,0.09422651678323746,0.6601106226444244,0.13178089261054993,0.3425457651416461,0.5505571365356445,3.8063123153129688,0.0,0.5840683990942876,0.13813739269971848,0.16966190189123154,0.19984473288059235,0.32019971311092377,0.5257940590381622,0.701636791229248,0.5161867439746857,0.47088387608528137,0.4739590585231781,0.5256956517696381,0.596376895904541,0.720240592956543,1.355473554134369,0.5840683990942876
169,1428.3599421977997,1.127648425078951,0.2615477512280146,0.19339564045270283,0.21922123531500498,0.6785741647084554,0.033325898150602974,0.08893134395281474,0.012151366472244263,0.21184530357519785,0.21184009611606597,1.0416666433836023e-05,0.1333258996407191,1.1802252292633058,0.6684915125370026,0.25288618355989456,0.19554130733013153,0.15891733765602112,0.022382905706763268,0.09434981271624565,0.6602978408336639,0.1318996474146843,0.3250032501916091,0.5571270907918612,3.5975341468686093,0.0,0.5427568428559227,0.13509861379861832,0.163430854678154,0.19777679443359375,0.3069992959499359,0.48602187633514404,0.6606920659542084,0.5166599750518799,0.4992060214281082,0.49576765298843384,0.5218529999256134,0.5947215557098389,0.7145543396472931,1.2109543144702912,0.5427568428559227
170,1437.08882522583,1.1651051047607326,0.2593369464079539,0.19351891775925953,0.21979329188664753,0.6842665831247966,0.03353086958328883,0.08908571650584539,0.0121481964054207,0.24813698430856068,0.24813503126303355,3.906249912688509e-06,0.13353087107340494,1.0512190540631612,0.6629030853509903,0.24940503388643265,0.19386322796344757,0.15828321874141693,0.022240355610847473,0.09405537322163582,0.6593139171600342,0.13213419914245605,0.34191010644038516,0.5803107221921285,3.8778983226309185,0.0,0.5974943868815413,0.13493066281080246,0.16539235413074493,0.20151986926794052,0.3260263353586197,0.5232473909854889,0.7003440260887146,0.5443149507045746,0.5218529105186462,0.5231684446334839,0.5700970888137817,0.6161847710609436,0.7062461674213409,1.0873916029930115,0.5974943868815413
171,1445.8067100048065,1.125399817506938,0.25857383807500206,0.19259023169676462,0.21948069632053374,0.6839771310488383,0.03368418961763382,0.08939984639485678,0.012132541385168831,0.20913255314032236,0.2091266949971517,1.1718749738065526e-05,0.13368419110774993,0.9762708942095438,0.6713774614036083,0.2562832683324814,0.19630145281553268,0.1584717333316803,0.022250236943364143,0.09400419890880585,0.6599846184253693,0.13248000293970108,0.33088501666982967,0.5564364070693651,3.6533966251596355,0.0,0.5539618788283573,0.13658101111650467,0.1668541356921196,0.20022263377904892,0.3091591000556946,0.49898460507392883,0.6735086143016815,0.513806164264679,0.4963221997022629,0.49654385447502136,0.5376682281494141,0.5933693051338196,0.7009086906909943,0.9711048245429993,0.5539618788283573
172,1454.5219383239746,1.128433620953001,0.26099688013394673,0.19297787845134734,0.2185107499361038,0.6781193097432454,0.033863336344559986,0.0894184336066246,0.01212692876967291,0.21244949698448182,0.2124429871638616,1.302083304229503e-05,0.1338633378346761,1.1630457242329915,0.6691561378538609,0.25222471356391907,0.1942712441086769,0.15989790111780167,0.02236327901482582,0.09404106438159943,0.6655570268630981,0.13243582844734192,0.31998325263460475,0.5645853281021118,3.630084371967041,0.0,0.5484162005393225,0.13318275660276413,0.15986374020576477,0.19483081996440887,0.3087981045246124,0.48346464335918427,0.6397594511508942,0.5220791101455688,0.4995868504047394,0.49471256136894226,0.5298217833042145,0.6069554090499878,0.7343562543392181,1.2467916667461396,0.5484162005393225
173,1463.2229640483856,1.1381615612229021,0.25880645016829174,0.19247634212176004,0.2194900284210841,0.6825015584627787,0.03405799716711044,0.08935160785913468,0.012142613685379425,0.22236354847749074,0.22236029307047525,6.510416521147515e-06,0.13405799865722656,1.2229518612225851,0.6721178628504276,0.2548931613564491,0.19508414715528488,0.15984131395816803,0.02224769350141287,0.09389005228877068,0.6641958355903625,0.13256818056106567,0.34683874001105625,0.5516733701030413,3.8123005567335317,0.0,0.5852018573905264,0.13798468559980392,0.1672547534108162,0.1999266892671585,0.3168451488018036,0.5260390937328339,0.7329820692539215,0.5129575282335281,0.48741500079631805,0.4773748070001602,0.5165209770202637,0.5776939690113068,0.7380779385566711,1.301835936307907,0.5852018573905264
174,1471.985929965973,1.11909974286876,0.2603291511535645,0.1928347408771515,0.2189015140136083,0.6780573844909668,0.0343503122528394,0.08927951405445735,0.01211142954416573,0.20388347605864207,0.2038808733224869,5.208333216918012e-06,0.13435031374295553,1.3050634225209554,0.6689039766788483,0.24807724356651306,0.19414004683494568,0.16187835484743118,0.02234357874840498,0.09386781603097916,0.6677170395851135,0.13275501132011414,0.3276473172008991,0.5769517670075098,3.5709533877204667,0.0,0.5381091976478274,0.13630299270153046,0.16398193687200546,0.19710524380207062,0.30983419716358185,0.4867316335439682,0.6719278991222382,0.5313948094844818,0.5206563472747803,0.5114714801311493,0.5398170650005341,0.6241819858551025,0.7341889142990112,1.2512445032596589,0.5381091976478274
175,1480.907654285431,1.1184563223272561,0.2589262733856837,0.19209408660729727,0.21919074257214863,0.674094561735789,0.034487032393614454,0.08926645964384079,0.012117189262062312,0.20692263344923656,0.2069200297196706,5.208333216918012e-06,0.13448703388373057,1.0475749015808105,0.6681245565414429,0.25049562007188797,0.19473157823085785,0.160131573677063,0.022583051584661007,0.09412931650876999,0.6630464196205139,0.13298915326595306,0.3287534999350707,0.5702610810597738,3.569083450976359,0.0,0.5380323675574259,0.13705595582723618,0.1643327698111534,0.19912170618772507,0.3085624426603317,0.4891641438007355,0.6742839813232422,0.5274485349655151,0.5062390267848969,0.4986873269081116,0.5399780869483948,0.6106863021850586,0.7385272085666656,1.0553703248500823,0.5380323675574259
176,1489.8908500671387,1.1395095542034446,0.2568456768989563,0.19171457986036936,0.22026330331961314,0.6768396457036336,0.034759657084941865,0.0893518497546514,0.012134084446976582,0.22845678329467772,0.22844897210597992,1.5624999650754035e-05,0.13475965857505798,1.079203756650289,0.6726984679698944,0.25343600660562515,0.1941061168909073,0.1611047014594078,0.022688832134008408,0.09419846534729004,0.6643292009830475,0.13332397490739822,0.33232909192641574,0.5685662031173706,3.7038340902044435,0.0,0.5634143852207752,0.13560495525598526,0.16301728039979935,0.19628788530826569,0.30984553694725037,0.5022582560777664,0.6869606375694275,0.5332244336605072,0.5156287848949432,0.5069068372249603,0.5350715517997742,0.5990373194217682,0.7215282917022705,1.1436606764793396,0.5634143852207752
177,1498.6562292575836,1.1205432695453055,0.2585755676031113,0.19225798646608988,0.21948433915774027,0.6721237262090047,0.03491823822259903,0.08936765193939208,0.012100982464229066,0.20981883704662324,0.20981167554855346,1.4322916589056453e-05,0.13491823971271516,1.2741761922836303,0.6625612489879131,0.2445288896560669,0.19389428943395615,0.16054260730743408,0.022386986762285233,0.09369461610913277,0.6659276187419891,0.13336576521396637,0.36839265127976734,0.5649743899703026,4.243916684246984,0.0,0.6718371681238432,0.13455726206302643,0.16499371826648712,0.19798408448696136,0.3227107375860214,0.5710498094558716,0.8190602958202362,0.5290578305721283,0.49973633885383606,0.4863703101873398,0.5331393480300903,0.6051940023899078,0.7363485097885132,1.2555924773216247,0.6718371681238432
178,1507.3891670703888,1.1130257440187659,0.25739523669083914,0.1913669615983963,0.21954581836859385,0.6678070386250814,0.03508295069138209,0.08930332163969676,0.01209130020191272,0.2061271071434021,0.20612385272979736,6.510416521147515e-06,0.1350829521814982,1.0242906053860983,0.6763187646865845,0.25231628119945526,0.19453853368759155,0.16336660832166672,0.022326714359223843,0.09344914183020592,0.6721650958061218,0.13361595571041107,0.33205261329809826,0.5794099469979604,3.6365159254949946,0.0,0.5510993927025458,0.13770747929811478,0.16730841994285583,0.19859936088323593,0.3114762157201767,0.5007754415273666,0.6764487624168396,0.5540814101696014,0.5382506549358368,0.5229690670967102,0.5393536388874054,0.5969672203063965,0.7248376905918121,1.0523498713970185,0.5510993927025458
179,1516.207929134369,1.1134194111238078,0.2571079879999161,0.19137068589528403,0.22019272645314533,0.6698855638504029,0.03528092354536057,0.08916712204615275,0.012086997103566924,0.20587627291679383,0.20586715936660765,1.822916625921304e-05,0.13528092503547667,1.2688691814740498,0.6702478229999542,0.2538601756095886,0.1934065818786621,0.15984217822551727,0.022312325425446033,0.09335682913661003,0.6630879938602448,0.1339597851037979,0.328553872803847,0.5664175202449163,3.5793981154181034,0.0,0.5404023742924055,0.138163223862648,0.16748207807540894,0.19912345707416534,0.31206679344177246,0.4945411831140518,0.6599465012550354,0.5342397689819336,0.5103676915168762,0.5018299520015717,0.5252955555915833,0.6029517948627472,0.7238203585147858,1.358596420288086,0.5404023742924055
180,1524.8517451286316,1.1236507295669678,0.2583073804775874,0.19178714354832968,0.21865761677424114,0.6655089775721232,0.035446451604366304,0.08921488920847574,0.012082754572232565,0.2168641060590744,0.21684978504975636,2.8645832693049063e-05,0.13544645309448242,1.245470110575358,0.6736680567264557,0.25211501866579056,0.19317494332790375,0.16248278319835663,0.02229314763098955,0.09331096708774567,0.6700700223445892,0.13406994193792343,0.3428315594792366,0.5889272391796112,3.7581941066994875,0.0,0.5752147815726096,0.13995707035064697,0.1647876501083374,0.1981331706047058,0.3182113617658615,0.525985836982727,0.7099142670631409,0.5521425008773804,0.5395984053611755,0.5349776148796082,0.557689756155014,0.6228266060352325,0.7263285517692566,1.1955249309539795,0.5752147815726096
181,1533.4391391277313,1.1064476583638074,0.2595111141602198,0.1911582310994466,0.21871174971262614,0.6632813215255737,0.03562342574199041,0.08910874873399735,0.012075400135169426,0.20000508824984234,0.19999792873859407,1.4322916346524531e-05,0.13562342723210652,1.178227718671163,0.667334008961916,0.24890171736478806,0.19322731345891953,0.16090931743383408,0.02240836899727583,0.0933133140206337,0.6661564111709595,0.13419567793607712,0.34541218106945354,0.5631107240915298,3.87358760277737,0.0,0.5975738242734935,0.13941380381584167,0.16547799855470657,0.20073367655277252,0.32555489242076874,0.5400315821170807,0.7012611329555511,0.5289382636547089,0.49851979315280914,0.48984645307064056,0.5266028344631195,0.5892561972141266,0.7455008029937744,1.1024762392044067,0.5975738242734935
182,1542.0563480854034,1.1121176819588678,0.2563428352276484,0.19002135396003722,0.22019582291444142,0.6676740248998007,0.035899847249190014,0.08891285508871079,0.01208054351930817,0.20731983184814454,0.20731332103411357,1.302083304229503e-05,0.13589984873930613,1.3057149052619934,0.6639133170247078,0.2438594251871109,0.19077168405056,0.16233402490615845,0.02254387829452753,0.09354597330093384,0.6685962677001953,0.13439203053712845,0.33256327733397484,0.56833582619826,3.7744594557384414,0.0,0.577187704927446,0.13556086272001266,0.1593286469578743,0.19441314786672592,0.3164837211370468,0.5116689801216125,0.6779243052005768,0.5373347103595734,0.5131270587444305,0.5055707395076752,0.5323964655399323,0.5912404656410217,0.7303455173969269,1.3857661724090575,0.577187704927446
183,1550.6024470329285,1.1050755012275961,0.2576116899649302,0.19013417263825735,0.21916037301222482,0.6582991321881612,0.03607313185930252,0.08872895340124766,0.012065044759462277,0.20402690569559734,0.20402625501155852,1.302083304229503e-06,0.13607313334941865,1.2904970248540242,0.671759732067585,0.24934999644756317,0.19194577634334564,0.1632184237241745,0.022459437139332294,0.09332241490483284,0.6710982024669647,0.1345193311572075,0.3268188585837682,0.5598998342951139,3.5345332682800725,0.0,0.5304622860685169,0.13430606573820114,0.16150644421577454,0.19369419664144516,0.3020637035369873,0.47470925748348236,0.6946334838867188,0.5251252949237823,0.4954811930656433,0.4921843558549881,0.5259737968444824,0.6020874977111816,0.7185468673706055,1.304378765821457,0.5304622860685169
184,1559.2045991420746,1.1239854524183708,0.25646242400010427,0.18993629415829977,0.2201009045044581,0.6622759222984314,0.036282930274804434,0.08854032655556997,0.012044799933210015,0.22237799664338428,0.22237409154574075,7.812499825377018e-06,0.13628293176492054,1.4031294584274292,0.6676187291741371,0.24609380215406418,0.19352462887763977,0.16238130629062653,0.022326162084937096,0.09294121712446213,0.6696284413337708,0.13471592217683792,0.3513326322038968,0.5560645485917727,3.8969517027666742,0.0,0.602257212592058,0.13978228718042374,0.16636169701814651,0.19643904268741608,0.31686244904994965,0.5447248220443726,0.7438254952430725,0.5105413496494293,0.4806915819644928,0.4736892729997635,0.5310576558113098,0.6116687655448914,0.7287386655807495,1.3526295185089112,0.602257212592058
185,1567.807424068451,1.1056003322359174,0.25601867536703743,0.19108298420906067,0.2193321426709493,0.6603897015253702,0.036409725248813626,0.0887621745467186,0.012046873336657882,0.20437585612138112,0.20437064866224924,1.0416666433836023e-05,0.13640972673892976,1.3421774864196778,0.6690031327307224,0.24769540131092072,0.19299737364053726,0.16240452229976654,0.022248023189604282,0.09276201203465462,0.6689081788063049,0.1349068209528923,0.34396446868777275,0.5685109024246534,3.705983049866417,0.0,0.565358596416976,0.14056387543678284,0.1684049665927887,0.19960496574640274,0.313834011554718,0.5209273397922516,0.7204516530036926,0.5321320593357086,0.49820736050605774,0.49364663660526276,0.5367932617664337,0.6035753786563873,0.7467107176780701,1.4004107117652893,0.565358596416976
186,1576.4400520324707,1.114693059232862,0.2559919059276581,0.1906261722246806,0.21978689034779866,0.6587977846463521,0.036632322768370314,0.08877415458361308,0.012133489828556776,0.2143259863058726,0.21431882480780284,1.4322916589056453e-05,0.13663232425848643,1.3343145449956257,0.6730611026287079,0.2530561685562134,0.19333669543266296,0.1616682931780815,0.02197620179504156,0.09270531684160233,0.6669967174530029,0.13504835963249207,0.32838916406035423,0.5863802681366602,3.5842743290572407,0.0,0.5418627660292058,0.13956177979707718,0.16408465057611465,0.19510959833860397,0.3058159798383713,0.5002277046442032,0.6655352711677551,0.5442359447479248,0.5292066335678101,0.53261598944664,0.5693765580654144,0.6199970841407776,0.7228493988513947,1.355367249250412,0.5418627660292058
187,1585.059245109558,1.103155980600665,0.2558208872874578,0.1901033878326416,0.22022870381673176,0.6590973814328511,0.03675379703442256,0.08870293249686559,0.012043681585540374,0.20312251249949137,0.20311925709247589,6.510416521147515e-06,0.13675379852453867,1.3456747770309447,0.6654417812824249,0.24416208267211914,0.1923593282699585,0.16255001723766327,0.022455675527453423,0.09303705394268036,0.6701253354549408,0.13529610633850098,0.31690990676482517,0.5697679618994395,3.5546796976861956,0.0,0.5336747215510911,0.13248760253190994,0.16279388219118118,0.1907658725976944,0.29057271778583527,0.47095099091529846,0.6538883745670319,0.5277512967586517,0.5012238025665283,0.5016516149044037,0.5426236093044281,0.6128935217857361,0.732463926076889,1.3506682515144348,0.5336747215510911
188,1593.8685102462769,1.09635602303703,0.2562482198079427,0.18943873147169749,0.22015755275885265,0.6507692734400431,0.03717160274585088,0.08877504716316859,0.012050069713344177,0.20004463990529378,0.20003943145275116,1.0416666433836023e-05,0.137171604235967,1.1679642041524252,0.6774336323142052,0.2530479356646538,0.19164937734603882,0.164280503988266,0.022612158209085464,0.09318123012781143,0.6720437705516815,0.13559163361787796,0.3336348769565423,0.5861594676971436,3.646468722017457,0.0,0.5531634760803404,0.13817966729402542,0.17052887380123138,0.20698761940002441,0.31987497210502625,0.5038678348064423,0.6623702943325043,0.5640026330947876,0.5244709849357605,0.511192798614502,0.5464269816875458,0.6284185945987701,0.7424448132514954,1.0855659127235413,0.5531634760803404
189,1602.703497171402,1.1103564937987054,0.25586970647176105,0.18921796878178915,0.21938091615835825,0.6483612895011902,0.03731586287419001,0.08852954258521398,0.012049826979637145,0.21623457471529642,0.21623196999231975,5.208333216918012e-06,0.13731586436430612,1.0441687981287637,0.6704622767865658,0.25109394639730453,0.1927741840481758,0.16149061918258667,0.0222886074334383,0.09256263449788094,0.6687566936016083,0.13578613102436066,0.3170829030374686,0.551874078810215,3.4843887703514467,0.0,0.5216940186983741,0.1360933929681778,0.16377729922533035,0.19185574352741241,0.2897687703371048,0.4742022901773453,0.6467999219894409,0.5071568936109543,0.4775150269269943,0.4682937413454056,0.5223370492458344,0.6087320446968079,0.7272097170352936,1.0061018347740174,0.5216940186983741
190,1611.3855102062225,1.0951768621336668,0.2549018919467926,0.18854304353396098,0.2206906388203303,0.6528271476427714,0.03749402910470963,0.0882095605134964,0.012036783155053854,0.20054915646711985,0.20054329931735992,1.1718749738065526e-05,0.13749403059482573,1.330460830529531,0.6797704212367535,0.2500438690185547,0.19046597927808762,0.16724678128957748,0.02250527497380972,0.09283839911222458,0.67961585521698,0.13595587015151978,0.3257317431271076,0.5665727804104487,3.4535218757771444,0.0,0.5180082731597607,0.1406611129641533,0.1671164333820343,0.198206827044487,0.3015810549259186,0.48577623069286346,0.6610487997531891,0.5154033750295639,0.5077806562185287,0.5011637210845947,0.5385810434818268,0.603812575340271,0.7326953113079071,1.3461672723293305,0.5180082731597607
191,1620.142011165619,1.0861951986366571,0.2560025076071421,0.188287553191185,0.21975453495979308,0.6449940204620361,0.03778640081485112,0.08848218868176143,0.012030746384213368,0.19391426543394724,0.19391036132971445,7.812499825377018e-06,0.13778640230496725,1.1637972434361776,0.6706814505159855,0.24477265030145645,0.18986939638853073,0.16548705101013184,0.022365223616361618,0.09259762614965439,0.6758634448051453,0.13626092672348022,0.3232370304564635,0.5565013314286867,3.604800267666059,0.0,0.5454930407397769,0.13890957087278366,0.16457749158143997,0.1941951885819435,0.30294308066368103,0.500741258263588,0.6380555927753448,0.4946020841598511,0.48653700947761536,0.4854386895895004,0.5288041234016418,0.6053809821605682,0.7382450997829437,1.2196551144123078,0.5454930407397769
192,1628.8221571445465,1.1116688575401592,0.25331061482429507,0.18860644300778706,0.22060782810052235,0.6515770316123962,0.03790907015403112,0.08876695930957794,0.012032114869604508,0.21791244546572366,0.21790658632914225,1.1718749738065526e-05,0.13790907164414723,1.216032858689626,0.6706313341856003,0.24843254685401917,0.19187608361244202,0.16313037276268005,0.0220986045897007,0.09201619774103165,0.672789454460144,0.1363753229379654,0.3229273284475009,0.578306145966053,3.5368687070417053,0.0,0.5329462517442491,0.1395261585712433,0.1639401987195015,0.19297990947961807,0.30302761495113373,0.4934857040643692,0.6446043848991394,0.5274834930896759,0.5236393213272095,0.5186010152101517,0.5545650124549866,0.6090257465839386,0.7365222871303558,1.201158982515335,0.5329462517442491
193,1637.4761390686035,1.0869024690783893,0.2539642641941706,0.18833149870236715,0.21990803877512613,0.6412396232287089,0.03816937853892644,0.08806413908799489,0.012014505732804538,0.199146701892217,0.19914279580116273,7.812499825377018e-06,0.13816938002904255,1.1267659068107605,0.6794884763658047,0.24860715866088867,0.1910136267542839,0.16768725216388702,0.0223357193171978,0.0923268236219883,0.6810081899166107,0.13653749972581863,0.3373379645248254,0.5962172299623489,3.6517537253322057,0.0,0.5546102260670596,0.13944093137979507,0.16927500069141388,0.20622240006923676,0.32065288722515106,0.5092039406299591,0.6792326271533966,0.5496551692485809,0.53408083319664,0.5380624234676361,0.5914714932441711,0.6519294381141663,0.7121040225028992,1.2005487024784087,0.5546102260670596
194,1646.0188269615173,1.092859559224841,0.2546907136837641,0.18868555426597594,0.21932113667329153,0.6451346437136333,0.03833013027906418,0.08843042304118474,0.01203545529084901,0.2014954000711441,0.20149279634157816,5.208333216918012e-06,0.1383301317691803,1.2923242727915445,0.6707600988447666,0.24672488868236542,0.19118425995111465,0.16422154009342194,0.022170891985297203,0.0921211913228035,0.6737027764320374,0.1367064267396927,0.32675357659657794,0.5581934129198393,3.8496487239063097,0.0,0.5913753703522012,0.13215022534132004,0.15663571655750275,0.188358835875988,0.3065197020769119,0.508731946349144,0.6681250333786011,0.5034823715686798,0.49268838763237,0.486262246966362,0.5260747671127319,0.5963202118873596,0.744332492351532,1.2330646872520448,0.5913753703522012
195,1654.688615322113,1.0879704864695667,0.2528107156356176,0.1873801569143931,0.22063759167989094,0.6486839095751444,0.0385312482714653,0.08849129776159922,0.011997627653181553,0.19701611598332722,0.19701546529928843,1.302083304229503e-06,0.13853124976158143,1.3796481609344482,0.6748484000563622,0.24655460566282272,0.18980786204338074,0.16669493168592453,0.022403300739824772,0.09227730333805084,0.67818883061409,0.13690045475959778,0.32985960816343624,0.56669748822848,3.629745273203322,0.0,0.5495816746829789,0.13705315440893173,0.16536930948495865,0.2016521617770195,0.314038947224617,0.497468039393425,0.6635760366916656,0.5389578640460968,0.5123630613088608,0.4990324527025223,0.5242650210857391,0.5950838327407837,0.7304826974868774,1.4046518921852111,0.5495816746829789
196,1663.3357372283936,1.0969339811378935,0.25347387194633486,0.18726317187150318,0.2200809121131897,0.6397182464599609,0.0388754869500796,0.08820296674966813,0.011994602313886086,0.21031845112641653,0.21031714876492819,2.604166608459006e-06,0.13887548844019573,1.3906076828638712,0.6752771623432636,0.2479817271232605,0.18991000205278397,0.16617021709680557,0.022457849234342575,0.09238577634096146,0.6790588200092316,0.13726486265659332,0.3463098245362441,0.574762245019277,3.6691450608756573,0.0,0.5581647686520395,0.14011958241462708,0.1690632328391075,0.20253700017929077,0.3168144077062607,0.5141190737485886,0.7352056503295898,0.5558215081691742,0.5285415053367615,0.5123176872730255,0.5337498486042023,0.6080401539802551,0.710102766752243,1.3198784112930297,0.5581647686520395
197,1671.9250741004944,1.087809853752454,0.2537535548210144,0.18742860456307728,0.21982067128022512,0.6383505900700887,0.039083005487918855,0.08837623397509257,0.011983427219092846,0.20109314918518068,0.20109054545561472,5.208333216918012e-06,0.13908300697803497,1.2180608272552491,0.665168683975935,0.24166984856128693,0.18804644793272018,0.16473780572414398,0.022369861602783203,0.09214712306857109,0.6729782521724701,0.1374642476439476,0.3394633394976457,0.5760145088036855,3.911509530636164,0.0,0.6042615004313753,0.13530734926462173,0.16107449680566788,0.19876877218484879,0.32413657009601593,0.5292559862136841,0.6882368624210358,0.5295282304286957,0.5142909586429596,0.5058310627937317,0.5344776809215546,0.6062843799591064,0.7656747400760651,1.1831849455833434,0.6042615004313753
198,1680.504378080368,1.090872568000729,0.2526646465063095,0.1870960036913554,0.2201189359029134,0.6408131003379822,0.03923019617795944,0.08789807409048081,0.011985573824495077,0.2050324002901713,0.20503109792868296,2.604166608459006e-06,0.13923019766807557,1.309005045890808,0.6712616570293903,0.24562783539295197,0.19078750163316727,0.16512003540992737,0.022199311293661594,0.09173226729035378,0.6752393841743469,0.1377541422843933,0.35576928158601123,0.5664650971690813,3.9878098305683354,0.0,0.6201112797811781,0.13893703371286392,0.16704342514276505,0.20216329395771027,0.3316488265991211,0.554054468870163,0.7407686412334442,0.5100497305393219,0.49663496017456055,0.4974871426820755,0.5554212331771851,0.6184462904930115,0.7207512259483337,1.3513251781463622,0.6201112797811781
199,1689.156378030777,1.0891626050734582,0.2522180289030075,0.18732916414737702,0.22060365378856658,0.6352380593617757,0.03935573945442836,0.08811371127764384,0.011983897847433886,0.2058977097272873,0.20589315394560495,9.11458312960652e-06,0.13935574094454448,1.253499706586202,0.6641047969460487,0.23883797228336334,0.189817413687706,0.1651790589094162,0.022137424908578396,0.0915609672665596,0.6754242181777954,0.13779383897781372,0.35489439591765404,0.5692452266812325,4.053303481120396,0.0,0.6329780475883016,0.13693077117204666,0.1629430204629898,0.20350852608680725,0.3374738246202469,0.5550219714641571,0.7334882616996765,0.511923223733902,0.49912528693675995,0.503466784954071,0.548640251159668,0.6105705797672272,0.7417452335357666,1.2877835631370544,0.6329780475883016
200,1697.7755570411682,1.085939936665818,0.253352689743042,0.18753345012664796,0.22012313107649487,0.6344672322273255,0.03963427493969599,0.08818392852942149,0.011973147528866928,0.2015936235586802,0.20159102082252503,5.208333216918012e-06,0.1396342764298121,1.524810830752055,0.6730394810438156,0.24341534078121185,0.18988516926765442,0.16734077781438828,0.022341023199260235,0.09186910837888718,0.6805131137371063,0.13809774070978165,0.32312314833203953,0.5936509072780609,3.685259407872453,0.0,0.5591371040987027,0.13318944722414017,0.16371314972639084,0.19615020602941513,0.3057249039411545,0.4908376634120941,0.6491235196590424,0.5599478483200073,0.5293065905570984,0.5241192281246185,0.5717920362949371,0.6344070732593536,0.7423326671123505,1.5117772817611694,0.5591371040987027
201,1706.3692750930786,1.0886730148262964,0.25133614043394725,0.186837637424469,0.22065746784210205,0.6355291207631429,0.03984803607066472,0.08803434918324153,0.011989105492830276,0.2062966565291087,0.20629275143146514,7.812499825377018e-06,0.13984803756078085,1.3144578138987224,0.6767427325248718,0.2495475858449936,0.1903805434703827,0.16600243747234344,0.022095950320363045,0.09150922298431396,0.6754371225833893,0.13814133405685425,0.3129811870555083,0.5671766350666682,3.582578108207238,0.0,0.5389120036443131,0.1320982202887535,0.15398554503917694,0.18157511949539185,0.28752294182777405,0.47325219213962555,0.6494531035423279,0.4969194233417511,0.4945763796567917,0.49938641488552094,0.5449717044830322,0.6158128976821899,0.7513929903507233,1.391917622089386,0.5389120036443131
202,1715.0212330818176,1.0820287087020308,0.2549095352490743,0.1866514285405477,0.2195260465145111,0.6299034873644511,0.04008463472127914,0.08832688480615616,0.012010619215046366,0.19839141766230264,0.19838685989379884,9.114583372138441e-06,0.14008463621139527,1.4786498228708902,0.6729289069771767,0.2442408800125122,0.18884773552417755,0.16713207960128784,0.0225739860907197,0.09223208948969841,0.6780614256858826,0.1385398656129837,0.3405957520008087,0.5668903589248657,3.7815338763367525,0.0,0.5790180480799728,0.13733313977718353,0.16114459186792374,0.19287056475877762,0.3149954527616501,0.5193299204111099,0.7179008424282074,0.4906792491674423,0.48593537509441376,0.4883219003677368,0.5466733574867249,0.6404679715633392,0.7492642998695374,1.466722345352173,0.5790180480799728
203,1723.6195640563965,1.085317494138144,0.2520118594169617,0.1857663631439209,0.220723432302475,0.6263206283251445,0.04037423978249232,0.0882582575082779,0.011961603133628766,0.20669191082318625,0.20669060945510864,2.604166608459006e-06,0.14037424127260845,1.1981080134709676,0.6709404550492764,0.23975516110658646,0.18788114935159683,0.16862235963344574,0.022445528768002987,0.091887716203928,0.683361828327179,0.13878324627876282,0.33970386907458305,0.5547704100608826,3.844068187456984,0.0,0.591124395824591,0.13660497218370438,0.16612590849399567,0.20015083253383636,0.3166840374469757,0.5251188278198242,0.693538635969162,0.48992735147476196,0.4766356199979782,0.4725959450006485,0.5222680866718292,0.6149445176124573,0.7522509396076202,1.1752546310424805,0.591124395824591
204,1732.2398421764374,1.0848011098763284,0.25162419279416404,0.1855323702096939,0.22065254350503286,0.6312796672185262,0.040563365320364635,0.08831439862648646,0.011953368224203587,0.20400215884049733,0.20399825274944305,7.812499825377018e-06,0.14056336681048076,1.228283202648163,0.6695252135396004,0.24263451248407364,0.18777045607566833,0.16650273650884628,0.02234363742172718,0.0915808267891407,0.6795823276042938,0.13897699117660522,0.3365738478799661,0.5760330359141032,3.8808195313167704,0.0,0.5977940205135424,0.13329147547483444,0.16250047087669373,0.1979677528142929,0.31428320705890656,0.5172801613807678,0.6941200196743011,0.5324292778968811,0.5189389288425446,0.5137674808502197,0.5439842641353607,0.6061419248580933,0.7409363389015198,1.1747463762760162,0.5977940205135424
205,1740.9532661437988,1.1082039367718002,0.25286617477734885,0.18596525887648266,0.22075952092806497,0.627864682674408,0.04072395712137222,0.08834499915440877,0.011963083393250902,0.2275003949801127,0.22749844193458557,3.906249912688509e-06,0.14072395861148834,1.3965868790944418,0.6749398708343506,0.24649161845445633,0.18806101381778717,0.16720887273550034,0.02216868381947279,0.09142769500613213,0.677829921245575,0.13922414928674698,0.3154069557785988,0.5804862851897875,3.4971733615254474,0.0,0.523958334894503,0.1357618272304535,0.15685667842626572,0.18617668002843857,0.294371098279953,0.47478264570236206,0.6444928050041199,0.5304780006408691,0.5180502533912659,0.5106863230466843,0.5561850666999817,0.6311389803886414,0.736379086971283,1.3867228865623473,0.523958334894503
206,1749.7254362106323,1.1102877748625664,0.2511172364155451,0.1856164554754893,0.2207319051027298,0.6260976592699686,0.040958984196186064,0.08831180284420649,0.011950633271286886,0.23234459658463796,0.23234264453252157,3.906249912688509e-06,0.1409589856863022,1.206552799542745,0.6774092242121696,0.24845003336668015,0.18825599551200867,0.16741559654474258,0.022315246984362602,0.09143420681357384,0.6774324476718903,0.13940557837486267,0.33708345144987106,0.5682315975427628,3.702517324753353,0.0,0.5640800954688144,0.13867953419685364,0.16461219638586044,0.1982952132821083,0.31523697078227997,0.5134633779525757,0.6922134160995483,0.5242740213871002,0.4944584369659424,0.4880959689617157,0.53594771027565,0.6186214685440063,0.7479919791221619,1.2642281293869018,0.5640800954688144
207,1758.3398849964142,1.0768271207033346,0.25276437600453694,0.18567102054754894,0.22070229351520537,0.6183775305747986,0.04117670108874639,0.08833128263552983,0.011945769873758156,0.20092546145121257,0.20092350840568543,3.906249912688509e-06,0.1411767025788625,1.2309774955113728,0.6718286462128162,0.24231351912021637,0.18960580974817276,0.16735611110925674,0.022182104177773,0.09113374352455139,0.6792437732219696,0.13955508172512054,0.3466631807386875,0.5655392731229464,3.813337298242009,0.0,0.585212996572441,0.13720157742500305,0.159139484167099,0.19449274986982346,0.31721147894859314,0.523195892572403,0.7487379014492035,0.5244270116090775,0.5088076889514923,0.49701187014579773,0.5247635245323181,0.6054905354976654,0.7327350080013275,1.0845821976661683,0.585212996572441
208,1766.992368221283,1.0772856870724354,0.2524319966634115,0.1853513687849045,0.22098103761672974,0.6262937227884928,0.041375758747259773,0.08822679817676544,0.011936286200458805,0.19800112148125967,0.19799786706765493,6.510416521147515e-06,0.14137576023737589,1.6247681856155396,0.6810816824436188,0.254303939640522,0.19023151695728302,0.16583099216222763,0.02216948661953211,0.09106399118900299,0.6755263209342957,0.13993652164936066,0.31622353196144104,0.5706926683584849,3.5183932832703477,0.0,0.5279976117257981,0.1358724683523178,0.15586259216070175,0.18538106232881546,0.29158973693847656,0.4780527800321579,0.6505825519561768,0.5228886902332306,0.5089373886585236,0.49974387884140015,0.5381920039653778,0.6180248856544495,0.7363691627979279,1.7194657146930694,0.5279976117257981
209,1775.6079862117767,1.087599985774917,0.25031811694304146,0.18518702884515126,0.2209907740354538,0.6239929318428039,0.041623262067635856,0.08849960962931315,0.01194140586691598,0.21099075178305307,0.21098749538262684,6.510416521147515e-06,0.14162326355775198,1.2714290539423625,0.6752248480916023,0.246104396879673,0.18836402893066406,0.16746921837329865,0.022159632295370102,0.09104384481906891,0.6793347001075745,0.14012398570775986,0.33458829422791797,0.5703885679443678,3.7299887096080186,0.0,0.5690264227129969,0.13748450577259064,0.15825634449720383,0.19114615768194199,0.310874342918396,0.5128156542778015,0.696952760219574,0.5141951739788055,0.4976406693458557,0.4921942204236984,0.5478631556034088,0.6288883686065674,0.7415498197078705,1.4130134463310242,0.5690264227129969
210,1784.1365702152252,1.0759334507747553,0.25307541886965434,0.18513823946317037,0.2202257553736369,0.6209247390429179,0.04185698678096136,0.08837484270334243,0.011964554587999979,0.19833110968271891,0.19832850595315296,5.208333216918012e-06,0.14185698827107748,1.4024447282155355,0.6816630512475967,0.2486911341547966,0.18837504088878632,0.1693921983242035,0.02252485603094101,0.09160095825791359,0.6835787892341614,0.14023477584123611,0.3364234318335851,0.570949432750543,3.7396388190741954,0.0,0.5702906119557153,0.1352401301264763,0.16486633569002151,0.20146387815475464,0.3165506571531296,0.5057492405176163,0.6946703493595123,0.5135218054056168,0.5138057768344879,0.5063948929309845,0.5339554250240326,0.6085911691188812,0.7494275271892548,1.361482810974121,0.5702906119557153
211,1792.7404022216797,1.0762068453555307,0.24930323561032613,0.18413484692573548,0.22126494745413464,0.6254171848297119,0.04205267677704493,0.08822095741828283,0.01192448688670993,0.2007441778977712,0.20074092348416647,6.510416521147515e-06,0.14205267826716106,1.3672759652137756,0.6784827783703804,0.2505095824599266,0.18757253885269165,0.16709346324205399,0.022338667884469032,0.09115612506866455,0.6796261966228485,0.1403796374797821,0.3214590052763621,0.559504434466362,3.344175485134432,0.0,0.4984516315135481,0.14122232794761658,0.16436754912137985,0.1958579644560814,0.29783995449543,0.47227224707603455,0.6571939885616302,0.512228399515152,0.5089295208454132,0.5033880472183228,0.5345103740692139,0.5938933193683624,0.7040769457817078,1.414368110895157,0.4984516315135481
212,1801.4209332466125,1.0691298434860073,0.25275703767935437,0.1846343775590261,0.22068479061126708,0.611778457959493,0.042291610936323804,0.08872344195842743,0.011916888474176327,0.19571767548720043,0.19571442008018494,6.510416521147515e-06,0.14229161242643992,1.3771353324254354,0.6738139055669308,0.24225187301635742,0.18801944702863693,0.16877615451812744,0.022285656072199345,0.09099438413977623,0.6827340126037598,0.14074090868234634,0.3290770004192988,0.5804967085520426,3.6128136927858137,0.0,0.5464486163233133,0.13734399527311325,0.1627507284283638,0.19625282287597656,0.31032079458236694,0.49619826674461365,0.6715953946113586,0.5302926599979401,0.526656448841095,0.5128077268600464,0.545208752155304,0.6311002373695374,0.7369144260883331,1.3673803448677062,0.5464486163233133
213,1810.087985277176,1.0760467607547375,0.24883849422136942,0.18442843159039815,0.2219461570183436,0.6196836471557617,0.04252994606892268,0.0886140376329422,0.011908556257064143,0.20267828901608784,0.20267763833204905,1.302083304229503e-06,0.1425299475590388,1.4015405495961508,0.6742306798696518,0.24922490119934082,0.18824505805969238,0.1654416248202324,0.022188286297023296,0.09076496213674545,0.676753580570221,0.14089855551719666,0.32297299429774284,0.5901508231957754,3.5181614650389275,0.0,0.5287790288401518,0.13792677223682404,0.1602194756269455,0.19331493228673935,0.30664844810962677,0.4852486550807953,0.6544796824455261,0.5519295632839203,0.5284029841423035,0.51709845662117,0.5487308502197266,0.6304553151130676,0.7642877697944641,1.3091391324996948,0.5287790288401518
214,1818.6754302978516,1.0734281950901883,0.2525690644979477,0.18500309387842814,0.22105373640855153,0.6098137974739075,0.042761989931265516,0.08856954822937647,0.011907433935751518,0.20103911360104879,0.20103390713532765,1.0416666433836023e-05,0.14276199142138163,1.3145098765691121,0.6721050888299942,0.23994962871074677,0.1884763240814209,0.1689586490392685,0.022060041315853596,0.09057752415537834,0.6830524206161499,0.14111129939556122,0.3274420537054539,0.5703657766183218,3.5337281618649627,0.0,0.5320899160764381,0.13888126611709595,0.16706160455942154,0.19876538217067719,0.310984343290329,0.4907686412334442,0.6581910848617554,0.5188705027103424,0.5104658305644989,0.5018913745880127,0.5341059565544128,0.6105915009975433,0.7462694942951202,1.3784978270530701,0.5320899160764381
215,1827.3863661289215,1.0753502617842363,0.2482124169667562,0.1840935210386912,0.22166341344515483,0.6206982056299846,0.04297384868065516,0.08867323497931162,0.011928624473512173,0.20195293923219046,0.20194447537263235,1.692708319751546e-05,0.14297385017077127,1.3084492047627767,0.6853691972792149,0.25505033880472183,0.1892857477068901,0.167837992310524,0.022302578203380108,0.0908735990524292,0.680210530757904,0.14134428650140762,0.33811478068431217,0.5671142240365347,3.6069146631483457,0.0,0.5453299944545027,0.1373594105243683,0.16487517207860947,0.19873737543821335,0.3174678385257721,0.4954436719417572,0.7148052155971527,0.5322477519512177,0.525160402059555,0.5176158249378204,0.5358509719371796,0.5920564532279968,0.6997539401054382,1.3525534689426422,0.5453299944545027
216,1836.0716981887817,1.0742232796968891,0.2527216851711273,0.18476355075836182,0.22087469100952148,0.6119865894317627,0.043198294937610626,0.08837758402029673,0.011913860387479266,0.20089766283830007,0.2008924553791682,1.0416666433836023e-05,0.14319829642772675,1.549824563662211,0.6785215064883232,0.24508333206176758,0.18813039362430573,0.16968648880720139,0.02196638472378254,0.0902927853167057,0.6834385991096497,0.14163481444120407,0.3351471610367298,0.5699301064014435,3.6027893452312134,0.0,0.5448137820233669,0.138103686273098,0.16810549050569534,0.20223022252321243,0.3127879202365875,0.49755848944187164,0.6920971572399139,0.5211507081985474,0.5133053362369537,0.5116836130619049,0.5385448336601257,0.6091794371604919,0.7257167100906372,1.5660377502441407,0.5448137820233669
217,1844.7090811729431,1.0597042333257074,0.24794711271921793,0.1837709496418635,0.22186262508233387,0.621215550104777,0.04338080336650212,0.08862570027510325,0.01189700122922659,0.18635125160217286,0.18633432586987814,3.385416590996708e-05,0.14338080485661825,1.5303777615229288,0.6684560291469097,0.2420736849308014,0.18707259744405746,0.1664230227470398,0.02199405524879694,0.09039174392819405,0.6771161556243896,0.14169637113809586,0.3320723647872607,0.5761957714955012,3.517819491932038,0.0,0.5296835677062173,0.14020556956529617,0.16924984753131866,0.2000589594244957,0.30652886629104614,0.4932178854942322,0.6831730604171753,0.5362599790096283,0.5136585831642151,0.5033605098724365,0.5421240031719208,0.6191225349903107,0.7426490187644958,1.5068238019943236,0.5296835677062173
218,1853.2916910648346,1.0734968399299154,0.24886101484298706,0.18347391088803608,0.22230132420857748,0.612717886765798,0.04360492477814357,0.08858838031689326,0.011902004154399038,0.20354527632395428,0.2035433232784271,3.906249912688509e-06,0.14360492626825969,1.3496166745821634,0.6740843579173088,0.2400781363248825,0.1870489865541458,0.1702408641576767,0.022341416217386723,0.09082139283418655,0.684199720621109,0.14210053533315659,0.33128561824560165,0.5827822163701057,3.7162549525819917,0.0,0.5655210479861742,0.13446176052093506,0.16159294545650482,0.19816960394382477,0.3136352598667145,0.49969418346881866,0.6801599562168121,0.5251203924417496,0.5267554521560669,0.5159991383552551,0.5390260219573975,0.6207846999168396,0.7690075933933258,1.385598784685135,0.5655210479861742
219,1861.9430482387543,1.0969951399524385,0.2504154831171036,0.18392791450023652,0.22132657170295716,0.6068624178568522,0.04386729449033737,0.08851700524489085,0.01189909881601731,0.22829929490884146,0.2282908320426941,1.692708295498354e-05,0.1438672959804535,1.3002764542897542,0.6727782674133778,0.2408011332154274,0.18647953122854233,0.1693686842918396,0.02244637068361044,0.09095729514956474,0.6835950016975403,0.14223824441432953,0.36459654197096825,0.5649236142635345,4.220913862019425,0.0,0.6670976475868188,0.13554146885871887,0.1644892916083336,0.20278485119342804,0.33653518557548523,0.5721088647842407,0.776119589805603,0.5148260593414307,0.4911521226167679,0.4949609786272049,0.5496973991394043,0.622882068157196,0.7160230576992035,1.3472980618476869,0.6670976475868188
220,1870.623379945755,1.0678252249839715,0.2483014186223348,0.18335383733113605,0.22251311043898264,0.6103597164154053,0.04413134604692459,0.08874335537354151,0.011881973532338937,0.1990810473759969,0.19907974501450856,2.604166608459006e-06,0.1441313475370407,1.4268696308135986,0.677663367241621,0.24695874005556107,0.18743444234132767,0.16849370300769806,0.02217074017971754,0.09038964286446571,0.6821524202823639,0.14233200997114182,0.33719342947006226,0.5724337100982666,3.7954545650333,0.0,0.5820096178132287,0.13837969303131104,0.166682630777359,0.2050548493862152,0.32749202847480774,0.5252138376235962,0.6603375375270844,0.5498751699924469,0.5169083178043365,0.503818541765213,0.5221724808216095,0.587503045797348,0.7543247044086456,1.5486242771148682,0.5820096178132287
221,1879.271418094635,1.0743565819226206,0.2504794359207153,0.18383731444676718,0.22134518424669902,0.6117130716641744,0.044360241790612535,0.08852748970190684,0.011909955553710461,0.20294584929943085,0.20294129451115925,9.11458312960652e-06,0.14436024328072866,1.6642632802327475,0.671256635338068,0.24075457453727722,0.18721971660852432,0.1684461012482643,0.02188904397189617,0.09004851430654526,0.6840155124664307,0.14256399869918823,0.34438282003005344,0.5943587819735209,3.8819467726487935,0.0,0.5983587084821638,0.13525037467479706,0.1668691411614418,0.20306695252656937,0.31910713016986847,0.5250347554683685,0.7169685661792755,0.5596673488616943,0.5395602583885193,0.5281043350696564,0.5589152276515961,0.6371755301952362,0.7427299916744232,1.641421365737915,0.5983587084821638
222,1887.937066078186,1.0590946359559894,0.25070264637470246,0.18351440727710724,0.22153679331143697,0.6045485854148864,0.04459092666705449,0.08866349359353383,0.011872564690808456,0.19080346922079722,0.19080346922079722,0.0,0.14459092815717062,1.3884862860043843,0.6760854795575142,0.24491369724273682,0.18618164956569672,0.1690404787659645,0.02220814675092697,0.09031307324767113,0.6819737255573273,0.1427726224064827,0.33291686450441677,0.5453823084632555,3.7056468849480155,0.0,0.5638100143994779,0.1357591524720192,0.1641169637441635,0.19967275857925415,0.31418707966804504,0.5030754804611206,0.6806897521018982,0.4933817386627197,0.4848579913377762,0.4752756953239441,0.5044388771057129,0.5910680294036865,0.723271518945694,1.4443806171417237,0.5638100143994779
223,1896.6411972045898,1.0965623158728703,0.24642716149489086,0.18254785239696503,0.22323766946792603,0.6128698746363322,0.04487380534410477,0.0884618396560351,0.011882827027390401,0.22895952860514324,0.22895562251408894,7.812499825377018e-06,0.14487380683422088,1.4004783391952516,0.6705832034349442,0.23858172446489334,0.18637873232364655,0.16940605640411377,0.02237783558666706,0.09059212729334831,0.6854310929775238,0.14315196871757507,0.3247478206952413,0.5675524945060412,3.6724616452085423,0.0,0.55712980329341,0.13491150736808777,0.16119150072336197,0.19237352162599564,0.30635398626327515,0.49545733630657196,0.6581990718841553,0.5012201070785522,0.4903741627931595,0.4911077320575714,0.5304885804653168,0.6247870624065399,0.7673373222351074,1.4452437043190003,0.55712980329341
224,1905.3370480537415,1.0939696164433068,0.2505106955766678,0.18290764292081196,0.2215469608704249,0.6014320929845174,0.04517279714345932,0.08851337333520254,0.011872994139169653,0.22774026493231456,0.22773310442765554,1.4322916346524531e-05,0.14517279863357543,1.454421297709147,0.6774132288992405,0.24288592487573624,0.1874053105711937,0.1704123243689537,0.022366789169609547,0.09051637351512909,0.6857847571372986,0.14341029524803162,0.3328816828628381,0.5571306397517523,3.6129883574409654,0.0,0.5471551765062105,0.13920500129461288,0.1629077047109604,0.19338537752628326,0.30871617794036865,0.5029460489749908,0.6901297867298126,0.5016145259141922,0.48888935148715973,0.49159151315689087,0.52560755610466,0.6024565398693085,0.732624351978302,1.5070330381393433,0.5471551765062105
225,1914.2083959579468,1.0720655201546228,0.24885119795799254,0.18321397999922434,0.22213569680849712,0.6054196953773499,0.04540125677982966,0.08884882430235545,0.011861839409296712,0.20450637737909952,0.2044992168744405,1.4322916346524531e-05,0.1454012582699458,1.3623770554860433,0.666847612708807,0.24013672769069672,0.18609421700239182,0.16683188825845718,0.022210944443941116,0.09011605754494667,0.6797105073928833,0.1434808075428009,0.3454198179145654,0.5766857415437698,3.6950467477490525,0.0,0.5643141691731646,0.14351226389408112,0.16844847798347473,0.20300253480672836,0.326321080327034,0.5302845239639282,0.700950026512146,0.4980897456407547,0.5069865435361862,0.5116502344608307,0.5567143261432648,0.6343576908111572,0.7523159086704254,1.311967933177948,0.5643141691731646
226,1922.8702273368835,1.0719615390951125,0.24718021353085837,0.18262663185596467,0.223421847820282,0.6109629193941752,0.04560166845719019,0.0889102558294932,0.011873073192934196,0.2032420466343562,0.2032394419113795,5.208333216918012e-06,0.1456016699473063,1.4612504680951437,0.6806818321347237,0.24615217000246048,0.18708288669586182,0.17049410939216614,0.022316455841064453,0.09020163118839264,0.6870616674423218,0.14380097389221191,0.3339250559608142,0.5844772507747015,3.4760001628122503,0.0,0.5230653412928774,0.14259374886751175,0.16766401380300522,0.1985737532377243,0.31234872341156006,0.49565589427948,0.6867142021656036,0.5632874071598053,0.5260066092014313,0.5234350562095642,0.5637511909008026,0.6265025436878204,0.7038806974887848,1.4914521098136901,0.5230653412928774
227,1931.4884762763977,1.0625865825995182,0.24971058666706086,0.1830135573943456,0.22228212356567384,0.6036983688672384,0.045827580988407134,0.08877240220705668,0.011869449106355508,0.1950528085231781,0.19505020479361215,5.208333216918012e-06,0.14582758247852326,1.5249590794245402,0.6698553375899792,0.23796305805444717,0.18550113588571548,0.16957085579633713,0.02200766745954752,0.08988219872117043,0.682578444480896,0.14392868429422379,0.3400959012409051,0.5939536243677139,3.5955021198991313,0.0,0.5461164862792383,0.14473792910575867,0.16648073494434357,0.20303965359926224,0.32863640785217285,0.5204055309295654,0.677275151014328,0.5488780438899994,0.5337808132171631,0.526873916387558,0.5587926506996155,0.6354385912418365,0.7599577307701111,1.5923040151596068,0.5461164862792383
228,1940.1536221504211,1.0551037823238099,0.24808050493399303,0.18281404177347818,0.22243368923664092,0.6059453805287679,0.0460282102227211,0.08916295319795609,0.011864009328807395,0.18728058238824208,0.18727797865867615,5.208333216918012e-06,0.14602821171283722,1.451739537715912,0.6761595457792282,0.24725119024515152,0.18769116699695587,0.16753138601779938,0.021885409019887447,0.0897071585059166,0.6795935034751892,0.1442599594593048,0.34480906774600345,0.601069837808609,3.7408206312163395,0.0,0.5720100043516974,0.14043910056352615,0.16568948328495026,0.19605637341737747,0.30969513952732086,0.5253574848175049,0.7316168248653412,0.5469890832901001,0.5250225067138672,0.5321022868156433,0.5839463770389557,0.6613456606864929,0.7570131123065948,1.4554307401180266,0.5720100043516974
229,1948.8552403450012,1.059783990624904,0.24715437690416972,0.18186061779658,0.22320682406425477,0.6073110024134318,0.04629725366830826,0.08891878525416057,0.011845094555368026,0.19296015699704488,0.19295494854450226,1.0416666433836023e-05,0.14629725515842437,1.4764536499977112,0.6711099408566952,0.2413664385676384,0.1846369281411171,0.16871251910924911,0.02210598811507225,0.08982628211379051,0.6816774308681488,0.14432384818792343,0.33330485473076504,0.5669399450222651,3.5150202821505108,0.0,0.5305076506729183,0.14316602051258087,0.1624981239438057,0.1923903152346611,0.304818332195282,0.5032314658164978,0.6937248706817627,0.5140016674995422,0.4924287348985672,0.49041153490543365,0.5199940502643585,0.6068985760211945,0.7779051065444946,1.3741008520126343,0.5305076506729183
230,1957.5061631202698,1.0511414827895351,0.24714267651240032,0.1817966232697169,0.22329367697238922,0.5967910965283711,0.04652571529150009,0.08860648175080617,0.011845523367325465,0.19012292822202045,0.19011902213096618,7.812499825377018e-06,0.14652571678161622,1.3383841594060262,0.6772330068051815,0.2417999431490898,0.18581301718950272,0.17126327753067017,0.02225365862250328,0.09002284333109856,0.6889630854129791,0.14482665807008743,0.3348662716646989,0.5609937310218811,3.7470976284030386,0.0,0.5723605084062648,0.13752929866313934,0.16327612102031708,0.1941685751080513,0.31034672260284424,0.5153357088565826,0.6885412037372589,0.5194550454616547,0.484727218747139,0.48422451317310333,0.5233356952667236,0.5974248647689819,0.7567950487136841,1.3431495547294616,0.5723605084062648
231,1966.2261550426483,1.0503031181753613,0.24969519476095836,0.18162067631880444,0.2223467210928599,0.5952717582384746,0.046839137375354764,0.0888998786608378,0.011852911192302902,0.18692975342273713,0.1869212915500005,1.692708295498354e-05,0.1468391388654709,1.3970768729845682,0.6690048277378082,0.23954623192548752,0.184723362326622,0.16854845732450485,0.02203535847365856,0.08954445272684097,0.6806320250034332,0.1449344903230667,0.33843887224793434,0.5601590697964033,3.71005698457557,0.0,0.5655160131946709,0.13862746208906174,0.1617312654852867,0.19289495795965195,0.3047172278165817,0.5143157839775085,0.7183465361595154,0.5206465423107147,0.508035197854042,0.49418723583221436,0.527066558599472,0.59951052069664,0.7115083634853363,1.45582634806633,0.5655160131946709
232,1974.8908731937408,1.0527727747607665,0.24755745530128478,0.18185664514700572,0.22299909293651582,0.5982726097106934,0.047022458414236704,0.0891832321882248,0.011832027820249398,0.18919827938079833,0.18919632732868194,3.906249912688509e-06,0.14702245990435284,1.399215026696523,0.6736063249409199,0.2375086098909378,0.18520019203424454,0.1717488095164299,0.022222353145480156,0.08977755159139633,0.6911796927452087,0.14522136002779007,0.334880568087101,0.5747723678747813,3.7088293116025888,0.0,0.564900844924507,0.13738861680030823,0.16678301244974136,0.20174165815114975,0.320475235581398,0.509550929069519,0.6733439564704895,0.5424373745918274,0.4968331605195999,0.4916122406721115,0.5418179333209991,0.6131081879138947,0.7628253102302551,1.4228420555591583,0.564900844924507
233,1983.5893301963806,1.0625830545516994,0.24928888380527497,0.18170136113961538,0.22289268672466278,0.5947361985842387,0.047308373947938284,0.08857716669638951,0.011836028036971888,0.20020219683647156,0.20019178092479706,2.0833333110203966e-05,0.1473083754380544,1.5873011430104573,0.6749134361743927,0.24585877358913422,0.1861979365348816,0.16797784715890884,0.02215876244008541,0.08965452015399933,0.6801530420780182,0.1453276127576828,0.321955061207215,0.553995576997598,3.4379452865980356,0.0,0.5153278752410261,0.14101815223693848,0.16508494317531586,0.19193639606237411,0.2980862110853195,0.4848126918077469,0.6507919728755951,0.5138959288597107,0.4767596572637558,0.481243759393692,0.5277087390422821,0.602026104927063,0.7223392724990845,1.6506118655204773,0.5153278752410261
234,1992.2241191864014,1.0519645999069325,0.24628388782342275,0.18131202061971027,0.22365452845891318,0.6013120790322621,0.04749815513690313,0.0891696368654569,0.011832137561092774,0.1881400336821874,0.18813547591368357,9.11458312960652e-06,0.14749815662701923,1.6030379772186278,0.6829598471522331,0.24934887140989304,0.18561959266662598,0.17040058970451355,0.02207546215504408,0.0894729495048523,0.6876203119754791,0.14568382501602173,0.3340861996014913,0.5856972485780716,3.7980766506430816,0.0,0.5816768077983726,0.13490035384893417,0.15905306488275528,0.19148790836334229,0.3103816509246826,0.5123618841171265,0.6963323354721069,0.561943531036377,0.5268530249595642,0.5214646756649017,0.5495712459087372,0.6172740161418915,0.737076997756958,1.7535588622093201,0.5816768077983726
235,2000.8436830043793,1.0581924423381375,0.24743646879990897,0.1815909892320633,0.22352023323376974,0.5979611833890279,0.047716090579827626,0.08919661591450373,0.011835942060376208,0.19460119803746542,0.19459338585535685,1.5624999893285955e-05,0.14771609206994374,1.4920390884081522,0.6713346168398857,0.23770298063755035,0.18510664999485016,0.17053915560245514,0.02196902595460415,0.08918268978595734,0.6871657967567444,0.14592041075229645,0.3487455906967322,0.5895497252543768,3.9070415227070385,0.0,0.6040044686688544,0.13865071535110474,0.16538605839014053,0.20283465087413788,0.32814542949199677,0.5417141020298004,0.7157425880432129,0.5509140193462372,0.5236599743366241,0.5165635049343109,0.5615229308605194,0.6358684003353119,0.7487695217132568,1.560283613204956,0.6040044686688544
236,2009.4889740943909,1.0621745441555202,0.2473401089509328,0.18131572902202606,0.22336128453413645,0.5953256249427795,0.04807790865500768,0.08912071734666824,0.011875293885047237,0.20011593997478486,0.20010878046353658,1.4322916346524531e-05,0.1480779101451238,1.422791588306427,0.6738642156124115,0.24686173349618912,0.18420101702213287,0.16745098680257797,0.02241954766213894,0.09027178585529327,0.6797340512275696,0.14615844935178757,0.3335508269568284,0.5685522059599558,3.5706244327586014,0.0,0.5407987630773426,0.14316069334745407,0.1658884510397911,0.19836103171110153,0.3108408749103546,0.5111730694770813,0.671880841255188,0.5215453207492828,0.4795342683792114,0.4786812365055084,0.5317383110523224,0.624728262424469,0.775085836648941,1.364221352338791,0.5407987630773426
237,2018.1723372936249,1.0574150458715545,0.24599855542182922,0.1808692733446757,0.22435761789480846,0.6016367435455322,0.048282225430011746,0.08935660322507223,0.011817445357640585,0.19310077329476674,0.19309361279010773,1.4322916346524531e-05,0.14828222692012788,1.500826605161031,0.6713670790195465,0.24009902030229568,0.1849886029958725,0.1693868786096573,0.022269136272370815,0.08956383168697357,0.685090959072113,0.14622948318719864,0.3440151736140251,0.5576873868703842,3.7189695820975563,0.0,0.5682770255692624,0.14184635132551193,0.16071489453315735,0.1909799948334694,0.3137436956167221,0.5275222659111023,0.7292838394641876,0.5363818109035492,0.49041876196861267,0.4840679466724396,0.5204448699951172,0.5918764173984528,0.7229345142841339,1.4792895913124084,0.5682770255692624
238,2026.8360691070557,1.0510945246225067,0.24779067933559418,0.18096907834211987,0.22342619200547537,0.5909180124600728,0.04852414081494014,0.0892988180120786,0.011812736606225371,0.19038606683413187,0.19038346310456594,5.208333216918012e-06,0.14852414230505626,1.5269937594731648,0.6698851473629475,0.23724985867738724,0.18501197546720505,0.17006465047597885,0.022164495661854744,0.08936860412359238,0.6860989332199097,0.14656006544828415,0.331473995000124,0.5561203757921854,3.5197212397211888,0.0,0.5299169591697728,0.13992837071418762,0.16037538647651672,0.19151490181684494,0.30419686436653137,0.4925088584423065,0.7003195881843567,0.5266401767730713,0.48785537481307983,0.4774213135242462,0.5108862221240997,0.5988787412643433,0.7350404262542725,1.5562166690826416,0.5299169591697728
239,2035.5393552780151,1.0575258025472674,0.24475907683372497,0.1808304250240326,0.2247033307949702,0.6042744676272075,0.04876578499873479,0.0889455904563268,0.011818513926118612,0.19369709392388662,0.19368472496668498,2.4739583265424394e-05,0.14876578648885092,1.6453381141026815,0.6801619827747345,0.24854858964681625,0.18558119237422943,0.16941139847040176,0.021998492069542408,0.08904797211289406,0.6842662394046783,0.14678344875574112,0.32085059707363445,0.5841245998938879,3.260808237066509,0.0,0.4852027768256227,0.14375624060630798,0.16387157142162323,0.1931745633482933,0.29716283082962036,0.46876153349876404,0.6583768427371979,0.5431039929389954,0.5220850706100464,0.5210307836532593,0.5423619151115417,0.6256321668624878,0.7505336701869965,1.6618805050849914,0.4852027768256227
240,2044.6202130317688,1.0488809024294217,0.24781925876935323,0.1809618999560674,0.22324299613634746,0.5911818623542786,0.04904242505629857,0.08908253808816274,0.011802768940106035,0.18820875783761343,0.18820745646953582,2.604166608459006e-06,0.1490424265464147,1.576041309038798,0.664555549621582,0.2345632240176201,0.18334122002124786,0.169160857796669,0.02208060584962368,0.08919337019324303,0.6832463443279266,0.14705688506364822,0.3464636181791623,0.586817500491937,3.6627713206394263,0.0,0.5569343055706129,0.14007632434368134,0.1674395129084587,0.20179759711027145,0.31720711290836334,0.5130675435066223,0.7391936182975769,0.5429759323596954,0.5183015465736389,0.5177070647478104,0.556366890668869,0.6368828415870667,0.7486707270145416,1.557080829143524,0.5569343055706129
241,2053.553333044052,1.0494546923864012,0.24460550944010417,0.17991310358047485,0.22475396196047465,0.5961709260940552,0.04931564480066299,0.08925388207038244,0.01180732458208998,0.18939509590466816,0.18939119080702463,7.812499825377018e-06,0.14931564629077912,1.383899188041687,0.6776577159762383,0.24591179937124252,0.1856490969657898,0.16946068406105042,0.02215174213051796,0.0892246663570404,0.6865670382976532,0.1474100798368454,0.3318084292113781,0.5742349425951639,3.6628225760690643,0.0,0.5568599789961262,0.13983722776174545,0.16043342649936676,0.19140255451202393,0.3081408739089966,0.5121989548206329,0.6788375377655029,0.5378695726394653,0.5116743743419647,0.5078974962234497,0.550930917263031,0.6081859767436981,0.728851318359375,1.4328885793685913,0.5568599789961262
242,2062.454444169998,1.061693716662315,0.24705241322517396,0.1807953844467799,0.22419830660025278,0.5916419108708699,0.04951008905967077,0.08931689312060674,0.011805458615223566,0.20084319015343985,0.20083928505579632,7.812499825377018e-06,0.1495100905497869,1.5171305418014527,0.6741931475698948,0.23726658523082733,0.18595430999994278,0.17197470366954803,0.022127320989966393,0.08916370943188667,0.6921892166137695,0.14761224389076233,0.34754446645577747,0.5805385808149973,3.9117026767662244,0.0,0.6043749331778647,0.13574323058128357,0.16152525693178177,0.1952660009264946,0.313989982008934,0.5309871584177017,0.7477551698684692,0.5344318598508835,0.5013021528720856,0.498757466673851,0.5542427003383636,0.6422180533409119,0.7522792518138885,1.6042063295841218,0.6043749331778647
243,2071.447734117508,1.0563384442046906,0.24459061721960704,0.1800711711247762,0.2241634915272395,0.5981295784314473,0.049779891471068066,0.08961485127607981,0.011791658261790872,0.1943427085876465,0.19433554708957673,1.4322916589056453e-05,0.14977989296118419,1.5763916651407877,0.6715697310864925,0.2420407012104988,0.18408898264169693,0.16874226927757263,0.02214078512042761,0.08905719220638275,0.6829735338687897,0.14773495495319366,0.33134187137087184,0.5767278894782066,3.852417371296916,0.0,0.5922447769597616,0.13395701348781586,0.15682402998209,0.187479630112648,0.30696432292461395,0.5160583257675171,0.6867679059505463,0.538181334733963,0.5016791522502899,0.5000793486833572,0.5421657562255859,0.6063249707221985,0.7719367742538452,1.5034642815589905,0.5922447769597616
244,2080.208936214447,1.0534055901458488,0.2455487867196401,0.18011313180128732,0.22470921377340952,0.5917626281579336,0.050037760039170584,0.08945967257022858,0.0117950188772132,0.19374052782853443,0.1937379240989685,5.208333216918012e-06,0.1500377615292867,1.390261431535085,0.6710990518331528,0.24090060591697693,0.18448194861412048,0.1689787358045578,0.022174951620399952,0.08907125145196915,0.6854214072227478,0.14791671931743622,0.33494064832727116,0.5504022464156151,3.6806055985355415,0.0,0.5598463693838044,0.13861066102981567,0.16263195872306824,0.1961234137415886,0.3125434070825577,0.5101711750030518,0.6895632743835449,0.5039952397346497,0.47162117063999176,0.4760400652885437,0.5213017165660858,0.5850333869457245,0.7444218993186951,1.3947072207927704,0.5598463693838044
245,2089.139292240143,1.042445236654021,0.245448304216067,0.17965253988901775,0.22384341855843862,0.5883240421613057,0.050272946059703824,0.08929758270581563,0.011816760757938027,0.18512014051278433,0.18511493305365245,1.0416666433836023e-05,0.15027294754981996,1.3027352929115295,0.6698612347245216,0.24119523912668228,0.18384063243865967,0.16837283968925476,0.021972653456032276,0.08892228081822395,0.6824625730514526,0.1482086479663849,0.32756758357087773,0.5706735079487165,3.6401731243757274,0.0,0.5519102251319922,0.1380336657166481,0.16069100052118301,0.19204168766736984,0.30111658573150635,0.5024664402008057,0.6710561215877533,0.529524952173233,0.49172547459602356,0.48834510147571564,0.5263548493385315,0.6064695417881012,0.781621128320694,1.3384897768497468,0.5519102251319922
246,2098.5741481781006,1.0436707896646111,0.24329137007395427,0.17897441188494365,0.22506781617800395,0.5909448226292928,0.05048269083102544,0.0889431893825531,0.011800919659435749,0.18801514009634654,0.18801123400529227,7.812499825377018e-06,0.15048269232114156,1.382102898756663,0.6732347272336483,0.23917555063962936,0.18349210172891617,0.17115656286478043,0.022275961004197598,0.08907860890030861,0.6901037693023682,0.14851917326450348,0.34178994596004486,0.5739893093705177,3.697321771252539,0.0,0.5631124962178844,0.1387801095843315,0.16335904598236084,0.19317550212144852,0.30177778005599976,0.513114720582962,0.7405325174331665,0.517214223742485,0.4947175979614258,0.4913645088672638,0.5387855768203735,0.6306619048118591,0.7711920440196991,1.3397708475589751,0.5631124962178844
247,2107.4221901893616,1.0391917258035392,0.24576508104801179,0.1799871991078059,0.22377305030822753,0.5868401130040487,0.05076926002899806,0.08927392611900965,0.011782791186124086,0.18193577527999877,0.1819331705570221,5.208333216918012e-06,0.15076926151911418,1.3543044606844583,0.6665290035307407,0.2369803786277771,0.18386674672365189,0.16880762577056885,0.022192583419382572,0.08892789483070374,0.6843301951885223,0.14866995811462402,0.33680631468693417,0.5760677854220072,3.633103623150229,0.0,0.5509580323601063,0.13915783166885376,0.16326699405908585,0.19458097964525223,0.3074426054954529,0.5055748224258423,0.7108146548271179,0.537662148475647,0.5044969022274017,0.49868178367614746,0.5479137897491455,0.6178621053695679,0.7497899830341339,1.3491936326026917,0.5509580323601063
248,2116.123304128647,1.0466250296352275,0.24428697725137075,0.17940579156080882,0.22512633005777996,0.5888473570346833,0.05101915051539739,0.08948269784450531,0.011782258826618394,0.18945654233296713,0.18945393860340118,5.208333216918012e-06,0.1510191520055135,1.4184895753860474,0.6792185753583908,0.24796131253242493,0.1845681071281433,0.1694866046309471,0.02212256658822298,0.08874845132231712,0.6851333677768707,0.1490376815199852,0.32663364087541896,0.5777432695031166,3.4162185937429377,0.0,0.5120858114645187,0.1424248218536377,0.16536954045295715,0.19474241882562637,0.3026982694864273,0.4865543246269226,0.6680124700069427,0.5175854712724686,0.4974987804889679,0.5025100708007812,0.5625246465206146,0.6375237107276917,0.7488169372081757,1.4536188125610352,0.5120858114645187
249,2124.7921781539917,1.0443421997129918,0.24391339619954427,0.17862104773521423,0.2246509810288747,0.5872819542884826,0.05128417859474818,0.08940942535797755,0.011780001455917954,0.188784259557724,0.18878230651219685,3.906249912688509e-06,0.1512841800848643,1.296048140525818,0.6662351451814175,0.23710423707962036,0.18170397728681564,0.16913945972919464,0.021998444572091103,0.08852414041757584,0.6857450008392334,0.14919009804725647,0.3297522726158301,0.5690299222866694,3.7032139578394285,0.0,0.5636411884678004,0.1368057206273079,0.15650995820760727,0.18777065724134445,0.306411013007164,0.506620854139328,0.684395432472229,0.5168753266334534,0.5114348828792572,0.5070405900478363,0.5430767834186554,0.6149878799915314,0.7207640707492828,1.304471492767334,0.5636411884678004
250,2133.4594020843506,1.0581033843569458,0.24557022949059804,0.17894607782363892,0.22476465304692586,0.586264455318451,0.05155593305826187,0.08947227348883947,0.011798061958203713,0.20095920463403066,0.20095204412937165,1.4322916346524531e-05,0.15155593454837799,1.4983564376831056,0.6722392812371254,0.2375992015004158,0.182155042886734,0.1717812791466713,0.02234360482543707,0.08916540816426277,0.6884498596191406,0.14945370703935623,0.3393362785379092,0.5755999584992727,3.7231527939040343,0.0,0.5687097257672347,0.1407414749264717,0.16744009405374527,0.1985868513584137,0.3192685544490814,0.5240020155906677,0.6859786808490753,0.5366660952568054,0.4930184781551361,0.4916574954986572,0.5570973753929138,0.6306586563587189,0.7445016503334045,1.55128573179245,0.5687097257672347
251,2142.074229001999,1.0591211030453753,0.24415486057599387,0.17841459115346273,0.22550114691257478,0.5870566487312316,0.051821125050385795,0.0892411877711614,0.01177329410177966,0.2035215864578883,0.20351117153962453,2.0833332867672047e-05,0.15182112654050192,1.5583792487780253,0.6743264272809029,0.23748228698968887,0.18246018886566162,0.1728070229291916,0.02224082499742508,0.08873109892010689,0.6937237977981567,0.14979253709316254,0.33286619807283085,0.5709046125411987,3.575251964994514,0.0,0.5405486880012114,0.1405206173658371,0.1656917706131935,0.19375252723693848,0.3013584464788437,0.5023966133594513,0.693477213382721,0.53361976146698,0.5026620626449585,0.49544861912727356,0.5464005768299103,0.619958907365799,0.7273377478122711,1.5101339399814606,0.5405486880012114
252,2150.676455259323,1.079447948069234,0.24332791368166606,0.1784212072690328,0.22519386311372122,0.5896521369616191,0.05209564715623856,0.08956727435191472,0.011762678949162364,0.2226172020037969,0.22261069218317667,1.3020833284826949e-05,0.15209564864635466,1.6830556074778238,0.668043777346611,0.2373148575425148,0.18396492302417755,0.16937322914600372,0.022238748148083687,0.08872338011860847,0.6843755543231964,0.15001598000526428,0.36511605232954025,0.5763961474100748,4.211593978133495,0.0,0.6651533287837378,0.1344187781214714,0.1638205572962761,0.19960860908031464,0.3336951583623886,0.5661173164844513,0.7930358946323395,0.5356496274471283,0.4947456419467926,0.4971935451030731,0.5538416504859924,0.6330673694610596,0.7438790500164032,1.7468941688537598,0.6651533287837378
253,2159.2692573070526,1.0586793252732605,0.2445412904024124,0.17829087475935618,0.2250227600336075,0.5880869150161743,0.0523294801513354,0.08955702781677247,0.011756849444160859,0.20140453775723774,0.201394122838974,2.0833333110203966e-05,0.15232948164145152,1.7908588250478108,0.671299759298563,0.24277573823928833,0.18258682638406754,0.16861530393362045,0.02209891751408577,0.08838783949613571,0.6836482882499695,0.15023227781057358,0.3364756206671397,0.5765975887576739,3.7842883249080983,0.0,0.5795844169037739,0.13744205981492996,0.16313614696264267,0.19691838324069977,0.31678251922130585,0.52012038230896,0.6844542324542999,0.5411654710769653,0.5013841688632965,0.4984167069196701,0.5414481461048126,0.612373948097229,0.7647970914840698,1.8804515600204468,0.5795844169037739
254,2167.9372861385345,1.0438380830688403,0.24257659117380778,0.17811751266320547,0.2254875471194585,0.5849633793036143,0.05257871995369593,0.08982858111461003,0.011758097416410844,0.18946206669012705,0.18945816159248352,7.812499825377018e-06,0.15257872144381204,1.54530189037323,0.6706906333565712,0.23990394920110703,0.18330514430999756,0.1695670560002327,0.021990979090332985,0.08820107579231262,0.6860401630401611,0.15044108033180237,0.32762059817711514,0.5662184928854307,3.600349184854466,0.0,0.5439279381602371,0.13693276047706604,0.15856541693210602,0.18893815577030182,0.2976052612066269,0.49300575256347656,0.6906762421131134,0.5220986902713776,0.5012459605932236,0.5052680373191833,0.5397898256778717,0.5983774065971375,0.7305310368537903,1.6352375388145446,0.5439279381602371
255,2176.5926473140717,1.0926785405938668,0.246490083138148,0.17839799125989278,0.22497911850611368,0.5833014448483785,0.05283837666114171,0.0896661435564359,0.011756768388052782,0.23532583117485045,0.23531736830870312,1.692708319751546e-05,0.15283837815125784,1.6243110736211142,0.664377111941576,0.2338525429368019,0.1827368661761284,0.16957806795835495,0.022118250839412212,0.08834319561719894,0.6862383186817169,0.15076857805252075,0.3310888384779294,0.5571728199720383,3.4934393221780904,0.0,0.5241979135110816,0.13802364468574524,0.1633845716714859,0.19252224266529083,0.2942228764295578,0.4821772277355194,0.7162024676799774,0.498252809047699,0.47830909490585327,0.47701364755630493,0.5256406664848328,0.6225348114967346,0.741285890340805,1.5924051642417907,0.5241979135110816
256,2185.4214992523193,1.0460021819162648,0.24215273161729176,0.17773410081863403,0.22614746888478596,0.5899423519770305,0.05308116227388382,0.08919633080561956,0.011748979287222027,0.19070087969303132,0.1906937191883723,1.4322916346524531e-05,0.15308116376399994,1.6799599091211954,0.6758853979408741,0.24423793703317642,0.18268155306577682,0.17015334218740463,0.02208866737782955,0.08828242123126984,0.6870666742324829,0.1509712114930153,0.35255166888237,0.5771558955311775,3.9585722705965525,0.0,0.6139297505641996,0.1368974894285202,0.16403813660144806,0.199398472905159,0.32438115775585175,0.5419186055660248,0.7486761510372162,0.5379634499549866,0.509952649474144,0.5124967992305756,0.5597674250602722,0.6117258071899414,0.7310292422771454,1.701934242248535,0.6139297505641996
257,2194.0751259326935,1.071849823219236,0.2423108200232188,0.17812423507372538,0.22583862046400707,0.5866873343785604,0.0533072367310524,0.08952687432368596,0.011755394687255224,0.21707868377367656,0.21707282563050587,1.1718749738065526e-05,0.1533072382211685,1.5693049112955728,0.6663652844727039,0.23422179371118546,0.18094664067029953,0.17083508521318436,0.02185782603919506,0.08785641938447952,0.6891783177852631,0.15122616291046143,0.3407912515103817,0.5623019337654114,3.7982721864955846,0.0,0.581758554692126,0.1350925713777542,0.16667185723781586,0.2047286108136177,0.32118356227874756,0.5131183564662933,0.7039525508880615,0.540963351726532,0.501070573925972,0.4849535971879959,0.5247436463832855,0.6012919843196869,0.720788449048996,1.5491492748260498,0.581758554692126
258,2202.6603701114655,1.0531609366027017,0.2439348469177882,0.17843402127424876,0.22491497099399566,0.5813639879226684,0.05360866834719976,0.0895310327410698,0.011748631143321593,0.19920689463615418,0.1992016871770223,1.0416666676367943e-05,0.1536086698373159,1.4367490847905477,0.6741512678563595,0.2415396198630333,0.18424437195062637,0.1702447310090065,0.022136657498776913,0.08822188153862953,0.6881782114505768,0.15150995552539825,0.33988285313049954,0.5557749792933464,3.898210355765019,0.0,0.6016469883482972,0.13552594184875488,0.1616506427526474,0.19667470455169678,0.31796056032180786,0.528308629989624,0.6991766393184662,0.5071691274642944,0.4852229058742523,0.4900877922773361,0.5396829545497894,0.5988738536834717,0.7136132419109344,1.454361045360565,0.6016469883482972
259,2211.2713351249695,1.0358221902473208,0.24211906194686889,0.17776435712973276,0.22586406668027242,0.5848316351572672,0.05380577097336451,0.08962105611960093,0.011753322867055735,0.18191072444121043,0.18189900616804758,2.343749971866297e-05,0.15380577246348062,1.4603174805641175,0.6717948280274868,0.2440902590751648,0.18116893619298935,0.16856005042791367,0.021901654079556465,0.08785456418991089,0.6832324266433716,0.15180577337741852,0.3324516142408053,0.5833334972461065,3.5465761943954686,0.0,0.5347219145454329,0.1394253820180893,0.16679183393716812,0.19927475601434708,0.3035030663013458,0.49448274075984955,0.691231906414032,0.5468164384365082,0.5197207927703857,0.5111160278320312,0.5493071377277374,0.6270851492881775,0.7459554374217987,1.3864069879055023,0.5347219145454329
260,2219.8762459754944,1.0489799918005398,0.24375338554382325,0.17725104788939158,0.22518817087014517,0.5769906997680664,0.05413232296705246,0.08935565849145254,0.011739486098910372,0.19804852108160656,0.19803550044695536,2.6041666327121978e-05,0.15413232445716857,1.3681324164072672,0.6666679568588734,0.23413653671741486,0.18095550686120987,0.1710268333554268,0.022143595851957798,0.08813675493001938,0.6888009905815125,0.15214122831821442,0.34905896832545596,0.5641400218009949,3.847641983702209,0.0,0.5921837067041288,0.13817808777093887,0.16342293471097946,0.19853179156780243,0.3266284167766571,0.5316598117351532,0.7359327673912048,0.5275137424468994,0.4873633086681366,0.47891104221343994,0.5225676000118256,0.6196674406528473,0.7488169968128204,1.4124639570713042,0.5921837067041288
261,2228.510201215744,1.0414345402503387,0.24066670040289562,0.1770915776491165,0.22622632185618083,0.5875518838564555,0.05443261712789536,0.08928474485874176,0.011745166933784882,0.18827591637770336,0.18826810419559478,1.5624999893285955e-05,0.15443261861801147,1.5284592787424722,0.6772158816456795,0.2461671680212021,0.18380670249462128,0.16957268118858337,0.02220151759684086,0.08826451376080513,0.686278373003006,0.1522924229502678,0.3374643971522649,0.5638753275076548,3.7131757544999395,0.0,0.5656529523969465,0.13708797842264175,0.16726305335760117,0.19937248528003693,0.30829793214797974,0.5090317577123642,0.7037331759929657,0.5165224373340607,0.49894973635673523,0.48435330390930176,0.5261855721473694,0.6173767745494843,0.7398641407489777,1.553290855884552,0.5656529523969465
262,2237.227081298828,1.0358452824914517,0.24398817817370097,0.1775057464838028,0.22512944142023722,0.5840207099914551,0.054617673655351,0.08923123180866241,0.011733444190273683,0.18104962706565858,0.18103791077931722,2.343749947613105e-05,0.15461767514546712,1.7917033513387044,0.6705115139484406,0.23937442153692245,0.18076880276203156,0.17037634551525116,0.022037138231098652,0.08785402029752731,0.6868973672389984,0.1525438278913498,0.34903254235784215,0.5900837505857149,3.820608674557626,0.0,0.5871178058147981,0.13912983238697052,0.17027097940444946,0.20939306169748306,0.3319450318813324,0.5315606445074081,0.7118957042694092,0.5561670362949371,0.5238664746284485,0.5164452642202377,0.5569773018360138,0.6240445673465729,0.7630018591880798,1.809592866897583,0.5871178058147981
263,2245.8752892017365,1.0379610555731535,0.24136281112829844,0.17676987648010253,0.22572879493236542,0.5820522904396057,0.054893391827742256,0.08978454420963923,0.011730589205399156,0.1858389049768448,0.18583565056324006,6.510416521147515e-06,0.15489339331785837,1.5886404355367025,0.6661088429391384,0.23675791919231415,0.1810634657740593,0.1694095954298973,0.021919826045632362,0.08767242357134819,0.6857514381408691,0.15276890248060226,0.35784289613366127,0.5994375993808111,4.089312108596931,0.0,0.6402880094438241,0.13712748885154724,0.1650439351797104,0.20283640176057816,0.33409997820854187,0.5607571005821228,0.7471924722194672,0.5459090173244476,0.5145072937011719,0.5246992111206055,0.585560530424118,0.6544294655323029,0.7715200781822205,1.5758147358894348,0.6402880094438241
264,2254.6042680740356,1.0380934540259963,0.2426539570093155,0.17654649615287782,0.225614595413208,0.581554647286733,0.05511859903732936,0.0896674911181132,0.011716970661655068,0.18517562846342722,0.18517172237237295,7.812499825377018e-06,0.15511860052744547,1.747758110364278,0.6708732098340988,0.2384149357676506,0.1813056617975235,0.17090272158384323,0.021967332810163498,0.08759409561753273,0.6892842352390289,0.15313226729631424,0.3440648379425208,0.5992894445856413,3.959034440811568,0.0,0.61401082457657,0.13682764023542404,0.16921045631170273,0.2050153687596321,0.32395942509174347,0.5417053401470184,0.6876707971096039,0.5372462570667267,0.5206064581871033,0.515520766377449,0.5609619915485382,0.6436097323894501,0.8177914619445801,1.6826893210411071,0.61401082457657
265,2263.209747314453,1.0395568221458233,0.2397402862707774,0.17562053501605987,0.22595643798510234,0.5891907374064128,0.05546701103448868,0.08932359715302786,0.011725696533297499,0.1866757055123647,0.18666463891665142,2.2135416171901547e-05,0.1554670125246048,1.867553464571635,0.6663620844483376,0.23594331741333008,0.1804720014333725,0.17009138315916061,0.022013490088284016,0.0878455862402916,0.68697589635849,0.15319149941205978,0.32857900112867355,0.5771496618787447,3.6771787620943153,0.0,0.5582541497895868,0.1356281116604805,0.16214816272258759,0.19441253691911697,0.3003745824098587,0.49872881174087524,0.6801818013191223,0.5109687149524689,0.4954145550727844,0.5008403211832047,0.565589189529419,0.6422905027866364,0.7477946877479553,1.7663988947868348,0.5582541497895868
266,2271.976603269577,1.0409603369558076,0.24131384193897248,0.17610866924126942,0.22581995129585267,0.5816612084706624,0.05572048276662826,0.08916723330815633,0.011717459761227171,0.1902272343635559,0.19021486441294352,2.4739583022892474e-05,0.1557204842567444,1.5606058319409688,0.6742256097495556,0.24470669776201248,0.181874580681324,0.16929081082344055,0.02217437420040369,0.08787261694669724,0.6842020452022552,0.1537148877978325,0.33527886867523193,0.5866545339425405,3.688412362545131,0.0,0.5614986552302053,0.1390809342265129,0.16735851764678955,0.2012202963232994,0.3105109632015228,0.5129878371953964,0.6805146634578705,0.5385459363460541,0.5070135295391083,0.502408891916275,0.5579631328582764,0.6361730098724365,0.7778227031230927,1.6266470313072205,0.5614986552302053
267,2280.6924591064453,1.0463858078757766,0.23952387670675915,0.17650265296300252,0.2262596905231476,0.579959527651469,0.05598893016576767,0.08912968436876932,0.01172144537170728,0.19799282948176067,0.19797785679499308,2.9947916239810486e-05,0.1559889316558838,1.3649310270945232,0.6684193685650826,0.23563726991415024,0.18101489543914795,0.17113732546567917,0.022270727902650833,0.08808271959424019,0.688158392906189,0.15394990146160126,0.3457336015999317,0.5793736825386683,3.7137234023499492,0.0,0.566994083340073,0.14102064818143845,0.16857824474573135,0.2036311998963356,0.32662035524845123,0.5237116813659668,0.7108394801616669,0.5462534725666046,0.5121007561683655,0.5033306777477264,0.5435172319412231,0.6214547753334045,0.7495851814746857,1.2832714080810548,0.566994083340073
268,2289.3761551380157,1.0423096837475896,0.24181274076302847,0.17693313757578533,0.22548240621884663,0.5845530410607656,0.05626546194156011,0.08943086167176564,0.011708869598805904,0.18845481872558595,0.1884333352247874,4.296874952463744e-05,0.15626546343167622,1.828525710105896,0.6666399277746677,0.23643235117197037,0.18059124797582626,0.16995597630739212,0.02217266522347927,0.08777988329529762,0.6868844330310822,0.1539497897028923,0.3555538480480512,0.5746124386787415,3.913780691691011,0.0,0.6054227645753294,0.139058917760849,0.17141112685203552,0.20884951949119568,0.3329467624425888,0.544246107339859,0.7368106544017792,0.5496232807636261,0.5066355168819427,0.5024025142192841,0.5487360656261444,0.6140156686306,0.7262615859508514,1.995607042312622,0.6054227645753294
269,2298.0439932346344,1.047561783704441,0.2411560704310735,0.1759693423906962,0.22626425127188365,0.5781301200389862,0.056450680394967395,0.08955792586008708,0.011703809350728988,0.1976328005393346,0.19761977990468343,2.604166705471774e-05,0.15645068188508351,1.6249937295913697,0.6643398068845272,0.23252179473638535,0.1801750734448433,0.1708652377128601,0.021989678032696247,0.08737058565020561,0.6878692507743835,0.15435407310724258,0.3346373712023099,0.5755903174479803,3.6512678533660927,0.0,0.5538977170419853,0.13763395696878433,0.16783228516578674,0.2010648027062416,0.3105546534061432,0.5025384426116943,0.6882000863552094,0.5286485254764557,0.49368202686309814,0.4856097102165222,0.5344007909297943,0.6256958842277527,0.7855049669742584,1.7117902398109437,0.5538977170419853
270,2306.6725401878357,1.0224932723581637,0.23962672452131908,0.17492500940958658,0.22617978552977244,0.574866513411204,0.05670670320590337,0.08916500906149546,0.011698532678807775,0.17691466013590496,0.17690684894720712,1.5624999650754035e-05,0.1567067046960195,1.4948194901148477,0.6629033908247948,0.23473796248435974,0.1786917895078659,0.16940976679325104,0.021926667541265488,0.08726118877530098,0.6852222383022308,0.15460792183876038,0.32397034267584485,0.5791423867146174,3.729959677890368,0.0,0.5680677942662254,0.1339445263147354,0.15833739191293716,0.1891435608267784,0.2941814512014389,0.4996076822280884,0.6686074435710907,0.5326616764068604,0.5077843815088272,0.5065711885690689,0.551993727684021,0.6211631298065186,0.7546802163124084,1.5674489974975585,0.5680677942662254
271,2315.3541502952576,1.0337048847111874,0.2382896383603414,0.17578550080458324,0.22726780772209168,0.5785341302553813,0.0570457324385643,0.08947317898273469,0.01170362231011192,0.18630388379096985,0.18629542092482249,1.692708295498354e-05,0.15704573392868043,1.3837274074554444,0.6718357838690281,0.23983463644981384,0.1820845678448677,0.1704794317483902,0.022089489735662937,0.08751128241419792,0.6887064576148987,0.1548432856798172,0.3343700592716535,0.5894641801714897,3.714173796520293,0.0,0.5659563583152222,0.13746150583028793,0.166354201734066,0.19952619075775146,0.31368550658226013,0.5105559229850769,0.6786370277404785,0.5365730822086334,0.49996353685855865,0.4947543740272522,0.5401504933834076,0.6448099315166473,0.8205336630344391,1.3966375589370728,0.5659563583152222
272,2324.0439059734344,1.0315660414130738,0.2408623566230138,0.1753894120454788,0.22597566942373912,0.5721483667691548,0.0572605237364769,0.089010156194369,0.011696237046271563,0.18593221803506216,0.18592440585295358,1.5624999650754035e-05,0.157260525226593,1.6032139221827189,0.6629654727876186,0.2305087372660637,0.17979414016008377,0.17127983272075653,0.021968279033899307,0.08725710585713387,0.6904000341892242,0.15511207282543182,0.33865435669819516,0.5716719254851341,3.7538271174263858,0.0,0.5732059562105032,0.13579273968935013,0.1633276641368866,0.19720544666051865,0.3099790960550308,0.5097424685955048,0.7158787250518799,0.5495260953903198,0.4962313026189804,0.4868074059486389,0.5282350182533264,0.6107407212257385,0.7584910094738007,1.6578295826911926,0.5732059562105032
273,2332.940309047699,1.0277664803938629,0.23899147311846416,0.17460951308409373,0.2262306272983551,0.5712777217229207,0.057547196249167126,0.08928398986657461,0.011690346989780664,0.18411319355169933,0.184108637770017,9.11458312960652e-06,0.15754719773928325,1.4492978692054748,0.6665319800376892,0.2397620901465416,0.17948146164417267,0.16851457953453064,0.022001980803906918,0.08726805821061134,0.6849349141120911,0.15545043349266052,0.34140673155585927,0.5872655957937241,3.694707866030496,0.0,0.5633569863225673,0.14102020859718323,0.16949352622032166,0.20077694207429886,0.31103914976119995,0.5210284739732742,0.7050820887088776,0.5704496502876282,0.5080397129058838,0.5023639500141144,0.5568606853485107,0.6280824542045593,0.757797122001648,1.4033922612667085,0.5633569863225673
274,2341.6225230693817,1.0336728942289484,0.24098631044228871,0.1749754548072815,0.2261064777771632,0.572529015938441,0.05780029048522314,0.08922747522592545,0.011689696988711754,0.18721516231695812,0.18720604677995045,1.8229166501744962e-05,0.15780029197533926,1.55599365234375,0.6583232134580612,0.2293691188097,0.17947131395339966,0.1696092188358307,0.02190608438104391,0.08702568709850311,0.6852465569972992,0.15558494627475739,0.34490568439165753,0.5923072944084803,3.962488289685876,0.0,0.6150023234241544,0.13859712332487106,0.1635117307305336,0.19953881204128265,0.3272161930799484,0.5491894781589508,0.6913807690143585,0.5308590531349182,0.5056927502155304,0.5122231245040894,0.5628844201564789,0.6431080400943756,0.7990763783454895,1.556849193572998,0.6150023234241544
275,2350.393345117569,1.0256123652022022,0.23775145908196768,0.17478360732396445,0.22680898904800414,0.5773017406463623,0.058067704737186435,0.08932005167007447,0.011686344351619481,0.17971040805180868,0.1797058512767156,9.11458312960652e-06,0.15806770622730254,1.6775708754857381,0.6545948833227158,0.22979547083377838,0.1781691610813141,0.16785741597414017,0.021927567198872566,0.08706864714622498,0.6821726560592651,0.1558443158864975,0.33567722017566365,0.5519668857256571,3.6979776391568504,0.0,0.5630939782746214,0.1383243426680565,0.16594592481851578,0.1997765675187111,0.31454358994960785,0.5115203261375427,0.6839525699615479,0.5166129767894745,0.47978992760181427,0.47793374955654144,0.5253163576126099,0.5986675918102264,0.7134807109832764,1.737222969532013,0.5630939782746214
276,2359.0759789943695,1.0322466893238016,0.24018999934196472,0.17537287672360738,0.2258478750785192,0.5665987133979797,0.058360839386781056,0.08916129072507223,0.011710281080255906,0.18922655085722606,0.18922004103660583,1.3020833284826949e-05,0.15836084087689717,1.5729747374852499,0.6576064303517342,0.23295893520116806,0.17740339040756226,0.1679728999733925,0.022180426865816116,0.08737489953637123,0.6816961467266083,0.15617681294679642,0.3407021375993888,0.5816110521554947,4.073934085029449,0.0,0.6367022596637792,0.13082508742809296,0.16556064039468765,0.20441904664039612,0.32866089046001434,0.5329727828502655,0.681774377822876,0.5264711081981659,0.49114926159381866,0.48699648678302765,0.550875723361969,0.6479653716087341,0.7862083613872528,1.5513763785362245,0.6367022596637792
277,2367.872274160385,1.0253606653423049,0.23711770872275034,0.17434428532918295,0.22641391158103943,0.5727834482987721,0.05865348329146703,0.08921129604180654,0.01167913641159733,0.1825364996989568,0.18252868751684825,1.5624999650754035e-05,0.15865348478158314,1.4413077751795451,0.6574439369142056,0.23263558000326157,0.17798487097024918,0.1679079607129097,0.022008627653121948,0.08694649115204811,0.6825002133846283,0.15628016740083694,0.3418017278114955,0.5450393855571747,3.767901666531076,0.0,0.5758074447485373,0.13517466187477112,0.16811160743236542,0.20304818451404572,0.31231437623500824,0.5093248337507248,0.7228367030620575,0.5032409727573395,0.4717838168144226,0.46338120102882385,0.5140652656555176,0.5955083668231964,0.7222566902637482,1.4240439295768739,0.5758074447485373
278,2376.590486049652,1.0273645704010657,0.2394162307182948,0.17419770856698355,0.225491131345431,0.5679869850476583,0.05886382212241491,0.08927571972211203,0.011674764519557356,0.18457231124242146,0.18455799023310343,2.8645832935580982e-05,0.158863823612531,1.5446521997451783,0.6562094911932945,0.23442965000867844,0.17739024758338928,0.16654235869646072,0.0219468642026186,0.08680148050189018,0.6789498627185822,0.15691149979829788,0.3380960275729497,0.5757156436642011,3.9028973835390413,0.0,0.6023434067440979,0.1341155841946602,0.16608057916164398,0.2011617347598076,0.3131556510925293,0.5234393626451492,0.6906232535839081,0.5595990121364594,0.4884856790304184,0.484441339969635,0.5373543798923492,0.6107984185218811,0.7736150324344635,1.569208574295044,0.6023434067440979
279,2385.2893600463867,1.0158969783340581,0.23799975514411925,0.1737211326758067,0.22558077275753022,0.5679149150848388,0.05914756705363591,0.08900646070639293,0.011666471976786852,0.17518444657325744,0.17517858743667603,1.1718749738065526e-05,0.15914756854375203,1.5561507225036622,0.655276570469141,0.23210139572620392,0.17722142487764359,0.16728223115205765,0.022022717632353306,0.08683070167899132,0.6802331805229187,0.15691540390253067,0.326334860175848,0.5795860936244329,3.4765895085485736,0.0,0.5217532961572375,0.13957658410072327,0.16525989770889282,0.19844549149274826,0.3041699230670929,0.48525048792362213,0.6653067767620087,0.520568236708641,0.5103583484888077,0.49933746457099915,0.5329917371273041,0.628701388835907,0.7855593860149384,1.534977674484253,0.5217532961572375
280,2393.976938009262,1.0409853200544603,0.2385598212480545,0.17355008522669474,0.2258393963177999,0.565030433734258,0.05938226828972499,0.08916732370853424,0.01166595338533322,0.2007756233215332,0.2007632553577423,2.4739582780360555e-05,0.1593822697798411,1.5698139508565268,0.656811036169529,0.2302626520395279,0.17736680805683136,0.1689324900507927,0.022038075141608715,0.0868385061621666,0.6823697686195374,0.1571740135550499,0.3399695058663686,0.5854587629437447,3.84002426729571,0.0,0.5897535439685999,0.13381223380565643,0.16555976122617722,0.20310508459806442,0.3206525444984436,0.5138422250747681,0.7028451859951019,0.5688055157661438,0.5227671265602112,0.5043874830007553,0.5323872566223145,0.6062457263469696,0.7781594693660736,1.5890987873077393,0.5897535439685999
281,2402.690612077713,1.0220956450211816,0.23696525692939757,0.1736103892326355,0.22621633509794872,0.5739977478981018,0.059667153656482695,0.08894991874694824,0.011669526311258475,0.17922084828217824,0.17920652528603873,2.8645832935580982e-05,0.15966715514659882,1.8149885932604473,0.6525160893797874,0.2284323051571846,0.1779504418373108,0.16755428165197372,0.021912546828389168,0.08660750463604927,0.6827351450920105,0.15739084035158157,0.35591280336181325,0.5891057153542837,3.951299221666396,0.0,0.6131234980368492,0.14038994908332825,0.1656404733657837,0.19919564574956894,0.3211010992527008,0.5547226965427399,0.7544269561767578,0.5316194891929626,0.5136006772518158,0.5084616839885712,0.568274974822998,0.641080766916275,0.7715966999530792,1.8362172782421111,0.6131234980368492
282,2411.3543779850006,1.0148973369194816,0.23849530915419262,0.17350484331448873,0.22605779866377512,0.5705003182093302,0.059971241652965544,0.08945288807153702,0.01165764384592573,0.17115363081296284,0.17114451626936594,1.822916625921304e-05,0.15997124314308167,2.000695006052653,0.6565368361771107,0.22833695262670517,0.1771501526236534,0.1698124036192894,0.02204656135290861,0.08670428022742271,0.6852385997772217,0.15763288736343384,0.33838843181729317,0.5861509839693705,3.9540027120375734,0.0,0.6124350933443743,0.1328393742442131,0.16846273094415665,0.20877095311880112,0.33357030153274536,0.5252472460269928,0.66143998503685,0.5506711304187775,0.5195314884185791,0.5117700695991516,0.5555491149425507,0.6273180544376373,0.752066045999527,2.1275798797607424,0.6124350933443743
283,2420.0049121379852,1.0180977116106078,0.23666171530882518,0.17336977422237396,0.226579549908638,0.5666683554649353,0.06027777741352717,0.08922664672136307,0.011675059453894694,0.17841554780801136,0.17840382953484854,2.343749947613105e-05,0.16027777890364328,1.6609204530715942,0.6641962006688118,0.24001622945070267,0.17844191193580627,0.167479507625103,0.021852055564522743,0.08650689199566841,0.6810473203659058,0.1581086665391922,0.3311067918936412,0.5860907956957817,3.6925201503945475,0.0,0.5610958766012751,0.13517547398805618,0.16310254484415054,0.1959504932165146,0.3006334453821182,0.49913816154003143,0.692640632390976,0.5496797263622284,0.5208185017108917,0.5075661689043045,0.5490880906581879,0.6192686855792999,0.7701236009597778,1.609263575077057,0.5610958766012751
284,2428.6915550231934,1.0198170064909695,0.23592576483885447,0.17310623824596405,0.22664403021335602,0.5660948594411214,0.06046901990969976,0.08879806896050771,0.011661051617314419,0.18204647898674012,0.18204061985015868,1.1718749738065526e-05,0.16046902139981586,1.4672365625699362,0.662612970918417,0.23353377729654312,0.17757410556077957,0.17014607042074203,0.022112770937383175,0.08672595024108887,0.6863838136196136,0.1582784652709961,0.33426595230897266,0.5922653526067734,3.8117848620069763,0.0,0.5845066373500485,0.13547217100858688,0.16618962585926056,0.19878410547971725,0.30783310532569885,0.5163907706737518,0.6809259355068207,0.5505264699459076,0.49870651960372925,0.5002326369285583,0.5611264407634735,0.6506430208683014,0.7923570275306702,1.433665817975998,0.5845066373500485
285,2437.393712282181,1.0263568701067318,0.238109815120697,0.1735452562570572,0.22583000759283703,0.5606650074323019,0.06080273439486821,0.08939604808886846,0.01166090766588847,0.18761633535226185,0.18761242926120758,7.812499825377018e-06,0.16080273588498434,1.4314682364463807,0.6540004871785641,0.2304670512676239,0.1766376718878746,0.16760729998350143,0.021938761696219444,0.08645758777856827,0.6828074753284454,0.15844744443893433,0.33789340903361637,0.594385360678037,3.7563104818885282,0.0,0.574713204766755,0.13949615508317947,0.16776399314403534,0.20095203071832657,0.30817486345767975,0.5239908695220947,0.6869825422763824,0.5575026273727417,0.5211292505264282,0.5156869292259216,0.56534144282341,0.6278349161148071,0.7788169980049133,1.4258701086044312,0.574713204766755
286,2446.3386690616608,1.0187196169126158,0.23686476051807404,0.17328023314476013,0.2261645168066025,0.5602446715037028,0.061041501661141716,0.08900743126869201,0.011652114025006691,0.18219252526760102,0.1821840633948644,1.692708295498354e-05,0.16104150315125784,1.4651498158772787,0.663315411657095,0.23279879242181778,0.17662835866212845,0.17110121995210648,0.022150891833007336,0.08667813614010811,0.6882005631923676,0.15880847722291946,0.33460401743650436,0.5761783048510551,3.628030930300454,0.0,0.5497739569932235,0.13854717463254929,0.17129062861204147,0.20418894290924072,0.3114757686853409,0.5026534348726273,0.6794681549072266,0.5374228656291962,0.49637065827846527,0.4915316700935364,0.5341836214065552,0.6308829486370087,0.7666780650615692,1.4291536688804627,0.5497739569932235
287,2455.020508289337,1.0367632553408233,0.23681629598140716,0.17293987572193145,0.22628308137257894,0.5619304498036702,0.06137071301539739,0.08901703258355459,0.011646810236076515,0.19941704372564953,0.19941248695055644,9.11458312960652e-06,0.16137071450551352,1.62699347337087,0.6560068801045418,0.23021410405635834,0.1778591126203537,0.1684316098690033,0.022064884193241596,0.08648991212248802,0.6845346689224243,0.1591237708926201,0.34064242864648503,0.5682954813043276,3.8002813382312324,0.0,0.5822168843261865,0.1353686898946762,0.166373573243618,0.20275713503360748,0.317802831530571,0.5144391059875488,0.7071132361888885,0.5367205440998077,0.5071528404951096,0.5024482011795044,0.5274293422698975,0.5956472754478455,0.7403746843338013,1.9150469183921814,0.5822168843261865
288,2463.7559320926666,1.0330066963428786,0.23708871404329937,0.17301041185855864,0.22577211956183116,0.5650846918423971,0.061631996929645536,0.08927961935599645,0.011644518235698342,0.1931713084379832,0.19315698643525442,2.8645832693049063e-05,0.16163199841976167,1.726729941368103,0.6633238829672337,0.2384994924068451,0.18013254553079605,0.16737905889749527,0.02202087827026844,0.08654818311333656,0.6828452050685883,0.15929193794727325,0.3336968260506789,0.5823207447926203,3.7098853383071213,0.0,0.5648843882977048,0.13663874566555023,0.16301415860652924,0.19699131697416306,0.31481578946113586,0.5069140791893005,0.6838068664073944,0.5606796741485596,0.5205766558647156,0.5162682831287384,0.5492750704288483,0.5989932119846344,0.7481315732002258,1.7910404443740844,0.5648843882977048
289,2472.458965063095,1.0228597540059128,0.2349959095319112,0.17234359482924144,0.22582040429115297,0.5624199509620667,0.06191693792740504,0.0887241393327713,0.011638269014656543,0.18774755001068116,0.18773713409900666,2.0833333110203966e-05,0.16191693941752117,1.4304759820302329,0.6684831567108631,0.24033214896917343,0.1774175688624382,0.1697211116552353,0.022079436108469963,0.08642744272947311,0.6874367594718933,0.15963402390480042,0.34324346979459125,0.5798957919081053,3.819709158453262,0.0,0.5860820604665627,0.13552893698215485,0.16749509423971176,0.20039332658052444,0.315999373793602,0.5176811218261719,0.7223629653453827,0.5320245921611786,0.50101138651371,0.5052347183227539,0.5462009906768799,0.6255953013896942,0.7693077623844147,1.3931021451950074,0.5860820604665627
290,2481.3627603054047,1.0109317150160981,0.2356136957804362,0.1720391164223353,0.22613710860411326,0.5576166013876597,0.062228132784366605,0.08903467754522959,0.01163846643952032,0.1769472728172938,0.17693099677562713,3.255208309080141e-05,0.16222813427448274,1.593576196829478,0.6564839035272598,0.2321406528353691,0.17732234299182892,0.16784103959798813,0.022118522785604,0.08637172728776932,0.6814763247966766,0.15976300835609436,0.3391413241624832,0.5774866913755735,3.692732212335816,0.0,0.5615547944244966,0.13660845905542374,0.16704704612493515,0.2032301425933838,0.3113310635089874,0.5044584572315216,0.7121727764606476,0.5453001260757446,0.5073260217905045,0.5016088783740997,0.5324423313140869,0.610058069229126,0.7681847214698792,1.537883847951889,0.5615547944244966
291,2490.1726701259613,1.0296259445817364,0.23516719043254852,0.17186919152736663,0.22574309309323629,0.560788506269455,0.06248605599006017,0.08870018223921458,0.011645556893199682,0.19516537785530091,0.19515105585257211,2.8645833420644825e-05,0.16248605748017628,1.6592807054519654,0.6551915891468525,0.2318134680390358,0.1772739216685295,0.16737058013677597,0.02210480161011219,0.08628590032458305,0.6815625429153442,0.160226471722126,0.3512465904156367,0.5705958778659502,3.934340833218565,0.0,0.6092020599032155,0.13751862943172455,0.1686515063047409,0.2055569887161255,0.3271348476409912,0.5410451591014862,0.7275724112987518,0.538290798664093,0.49164867401123047,0.4874414652585983,0.5593453347682953,0.6213736534118652,0.7254753410816193,1.715966558456421,0.6092020599032155
292,2498.9071741104126,1.0127462924613306,0.23734471201896667,0.17232593695322673,0.2258018712202708,0.5585880219936371,0.06272932936747869,0.08888337711493174,0.01162805175408721,0.17648878395557405,0.17647836804389955,2.0833333352735886e-05,0.1627293308575948,1.8587724169095357,0.6568457148969173,0.22929643094539642,0.1763751432299614,0.1696808561682701,0.021990635432302952,0.08602431043982506,0.6885450780391693,0.1605566442012787,0.3424779027700424,0.5597921709219614,3.9106058181966152,0.0,0.6038722396807272,0.13402549922466278,0.1657141074538231,0.2033602073788643,0.31968872249126434,0.5241208970546722,0.7079579830169678,0.5257611274719238,0.4900034964084625,0.4841649532318115,0.5265906155109406,0.5955948829650879,0.7366379499435425,1.6260246932506561,0.6038722396807272
293,2507.671818971634,1.0039745077646027,0.23489729464054107,0.17185372213522593,0.2263150711854299,0.5565715511639913,0.0630906030535698,0.08874253630638122,0.011642445670440793,0.17145631710688272,0.17144785324732462,1.692708295498354e-05,0.1630906045436859,1.3864797751108806,0.6500521823763847,0.2270696684718132,0.1754448115825653,0.16763005405664444,0.022057462483644485,0.0860808677971363,0.6825361549854279,0.16080734878778458,0.3327117549876372,0.5637615621089935,3.7835109970731278,0.0,0.5785367872854156,0.1336911991238594,0.16465379297733307,0.19734697043895721,0.30346260964870453,0.5058221220970154,0.6912938356399536,0.5166165679693222,0.47772690653800964,0.4722062200307846,0.5230677723884583,0.6153132915496826,0.7776386141777039,1.378773945569992,0.5785367872854156
294,2516.2914810180664,1.0154255963706722,0.23470273713270823,0.17178915043671925,0.22579370538393656,0.5544740637143453,0.0633604591091474,0.08888396769762039,0.011619353651379545,0.1838208148876826,0.18380779425303143,2.6041666812185817e-05,0.1633604605992635,1.3826485832532247,0.6533023938536644,0.22950464487075806,0.17426957190036774,0.16833148151636124,0.021915003657341003,0.08584849536418915,0.6832579970359802,0.16104014962911606,0.33264799043536186,0.5902125835418701,3.569302117048737,0.0,0.5381144594725489,0.13716460019350052,0.16461236774921417,0.1973315328359604,0.3046122342348099,0.489581897854805,0.7025853097438812,0.567298173904419,0.5136158466339111,0.506940484046936,0.5485666692256927,0.6402044594287872,0.7646498680114746,1.2376577794551848,0.5381144594725489
295,2524.9264550209045,1.012831147048079,0.23458920816580456,0.17141943673292795,0.225989431142807,0.5528143525123597,0.06359277019898096,0.08874687254428863,0.011617868797232707,0.18249327540397645,0.18247960309187572,2.7343749631351482e-05,0.16359277168909708,1.4627484361330667,0.6570694148540497,0.23406932502985,0.17652271687984467,0.16736936569213867,0.021929288282990456,0.08578820154070854,0.6839249730110168,0.16153686493635178,0.34277472893397015,0.5953813468416532,3.7667106623269007,0.0,0.576741085022295,0.139542818069458,0.1683478206396103,0.20017096400260925,0.31286753714084625,0.5256174206733704,0.7101018130779266,0.5542067289352417,0.5140730142593384,0.5125686377286911,0.5676938891410828,0.6555868685245514,0.7681589424610138,1.631328785419464,0.576741085022295
296,2533.609701156616,1.0036661786822758,0.23475252985954284,0.1711241990327835,0.22557720839977263,0.5534178098042806,0.0639309878150622,0.08892858177423477,0.011634093057364226,0.17251715262730916,0.1725099911292394,1.4322916346524531e-05,0.16393098930517833,1.7112866560618083,0.6560226269066334,0.2319265976548195,0.17573436349630356,0.16811442375183105,0.02216632291674614,0.08613656461238861,0.6828978955745697,0.16156354546546936,0.3270297733445962,0.5627937292059263,3.748025035121961,0.0,0.5712496513533424,0.13238785415887833,0.1616917997598648,0.194815993309021,0.30420127511024475,0.496192991733551,0.6728887259960175,0.5103736221790314,0.49356016516685486,0.48538754880428314,0.5211727619171143,0.6132805943489075,0.7529876828193665,1.8065824627876281,0.5712496513533424
297,2542.1900610923767,1.0246335767054309,0.2358041872580846,0.17118146121501923,0.2254252811272939,0.5533600012461345,0.06419183959563574,0.08850131531556447,0.01160872746258974,0.19317627449830374,0.1931723694006602,7.812499825377018e-06,0.16419184108575186,1.8239047368367514,0.6500784419476986,0.23073531687259674,0.1762600764632225,0.1656065434217453,0.021958031691610813,0.0856778658926487,0.6772601902484894,0.16193708777427673,0.3453272891541322,0.5670857379833857,3.795777057640763,0.0,0.5818180290294693,0.1373910754919052,0.16472235321998596,0.19662127643823624,0.3129184693098068,0.5215058922767639,0.7388046681880951,0.5138997137546539,0.4939156472682953,0.4975234866142273,0.5420719683170319,0.6175790131092072,0.7375245988368988,1.9623229146003722,0.5818180290294693
298,2550.8045370578766,1.002628234680742,0.23291593392690021,0.17071185410022735,0.22607877751191457,0.5516165534655253,0.06449153472979864,0.08860275248686472,0.011615174325803916,0.17474667330582935,0.17473169962565105,2.9947916239810486e-05,0.16449153621991475,1.5887375275293987,0.6525107696652412,0.23253122717142105,0.17576998472213745,0.16604727506637573,0.021991774439811707,0.08579365909099579,0.677840530872345,0.16213198751211166,0.32984890788793564,0.5616959532101949,3.748474847930508,0.0,0.5716465597819712,0.1337282508611679,0.15946978330612183,0.189205139875412,0.29983966052532196,0.5012769848108292,0.695573627948761,0.52402463555336,0.4936642348766327,0.48946720361709595,0.5330635011196136,0.6017521619796753,0.7282039821147919,1.5063273310661316,0.5716465597819712
299,2559.4277741909027,1.0007214974573193,0.23415827353795368,0.17072273492813111,0.22573588093121846,0.5500317990779877,0.06477663765350977,0.08843406240145366,0.011607389136527976,0.17261481483777363,0.17259853780269624,3.255208309080141e-05,0.1647766391436259,1.5534812569618226,0.6501789316534996,0.226194828748703,0.17478780448436737,0.16829510033130646,0.02186586707830429,0.08549050241708755,0.683205246925354,0.16238845139741898,0.3370461364587148,0.5597629944483439,3.714528300454165,0.0,0.565999466339901,0.13737544417381287,0.16491103917360306,0.19827408343553543,0.30951565504074097,0.5102849751710892,0.7019156217575073,0.507677286863327,0.46796759963035583,0.4624989628791809,0.5224646925926208,0.6180804073810577,0.7798890173435211,1.6157592058181762,0.565999466339901
300,2568.0065772533417,0.9986521069717128,0.23325033684571583,0.17036110460758208,0.2256139983733495,0.5479702313741048,0.06506417840719222,0.08886058231194814,0.011599483635897438,0.1716815123955409,0.1716743508974711,1.4322916589056453e-05,0.16506417989730834,1.4941871126492818,0.6539186276495457,0.23231282085180283,0.17639973014593124,0.1667029708623886,0.021874823607504368,0.08540987968444824,0.6800020635128021,0.16276460140943527,0.32993755862116814,0.5632286866505941,3.65969395369926,0.0,0.555300755986088,0.1369803547859192,0.16355175524950027,0.19542928040027618,0.3041232079267502,0.5013061761856079,0.6782345771789551,0.5070686340332031,0.47920770943164825,0.47827132046222687,0.5331237018108368,0.6222266554832458,0.7594740986824036,1.439973908662796,0.555300755986088
301,2577.2012042999268,1.0158912262607676,0.22994081676006317,0.1640031059583028,0.22702840566635132,0.5596419235070547,0.0653836245338122,0.08858818709850311,0.011595435130099455,0.18981754581133525,0.18979801336924235,3.906250009701277e-05,0.16538362602392834,1.568599287668864,0.6527869068086147,0.22884446382522583,0.1655418798327446,0.1705857515335083,0.021865760907530785,0.08533734083175659,0.6882485151290894,0.1630670428276062,0.3587828725576401,0.5825401544570923,3.9595912238446447,0.0,0.6145500184684256,0.13927347213029861,0.16883166134357452,0.20819764584302902,0.3329036980867386,0.5514660179615021,0.7520247399806976,0.5479783713817596,0.5169514864683151,0.5040192753076553,0.5453113913536072,0.6195452213287354,0.7614351809024811,1.5965569138526916,0.6145500184684256
302,2585.971671104431,1.0189864953572396,0.23296733299891154,0.17104515731334685,0.22607285380363465,0.5484773794809977,0.06569596181313196,0.08877283930778504,0.011607229399184385,0.19151586989561717,0.19150350093841553,2.4739583750488237e-05,0.1656959633032481,1.6998794237772623,0.6525315530598164,0.2310389056801796,0.1757049486041069,0.16682008653879166,0.021805877797305584,0.08527471497654915,0.6814695596694946,0.16342011839151382,0.33347924674550694,0.5772959614793459,3.7067371107274907,0.0,0.5643769739013558,0.13698801398277283,0.16772717982530594,0.20257773995399475,0.31072527170181274,0.5077785551548004,0.6750787198543549,0.5072031170129776,0.4876817613840103,0.49315042793750763,0.5532251596450806,0.6382448971271515,0.7842704057693481,1.6754847049713135,0.5643769739013558
303,2594.687023162842,1.042159659731745,0.23173191646734873,0.1698923796415329,0.2263623893260956,0.5505914688110352,0.06594758878151576,0.08838768353064855,0.011598030819247167,0.21606071790059408,0.2160542090733846,1.302083304229503e-05,0.1659475902716319,1.6213193972905477,0.6487300284206867,0.2260710373520851,0.17456703633069992,0.16768773645162582,0.021943768486380577,0.08534163981676102,0.6830640137195587,0.16363007575273514,0.34846261143684387,0.5537161206205686,4.0396059734897,0.0,0.6299354949567996,0.1344107761979103,0.16477183997631073,0.19667259603738785,0.312641978263855,0.5429665744304657,0.7393119037151337,0.5062517374753952,0.4749528467655182,0.47458937764167786,0.5291302800178528,0.604240357875824,0.7331321239471436,1.5238173365592957,0.6299354949567996
304,2603.3375852108,1.00935546469409,0.23330173393090567,0.17020979921023052,0.22538544138272604,0.5471746722857157,0.06628385136524836,0.08826249986886978,0.011591713006297747,0.18341725865999858,0.1834042380253474,2.6041666812185817e-05,0.16628385285536448,1.5801269213358562,0.6518312357366085,0.22713128477334976,0.17480600625276566,0.16864847391843796,0.02199607342481613,0.0853610448539257,0.6833916902542114,0.1640181466937065,0.32618798191348713,0.5744845668474833,3.678037333879016,0.0,0.5577878495888515,0.13340561836957932,0.16151271760463715,0.19457466900348663,0.3040267080068588,0.490670844912529,0.6729373335838318,0.5369409024715424,0.5043254643678665,0.4940793067216873,0.5334356129169464,0.6179738640785217,0.7601522505283356,1.6757754921913146,0.5577878495888515
305,2611.8505651950836,1.0102447462268174,0.23169840772946676,0.16985908051331838,0.22688961029052734,0.5538205881913503,0.06653906057278315,0.08891586860020956,0.011586249930163224,0.18117834528287252,0.18116988241672516,1.6927083682579298e-05,0.16653906206289928,1.935971490542094,0.6431975029408932,0.2236035317182541,0.17314722388982773,0.1665101796388626,0.021983209066092968,0.08532889559864998,0.6795274317264557,0.16417085379362106,0.335848285506169,0.563610720137755,3.849468015295732,0.0,0.5915777699644418,0.1335204839706421,0.16273297369480133,0.19788258522748947,0.3156435936689377,0.5139828324317932,0.6913272440433502,0.5051204562187195,0.4821608066558838,0.4766475111246109,0.5186989009380341,0.6015521287918091,0.7974845170974731,1.9047520399093627,0.5915777699644418
306,2620.36958527565,1.0096182795998174,0.23033379515012106,0.16918239096800486,0.22596976061662039,0.5476553042729696,0.06687537878751755,0.08868160794178645,0.0116085025947541,0.18572647670904796,0.18572387397289275,5.208333216918012e-06,0.16687538027763366,1.6382256825764974,0.659553274512291,0.22916404902935028,0.17454227805137634,0.17155904322862625,0.02214077953249216,0.08557961881160736,0.6898483633995056,0.16453351825475693,0.3288143016397953,0.5960492541392645,3.8522436113856546,0.0,0.5917758483428188,0.13141610473394394,0.16032405942678452,0.19432737678289413,0.3102791905403137,0.5062468498945236,0.6702922284603119,0.5238159000873566,0.49837133288383484,0.4928607642650604,0.5472812056541443,0.6615950465202332,0.8523712754249573,1.676616895198822,0.5917758483428188
307,2628.9727573394775,0.9997402154064426,0.23067919611930848,0.16902453005313872,0.2263430953025818,0.5461384316285451,0.0671949878334999,0.08859122941891352,0.011580150512357553,0.1763282467921575,0.176317830880483,2.0833333110203966e-05,0.16719498932361604,1.6967229048411052,0.658491350710392,0.23592422157526016,0.17519661784172058,0.16748441010713577,0.021971863694489002,0.08520228415727615,0.6811734735965729,0.16469930112361908,0.3329355890552203,0.5729490245381991,3.86595855241994,0.0,0.5948684402373162,0.13354448974132538,0.16043702512979507,0.19259413331747055,0.31009137630462646,0.5162774622440338,0.6846690475940704,0.511598214507103,0.49102404713630676,0.49474382400512695,0.5418436229228973,0.6231622695922852,0.7753221690654755,1.7291727900505065,0.5948684402373162
308,2637.518100500107,0.9899253364652395,0.23193570971488953,0.16908163328965506,0.22582520246505738,0.5422563016414642,0.06744189312060674,0.08830534021059672,0.011588040661687652,0.16766831477483113,0.16765529414017996,2.6041666569653898e-05,0.16744189461072287,1.6743213176727294,0.6492808535695076,0.22569617629051208,0.17385639250278473,0.16832824051380157,0.021814385429024696,0.08483703806996346,0.6836895644664764,0.16498640179634094,0.3381715565919876,0.5740490928292274,3.7782895562732626,0.0,0.5783237037575542,0.13709954917430878,0.16383951157331467,0.19716275483369827,0.31337006390094757,0.5180017948150635,0.6995556652545929,0.5153474807739258,0.501234844326973,0.49743565917015076,0.5431019961833954,0.6253786087036133,0.7617959678173065,1.6761833548545837,0.5783237037575542
309,2646.056923389435,1.0066304084961302,0.23146901528040567,0.16902562181154887,0.2264599621295929,0.5474061568578085,0.06772102663914363,0.0882995754480362,0.011617446520055334,0.18209724624951681,0.1820796678463618,3.515624969926042e-05,0.16772102812925974,1.8601130247116089,0.6464052125811577,0.22634965181350708,0.17357636988162994,0.16663368791341782,0.02210387773811817,0.08567005023360252,0.6790308952331543,0.16539248824119568,0.33383303383986157,0.5881125256419182,3.9305191916238025,0.0,0.6078050795871358,0.13360489904880524,0.15830936282873154,0.1897989585995674,0.31000231206417084,0.5251366198062897,0.6861460506916046,0.5221128761768341,0.49501438438892365,0.5003271698951721,0.572314441204071,0.6698333024978638,0.7690729796886444,1.8027830958366393,0.6078050795871358
310,2654.617841243744,1.0029017660359387,0.22936250070730846,0.16888557771841686,0.22641686201095582,0.5519190569718678,0.06811490803956985,0.0884246975183487,0.011580429179593921,0.1778513640165329,0.177835088968277,3.255208333333333e-05,0.16811490952968597,1.9083310961723328,0.6445345915853977,0.22248556464910507,0.17180826514959335,0.16807244718074799,0.022068077698349953,0.08523828908801079,0.6816452145576477,0.16563860327005386,0.3244951665401459,0.5892157753308614,3.6717061158459257,0.0,0.5569869422181046,0.13492347300052643,0.1617162525653839,0.1904723346233368,0.2984311282634735,0.4953993409872055,0.6660284698009491,0.5322773456573486,0.5025497674942017,0.4957984983921051,0.5612016916275024,0.6533344388008118,0.7901329100131989,2.0624955892562866,0.5569869422181046
311,2663.203528404236,1.0034848628313435,0.22983288764953613,0.16826291084289552,0.2265523135662079,0.5469364702701569,0.06839588632186254,0.08825091471274694,0.011564590657750765,0.18096258640289306,0.1809554249048233,1.4322916346524531e-05,0.16839588781197865,1.890742007891337,0.6570767611265182,0.23545163124799728,0.17533789575099945,0.16697809100151062,0.0220144959166646,0.08506873622536659,0.6813697218894958,0.16604509204626083,0.3276066556572914,0.5768167525529861,3.6910650774659555,0.0,0.5610948921556463,0.13614634424448013,0.15883777290582657,0.19111743569374084,0.30852504074573517,0.5025250166654587,0.6684883236885071,0.49877992272377014,0.4828854501247406,0.4823245704174042,0.539951354265213,0.6460070908069611,0.8109521269798279,1.949652862548828,0.5610948921556463
312,2671.7210261821747,1.007511942187557,0.23141246934731802,0.1686903456846873,0.22626268068949382,0.5447028199831645,0.06867187470197678,0.0883711963891983,0.011590994258100788,0.18395964801311493,0.1839466283718745,2.604166608459006e-05,0.1686718761920929,2.0082618474960325,0.6484626419842243,0.22370250523090363,0.17306215316057205,0.16911453008651733,0.021780612878501415,0.08473259583115578,0.6841892600059509,0.16641875356435776,0.3413478285074234,0.5675769820809364,3.8696518942860934,0.0,0.5959589014006835,0.13548490405082703,0.16194743663072586,0.1977834329009056,0.3225327134132385,0.5242794156074524,0.706059068441391,0.5097813904285431,0.4969678521156311,0.489716574549675,0.5267835855484009,0.6157877147197723,0.7664247751235962,1.7585121750831605,0.5959589014006835
313,2680.21661233902,1.008605002538146,0.22850152055422465,0.16801214218139648,0.22714481850465137,0.546710487206777,0.06898849854866664,0.08810875117778778,0.01156744104810059,0.18758081595102946,0.18756649494171143,2.8645833420644825e-05,0.16898850003878277,1.704340636730194,0.6521007269620895,0.22967442870140076,0.1731809377670288,0.1679179146885872,0.021914309822022915,0.08466919884085655,0.6824008822441101,0.1666291207075119,0.32628094404935837,0.5627959395448366,3.722519442423127,0.0,0.5662494707304074,0.13247083127498627,0.15864777565002441,0.18758082389831543,0.2967402786016464,0.49312524497509,0.6891207098960876,0.5016732215881348,0.4736982583999634,0.47026242315769196,0.52059605717659,0.6066904962062836,0.8038551807403564,1.8450649738311768,0.5662494707304074
314,2688.7517743110657,0.9924993366973164,0.23050665060679118,0.16786079605420431,0.2259402394294739,0.5383853435516357,0.0692983920375506,0.08809622526168823,0.011561652148763339,0.17369971076647442,0.1736847370862961,2.9947916239810486e-05,0.16929839352766674,1.628082283337911,0.6537954360246658,0.2274702563881874,0.17189915478229523,0.1701878011226654,0.021834231913089752,0.08448517322540283,0.6878644824028015,0.16700224578380585,0.33244654287894565,0.6037189662456512,3.9587769481340294,0.0,0.6133102029331984,0.13205962628126144,0.15675916522741318,0.19022950530052185,0.3132515847682953,0.5227946043014526,0.6795847713947296,0.5288773477077484,0.5080524384975433,0.5140644907951355,0.5700034499168396,0.6683039665222168,0.8330121040344238,1.6456453442573546,0.6133102029331984
315,2697.253591299057,1.0229666122274164,0.22927834888299306,0.16796761055787404,0.22634115119775136,0.5420207540194194,0.06963975379864375,0.08781484067440033,0.011566226975992322,0.20387547115484875,0.20386896232763926,1.302083304229503e-05,0.16963975528875988,1.5897588809331258,0.6475004330277443,0.22568653523921967,0.17451034486293793,0.16727936267852783,0.021730517968535423,0.0844133086502552,0.6831084787845612,0.1673538014292717,0.3382415287196636,0.5676794126629829,3.8829641785278897,0.0,0.5987031336791805,0.13600723445415497,0.1565370038151741,0.1856766641139984,0.3029080182313919,0.5281112194061279,0.7202090322971344,0.48591528832912445,0.475475937128067,0.4789060056209564,0.5438773334026337,0.6345545053482056,0.7873474061489105,1.5260607540607452,0.5987031336791805
316,2705.801347255707,0.9918693862603202,0.23004589974880219,0.16707003513971966,0.22569644053777058,0.5403971036275228,0.06991042345762252,0.08837141642967859,0.011550208879634738,0.17208969990412396,0.17207863330841064,2.2135416171901547e-05,0.16991042494773864,1.7009506861368815,0.6474220864474773,0.223183773458004,0.1709180250763893,0.16938965022563934,0.02189658861607313,0.0845666266977787,0.688103973865509,0.16745826601982117,0.3320345530907313,0.5444615483283997,3.7958633799294113,0.0,0.581052671515551,0.13404712080955505,0.1557919755578041,0.1868053302168846,0.3045634627342224,0.5088245570659637,0.7021748721599579,0.46247662603855133,0.45076076686382294,0.4575916528701782,0.5180133283138275,0.6122576296329498,0.7656692862510681,1.7090587139129638,0.581052671515551
317,2714.3221352100372,1.0428260601242072,0.22734601000944774,0.16670733491579692,0.22631419102350872,0.5379984120527903,0.07018505682547888,0.08798895925283431,0.011561960571755965,0.22769101162751515,0.22768254776795704,1.6927083440047378e-05,0.170185058315595,1.4451289415359496,0.6488704346120358,0.22648634016513824,0.17196231335401535,0.16820146888494492,0.02205733209848404,0.08479015529155731,0.6839644908905029,0.16783110052347183,0.3402436176935832,0.5787322794397672,3.959523515591167,0.0,0.6135783502625449,0.13307657092809677,0.1598014160990715,0.193400040268898,0.31387796998023987,0.526919811964035,0.7143858969211578,0.4965754300355911,0.489779457449913,0.49543215334415436,0.5569730699062347,0.6389776170253754,0.7946559488773346,1.4451099634170532,0.6135783502625449
318,2722.8669261932373,0.9895967888801048,0.2287584642569224,0.16723142365614574,0.2263609230518341,0.5404945731163024,0.07057204792896907,0.08788678695758184,0.011549610054741304,0.17154720524946848,0.17153483629226685,2.4739582780360555e-05,0.1705720494190852,1.8844281911849976,0.6490989774465561,0.22758186608552933,0.1718861311674118,0.16778702288866043,0.021893618628382683,0.08440710604190826,0.6825433075428009,0.16825027018785477,0.33960193768143654,0.5648085052768389,3.7907522262141864,0.0,0.5806997345308221,0.13685443252325058,0.16131150722503662,0.195561021566391,0.3197566270828247,0.5187812447547913,0.7053467929363251,0.4780484139919281,0.48037630319595337,0.49152757227420807,0.5401824116706848,0.6340003311634064,0.7647159993648529,1.8510223150253295,0.5806997345308221
319,2731.3883311748505,0.9873689669145581,0.22831645806630452,0.16782179971536001,0.22642789681752523,0.5347672005494436,0.07086734622716903,0.08786601473887762,0.011545378156006337,0.17221771776676179,0.17220014035701753,3.515624969926042e-05,0.17086734771728515,1.5679905732472739,0.64747529104352,0.22562683373689651,0.1720271036028862,0.16791745275259018,0.02188228629529476,0.08433836698532104,0.6827251613140106,0.1684649959206581,0.3350290122131507,0.5711049810051918,3.7275010539087274,0.0,0.5682771697686224,0.13654689490795135,0.16426362097263336,0.19738105684518814,0.3148078918457031,0.5089786946773529,0.6881959140300751,0.500494509935379,0.49162283539772034,0.4972904771566391,0.5455685257911682,0.6222790479660034,0.7693744897842407,1.5650030851364136,0.5682771697686224
320,2739.8859922885895,0.9911378966838432,0.22910581926504772,0.1673391968011856,0.22621178527673086,0.5347994208335877,0.07114051431417465,0.08802334666252136,0.01155272868151466,0.1749917338291804,0.17497806151707967,2.734374938881956e-05,0.17114051580429077,1.5537314097086588,0.6516817472875118,0.22295961529016495,0.1720927730202675,0.17133787274360657,0.021799991838634014,0.08426927402615547,0.6898191869258881,0.16877499222755432,0.3276144911845525,0.5730585306882858,3.9670459688818305,0.0,0.6147635628619013,0.12966448813676834,0.15423014760017395,0.1869657263159752,0.30864471197128296,0.5143849849700928,0.6717968881130219,0.5284609496593475,0.4830651432275772,0.48193420469760895,0.5380175411701202,0.620882511138916,0.785990834236145,1.6177854061126709,0.6147635628619013
321,2748.638867378235,1.0510416080864766,0.2255911479393641,0.16639070212841034,0.2268473267555237,0.5420725127061208,0.07147352347771327,0.08797955413659414,0.01155850615662833,0.2351044644912084,0.2350940485795339,2.0833333110203966e-05,0.1714735249678294,1.9534937222798665,0.6397374011576176,0.21810400485992432,0.17034000903367996,0.16823169589042664,0.022061376832425594,0.08455696329474449,0.6839951574802399,0.16897635906934738,0.362771646430095,0.5967261095841726,4.5933017511277905,0.0,0.7464650746570599,0.12781642377376556,0.1593283787369728,0.1963900476694107,0.3307613730430603,0.5870994031429291,0.7752342522144318,0.5144307017326355,0.5031626224517822,0.5168385803699493,0.5922593176364899,0.6940524876117706,0.7596129477024078,1.9806450009346008,0.7464650746570599
322,2757.236260175705,0.9970343156678912,0.2287728399038315,0.16659934024016063,0.2261530856291453,0.5371439158916473,0.07185156395037968,0.08787145266930262,0.011546514788642525,0.180373877286911,0.18036541442076365,1.692708295498354e-05,0.17185156544049582,1.880094877878825,0.646061833947897,0.2226027399301529,0.17065166682004929,0.1690666303038597,0.022056380286812782,0.08437252044677734,0.6856614053249359,0.16929879784584045,0.33634811515609425,0.5837055246035258,3.901146990140361,0.0,0.6018331229108973,0.13308916985988617,0.16192610561847687,0.198403961956501,0.31736163794994354,0.5192004144191742,0.6881074011325836,0.5247832238674164,0.5129504203796387,0.5080901086330414,0.5446228682994843,0.6449373066425323,0.7668492197990417,1.8316280484199523,0.6018331229108973
323,2765.720350265503,0.9739462529444912,0.22674210568269093,0.16559169987837474,0.22644512951374055,0.5274162630240122,0.07214599599440892,0.08760391076405843,0.011535693534339468,0.16504446665445963,0.16503795683383943,1.302083304229503e-05,0.17214599748452505,1.443910268942515,0.6460166424512863,0.22270435839891434,0.1702590137720108,0.1690913885831833,0.021907064132392406,0.08413156867027283,0.6874510049819946,0.16978666931390762,0.34126511712869007,0.5635782505075136,4.084695421673085,0.0,0.6389160983769382,0.13087902963161469,0.15813379734754562,0.19524764269590378,0.32831138372421265,0.5346009731292725,0.7004178762435913,0.4956839978694916,0.4921346455812454,0.5045294165611267,0.5558598637580872,0.6142546534538269,0.7190069258213043,1.3786982119083404,0.6389160983769382
324,2774.322523355484,0.9858780127950013,0.22773310542106628,0.16642216046651204,0.22609717746575672,0.5312893629074097,0.07243994027376174,0.08780660877625147,0.011535546105975906,0.1731159011522929,0.17309572001298268,4.036458291617843e-05,0.17243994176387786,1.6102158347765605,0.65334477648139,0.22411863505840302,0.17138885706663132,0.17176585644483566,0.02179456129670143,0.08409308642148972,0.6910496950149536,0.17007330060005188,0.34695935746033985,0.5702974274754524,4.0863044529320875,0.0,0.6393031901130635,0.13221845030784607,0.16288354992866516,0.19938789308071136,0.3303566426038742,0.5402848422527313,0.7166247665882111,0.4991782456636429,0.4777422845363617,0.480770081281662,0.5345906019210815,0.6322629749774933,0.7972403764724731,1.6119715929031373,0.6393031901130635
325,2782.87043428421,0.9800326309360874,0.2265746335188548,0.16592000027497608,0.226008011897405,0.537315692504247,0.07279247989257177,0.08782741576433181,0.011527618564044436,0.16545914113521576,0.16545132795969644,1.5624999650754035e-05,0.17279248138268788,1.9244519472122192,0.6415496431291103,0.22051270306110382,0.17130344361066818,0.1676926091313362,0.021881666965782642,0.08397209271788597,0.6815088391304016,0.17063087224960327,0.3290436404446761,0.5615547075867653,3.7650738706672415,0.0,0.5749656762630474,0.13396702706813812,0.16209881752729416,0.19428309798240662,0.3065098971128464,0.5043957531452179,0.6730072498321533,0.4833816885948181,0.47777508199214935,0.4851328432559967,0.5424729883670807,0.6229270994663239,0.757638543844223,1.9040508151054383,0.5749656762630474
326,2791.3531742095947,1.0012315240184155,0.2260571132103602,0.1657331258058548,0.22633585830529532,0.5328611731529236,0.07313096473614375,0.0878169243534406,0.011533449683338404,0.1893143246571223,0.1893019566933314,2.4739582780360555e-05,0.17313096622625987,1.6046820720036825,0.6423633061349392,0.2209770530462265,0.17163898795843124,0.16778337955474854,0.022020632401108742,0.08429961279034615,0.6812630593776703,0.17073480039834976,0.33028985063234967,0.5615909223755201,3.6412316278453014,0.0,0.5519466378366239,0.1375468522310257,0.16164783388376236,0.1925879791378975,0.3035374581813812,0.5008399486541748,0.6855790317058563,0.5192336738109589,0.4656388759613037,0.4594661146402359,0.5050511658191681,0.6198666095733643,0.8002890944480896,1.6107916355133056,0.5519466378366239
327,2799.852452278137,1.0196351635851897,0.2275511473417282,0.16553608973821005,0.2259809782107671,0.5297133028507233,0.07344509214162827,0.08795042584339778,0.01152845739076535,0.20750856896241507,0.2074988047281901,1.9531249805974463e-05,0.17344509363174437,1.7884268283843994,0.6427522785961628,0.21780844777822495,0.16967134922742844,0.17005407810211182,0.021825636737048626,0.0837545283138752,0.6876847445964813,0.17104079574346542,0.3240258569518725,0.5451065475742022,3.6793263323264482,0.0,0.5584834436441067,0.13499148935079575,0.15959522128105164,0.18745028227567673,0.2939424365758896,0.4966777414083481,0.6714979708194733,0.4840405285358429,0.4620254635810852,0.46583063900470734,0.5210587084293365,0.5949827432632446,0.7427012026309967,1.7473937630653382,0.5584834436441067
328,2808.370322227478,0.9693608449985428,0.2262726366519928,0.1647558351357778,0.22667363782723746,0.5346610327561696,0.07373963644107183,0.087656669318676,0.011541377442578474,0.15679803888003033,0.15677590370178224,4.4270832343803095e-05,0.17373963793118793,1.965926194190979,0.6422443129122257,0.2200428918004036,0.17023449391126633,0.16854208707809448,0.022029399871826172,0.08422301709651947,0.6827355623245239,0.1712963879108429,0.3252129716177781,0.5572801803549131,3.764645969602991,0.0,0.5745679795341166,0.1325647532939911,0.15643785893917084,0.1858799085021019,0.2950000911951065,0.49905936419963837,0.6823358535766602,0.5224246978759766,0.45581382513046265,0.4482745826244354,0.507332906126976,0.6210775673389435,0.7887575030326843,1.8726293683052062,0.5745679795341166
329,2816.9197981357574,0.9926095596786279,0.2246642698844274,0.16466399629910786,0.22635677655537922,0.5361948688824971,0.07409206479787826,0.0878579725821813,0.011535201532145342,0.1803879181543986,0.1803696890672048,3.6458333246021844e-05,0.1740920662879944,2.0469393889109293,0.6410027891397476,0.22387032955884933,0.1693056970834732,0.16623980551958084,0.022092467173933983,0.08416887000203133,0.6786566078662872,0.1716623678803444,0.3249335251748562,0.5495480423172315,3.718494715958336,0.0,0.5659949564556114,0.13460148870944977,0.15471570193767548,0.1857546791434288,0.30191753804683685,0.5005149245262146,0.6720968186855316,0.5059787929058075,0.47003166377544403,0.4658075422048569,0.5132821649312973,0.6179611682891846,0.7242269217967987,2.017657661437988,0.5659949564556114
330,2825.451928138733,0.981238805448326,0.2252396951119105,0.16445622940858204,0.22656763990720113,0.5314375102519989,0.07435812701781591,0.08761805345614751,0.011558699126665791,0.1712465097506841,0.17123153507709504,2.9947916239810486e-05,0.17435812850793203,1.6918112277984618,0.6461935974657536,0.21948474645614624,0.16975516825914383,0.1709156334400177,0.021744958125054836,0.08423716574907303,0.690570741891861,0.1719917207956314,0.33070819079875946,0.5726242586970329,4.051677739116793,0.0,0.6320257317390794,0.12709389626979828,0.15574651956558228,0.18887357413768768,0.30539610981941223,0.5149435102939606,0.6921955347061157,0.5336117297410965,0.4882214367389679,0.4883931875228882,0.535277932882309,0.624017059803009,0.766224205493927,1.5934656977653503,0.6320257317390794
331,2834.05583524704,0.9769341279403306,0.225906835993131,0.16436532735824586,0.22678156892458598,0.5256867746512095,0.07466737081607183,0.08757892996072769,0.011514417733997107,0.16910438040892284,0.1690985212723414,1.1718749738065526e-05,0.17466737230618795,1.7251994053522746,0.6401165910065174,0.21892480552196503,0.1684994474053383,0.16847103089094162,0.02177623100578785,0.08377302810549736,0.6851253509521484,0.1723364219069481,0.32559096440672874,0.5476532181104025,3.7561593512247664,0.0,0.5726698844015633,0.13152476400136948,0.15800607949495316,0.18810049444437027,0.29659226536750793,0.4940279722213745,0.6852942109107971,0.4898722767829895,0.4522329121828079,0.4633016586303711,0.5240089744329453,0.6100225746631622,0.7464809119701385,1.774518620967865,0.5726698844015633
332,2842.602570295334,0.9807283408008516,0.22530888716379802,0.16475007236003875,0.22646854023138682,0.5254406611124675,0.07501708815495173,0.08734364509582519,0.011513290181756019,0.17375441392262778,0.17374399801095328,2.0833333110203966e-05,0.17501708964506785,1.6518199563026428,0.6397628709673882,0.2176809459924698,0.1687478870153427,0.1688539907336235,0.021732901223003864,0.0834418311715126,0.6864329278469086,0.17266322672367096,0.3366966061294079,0.5758123720685641,4.001211660053003,0.0,0.6218735926756043,0.13154087215662003,0.1633032262325287,0.1995292752981186,0.31895892322063446,0.5263228714466095,0.680524468421936,0.5497460961341858,0.4854389578104019,0.47826722264289856,0.53664430975914,0.6331905722618103,0.771587073802948,1.5178958117961883,0.6218735926756043
333,2851.1405692100525,0.988890329102287,0.22353055874506633,0.16388660172621408,0.22663090725739796,0.5262514690558115,0.07531390835841496,0.087565645078818,0.011507080836842458,0.1831133315960566,0.18309770623842875,3.124999978657191e-05,0.1753139098485311,1.5719819784164428,0.6503302119672298,0.22862956672906876,0.16978103667497635,0.16840506345033646,0.02182603068649769,0.08338852226734161,0.6847534477710724,0.17307250946760178,0.32941604529817897,0.5609783579905828,3.798038705374006,0.0,0.5814611791078955,0.13394822925329208,0.16123603284358978,0.19281646609306335,0.3077947497367859,0.508740559220314,0.6719602346420288,0.5094030201435089,0.46319812536239624,0.46220895648002625,0.5177849233150482,0.6127069294452667,0.8005681931972504,1.5760810732841493,0.5814611791078955
334,2859.63876414299,0.9790135253705861,0.22388503948847452,0.1638075242439906,0.2268645316362381,0.5286080121994019,0.07569737086693445,0.08749340524276097,0.01151191423026224,0.17167198161284128,0.1716550548871358,3.385416639503092e-05,0.17569737235705057,1.792963413397471,0.636701911687851,0.21535790711641312,0.16924948990345,0.16835962980985641,0.021969343535602093,0.08376047015190125,0.6829459369182587,0.17324747145175934,0.34513335923353833,0.5815857375661532,4.069741981647956,0.0,0.6359509127093156,0.13288407027721405,0.16299057751893997,0.1952778622508049,0.3166609853506088,0.5408038794994354,0.7221827805042267,0.5379056632518768,0.4997701346874237,0.49125711619853973,0.5520718097686768,0.6528384983539581,0.7556712031364441,1.8559436321258544,0.6359509127093156
335,2868.1884043216705,0.9887986712584582,0.22482310930887858,0.16380012532075247,0.2261307736237844,0.5255330761273702,0.075968370338281,0.08746170252561569,0.011503095086663962,0.18206282357374828,0.18205761710802715,1.0416666433836023e-05,0.1759683718283971,1.7909719467163085,0.6382277570664883,0.21747513860464096,0.16819540411233902,0.1683274582028389,0.021992599591612816,0.08359566703438759,0.6828911006450653,0.1735105663537979,0.32843738545974094,0.5613969614108404,3.7289587608583465,0.0,0.5677411287007872,0.13341640681028366,0.16202731430530548,0.19302228838205338,0.3023257404565811,0.4975042790174484,0.6823282837867737,0.505284994840622,0.46847930550575256,0.4708394706249237,0.5155194699764252,0.6113936007022858,0.796864926815033,1.7550294160842896,0.5677411287007872
336,2876.7587542533875,0.9734121606355378,0.2245201031366984,0.16316950917243958,0.2269851803779602,0.5247600555419922,0.0762821172674497,0.08745914449294408,0.01150751425884664,0.16744327247142793,0.1674380640188853,1.0416666433836023e-05,0.1762821187575658,1.635629367828369,0.6484957337379456,0.2246251255273819,0.16931134462356567,0.1696074679493904,0.021817222237586975,0.08329859375953674,0.6871396899223328,0.17393868416547775,0.34869108100732166,0.5694478203852972,3.9257009323206833,0.0,0.6077150386311074,0.13872332870960236,0.16440511494874954,0.19985128194093704,0.3267458975315094,0.5445863008499146,0.7178345620632172,0.5168796330690384,0.47501979768276215,0.47627168893814087,0.5348794162273407,0.6299338042736053,0.7837025821208954,1.7090649485588074,0.6077150386311074
337,2885.291160106659,0.9779928594827652,0.22211690445741017,0.16292740205923717,0.22733314335346222,0.5324797809123993,0.07663161804278691,0.0875951757033666,0.011492390899608533,0.17020902633666993,0.17017387151718139,7.031249842839315e-05,0.17663161953290304,1.9570452372233074,0.6513001434504986,0.22794852405786514,0.1685686782002449,0.1695336401462555,0.02185271680355072,0.08326983079314232,0.6854596436023712,0.1742771714925766,0.321098018437624,0.5607835377256075,3.655616000568394,0.0,0.5527432926549469,0.1308715045452118,0.15458529442548752,0.1831347942352295,0.28934329748153687,0.47841596603393555,0.6902372539043427,0.5356176793575287,0.48634833097457886,0.4768461138010025,0.519363135099411,0.6067961156368256,0.7397298514842987,2.043154847621918,0.5527432926549469
338,2893.8193583488464,1.0038693837588653,0.22284503877162934,0.16262331008911132,0.22706346015135448,0.5225750962893169,0.07696961710850397,0.08741120497385661,0.011491677320251862,0.20068782170613605,0.20067545274893442,2.4739583022892474e-05,0.1769696185986201,1.6135998964309692,0.6441458016633987,0.22247907519340515,0.16856926679611206,0.16869104653596878,0.021867568604648113,0.08331388235092163,0.6875467896461487,0.17441684752702713,0.32653796672821045,0.5653249571720759,3.697036362218012,0.0,0.5613736971016655,0.13294827938079834,0.1551259383559227,0.1853228583931923,0.2966979444026947,0.4915146231651306,0.697618156671524,0.5355494022369385,0.5003301054239273,0.487711563706398,0.516903430223465,0.5928089916706085,0.7586462497711182,1.6145890355110168,0.5613736971016655
339,2902.5235962867737,0.9984405977923113,0.2231657862663269,0.16268372337023418,0.22652815381685892,0.5255538821220398,0.07734504987796148,0.08746614158153534,0.011490386615817746,0.19317482511202494,0.19316050310929617,2.8645833178112905e-05,0.1773450513680776,1.9244202454884847,0.6357483826577663,0.21463719755411148,0.1665148213505745,0.1689268872141838,0.021824853494763374,0.08311888203024864,0.6862095296382904,0.17493797838687897,0.34320177013675374,0.5835749755303065,4.144021592504225,0.0,0.6511488935964517,0.13062365353107452,0.16110897064208984,0.19700051099061966,0.3254764974117279,0.5413072407245636,0.7036937475204468,0.5639393925666809,0.5106571912765503,0.4912588894367218,0.5310824513435364,0.6301039159297943,0.7744080126285553,1.9693958520889283,0.6511488935964517
340,2911.1592602729797,0.9785876720755672,0.22153905828793843,0.16250383655230205,0.22682081957658132,0.5324313680330912,0.07761685997247696,0.0878129040201505,0.011495741860320171,0.17074032922585805,0.1707312156756719,1.822916625921304e-05,0.1776168614625931,2.12256121635437,0.6418604254722595,0.22308561950922012,0.16898764669895172,0.16714049130678177,0.02173013426363468,0.08292582631111145,0.6832685470581055,0.17519507557153702,0.33521109943588573,0.5942135651906332,3.8525145740047835,0.0,0.5923151582431194,0.13423079997301102,0.15672311931848526,0.19045472890138626,0.3078022748231888,0.5171261131763458,0.7049295604228973,0.5262715518474579,0.5154694318771362,0.5156882107257843,0.5662732124328613,0.6494123637676239,0.7921666204929352,2.3513748168945314,0.5923151582431194
341,2919.672948360443,0.9741587357207512,0.22186171313126882,0.16184452970822652,0.2268367181221644,0.5249165217081706,0.07789236257473628,0.08733361462752025,0.011488381959497928,0.17089616656303405,0.17088900605837504,1.4322916589056453e-05,0.1778923640648524,2.0392707347869874,0.6470526941120625,0.2236131876707077,0.16759959608316422,0.16981985419988632,0.021893384866416454,0.083040039986372,0.6883291304111481,0.17543957382440567,0.3353063476582368,0.5668176809946696,3.845223253764379,0.0,0.5912997364450456,0.13636168092489243,0.1619524583220482,0.19427718967199326,0.31258514523506165,0.5243411064147949,0.6823205053806305,0.5208926200866699,0.4715128690004349,0.46663959324359894,0.5260084569454193,0.6248559653759003,0.7909965813159943,1.91877681016922,0.5912997364450456
342,2928.204688310623,0.9750865721687053,0.21997989217440286,0.16113490164279937,0.22771892547607422,0.5356371184190114,0.07815440446138382,0.08735002726316451,0.011483380105346441,0.16844902137915294,0.16843600074450174,2.6041666812185817e-05,0.17815440595149995,2.281755296389262,0.641599252820015,0.21940401196479797,0.16820919513702393,0.1690453216433525,0.021900069899857044,0.08309080451726913,0.6863892078399658,0.17596778273582458,0.3245435059070587,0.5511477937301,3.7371331390597917,0.0,0.5690296189841011,0.13206031918525696,0.15925507992506027,0.18795739859342575,0.29380305111408234,0.49352699518203735,0.6806581914424896,0.5369389355182648,0.4521743059158325,0.44247446954250336,0.5007749050855637,0.6194678246974945,0.7550563216209412,2.474891114234924,0.5690296189841011
343,2936.983359336853,0.980562709698764,0.22179552614688874,0.16161079307397205,0.2274732122818629,0.5237451493740082,0.07861235986153285,0.08754409352938335,0.011479323791960875,0.1772256245215734,0.1772093504667282,3.255208333333333e-05,0.17861236135164896,1.8024800856908163,0.6381548345088959,0.21589331328868866,0.16678351163864136,0.16943488270044327,0.021803532727062702,0.08275111764669418,0.6876102387905121,0.1762400045990944,0.3289900819460551,0.550227756301562,3.763891313057138,0.0,0.5742604853367134,0.13181722164154053,0.1551961451768875,0.18341507017612457,0.2942138910293579,0.49614569544792175,0.7131524682044983,0.5365117490291595,0.46702127158641815,0.45362597703933716,0.5128395706415176,0.6106752157211304,0.7206927537918091,1.8037513375282288,0.5742604853367134
344,2945.623365163803,0.9708352856046986,0.21977815230687459,0.16076075931390127,0.22707092066605886,0.5256118456522624,0.07885850419600805,0.08751405427853266,0.011479842367892464,0.1689844051996867,0.1689752906560898,1.822916625921304e-05,0.17885850568612416,1.9035366296768188,0.6402804106473923,0.22132066637277603,0.16665761172771454,0.16781546920537949,0.021877567283809185,0.08288741484284401,0.6834690272808075,0.17637218534946442,0.32159894332289696,0.5708613569537798,3.600315326919239,0.0,0.5434543671794011,0.13558757305145264,0.15776709467172623,0.1886855959892273,0.2990911304950714,0.4881580173969269,0.6603042483329773,0.5411984622478485,0.48318517208099365,0.47336988151073456,0.5234150588512421,0.6147036254405975,0.7892959415912628,1.9641322493553162,0.5434543671794011
345,2954.190997362137,0.9824488508262826,0.22011436621348063,0.16117287476857503,0.22751716077327727,0.5246464729309082,0.07918055107196172,0.08734452178080877,0.011486303107813001,0.18067084550857543,0.1806636850039164,1.4322916346524531e-05,0.17918055256207785,1.964950426419576,0.6399746425449848,0.21683494746685028,0.16624874621629715,0.17000766098499298,0.021682548336684704,0.08257055655121803,0.6888048648834229,0.17682401835918427,0.34567668475210667,0.5972953339417776,4.10181585546059,0.0,0.6424077115229402,0.12885257974267006,0.15790515393018723,0.19677521288394928,0.33088459074497223,0.528529554605484,0.7311130166053772,0.5567822456359863,0.5081171542406082,0.5028690546751022,0.547941654920578,0.6576669812202454,0.8103949129581451,2.030558776855469,0.6424077115229402
346,2962.7075731754303,0.9722685751815637,0.22146817147731782,0.16068656345208485,0.2268762022256851,0.5192520717779795,0.07954524606466293,0.08721295148134231,0.011474700039252638,0.17222372790177662,0.1722178687651952,1.1718749738065526e-05,0.17954524755477905,1.9145728985468546,0.6387951150536537,0.21583789587020874,0.1658705323934555,0.1700109764933586,0.021822504699230194,0.08261629194021225,0.688566118478775,0.17710460722446442,0.3252955488860607,0.5408061146736145,3.639727951737396,0.0,0.5503254803730809,0.13332639634609222,0.16066115349531174,0.19224807620048523,0.3014953136444092,0.4852718114852905,0.6787705421447754,0.5196295976638794,0.4650605767965317,0.45454011857509613,0.49251696467399597,0.5854701995849609,0.7276192307472229,1.7937092900276184,0.5503254803730809
347,2971.2537512779236,0.9532462521960648,0.21935578882694245,0.16053972939650218,0.22731351753075918,0.5221207598845164,0.07986762076616287,0.0877317895491918,0.011471585432688395,0.15271073480447134,0.15270292460918428,1.5624999650754035e-05,0.179867622256279,1.645302947362264,0.6351842880249023,0.21240119636058807,0.16510701179504395,0.17011479288339615,0.021815810352563858,0.08262903243303299,0.6865688264369965,0.17743129283189774,0.3433905579149723,0.5651564250389735,4.087680729978287,0.0,0.63948227814204,0.1285996213555336,0.15938011556863785,0.19727014750242233,0.3322366923093796,0.5256741940975189,0.7171825766563416,0.5355678498744965,0.4824039041996002,0.47944366931915283,0.5416823327541351,0.6237284541130066,0.7281123399734497,1.6352864265441895,0.63948227814204
348,2979.8250770568848,0.9917274000724622,0.21896469990412396,0.16049283742904663,0.2271509607632955,0.5226864139238994,0.0801767016450564,0.08728182315826416,0.011474107252433896,0.19208485285441082,0.19207899471124013,1.1718749738065526e-05,0.18017670313517253,1.8501348733901977,0.6373006403446198,0.21945994347333908,0.16600044071674347,0.16742023825645447,0.02185815665870905,0.08267612010240555,0.682802140712738,0.17762131243944168,0.32634298379222554,0.5516365965207418,3.890345619172472,0.0,0.5992695595273461,0.1302390992641449,0.15860068798065186,0.18925776332616806,0.30906979739665985,0.5066751092672348,0.6642154455184937,0.5066633522510529,0.462019145488739,0.46890005469322205,0.5208656191825867,0.6036217212677002,0.7477496862411499,1.7188952684402465,0.5992695595273461
349,2988.408301115036,0.958911975378093,0.22021658619244894,0.1602581759293874,0.22726912399133045,0.5203091323375701,0.08049924025932947,0.08717351804176966,0.011464285074422757,0.1593685289223989,0.15936201910177866,1.3020833284826949e-05,0.1804992417494456,1.7011067430178324,0.6385625191032887,0.21606408059597015,0.16671747714281082,0.16956984996795654,0.021801087073981762,0.08249752596020699,0.6879051327705383,0.17823579907417297,0.3390793204307556,0.5957435220479965,4.148784956499293,0.0,0.6521369584369681,0.12977159023284912,0.15406154096126556,0.19132138788700104,0.3267107605934143,0.538394421339035,0.6942162215709686,0.5263759791851044,0.5065823793411255,0.5109853148460388,0.5751901566982269,0.6764014363288879,0.7789258658885956,1.6147218644618988,0.6521369584369681
350,2996.955421447754,0.9603992775587055,0.21930933793385823,0.1608099897702535,0.2273554801940918,0.5207790811856587,0.0807921533783277,0.0871061955889066,0.01146468499985834,0.16123168766498566,0.16122452716032665,1.4322916346524531e-05,0.1807921548684438,1.7017820437749227,0.6336791962385178,0.21193445473909378,0.16667206585407257,0.16920435428619385,0.021788963116705418,0.08231339231133461,0.6849186718463898,0.17841482907533646,0.33742712438106537,0.5579156254728636,4.177505619284783,0.0,0.6581749647328508,0.12756434082984924,0.15534458309412003,0.18969938904047012,0.31988944113254547,0.5329007506370544,0.6991642415523529,0.5000314265489578,0.4685528725385666,0.4742867797613144,0.5333741009235382,0.6222155392169952,0.7490330338478088,1.8157197117805481,0.6581749647328508
351,3005.5560212135315,0.9950695784743099,0.21814846893151602,0.15993088682492573,0.2274712045987447,0.522202463944753,0.0811338409781456,0.08712357580661774,0.011467086678991715,0.19657317499319713,0.19656406044960023,1.822916625921304e-05,0.18113384246826172,1.7877689838409423,0.6386737190186977,0.21867408603429794,0.165052630007267,0.16873665899038315,0.021926860325038433,0.08248958736658096,0.6871714890003204,0.17872755974531174,0.326068751513958,0.557067888478438,3.8705706516622556,0.0,0.5952251995813654,0.12978869676589966,0.15669212490320206,0.19097817689180374,0.3088129460811615,0.5023563206195831,0.6677842438220978,0.5129850953817368,0.47077077627182007,0.4647796154022217,0.5095832347869873,0.6120660901069641,0.7722225189208984,1.7787547707557678,0.5952251995813654
352,3014.1206851005554,0.9558574656451432,0.2163932889699936,0.1588704466819763,0.22774947782357532,0.5231457412242889,0.08143673787514369,0.08713695605595907,0.011469039041548968,0.15896849930286408,0.15895613034566244,2.4739583022892474e-05,0.1814367393652598,1.8255272070566813,0.6368370465934277,0.21642793715000153,0.1635316237807274,0.16932164877653122,0.02195076923817396,0.08268575370311737,0.6845981776714325,0.17909005284309387,0.31739889706174534,0.5643211106459299,3.6589384046159257,0.0,0.553213543746801,0.1301548257470131,0.15284240990877151,0.18316500633955002,0.29342474043369293,0.4762284904718399,0.6685779094696045,0.49534472823143005,0.4741361290216446,0.47339092195034027,0.5197304785251617,0.6179682314395905,0.8053561747074127,1.8589711666107178,0.553213543746801
353,3022.7067472934723,0.9573469443207917,0.21924692491690317,0.1595612665017446,0.22772185802459716,0.5154528737068176,0.08175184379021326,0.08703155020872752,0.011450033805643519,0.1611642211675644,0.1611498991648356,2.8645832693049063e-05,0.1817518452803294,1.8026860078175864,0.640478678047657,0.2182343602180481,0.16451068222522736,0.16999448835849762,0.021836334839463234,0.0822969488799572,0.6870828568935394,0.17939377576112747,0.3417668864130974,0.5925942212343216,4.057494997465428,0.0,0.6334081147818353,0.13226643949747086,0.15706197917461395,0.18969320505857468,0.32763001322746277,0.5366704165935516,0.7072792649269104,0.5100493431091309,0.4768354147672653,0.49953751266002655,0.5768445134162903,0.6427904367446899,0.8495081067085266,1.748434805870056,0.6334081147818353
354,3031.2384152412415,0.9672656384374325,0.2184314509232839,0.15942365328470867,0.22711736063162485,0.511590846379598,0.08205463141202926,0.08702308237552643,0.011455500374237697,0.1738233963648478,0.17381102740764617,2.4739583022892474e-05,0.18205463290214538,1.5702537298202515,0.6267491765320301,0.20892130583524704,0.16380303353071213,0.1679631769657135,0.021738707087934017,0.08227264136075974,0.6824368238449097,0.17971964180469513,0.3338140609363715,0.5702781230211258,4.133579092289254,0.0,0.6489975160696397,0.12832822650671005,0.15856055170297623,0.19383490830659866,0.3206225633621216,0.5304548740386963,0.6710832417011261,0.510852575302124,0.464388906955719,0.466918408870697,0.5259676873683929,0.6478603780269623,0.8056807816028595,1.525736403465271,0.6489975160696397
355,3039.7740292549133,0.9519337537970084,0.21686318616072336,0.1588175614674886,0.22795297106107076,0.5187346994876861,0.08240190893411636,0.08703023244937261,0.011447146472831567,0.15652065873146057,0.1565148005882899,1.1718749738065526e-05,0.18240191042423248,1.7085047801335653,0.6329931952059269,0.21290753781795502,0.16427765041589737,0.1689734160900116,0.021729812026023865,0.0819813534617424,0.6855789721012115,0.18001773208379745,0.3337726357082526,0.5806191811958948,4.026775456781409,0.0,0.6269260523120286,0.12860359251499176,0.15490465611219406,0.18766170740127563,0.30986618995666504,0.5178577899932861,0.7037418782711029,0.5510426163673401,0.49770934879779816,0.49033378064632416,0.5501601099967957,0.6346823871135712,0.75978684425354,1.676489245891571,0.6269260523120286
356,3048.5267651081085,0.9976869164209348,0.2171915868918101,0.15917008221149445,0.2271671543518702,0.5176063557465871,0.082649464905262,0.08728847901026408,0.01146079933581253,0.20176958541075388,0.20176047086715698,1.822916625921304e-05,0.1826494663953781,1.8675919850667317,0.6316873170435429,0.21163419634103775,0.16421856731176376,0.16897191852331161,0.021664378233253956,0.08199986070394516,0.6871837079524994,0.18022041767835617,0.3227197614808877,0.5853318100174268,3.9046257916164246,0.0,0.6020531463143208,0.12934362143278122,0.15105054527521133,0.18413320928812027,0.3023882657289505,0.5050384402275085,0.6643644869327545,0.5273041725158691,0.4815511554479599,0.48593053221702576,0.5558367371559143,0.6653957068920135,0.7959725558757782,1.841723871231079,0.6020531463143208
357,3057.1238112449646,0.9594409313518554,0.21548596918582916,0.1588159094254176,0.22805194159348804,0.5194416761398315,0.08296321382125219,0.08701915840307871,0.01143918838351965,0.16478518148263296,0.16477085947990416,2.8645832935580982e-05,0.1829632153113683,1.8138362646102906,0.6387072913348675,0.2175447642803192,0.1636873111128807,0.16965943574905396,0.021764165721833706,0.08196170628070831,0.6880650818347931,0.18063092976808548,0.32978065808614093,0.5781987756490707,3.927217748369885,0.0,0.6067520483879911,0.13050048798322678,0.15664811432361603,0.1862798109650612,0.30297495424747467,0.5125038325786591,0.689776748418808,0.5136469602584839,0.4623551368713379,0.4559142589569092,0.5364475846290588,0.6882761120796204,0.8125526010990143,1.7345661520957947,0.6067520483879911
358,3065.7247381210327,0.948170954551703,0.21730410357316335,0.15812366008758544,0.2270862380663554,0.5169458230336507,0.08338020692269008,0.08715179661909739,0.011451479451109966,0.15291206538677216,0.1528879761695862,4.817708346915121e-05,0.1833802084128062,2.0462265332539875,0.6363957040011883,0.21594993025064468,0.1630708947777748,0.1694551631808281,0.02194439247250557,0.08239191398024559,0.6865029036998749,0.18115942925214767,0.3299139117201169,0.5721652805805206,3.8914236277044436,0.0,0.5997746051727196,0.13236455619335175,0.1502019762992859,0.18130627274513245,0.30785319209098816,0.5150865614414215,0.6926709115505219,0.48188574612140656,0.4797627031803131,0.4916961044073105,0.5521667003631592,0.6626422107219696,0.7648382186889648,2.0222315788269043,0.5997746051727196
359,3074.3540663719177,0.9449855255273482,0.21667935947577158,0.15801562269528707,0.22724378009637197,0.5162169535954794,0.08367556383212407,0.08700430045525233,0.011437128980954487,0.15090353389581043,0.15089832643667858,1.0416666433836023e-05,0.1836755653222402,1.9245348930358888,0.6289457492530346,0.20920917391777039,0.1631748005747795,0.16907458752393723,0.021840923465788364,0.08201226592063904,0.6854254901409149,0.1813967227935791,0.3332652101914088,0.570976714293162,4.090996409282973,0.0,0.640175153171806,0.12677982449531555,0.16087498515844345,0.1939214989542961,0.3120936304330826,0.5186558067798615,0.6872655153274536,0.5352634489536285,0.482043594121933,0.47712719440460205,0.536256730556488,0.6477783918380737,0.7473909258842468,1.8655248045921327,0.640175153171806
360,3082.856569290161,0.9506815033208114,0.21507587730884553,0.15778468052546182,0.2277094026406606,0.5125867426395416,0.08399625470240911,0.08681779950857163,0.011435837407285968,0.1602998783191045,0.1602790464957555,4.166666646293985e-05,0.18399625619252521,1.6897356271743775,0.6339951008558273,0.21472769975662231,0.16259610652923584,0.16898467391729355,0.021788940764963627,0.08185277879238129,0.6856226027011871,0.1815800592303276,0.31790397440393764,0.5705007935563723,3.7924267667174223,0.0,0.5797574563092862,0.130968376994133,0.15091132372617722,0.17872683703899384,0.2937552332878113,0.49668797850608826,0.6563740968704224,0.5264689028263092,0.4719323664903641,0.4810074269771576,0.544807642698288,0.6396911442279816,0.7590972781181335,1.5713990807533265,0.5797574563092862
361,3091.4063181877136,0.950434772282218,0.21501203874746957,0.1572887082894643,0.22728940844535828,0.5155651430288951,0.08429703563451767,0.08680503716071447,0.0114608409969757,0.15878915389378864,0.15877743661403657,2.343749947613105e-05,0.1842970371246338,1.7690085093180339,0.6315898448228836,0.20979014784097672,0.1622466892004013,0.17033817619085312,0.021949787624180317,0.08210957050323486,0.6887550055980682,0.1819380670785904,0.3317537419497967,0.5874120791753134,3.8758780639971446,0.0,0.5965978079217634,0.13197406381368637,0.15847014635801315,0.18986258655786514,0.3067404180765152,0.5115153789520264,0.6919598579406738,0.524058997631073,0.47875209152698517,0.47532327473163605,0.5344953238964081,0.6818627417087555,0.8299800455570221,1.8532158493995667,0.5965978079217634
362,3099.9212033748627,0.9488988083535029,0.21502525508403778,0.15691165725390116,0.22756541868050892,0.5098054905732473,0.08460270116726558,0.08693781395753225,0.01145601353297631,0.15986305673917134,0.1598435252904892,3.9062499611948925e-05,0.18460270265738168,1.7198069413503012,0.6266361027956009,0.2067072093486786,0.16238337755203247,0.16936860233545303,0.021990488283336163,0.08249510079622269,0.6855652332305908,0.18236415088176727,0.32432990831633407,0.5821305935581526,3.807263842993112,0.0,0.5821911276860656,0.1276250295341015,0.1561305895447731,0.1879717856645584,0.2986990809440613,0.48590216040611267,0.6896508038043976,0.5418677628040314,0.48005707561969757,0.47686174511909485,0.5263449549674988,0.6567758917808533,0.8108761310577393,1.6815831065177917,0.5821911276860656
363,3108.4560012817383,0.9863813315557005,0.21452203392982483,0.15750477612018585,0.22730566461881002,0.5152399818102519,0.08494075288375219,0.08690516650676727,0.011439193676536282,0.1947597473859787,0.19475323855876922,1.302083304229503e-05,0.1849407543738683,1.8806538422902426,0.6367727667093277,0.21197473257780075,0.16410042345523834,0.1713739112019539,0.02179204858839512,0.0815875381231308,0.6922538578510284,0.18256882578134537,0.32622462945679825,0.5946645140647888,4.006885779785713,0.0,0.6227913093612866,0.1273261196911335,0.15373890846967697,0.1827443689107895,0.3006286919116974,0.5101812183856964,0.6827284693717957,0.5304330885410309,0.4822947084903717,0.47927799820899963,0.5458412766456604,0.6739110052585602,0.8562290072441101,1.94404536485672,0.6227913093612866
364,3116.9722633361816,0.9636677491672647,0.21573230425516765,0.1577687273422877,0.227879399061203,0.5102571785449982,0.08521299809217453,0.08658224195241929,0.011436705834542711,0.17364805241425832,0.1736415425936381,1.302083304229503e-05,0.18521299958229065,1.7482359647750854,0.6391241103410721,0.218203604221344,0.1644432246685028,0.16934944689273834,0.021759829483926296,0.08154290169477463,0.6894804835319519,0.18273454904556274,0.3302011763056119,0.5985729520519575,4.1443490211804335,0.0,0.6512697051239423,0.12715819478034973,0.15074461698532104,0.18501579761505127,0.31756265461444855,0.5269879400730133,0.6737378537654877,0.5504253208637238,0.4855005741119385,0.4941459149122238,0.5717540383338928,0.681896299123764,0.8077155649662018,1.7870270967483521,0.6512697051239423
365,3125.5386061668396,0.9554340429720469,0.212631955742836,0.15732790529727936,0.2282790074745814,0.517617130279541,0.08546750098466874,0.08671430746714275,0.01142330775037408,0.16462581257025402,0.1646251618862152,1.302083304229503e-06,0.18546750247478486,2.1714763085047406,0.6312811225652695,0.212454654276371,0.16245190799236298,0.1688002571463585,0.021734490990638733,0.08144959807395935,0.6845686137676239,0.18305658549070358,0.33395248278975487,0.5542817662159601,3.9080881482029572,0.0,0.6031289742368765,0.13241257518529892,0.15492122620344162,0.18819982558488846,0.31742601096630096,0.5174800157546997,0.6932752430438995,0.5030744671821594,0.4636687934398651,0.4713608920574188,0.5380497574806213,0.6210095584392548,0.7285271286964417,2.2598512291908266,0.6031289742368765
366,3134.055376291275,0.9563165707727118,0.21461243430773416,0.15707402030626932,0.22797825038433076,0.512081237634023,0.08585633486509323,0.08679065505663554,0.011429622722789645,0.16610477070013682,0.16609044671058654,2.8645833178112905e-05,0.18585633635520935,1.9116342862447102,0.6366292163729668,0.21334556490182877,0.16201698780059814,0.17113757878541946,0.021799195557832718,0.08150913938879967,0.6879582107067108,0.18335885554552078,0.33622771749893826,0.5822212422887484,4.065339776997467,0.0,0.6348614927776686,0.1282220333814621,0.1559203341603279,0.1892734244465828,0.31323687732219696,0.5212661325931549,0.7094475030899048,0.5342029184103012,0.4865475445985794,0.4841863662004471,0.5413414537906647,0.6537346839904785,0.7933144867420197,1.9370577454566955,0.6348614927776686
367,3142.5580801963806,0.9434870839041347,0.2134980191787084,0.15691436330477396,0.22807098825772604,0.5127178927262624,0.08611799925565719,0.08659484585126241,0.01141832877571384,0.15440439184506735,0.15439267456531525,2.343749947613105e-05,0.1861180007457733,1.9159481048583984,0.6384016685187817,0.20899074524641037,0.16304222494363785,0.17394490540027618,0.021727275103330612,0.08134973421692848,0.6986571252346039,0.18389619141817093,0.32598335792620975,0.572790302336216,3.83122352831674,0.0,0.5872047873054724,0.12903644144535065,0.1563589796423912,0.18801546841859818,0.30539974570274353,0.49436745047569275,0.6827220618724823,0.5230706036090851,0.4896928369998932,0.4864896684885025,0.5223699510097504,0.6381584107875824,0.7769603431224823,2.0876455783843992,0.5872047873054724
368,3151.1419162750244,0.9738668100093492,0.2137053996324539,0.15703514913717906,0.2277391920487086,0.510997200012207,0.08644856760899226,0.08667584160963694,0.011445717870568235,0.18507849176724753,0.1850719819466273,1.302083304229503e-05,0.18644856909910837,1.7274860699971517,0.6323311701416969,0.2097509279847145,0.1631227433681488,0.170509435236454,0.02159733697772026,0.08164922147989273,0.690559595823288,0.18419206887483597,0.3406153917312622,0.5820142577091852,4.168301887181261,0.0,0.6561830866595724,0.13016102463006973,0.1535601019859314,0.1868850365281105,0.31911779940128326,0.5425504446029663,0.711417943239212,0.5089730322360992,0.4870460480451584,0.4898275285959244,0.5500521063804626,0.6601577401161194,0.7960290908813477,1.6989614009857177,0.6561830866595724
369,3159.6913301944733,0.9585969200842859,0.21147745251655578,0.15696966846783955,0.2283273955186208,0.5145761450131734,0.08682508418957392,0.0868276392420133,0.011427416047081352,0.16973188122113544,0.16972797513008117,7.812499825377018e-06,0.18682508567969006,1.8447344024976096,0.6323484219610691,0.2088589295744896,0.16138123720884323,0.17139943689107895,0.02180786430835724,0.08138307929039001,0.6935199499130249,0.18430832773447037,0.3084269060442845,0.5701893369356791,3.757002034559438,0.0,0.5718510079666786,0.12593475356698036,0.15145325660705566,0.1798841580748558,0.2833067923784256,0.47313712537288666,0.6368453502655029,0.5293832868337631,0.48079875111579895,0.47652746737003326,0.5228013694286346,0.6304951906204224,0.7811299562454224,1.8798346817493439,0.5718510079666786
370,3168.190214395523,0.9430735886717836,0.21375024318695068,0.156906920671463,0.22747641205787658,0.5048325737317403,0.08716422269741694,0.08669914305210114,0.011421885744978984,0.15701227684815725,0.15699925720691682,2.6041666327121978e-05,0.18716422418753306,1.6704797506332398,0.6213937364518642,0.20178016275167465,0.16021860390901566,0.16975213587284088,0.02185746282339096,0.08161110803484917,0.6890554428100586,0.18471749126911163,0.33239110310872394,0.5833508869012197,3.9730115057528765,0.0,0.6159955252523066,0.1298731565475464,0.15582629293203354,0.1886945739388466,0.31465697288513184,0.5159875452518463,0.6893080770969391,0.4965279847383499,0.4622841030359268,0.47622746229171753,0.549858808517456,0.6865790486335754,0.8286279141902924,1.7834872364997865,0.6159955252523066
371,3176.7595353126526,0.9510343310966467,0.21432770291964212,0.15634397466977437,0.22723505596319835,0.512385759751002,0.08740299393733343,0.08648500094811122,0.01141703591371576,0.16123421986897787,0.16122380395730337,2.0833333110203966e-05,0.18740299542744954,2.413992675145467,0.6285877861082554,0.2080930471420288,0.16146758943796158,0.1698804721236229,0.02187718916684389,0.08137217536568642,0.6872455775737762,0.18516915291547775,0.3233264548083146,0.5998401070634524,4.082999785027691,0.0,0.6385106245018457,0.12736935168504715,0.1520848050713539,0.18605313450098038,0.312044695019722,0.5200490355491638,0.6423577070236206,0.5188700407743454,0.48646996915340424,0.4944293051958084,0.5750572383403778,0.7059061229228973,0.8183079659938812,2.44892795085907,0.6385106245018457
372,3185.388816356659,0.9483243187870054,0.21059429049491882,0.15531334578990935,0.2280091921488444,0.5134261409441631,0.08775862405697504,0.08680553634961446,0.011409759428352118,0.16135751803716022,0.1613490551710129,1.692708295498354e-05,0.18775862554709116,2.082407736778259,0.6335617527365685,0.2111557424068451,0.16087238490581512,0.1709849089384079,0.021743309684097767,0.08110444247722626,0.6898814141750336,0.1853984147310257,0.31913925396899384,0.5762330964207649,3.976543277097156,0.0,0.6165084720092536,0.1260950304567814,0.15238923579454422,0.18426501750946045,0.30099737644195557,0.5014223456382751,0.6496665179729462,0.5141112506389618,0.47766339778900146,0.48066864907741547,0.531426340341568,0.655476838350296,0.7980521023273468,1.8198149085044861,0.6165084720092536
373,3193.972516298294,0.9638842815533281,0.21311465601126353,0.15534495711326599,0.22724607984224957,0.5121325651804606,0.08800873508056005,0.08639299323161444,0.011410232198735078,0.1758043716351191,0.17578484217325846,3.9062499369417006e-05,0.18800873657067615,2.3931338946024576,0.6383859440684319,0.21250225603580475,0.161637082695961,0.1725325733423233,0.02171527035534382,0.0810130275785923,0.6957724690437317,0.1859823241829872,0.32948585972189903,0.5799864654739698,3.9790639442617097,0.0,0.6171962066566327,0.1294168382883072,0.15370448678731918,0.18445026874542236,0.31007251143455505,0.5149578750133514,0.684313178062439,0.5045170187950134,0.4804094135761261,0.49249811470508575,0.5508070290088654,0.6464810967445374,0.8052061200141907,2.5300714135169984,0.6171962066566327
374,3202.6408944129944,0.9361449294219104,0.21038143932819367,0.1550300081570943,0.22854820092519124,0.5091621538003286,0.08833159456650416,0.086518960694472,0.011410006089136004,0.1518973797559738,0.15188761452833813,1.9531249563442543e-05,0.18833159605662028,2.0314204057057696,0.6291985064744949,0.21011516451835632,0.1596480906009674,0.16962964832782745,0.021823511458933353,0.08118991553783417,0.6890524923801422,0.1860809624195099,0.3179877543201049,0.5565045873324076,3.8965403436918997,0.0,0.6001001144968183,0.12584580853581429,0.1505836918950081,0.18162985146045685,0.2940700203180313,0.4903632700443268,0.6654338836669922,0.5067480653524399,0.46602655947208405,0.4673053026199341,0.5173501074314117,0.6259724497795105,0.7556250393390656,2.018293631076813,0.6001001144968183
375,3211.2539632320404,0.9406021968985442,0.21016021172205607,0.1546035885810852,0.22800674835840862,0.5093316415945689,0.08870784292618433,0.08662956903378169,0.011403392224262157,0.1563501278559367,0.15633775889873505,2.4739583265424394e-05,0.18870784441630045,1.7914003610610962,0.6330314129590988,0.2121373489499092,0.16025973856449127,0.17038209736347198,0.02172682248055935,0.08081062510609627,0.689366489648819,0.18637800216674805,0.32976427177588147,0.575485294063886,4.034831526963668,0.0,0.6285897773734843,0.12881174683570862,0.15177074074745178,0.18858714401721954,0.32112766802310944,0.5197336971759796,0.6685546338558197,0.5224438011646271,0.5048806369304657,0.5080327689647675,0.559692919254303,0.6287958025932312,0.7290658354759216,1.868857741355896,0.6285897773734843
376,3219.7749161720276,0.942264674945424,0.2105562706788381,0.15515462855497997,0.22793503801027934,0.5070315599441528,0.08898095538218816,0.08661868919928868,0.011407340799147883,0.15838284989198048,0.15837178428967794,2.2135416171901547e-05,0.1889809568723043,1.8773327827453614,0.6333346702158451,0.21407248824834824,0.15964492410421371,0.169719859957695,0.02180840913206339,0.08099192753434181,0.6890802979469299,0.18675176799297333,0.32699002760152024,0.5873278304934502,4.024924478185576,0.0,0.6265211243774025,0.12788483127951622,0.15094562619924545,0.18476750701665878,0.30860535800457,0.5147267878055573,0.6750100553035736,0.5112378299236298,0.4967925548553467,0.49237893521785736,0.5506988167762756,0.6585151553153992,0.8143436908721924,1.94246963262558,0.6265211243774025
377,3228.3261172771454,0.9452450374490582,0.21183957556883495,0.15491496920585632,0.22789950172106424,0.5021484931310017,0.0892886792620023,0.08668273637692134,0.011404901059965293,0.16236323167880376,0.16234825799862543,2.9947916239810486e-05,0.18928868075211844,1.7386731386184693,0.634059302508831,0.20969155430793762,0.16108570992946625,0.17191244661808014,0.021685379557311535,0.08091352507472038,0.6928891241550446,0.18724708259105682,0.3264887407422066,0.5988229612509409,3.919595751739958,0.0,0.6052682159164644,0.13101135194301605,0.1560279130935669,0.18997833132743835,0.31213441491127014,0.5135115385055542,0.6562688946723938,0.5176495015621185,0.504861980676651,0.503547340631485,0.5684627890586853,0.6674151420593262,0.8310010135173798,1.7742088079452514,0.6052682159164644
378,3236.938759326935,0.953380103574212,0.21033146977424622,0.15522240499655407,0.228182523449262,0.5032864471276601,0.08961919099092483,0.08664747923612595,0.011407915797705451,0.17116020619869232,0.1711543470621109,1.1718749980597447e-05,0.18961919248104095,1.9813991864522298,0.629981517791748,0.20905707031488419,0.16001735627651215,0.1704578846693039,0.021802112460136414,0.08092445135116577,0.6895830929279327,0.1877244934439659,0.31867758308847743,0.600019151965777,3.8425261037589173,0.0,0.5896734834722038,0.13040705770254135,0.15231196582317352,0.18353402614593506,0.29518885910511017,0.5010925233364105,0.6495310664176941,0.5367206931114197,0.5122916102409363,0.505733460187912,0.5715904831886292,0.7047359347343445,0.7690427303314209,2.050243628025055,0.5896734834722038
379,3245.5163793563843,0.9502331645208566,0.21025849183400472,0.1546543002128601,0.22809814711411794,0.5069188714027405,0.0899667943517367,0.08658163746198018,0.011396620034550628,0.16652210851510366,0.16651494801044464,1.4322916346524531e-05,0.18996679584185283,1.8609687089920044,0.6321933902800083,0.21120635420084,0.16008248180150986,0.1704728975892067,0.021853817626833916,0.08095423132181168,0.6884175539016724,0.1876492127776146,0.3184872567653656,0.583139901359876,3.889206972102603,0.0,0.5987909197252755,0.1280113160610199,0.14979573339223862,0.18498683720827103,0.30351118743419647,0.4978625029325485,0.6467559635639191,0.5069374889135361,0.5013032257556915,0.496172234416008,0.5473513007164001,0.6553921401500702,0.79168301820755,1.8641404032707214,0.5987909197252755
380,3254.0895223617554,0.9377933972224127,0.20920474330584207,0.15423019826412201,0.2285114367802938,0.5028223176797231,0.0902904157837232,0.08653434216976166,0.011397807051738103,0.15728768706321716,0.15727922519048054,1.692708295498354e-05,0.1902904172738393,1.6603511969248455,0.6297421529889107,0.2079697549343109,0.15897326171398163,0.17114288359880447,0.021693989634513855,0.08055425062775612,0.6905916929244995,0.18800479173660278,0.33622030665477115,0.5726229498783747,4.065945628792726,0.0,0.6350264361598323,0.12990470975637436,0.15250272303819656,0.18532384932041168,0.3103904724121094,0.5281854867935181,0.711014598608017,0.506571352481842,0.4707621783018112,0.47339431941509247,0.5320896804332733,0.640374094247818,0.8125460743904114,1.7023537278175354,0.6350264361598323
381,3262.6420583724976,0.9405021925456822,0.2100497414668401,0.15470331807931265,0.22794419924418133,0.5031523466110229,0.09048133740822474,0.08655341813961664,0.011411983938887715,0.15867089728514353,0.1586591790119807,2.343749971866297e-05,0.19048133889834087,1.8933944702148438,0.6383241452276707,0.21396589279174805,0.16453955322504044,0.1710442379117012,0.02158188261091709,0.08077384904026985,0.6906027495861053,0.18816563487052917,0.33364295090238255,0.5613771279652914,3.98095162138963,0.0,0.6175370006466943,0.12873195856809616,0.15299708396196365,0.18768637627363205,0.31043247878551483,0.5124756991863251,0.7095341086387634,0.5033242702484131,0.4884958565235138,0.486640989780426,0.5215455293655396,0.6117193698883057,0.7565367519855499,1.817648708820343,0.6175370006466943
382,3271.180330514908,0.9392902776831761,0.2093449503183365,0.15498039921124776,0.22839610874652863,0.5070348143577575,0.09089138259490331,0.08643207202355067,0.011387205403298139,0.15608021120230356,0.1560710976521174,1.822916625921304e-05,0.19089138408501943,2.330891664822896,0.6256080232560635,0.20784447342157364,0.15837956219911575,0.16928688436746597,0.021739955991506577,0.0805823877453804,0.6870696842670441,0.18862304836511612,0.3250289571781953,0.5849681769808134,3.9650371928470847,0.0,0.6142372652795905,0.12799734622240067,0.15526669472455978,0.1892218515276909,0.30833278596401215,0.507514238357544,0.6618408262729645,0.5127328932285309,0.500263124704361,0.5000036805868149,0.5492475032806396,0.6629176735877991,0.7846441864967346,2.289752948284149,0.6142372652795905
