epoch,elapsed_time,total_loss,l_pred,l_multi,l_probe,l_coord,l_vel_cons,spike_rate,grad_norm,val_total_loss,val_l_pred,val_l_multi,val_l_probe,val_l_coord,val_l_vel_cons,val_pos_err,val_vel_err,val_spike_rate,grad_norm_recent
1,7.300558090209961,6.6544668237368265,5.541667970021566,0.4052698214848836,0.36729533871014913,0.22983975211779276,0.702293062210083,0.1118924155831337,4.170644091085369,6.537134021520615,5.4863996505737305,0.33667194843292236,0.35595858097076416,0.23849714547395706,0.6819249391555786,0.686454564332962,0.8460442125797272,0.1091073751449585,3.7995090718892874
2,14.097516059875488,6.483510418732961,5.511033376057942,0.3214212755362193,0.32482103308041893,0.2271503686904907,0.6484973549842834,0.10941357463598252,2.6907163634119002,6.53512342274189,5.509966135025024,0.30275851488113403,0.3485785722732544,0.2419588714838028,0.7064835429191589,0.6826571822166443,0.8364869058132172,0.107696533203125,2.582140504800582
3,20.586007118225098,6.453938787182172,5.529164250691732,0.2954464475313822,0.3105997502803802,0.23471679389476777,0.623407248655955,0.1079699436823527,1.9270520919990224,6.551253221929073,5.551938772201538,0.2887340486049652,0.34220266342163086,0.2505888417363167,0.6821683943271637,0.6821959316730499,0.8250119984149933,0.10778599232435226,1.838286273691438
4,27.22972798347473,6.432390060027441,5.524814891815185,0.28115747968355814,0.3091680308183034,0.2435224860906601,0.5946414669354757,0.10742073605457941,1.603579320847186,6.518124483525753,5.516847610473633,0.2731954753398895,0.3496604412794113,0.2582210898399353,0.6614330112934113,0.6833977997303009,0.8339418768882751,0.10712803155183792,1.57842784495879
5,33.57440209388733,6.348084717988968,5.452246888478597,0.26624382932980856,0.31232205828030907,0.25130308866500856,0.5522871931393941,0.10657552133003871,1.2970027877136703,6.340006612241268,5.389906406402588,0.2580777406692505,0.3344909995794296,0.26437386870384216,0.6083173453807831,0.6856729984283447,0.8080753982067108,0.10546421632170677,1.2324607668274856
6,40.0316641330719,6.205808085203171,5.329288736979167,0.25077935059865314,0.3129886229832967,0.2560145874818166,0.5006097078323364,0.10392995874087016,1.087255050036896,6.218646693974733,5.282376766204834,0.24265224486589432,0.33829864859580994,0.26718050241470337,0.5533860325813293,0.6872361898422241,0.8180727660655975,0.10311564430594444,1.0571638112256063
7,46.7377290725708,6.086834123233954,5.2283860206604,0.23815354208151499,0.3132187942663828,0.2580494443575541,0.4517349720001221,0.10366308689117432,0.9046922106539939,6.120859693735838,5.2017292976379395,0.23506324738264084,0.3359993249177933,0.26876893639564514,0.5184004902839661,0.6874938011169434,0.8132476806640625,0.10420991480350494,0.8868518753992138
8,53.22509717941284,6.0182212591171265,5.175576782226562,0.23122469286123912,0.31132230162620544,0.2595201373100281,0.41755010883013405,0.10391010145346323,0.8054658859038355,6.090862508863211,5.175374746322632,0.23103921115398407,0.3392266184091568,0.27027806639671326,0.48605968058109283,0.6874104142189026,0.8189350366592407,0.10406750068068504,0.7889629010532755
9,59.70469331741333,5.97274584621191,5.137762451171875,0.2278805285692215,0.31216474175453185,0.26082036197185515,0.3868545889854431,0.10295713941256206,0.7408391742738925,6.043436955660582,5.153059005737305,0.23054766654968262,0.33071814477443695,0.2714402824640274,0.45467130839824677,0.6875848472118378,0.8047959208488464,0.1018255315721035,0.7442314132841215
10,66.36367511749268,5.965647997458776,5.134568277994791,0.2279597153266271,0.31279001434644066,0.26159922579924266,0.3660793324311574,0.10222938309113185,0.6894754809020515,5.994422748684883,5.107063055038452,0.22518138587474823,0.3331705182790756,0.27186286449432373,0.43371185660362244,0.6880230605602264,0.8042868971824646,0.10267641767859459,0.667418059066174
11,72.90108013153076,5.878068248927593,5.060614935557047,0.21926199396451315,0.31172168453534443,0.2618146816889445,0.337515789270401,0.10306450724601746,0.6123921346232964,5.914718445390463,5.046495676040649,0.21823514252901077,0.32741208374500275,0.27197058498859406,0.4171241223812103,0.6882389187812805,0.7928665578365326,0.10226312652230263,0.5991470695810994
12,79.21213102340698,5.81141812056303,5.001976235707601,0.21450280249118805,0.3117945969104767,0.2620558818181356,0.31440515915552775,0.1028261716167132,0.5941022932872274,5.873096004128456,5.006808280944824,0.21597059816122055,0.3296973556280136,0.272443562746048,0.3956308513879776,0.6883271634578705,0.7998841106891632,0.1024143174290657,0.5958248078289794
13,85.75164723396301,5.760872893035412,4.96037327448527,0.2116512268781662,0.3104731818040212,0.2625922242800395,0.2949105660120646,0.10248301873604457,0.5749109631801047,5.767541967332363,4.919803619384766,0.20581218600273132,0.32686708867549896,0.2727966010570526,0.36439231038093567,0.6880505979061127,0.7932382822036743,0.10143229365348816,0.561173718639395
14,92.30617213249207,5.670327934871117,4.884469509124756,0.20212782224019368,0.3087826391061147,0.2627326279878616,0.26891694565614066,0.09968972504138947,0.6467343498759537,5.622011084109545,4.802567958831787,0.192127987742424,0.3215075135231018,0.2727830857038498,0.3214564174413681,0.6886102855205536,0.7837405204772949,0.09710640832781792,0.6679456295869356
15,98.648273229599,5.418229575951894,4.65896848042806,0.17877208491166433,0.3072384099165599,0.26244263648986815,0.22159293293952942,0.09452170133590698,0.7104736127567807,5.296439401805401,4.51168155670166,0.16563694179058075,0.3174878656864166,0.2724267840385437,0.26785457134246826,0.6888119578361511,0.7735167145729065,0.0929127149283886,0.7220161403333958
16,105.28826117515564,5.157076301177343,4.4191866238911945,0.1602458467086156,0.3055838296810786,0.26224873463312787,0.1863963782787323,0.09271912922461828,0.6297316754445867,5.094969531521201,4.327062368392944,0.1547863855957985,0.31499557197093964,0.2723884731531143,0.24209130555391312,0.6882099807262421,0.7670001089572906,0.09231404587626457,0.5973976725102516
17,111.70870018005371,5.017951642473538,4.290294456481933,0.15250749091307322,0.3040137161811193,0.2623883644739787,0.17350403269131978,0.09196419268846512,0.5148861838337201,4.97059478238225,4.207770824432373,0.1465230956673622,0.31541070342063904,0.27256840467453003,0.2349640130996704,0.6883143782615662,0.7712556719779968,0.09139206632971764,0.5036139914054558
18,118.22038316726685,4.897672341763974,4.177415784200033,0.1448505719502767,0.3032512466112773,0.26251597901185353,0.16531511346499125,0.0911780059337616,0.46824282091876934,4.8619493786245584,4.103993654251099,0.1399025246500969,0.3164513260126114,0.27252867817878723,0.22040724009275436,0.6882593035697937,0.7735642790794373,0.09110455960035324,0.4535185853310827
19,124.67639803886414,4.825698246558507,4.1064959843953455,0.14115701317787172,0.3044646183649699,0.2622927655776342,0.15877807537714642,0.09054703762133916,0.45094580116397004,4.850392039865255,4.098216772079468,0.14169734716415405,0.3128419518470764,0.27221807837486267,0.2225707620382309,0.6878534257411957,0.7644886076450348,0.09034528583288193,0.4535570398196581
20,131.1541211605072,4.823602137962977,4.104160277048747,0.14260459144910176,0.303938893477122,0.26205730934937793,0.16104711294174195,0.0903782015045484,0.4687900888999819,4.86360758729279,4.115290880203247,0.14374451339244843,0.3095005303621292,0.27192793786525726,0.22977355867624283,0.6877794563770294,0.759250819683075,0.09086792171001434,0.4812737278614252
21,137.7288691997528,4.876868992795547,4.153666400909424,0.14654794335365295,0.3043765962123871,0.2617435842752457,0.16470171113808948,0.09194053908189138,0.5248137465878311,4.929173307493329,4.164035081863403,0.14805133640766144,0.31684714555740356,0.27174367010593414,0.22967306524515152,0.6874144077301025,0.7722403407096863,0.09263741970062256,0.5242246958204131
22,144.26528310775757,4.951627134035031,4.2215142250061035,0.15295972327391308,0.3061179975668589,0.2616093118985494,0.16558820903301238,0.09318918188412985,0.4959531985021975,5.046876188367605,4.279397964477539,0.15719328820705414,0.314707487821579,0.27158306539058685,0.23786641657352448,0.686798483133316,0.7707120180130005,0.09413772076368332,0.49551728665623973
23,150.68841695785522,4.997582568973303,4.268053754170736,0.1580202321211497,0.30450992584228515,0.26144165893395743,0.165995388229688,0.09365467677513759,0.49114404837682085,5.072383048012853,4.295353889465332,0.16117262840270996,0.31849533319473267,0.271380215883255,0.2378087118268013,0.6860437989234924,0.7815515697002411,0.09403907135128975,0.4925377658400724
24,157.23462224006653,5.041556988408169,4.310085932413737,0.1628820339838664,0.30412741700808205,0.2612177093823751,0.16710081994533538,0.0943041443824768,0.44274389358290983,5.065755469724536,4.29783821105957,0.1624128594994545,0.313487246632576,0.27118173241615295,0.2389453426003456,0.6852112114429474,0.7681275606155396,0.09417294338345528,0.4454440130374621
25,163.72100019454956,5.01811745762825,4.288500626881917,0.16169716715812682,0.3038293202718099,0.2610917717218399,0.1644384264945984,0.09435053219397863,0.44411550936336347,5.037127560004592,4.269110441207886,0.1597687527537346,0.31480567157268524,0.2711106687784195,0.2340855970978737,0.6847996413707733,0.7734986543655396,0.09551699459552765,0.43933785946859255
26,170.25910902023315,5.052773785342773,4.319845549265543,0.16420562267303468,0.3047233204046885,0.2609735369682312,0.16551513572533924,0.096044921875,0.4975117776563097,5.095691118389368,4.326082944869995,0.16471298784017563,0.3139849305152893,0.2710393965244293,0.23712727427482605,0.6838743388652802,0.7737965881824493,0.09555669873952866,0.5122728752071113
27,176.72257614135742,5.061382128546636,4.330165195465088,0.16480617920557658,0.30388291279474894,0.26091971397399905,0.164192071557045,0.09642100731531779,0.5043389075827573,5.106816461309791,4.331790447235107,0.1648779883980751,0.31638313829898834,0.27099308371543884,0.2392829731106758,0.6833384931087494,0.7813998460769653,0.09706816077232361,0.5016529394854751
28,183.32193398475647,5.033187069743872,4.3066609064737955,0.16289783616860706,0.30258493224779764,0.2609539836645126,0.15962952276070913,0.09639756927887598,0.477123578279791,5.007890263572335,4.24207615852356,0.15670423954725266,0.31628601253032684,0.2710074633359909,0.21955984085798264,0.6830517649650574,0.777008980512619,0.09563494101166725,0.46414853946817675
29,189.68492007255554,4.987118018418551,4.263436476389567,0.15913161834081013,0.3031660278638204,0.26100518703460696,0.1511347085237503,0.09677750617265701,0.44920949505714813,5.01981595531106,4.258894443511963,0.15902572125196457,0.31348398327827454,0.2711358815431595,0.21776273846626282,0.6825981736183167,0.7744416296482086,0.09656691923737526,0.44530512293229574
30,196.2324960231781,4.941154753168424,4.224354934692383,0.15607715944449108,0.3011980096499125,0.26086129744847614,0.14546087781588238,0.09640369961659113,0.45459030425632235,4.93793467618525,4.190302133560181,0.15372946858406067,0.3096015602350235,0.27093783020973206,0.20625875145196915,0.6819666624069214,0.7666386961936951,0.09611241146922112,0.45108135457648657
31,202.69526600837708,4.929801601419846,4.217535495758057,0.15609348714351653,0.2995721956094106,0.2606585959593455,0.1402998834848404,0.09700021694103876,0.44757926947844406,4.973200332373381,4.215886831283569,0.15635794401168823,0.31323373317718506,0.27069707214832306,0.21066825091838837,0.6814014315605164,0.7715826630592346,0.09769641607999802,0.4573183070222503
32,209.19716596603394,4.901426430046558,4.1911267598470054,0.15379737516244252,0.2997224231561025,0.2605874766906103,0.13582454522450765,0.09769151459137598,0.4464348232155739,4.9152174312621355,4.162795305252075,0.15212887525558472,0.3134070485830307,0.27077174186706543,0.1981743648648262,0.6809450089931488,0.7720695436000824,0.09743919596076012,0.4433674968217292
33,215.81715607643127,4.875540339450041,4.168255297342936,0.153160896897316,0.29913710554440814,0.26062246362368263,0.12972153027852376,0.09783919254938761,0.4499376666892249,4.905652083456516,4.165633916854858,0.15272415429353714,0.30771008133888245,0.2706931531429291,0.19294370710849762,0.6798860430717468,0.7599903643131256,0.09795834496617317,0.43531325826277384
34,222.25902009010315,4.836331950997313,4.131595325469971,0.14996208250522614,0.29929776390393575,0.2604731192191442,0.12464022586743037,0.09857959002256393,0.45649164386055946,4.857353372499347,4.116421699523926,0.14858541637659073,0.3105929344892502,0.2706705927848816,0.18181238323450089,0.6790358424186707,0.7693827748298645,0.0994885265827179,0.4592006552103003
35,228.75655603408813,4.809566442792614,4.109428914388021,0.14785403708616893,0.2982115725676219,0.26044792036215464,0.11914945890506108,0.09964545369148255,0.4395022540945448,4.808789836242795,4.078463554382324,0.14619432389736176,0.306356742978096,0.2704714983701706,0.1780625358223915,0.678251326084137,0.7598945498466492,0.09889747202396393,0.4339100460428768
36,235.30880522727966,4.748574335873127,4.05164581934611,0.14328303237756093,0.2985165238380432,0.2603008488814036,0.11301581064860027,0.09923334469397863,0.450033841331974,4.704376036301255,3.981792688369751,0.1385946199297905,0.3060464709997177,0.2703275680541992,0.1647723838686943,0.677537202835083,0.7585659623146057,0.09833589196205139,0.45568018842480545
37,241.73448491096497,4.669373648116986,3.9783764044443766,0.13841714163621266,0.2976388355096181,0.26014312903086345,0.10604400734106699,0.09867301434278489,0.4273749183558085,4.679044680669904,3.9598954916000366,0.1364806666970253,0.30566616356372833,0.2702944725751877,0.15830611437559128,0.6769782602787018,0.760888934135437,0.09890235587954521,0.43043405682464825
38,248.1626901626587,4.624792930732171,3.934895086288452,0.1349938303232193,0.29855931202570596,0.2600974569718043,0.10112922092278799,0.09885118305683135,0.42457790253312666,4.632147565484047,3.92027747631073,0.13375498354434967,0.30341143906116486,0.27016785740852356,0.15267887711524963,0.6765668392181396,0.7539378106594086,0.09895816072821617,0.4299998922459384
39,254.7926242351532,4.545013805602988,3.8599575678507487,0.12975004216035207,0.2982385754585266,0.2598778267701467,0.09481626302003861,0.09861116508642832,0.4353737722339176,4.530588859692216,3.820119857788086,0.12748552113771439,0.30523230135440826,0.27000080049037933,0.14504655450582504,0.6755229830741882,0.757399320602417,0.09802402928471565,0.43186961919836103
40,261.28690123558044,4.478484530126055,3.7989998340606688,0.1256033514936765,0.2970552881558736,0.25973173379898074,0.0902897760272026,0.09831098020076752,0.4181082129080235,4.546581694856286,3.83510422706604,0.12896403670310974,0.30558688938617706,0.2698763310909271,0.14328668266534805,0.6744782626628876,0.761617511510849,0.09828357771039009,0.42309402409080576
41,267.7893440723419,4.445866921792428,3.770691680908203,0.12419914801915487,0.2956705868244171,0.2595864862203598,0.08693797290325164,0.09832655141750972,0.4326733387585661,4.451934395357966,3.750294327735901,0.12304459884762764,0.30365559458732605,0.26961763203144073,0.1312263160943985,0.6739068031311035,0.7610876262187958,0.09854451566934586,0.43532037669591694
42,274.4602632522583,4.439769464979569,3.764993747075399,0.12390490472316742,0.2959462732076645,0.2592853993177414,0.08372287650903067,0.09858262787262599,0.4364727046984368,4.46475013718009,3.7658374309539795,0.12366727367043495,0.30216218531131744,0.26944148540496826,0.13101879507303238,0.672532856464386,0.7550052106380463,0.09911853447556496,0.4409084522756377
43,280.9155831336975,4.403931714346012,3.7337734858194986,0.12191881388425826,0.29448211193084717,0.25902381042639416,0.08093839089075724,0.09839756985505423,0.430200354490926,4.4227138720452785,3.725105881690979,0.12165595963597298,0.3025647699832916,0.26911140978336334,0.12660188227891922,0.6715432405471802,0.7592437863349915,0.0982983410358429,0.43461067883907595
44,287.3597240447998,4.3985721426705515,3.7306293487548827,0.12193557769060134,0.2935902158419291,0.25878140727678933,0.07917829354604085,0.0986316720644633,0.3978792897976077,4.424187231808901,3.730285406112671,0.12204645946621895,0.3009122461080551,0.268995076417923,0.12421641498804092,0.6703996062278748,0.7541049718856812,0.09855538606643677,0.40070676736416166
45,294.05172395706177,4.4125992771238085,3.7443193912506105,0.1233265886704127,0.29348238309224445,0.2585850715637207,0.07860730141401291,0.0985845814148585,0.42034444477385685,4.452271090820432,3.755702495574951,0.12394791096448898,0.30185747146606445,0.2687458395957947,0.12351878732442856,0.6691677868366241,0.7595478296279907,0.09870593994855881,0.423015073902659
46,300.6023290157318,4.487423545122146,3.8173431396484374,0.12879883299271266,0.2927236795425415,0.2583577573299408,0.08093451956907909,0.0995062400897344,0.42200733339036683,4.5118857603520155,3.8112361431121826,0.12860343605279922,0.30239632725715637,0.2685364782810211,0.1262209787964821,0.668054848909378,0.7590030133724213,0.09890683367848396,0.4221095008805473
47,307.1487810611725,4.456114732349913,3.7898489157358806,0.12707162300745647,0.29159406423568723,0.25809133648872373,0.07816750655571619,0.09861062318086625,0.42783048771308424,4.453614556230605,3.757701277732849,0.12417803332209587,0.30193763971328735,0.26828454434871674,0.11979592964053154,0.6662548184394836,0.7621360719203949,0.09867861866950989,0.42458597172186263
48,313.77559900283813,4.425530048087239,3.7630120436350505,0.12490039120117823,0.29056227604548135,0.25776300132274627,0.07577302704254786,0.09857373038927714,0.4335541391789137,4.451590125449002,3.758479118347168,0.12497911974787712,0.300280898809433,0.2679313123226166,0.12023859843611717,0.6650642454624176,0.7606151401996613,0.09856288507580757,0.419713445797013
49,320.18839502334595,4.411482182269295,3.7529975096384685,0.12415988693634669,0.2889358421166738,0.25754070580005645,0.07413217971722284,0.09873508016268412,0.39981738345983936,4.434741266071796,3.7476918697357178,0.12466342374682426,0.29749564826488495,0.26791636645793915,0.11890555173158646,0.664127767086029,0.752964049577713,0.09885765612125397,0.4128275489841976
50,326.7045512199402,4.399856191252669,3.743517843882243,0.12395095378160477,0.2880127529303233,0.25742986698945364,0.07334945847590764,0.09837814668814342,0.4197069321229941,4.390708750113845,3.7103865146636963,0.12194304913282394,0.2954383045434952,0.267695352435112,0.11389640718698502,0.6630017161369324,0.7506767213344574,0.09761741757392883,0.4296480248711617
51,333.37046122550964,4.384128468607863,3.731205638249715,0.12364542186260223,0.2865982194741567,0.25716556906700133,0.07161472191413244,0.09740863690773646,0.4142972530390175,4.436901315115392,3.7513970136642456,0.12575876340270042,0.29707708954811096,0.26738177239894867,0.11388296261429787,0.6616022884845734,0.7541608810424805,0.09707414731383324,0.412438723335779
52,339.9092400074005,4.376785980165005,3.7236624081929524,0.12317556540171305,0.2869727512200673,0.2568191200494766,0.07036114732424419,0.09736105700333914,0.3938850796012549,4.406914568506181,3.7216796875,0.12249919399619102,0.2982245087623596,0.2671358585357666,0.11014506593346596,0.659694641828537,0.755247563123703,0.09696126356720924,0.38563573651144256
53,346.38796210289,4.380404635767142,3.731353267033895,0.12383849620819092,0.284853329261144,0.2566179056962331,0.06970184842745462,0.09766579816738764,0.4132709044227425,4.352982917800546,3.6768518686294556,0.11995929852128029,0.2947317212820053,0.26703350245952606,0.10675182938575745,0.6585215926170349,0.7512019574642181,0.09699276834726334,0.4253609128019164
54,352.9985990524292,4.354941611861189,3.7060516357421873,0.1221139465769132,0.28548608819643656,0.256395161151886,0.06744330575068792,0.09732568313678105,0.42904659857607635,4.375689059495926,3.700884699821472,0.1215924434363842,0.29363399744033813,0.26667727530002594,0.10696057230234146,0.6567727029323578,0.7491636276245117,0.09702247008681297,0.4358030955365952
55,359.5460422039032,4.357608103007078,3.7102347215016684,0.12269384115934372,0.2847435295581818,0.2560295482476552,0.06615760723749796,0.09703841159741083,0.42549573586517225,4.365458766929805,3.6907923221588135,0.12068963795900345,0.29421016573905945,0.2664092034101486,0.10360517725348473,0.6547945439815521,0.7546955645084381,0.09730986133217812,0.41852667605490684
56,365.94656109809875,4.336010016128421,3.692784818013509,0.12132399032513301,0.283206844329834,0.25574238002300265,0.06459805717070898,0.09718755433956781,0.4574102548759583,4.333625287748873,3.6614937782287598,0.11949716880917549,0.29345765709877014,0.2662249505519867,0.10187044367194176,0.6526174545288086,0.7498315870761871,0.09706228971481323,0.45210161944051536
57,372.51394033432007,4.322800624432663,3.6831067244211835,0.12052653630574545,0.2817790408929189,0.25554701685905457,0.0634902002910773,0.09753021945556005,0.4221277392326074,4.34179980866611,3.6665472984313965,0.12006186321377754,0.29510486125946045,0.26603758335113525,0.10004742443561554,0.6513093113899231,0.7555484771728516,0.09665945917367935,0.4125857947968834
58,379.0161440372467,4.3149219332883755,3.676199499766032,0.12057434568802515,0.28148995836575824,0.25528696874777473,0.061821375787258145,0.09675699969132741,0.42499533375122706,4.328246388584375,3.659894824028015,0.11995893716812134,0.2919227033853531,0.2657517343759537,0.0981067568063736,0.6494730412960052,0.7498167753219604,0.0964212492108345,0.4210016729395849
59,385.44318103790283,4.295614609991511,3.6616645654042563,0.11951268464326859,0.27963172892729443,0.25494184692700705,0.05972097764412562,0.09699706981579463,0.4096678240344078,4.316372038796544,3.6527066230773926,0.11861734092235565,0.29029545187950134,0.2654391825199127,0.09506336599588394,0.6464998722076416,0.7504617869853973,0.09730387479066849,0.40918267774756634
60,391.94382309913635,4.292392037746807,3.6598567803700766,0.1190757229924202,0.2791588564713796,0.25457908809185026,0.05871873175104459,0.09789925316969554,0.4339208675578595,4.274391939863563,3.615082621574402,0.11643878743052483,0.2890867590904236,0.2651599198579788,0.09166562557220459,0.6433946192264557,0.7520049810409546,0.09678257256746292,0.429255570935578
61,398.50915908813477,4.250201258063316,3.621515639623006,0.1165090024471283,0.27816709876060486,0.25437336762746177,0.056387678782145186,0.09783935596545537,0.4515628392807577,4.253921118564904,3.590540289878845,0.11454208940267563,0.291927233338356,0.2649853974580765,0.08902126923203468,0.6421585977077484,0.7568246424198151,0.0971725583076477,0.4433097071144583
62,405.022488117218,4.214821050936977,3.5901311874389648,0.11466260651747386,0.2769446502129237,0.2541019300619761,0.0538770392537117,0.09696630885203679,0.4284320186135608,4.261258759535849,3.5998547077178955,0.11564411967992783,0.2907187193632126,0.2647525668144226,0.08857821300625801,0.640977144241333,0.7515349686145782,0.09690243750810623,0.42595739597728743
63,411.5202851295471,4.200010816566646,3.5767510255177815,0.11407851874828338,0.2765415181716283,0.25377473632494607,0.05254998132586479,0.09711132893959681,0.44492321724547396,4.190740008838475,3.5379796028137207,0.11178290098905563,0.2878712862730026,0.2644291967153549,0.08450553193688393,0.6380316317081451,0.7486096620559692,0.09672409668564796,0.4514681553728046
64,418.18926215171814,4.183172186029454,3.5643285274505616,0.11326144089301428,0.274664576848348,0.2534047851959864,0.051535137742757794,0.09724365323781967,0.41362614549006815,4.192930952645838,3.542421340942383,0.11190648749470711,0.28693677484989166,0.26412032544612885,0.08273127302527428,0.634207010269165,0.7527887225151062,0.09729492291808128,0.40952048376767863
65,424.7219979763031,4.141582826338708,3.530349095662435,0.11106281826893488,0.27164446413516996,0.2529916008313497,0.049653573085864385,0.09734684278567632,0.41741585329237274,4.178418716415763,3.528229236602783,0.11115056276321411,0.2872364670038223,0.26371443271636963,0.08056505769491196,0.6312064230442047,0.7565687298774719,0.09717180579900742,0.41724433284780904
66,431.25956296920776,4.114453539066017,3.5062880516052246,0.10971281329790751,0.27065704266230267,0.25260880490144094,0.047979981948932014,0.09704345663388571,0.42216702201606104,4.143139588646591,3.507874846458435,0.11013810336589813,0.2802790403366089,0.2633993476629257,0.07855043932795525,0.6277986168861389,0.7410770952701569,0.09677455201745033,0.41146149401339105
67,437.8910720348358,4.101233341917395,3.494755188624064,0.10883565644423167,0.2701677759488424,0.2522584666808446,0.04689909269412359,0.09725455741087595,0.4298516459755005,4.10559696238488,3.465498685836792,0.10753869265317917,0.2837916165590286,0.26312822103500366,0.07498278841376305,0.6248365342617035,0.7520049214363098,0.0958569347858429,0.43127267746235154
68,444.3356831073761,4.0912067463621495,3.4900803724924723,0.10884032994508744,0.26757134596506754,0.25189447700977324,0.04625406786799431,0.09709960917631785,0.43138105567158164,4.115283275023103,3.4777653217315674,0.10801495239138603,0.2823944538831711,0.2626478523015976,0.0748862773180008,0.6203927397727966,0.7536920607089996,0.09718924388289452,0.43331437499002795
69,450.93693113327026,4.08330980843554,3.484604771931966,0.10846627751986186,0.2665599217017492,0.2512437532345454,0.04540821736057599,0.09739637623230617,0.44752092321651354,4.109169822186232,3.482286810874939,0.10822476074099541,0.27714183926582336,0.26219016313552856,0.07394780963659286,0.6154581308364868,0.7432093024253845,0.09738519787788391,0.4527902674294778
70,457.5019450187683,4.042062619266411,3.449067401885986,0.10638193637132645,0.26445737381776174,0.25094911456108093,0.04355800623695056,0.09680468837420146,0.43048153088040514,4.088276828639209,3.4597049951553345,0.10679379478096962,0.27863909304142,0.2618839591741562,0.07158700004220009,0.6117194294929504,0.7494710683822632,0.09705973044037819,0.42659652648296814
71,463.95315504074097,4.045948448528846,3.4580085913340253,0.10669247756401698,0.26190486550331116,0.25033099253972374,0.04313554962476095,0.09742518415053686,0.4075634413859527,4.104208035394549,3.486639380455017,0.10899491235613823,0.2724487781524658,0.26120081543922424,0.0726945698261261,0.6045897603034973,0.7417809367179871,0.09720441699028015,0.39821272221264914
72,470.63001918792725,4.060335523014268,3.477013285954793,0.10786038835843405,0.2593311548233032,0.24975972771644592,0.042918932934602104,0.09752701818943024,0.444002394214797,4.010284723713994,3.392966151237488,0.10277373716235161,0.2745933160185814,0.26085010170936584,0.0669802874326706,0.6009744107723236,0.7499350309371948,0.09606875479221344,0.4340264055783164
73,477.17279624938965,4.030519577302039,3.4543721675872803,0.10660791397094727,0.256204558412234,0.24913310408592224,0.04173734361926715,0.09738655636707942,0.41088084246331413,4.088955250568688,3.474212646484375,0.10856449604034424,0.2714860066771507,0.2600913643836975,0.06995337083935738,0.5929542481899261,0.7483228445053101,0.09743024408817291,0.40923225814942993
74,483.70991826057434,4.021883001861473,3.4515454292297365,0.10637738009293875,0.25344395339488984,0.24851380288600922,0.04104390318195025,0.09742469588915507,0.42010013386205725,4.04972583707422,3.4432605504989624,0.10590659826993942,0.2683490291237831,0.25976449251174927,0.06725571677088737,0.5880543291568756,0.7420028150081635,0.09716471284627914,0.42608093976127764
75,490.32756304740906,4.011503483727575,3.4472764174143475,0.10607597827911378,0.2505483378966649,0.2478832870721817,0.040369605521361034,0.09742822299400965,0.4264220992044204,4.0801998525857925,3.475711464881897,0.1082037165760994,0.2667328119277954,0.258869007229805,0.0676836222410202,0.5789963901042938,0.7471345365047455,0.09767944365739822,0.4316067441406199
76,496.84376430511475,4.0188407960658274,3.461545944213867,0.10713565597931544,0.24685762325922647,0.2469266563653946,0.04004710937539736,0.09737071444590886,0.41745265489516775,4.049205699004233,3.449518084526062,0.10570823028683662,0.26519498974084854,0.2581569254398346,0.06577407941222191,0.5710939168930054,0.7456961572170258,0.09719540551304817,0.43340162535088506
77,503.3936219215393,4.0180130574231345,3.467066462834676,0.10742533206939697,0.24365488986174266,0.2458862245082855,0.03969659532109896,0.09740180174509684,0.43216101905762916,4.027399788610637,3.433431625366211,0.10516341030597687,0.26264631003141403,0.2570944130420685,0.06437535211443901,0.5595114231109619,0.749994158744812,0.09712425619363785,0.4562743949269466
78,510.04107427597046,4.003450480227669,3.4607455253601076,0.10713675717512766,0.23968897064526876,0.24493914544582368,0.03903453995784124,0.09746321638425191,0.43690694426513654,4.029846007935703,3.443681836128235,0.10601095855236053,0.2586396858096123,0.2561650425195694,0.06351728364825249,0.5479592680931091,0.7508272528648376,0.09735717996954918,0.4421577971825924
79,516.5949602127075,3.970485501798491,3.4395195325215657,0.10574400325616201,0.23431768119335175,0.24360241790612538,0.03783442104856173,0.09734630088011424,0.43530953440141745,4.035413956269622,3.4655308723449707,0.10779042541980743,0.24998605996370316,0.2550860494375229,0.06406300514936447,0.5357242226600647,0.7357084453105927,0.09726806730031967,0.4494132552100151
80,523.1838531494141,3.9601757602145273,3.437333869934082,0.10570660134156545,0.2303226351737976,0.24246181646982828,0.037373277048269905,0.09728933324416479,0.4523238032748475,3.976738520897925,3.4132598638534546,0.10437842831015587,0.24805139005184174,0.2537492960691452,0.06074665114283562,0.5192795991897583,0.7438100576400757,0.09700276702642441,0.46392230791573186
81,529.9849681854248,3.9470196592931948,3.440204445521037,0.10574550877014796,0.22237548232078552,0.2406542827685674,0.036765978982051216,0.09751079678535461,0.4447524443714059,3.989489354658872,3.4351205825805664,0.10548030957579613,0.24322868138551712,0.2520650774240494,0.060685018077492714,0.49987028539180756,0.7413814663887024,0.09718802571296692,0.44025515811208893
82,536.4692001342773,3.9228929466878375,3.428147633870443,0.10509862651427587,0.2165924608707428,0.23866252998510998,0.03604431127508481,0.09745985170205435,0.4439080707432136,3.9790967563167214,3.426504373550415,0.10471192002296448,0.24268457293510437,0.2498670518398285,0.059469107538461685,0.47519271075725555,0.7553845345973969,0.09769217669963837,0.46302821493130775
83,543.0104749202728,3.911438950834175,3.4358763694763184,0.10563568174839019,0.2068961262702942,0.23574371933937072,0.03580995177229245,0.09755083570877711,0.5068549803559678,4.038299443200231,3.501837372779846,0.11014118790626526,0.23293107002973557,0.2474026083946228,0.06211734563112259,0.4464910626411438,0.7481415867805481,0.09825265035033226,0.5015846780421107
84,549.607987165451,3.9098162799452743,3.449756447474162,0.10634785443544388,0.1989922930796941,0.23300405939420063,0.035605276376008986,0.0975385198990504,0.4725813380156911,4.013189454097301,3.4957566261291504,0.1096738688647747,0.22362934798002243,0.244052954018116,0.06134879030287266,0.4084971696138382,0.7399285137653351,0.09754231944680214,0.4730681472268695
85,556.1087760925293,3.905885759803156,3.4685829480489097,0.10757902612288793,0.18730755945046743,0.2287002722422282,0.035592719167470935,0.09784054855505625,0.43476630869575505,3.955933840945363,3.4518792629241943,0.10589059442281723,0.21834131330251694,0.23940619081258774,0.05770661681890488,0.35821160674095154,0.7466802000999451,0.09792695567011833,0.42316865038795937
86,562.5918860435486,3.8999959439660112,3.4855084737141926,0.10866368462642034,0.17562873860200245,0.2227552205324173,0.03559260293841362,0.09791710128386816,0.4591879135583548,3.994833101518452,3.514928698539734,0.11072508618235588,0.20477676391601562,0.23327432572841644,0.05995332822203636,0.2991762161254883,0.7316012680530548,0.0976109653711319,0.4661087577518194
87,569.39830327034,3.9023474738001824,3.505784845352173,0.1098146175344785,0.1663497438033422,0.21452424625555674,0.035823328296343486,0.09809749325116475,0.4647869411924134,4.027512703556567,3.5558557510375977,0.11286022141575813,0.20007933676242828,0.22335440665483475,0.06027267314493656,0.2634847015142441,0.7330416440963745,0.09852626174688339,0.4609502929678732
88,575.9038362503052,3.9260120930771034,3.5372918128967283,0.111923748254776,0.16182076334953308,0.20139358937740326,0.03646751741568247,0.09816623280445734,0.5293294838728246,4.042906135786325,3.5626598596572876,0.11399069055914879,0.20408672094345093,0.20845843106508255,0.06030995585024357,0.3154804855585098,0.7258902788162231,0.09805251285433769,0.5486360273046659
89,582.5083303451538,4.097285148811837,3.639512618382772,0.11862907856702805,0.19430509905020396,0.17923563122749328,0.03939117218057315,0.09931976944208146,0.6480350379590128,4.2647978058084846,3.6784770488739014,0.1215958446264267,0.25443490594625473,0.18449140340089798,0.06661209091544151,0.49648527801036835,0.7327998876571655,0.09944016113877296,0.6538375932673859
90,589.3114342689514,4.411998778457443,3.7601945559183756,0.12709071934223176,0.2886629909276962,0.15019108355045319,0.04373152405023575,0.10117203841606776,0.7994225033629543,4.6655400190502405,3.831578254699707,0.13193213939666748,0.3747590333223343,0.15211687982082367,0.07391051203012466,0.7884460091590881,0.730688750743866,0.10175048932433128,0.8460377477829489
91,595.849680185318,4.772136887162924,3.856630976994832,0.13293614983558655,0.41862800121307375,0.12002526074647904,0.04712733129660288,0.10310167123874028,1.04889777836358,4.832202393561602,3.862245559692383,0.13319578766822815,0.44238533079624176,0.12973561137914658,0.07435311377048492,0.9348218739032745,0.7110473215579987,0.10291829332709312,1.094839567270662
92,602.3099131584167,4.842458817362785,3.872635491689046,0.1336250424385071,0.4455111304918925,0.10318980713685354,0.04795417388280233,0.10389892558256784,1.1367038459957153,4.803592398762703,3.8346974849700928,0.1310812532901764,0.4425070136785507,0.11444568261504173,0.07336103916168213,0.9548957347869873,0.7031289339065552,0.10423124581575394,1.1167021899750782
93,608.9888582229614,4.812091323360801,3.8794316132863362,0.133682456612587,0.4269826292991638,0.08944626202185949,0.047412892679373424,0.10434136341015497,1.1862024755600855,4.71184519212693,3.8332046270370483,0.1301972046494484,0.39780759811401367,0.10498211532831192,0.07170706614851952,0.8893657624721527,0.6943366229534149,0.10458629578351974,1.1961710024391503
94,615.4618489742279,4.695016979301969,3.881417481104533,0.1340116838614146,0.36754767298698426,0.08073498954375585,0.04599324117104212,0.10453797628482182,1.081442211445531,4.667410496622324,3.85935378074646,0.13226217031478882,0.36207911372184753,0.09370313584804535,0.0710696130990982,0.8299954533576965,0.6923908889293671,0.10460484027862549,1.0911252176737694
95,621.9255971908569,4.61062102286766,3.8797982215881346,0.13386641641457875,0.32632895509401955,0.07131308515866598,0.04492673153678576,0.10499348938465118,1.0299955428112637,4.567357789725065,3.8649868965148926,0.13328838348388672,0.3091525584459305,0.08676237240433693,0.06968633830547333,0.7407978475093842,0.6750653088092804,0.1048193946480751,1.0125234268979662
96,628.5713641643524,4.515816240260999,3.8718576431274414,0.13310941259066264,0.2832742651303609,0.06372103815277418,0.04342144231001536,0.1053875337044398,0.9759526468348022,4.5032907128334045,3.8652325868606567,0.1330311894416809,0.27716803550720215,0.07791739329695702,0.06882584095001221,0.6687495708465576,0.6773078441619873,0.10535656288266182,0.9683182515740256
97,635.125657081604,4.424626546601455,3.860715897878011,0.132118226091067,0.24367681741714478,0.057110004623730976,0.0419916033744812,0.10605479677518209,0.958876471084965,4.425870206207037,3.868825912475586,0.13316763192415237,0.23680023849010468,0.07296645641326904,0.06744000315666199,0.5718786418437958,0.6681578755378723,0.10579979419708252,0.9685401402216407
98,641.7518980503082,4.329707524118324,3.840681457519531,0.13074477314949035,0.20679032802581787,0.05227448791265488,0.0402920958896478,0.10647113621234894,0.8960193669943365,4.368337146006525,3.857786178588867,0.1329759731888771,0.21380619704723358,0.06675434485077858,0.06580234691500664,0.49327345192432404,0.6668574213981628,0.10578508675098419,0.8929973029147721
99,648.3592541217804,4.271688105662664,3.8357244809468587,0.13029058575630187,0.1804963489373525,0.04813968663414319,0.039302535851796466,0.10651074300209681,0.8123812657225304,4.313120213337243,3.8437864780426025,0.13189561665058136,0.19366082549095154,0.061907704919576645,0.06425710394978523,0.42252928018569946,0.6602624356746674,0.10645891353487968,0.7921349479884692
100,654.7541632652283,4.218231126852333,3.8217907110850016,0.12919727663199107,0.1611505041519801,0.04447123085459073,0.03816307658950488,0.10688205361366272,0.7389827378421584,4.265586494933814,3.8348995447158813,0.1301019862294197,0.1749630868434906,0.05802078917622566,0.06283913366496563,0.3572927266359329,0.6506440937519073,0.10665225237607956,0.7365114750050397
101,661.4408051967621,4.175172287784517,3.8076810359954836,0.12805961668491364,0.14710001250108082,0.04154578559100628,0.037045673777659736,0.10705533822377523,0.6858471279306428,4.2129036034457386,3.8015592098236084,0.12828457355499268,0.16599254310131073,0.05496262572705746,0.06086808256804943,0.29954245686531067,0.6518487930297852,0.10691824927926064,0.686766829031919
102,667.9952402114868,4.159703572466969,3.81062388420105,0.1281922663251559,0.13793712904055913,0.03891270570456982,0.03643718808889389,0.1073098952571551,0.6449096286803376,4.208995087072253,3.8098663091659546,0.12932782620191574,0.15968745201826096,0.052179085090756416,0.06035984307527542,0.25573959946632385,0.6563760340213776,0.1068873219192028,0.648838483043308
103,674.3567411899567,4.142756075287859,3.806263558069865,0.12797561883926392,0.1317986249923706,0.03646808080375195,0.03562983125448227,0.10764312048753102,0.6024256001440945,4.178655212279409,3.793311595916748,0.12817876785993576,0.1532379314303398,0.05018500238656998,0.059113478288054466,0.21690702438354492,0.6496555209159851,0.1072140671312809,0.5727986480468491
104,680.9921970367432,4.124744946447511,3.798518911997477,0.12762188116709391,0.12686034788688025,0.034662639473875365,0.03477759237090747,0.10770898511012396,0.5573787337284816,4.215179140679538,3.829995036125183,0.13122454285621643,0.15243708342313766,0.04800398275256157,0.0587906651198864,0.18942130357027054,0.6548535525798798,0.10749563947319984,0.5642169341973206
105,687.6291172504425,4.134062189236284,3.801239585876465,0.151935413479805,0.12414924701054891,0.03289398513734341,0.034225610395272575,0.10784819771846135,0.6147550671283831,4.215034295804799,3.8210166692733765,0.1557314097881317,0.1507980152964592,0.04645536281168461,0.05822356417775154,0.1685687005519867,0.657091498374939,0.10739641264081001,0.6223105688283249
106,694.1882932186127,4.119719238082568,3.791967995961507,0.15052722692489623,0.12204948017994563,0.03163737754027049,0.033554673194885254,0.10803195585807164,0.6020338504840815,4.173728883266449,3.791262149810791,0.15256991982460022,0.14603091031312943,0.044503459706902504,0.056479811668395996,0.15554606914520264,0.6427596807479858,0.10743646323680878,0.5965417906558022
107,700.7077412605286,4.116000932796548,3.7900849978129068,0.1495071699221929,0.1214662383000056,0.030402406429251034,0.0329194936901331,0.10799039800961813,0.598010408178015,4.161923743784428,3.7824151515960693,0.15077271312475204,0.1451505944132805,0.043197544291615486,0.05528418719768524,0.14731160551309586,0.644353598356247,0.10745489224791527,0.5928164877763242
108,707.2891721725464,4.106460420321673,3.7815535704294843,0.14852454960346223,0.12129747023185095,0.029218796516458194,0.03219853850702445,0.1083771695693334,0.5735161232942986,4.1699244705960155,3.793552875518799,0.15176791697740555,0.14342715591192245,0.04195493645966053,0.054533299058675766,0.1421375349164009,0.6374149322509766,0.10691260918974876,0.5658860010476043
109,713.8864331245422,4.107180274340013,3.7859269936879474,0.1489263673623403,0.11941252847512564,0.028358278920253117,0.03186016008257866,0.10835503538449605,0.5783187031306138,4.217278830241412,3.8333176374435425,0.15487061440944672,0.14637158066034317,0.041244255378842354,0.05513089708983898,0.13778842985630035,0.6502308547496796,0.10808361321687698,0.5722743353840326
110,720.450165271759,4.0936954531508185,3.7738502184549967,0.14787836770216625,0.11904953171809514,0.02747299348314603,0.031227949634194375,0.10855908195177714,0.5902840642645674,4.215297903865576,3.8314355611801147,0.15465138852596283,0.146446593105793,0.040275586768984795,0.054573848843574524,0.1360010728240013,0.6488785147666931,0.10819045454263687,0.5908692692591951
111,726.9834349155426,4.10062403663372,3.7823893070220946,0.14851939181486765,0.1181346207857132,0.026659965763489404,0.030823168531060218,0.10865977704524994,0.5655630670685974,4.1972941206768155,3.814966917037964,0.1532898098230362,0.14623324573040009,0.03935400769114494,0.0528632290661335,0.1344621703028679,0.6510386168956757,0.10779692232608795,0.5458657763434077
112,733.6963481903076,4.088442218769342,3.7715118408203123,0.147255406777064,0.11789571344852448,0.026106227561831473,0.030044990653793017,0.10883648047844569,0.5297943005451232,4.184911956079304,3.8143616914749146,0.15333271026611328,0.1403641253709793,0.03883661516010761,0.052622634917497635,0.13337039202451706,0.6339510679244995,0.10827706381678581,0.5329147054250287
113,740.3387441635132,4.0765167380993566,3.763354698816935,0.14674217402935028,0.11622122575839361,0.025478442758321763,0.029394003003835677,0.10885997116565704,0.5509041647120861,4.19493693113327,3.8135889768600464,0.15304198116064072,0.14600719511508942,0.03812936507165432,0.05125029385089874,0.13335192203521729,0.6461383402347565,0.10820190235972404,0.5489315666414945
114,746.8530280590057,4.082134992225717,3.7660518646240235,0.14686433176199595,0.11769064714511236,0.025055100147922834,0.02907866972188155,0.10903586248556772,0.5276354858700526,4.151303553022444,3.7807356119155884,0.15039393305778503,0.14147009700536728,0.0374826081097126,0.049723122268915176,0.13322556763887405,0.6341610252857208,0.10820452123880386,0.5122249405125897
115,753.5600850582123,4.069259723617384,3.756328026453654,0.1457144280274709,0.11648398886124293,0.024600311617056527,0.028426021710038184,0.10912277549505234,0.5070227638032284,4.155097098089755,3.7833058834075928,0.15016613900661469,0.14216607064008713,0.0368620790541172,0.04950401559472084,0.13296432048082352,0.6376507878303528,0.10814179852604866,0.5168386561089905
116,760.1850521564484,4.070881856077661,3.7587190786997478,0.1458443780740102,0.11610709577798843,0.02410561628639698,0.028105587139725684,0.10918853084246317,0.5001332085805996,4.146943450439721,3.778982162475586,0.151035837829113,0.14014685153961182,0.036771366372704506,0.04859866388142109,0.13327433168888092,0.6344728469848633,0.10801275447010994,0.4998458406229639
117,766.7672810554504,4.069918811569611,3.7579399744669595,0.14615091780821482,0.11600217471520106,0.023741423897445203,0.027596115072568258,0.10934494336446127,0.5030898906838205,4.150994015391916,3.7848466634750366,0.14999067038297653,0.13959141820669174,0.036039045080542564,0.04787672124803066,0.13315138220787048,0.6298514902591705,0.10857067257165909,0.5046112863113409
118,773.2653150558472,4.069279962281386,3.756706190109253,0.14572266240914664,0.11644958009322484,0.02332166110475858,0.02725312312444051,0.1093253031373024,0.522824474055106,4.163238352164626,3.788380980491638,0.15127117931842804,0.1436370238661766,0.03555038757622242,0.04779093712568283,0.13268645107746124,0.6431837975978851,0.10813267156481743,0.5055427793766295
119,780.0082981586456,4.06708789197728,3.755783526102702,0.14563984672228494,0.11589807917674383,0.023009360892077287,0.026753136639793715,0.10947151631116867,0.5070776319802498,4.14756960561499,3.784219264984131,0.15064208209514618,0.13816235214471817,0.03529122285544872,0.04681838117539883,0.13254758715629578,0.6257360279560089,0.1086413599550724,0.49795577010186226
120,786.4416561126709,4.0617267987069985,3.7528491814931235,0.14504793286323547,0.11488574892282485,0.022694507551689943,0.0263286117464304,0.10956852187712987,0.5312167799610936,4.156090661417693,3.784852385520935,0.15092338621616364,0.14207781851291656,0.03494106978178024,0.046483783051371574,0.132884219288826,0.6376006007194519,0.10819010064005852,0.5351263605053835
121,793.050989151001,4.063847990520299,3.754042307535807,0.14535336395104725,0.11531895101070404,0.022332474465171497,0.02596439595023791,0.10955202877521515,0.4749809982919821,4.12504050694406,3.760241985321045,0.14759105443954468,0.1398785337805748,0.03450375609099865,0.04498370736837387,0.13196920603513718,0.6328136920928955,0.1090322732925415,0.4538501462219894
122,799.5085480213165,4.066319951880724,3.7558273792266847,0.14550358752409617,0.11566401571035385,0.022137141289810338,0.02565098988513152,0.10975168248017629,0.4773851225359401,4.141893404535949,3.781034231185913,0.14976370334625244,0.1373668983578682,0.034319695085287094,0.04497409984469414,0.13178256154060364,0.6278873085975647,0.10906052216887474,0.48851219156653986
123,805.9409630298615,4.065168259510149,3.7562015374501545,0.14566923379898072,0.1148969754576683,0.02184026688337326,0.025352616980671882,0.10973648975292842,0.48788364112250054,4.14846090041101,3.775104522705078,0.1494329273700714,0.14381622523069382,0.03398055024445057,0.044029854238033295,0.13142749667167664,0.6426818668842316,0.10911167785525322,0.49680505676980113
124,812.6179571151733,4.069286300924917,3.7594897111256915,0.14597265919049582,0.11528031677007675,0.021589341138799987,0.02499850665529569,0.10976730684439341,0.5565525793437608,4.140566966962069,3.77670955657959,0.14954448491334915,0.13909154385328293,0.03374474681913853,0.043608320876955986,0.13173242658376694,0.6300507485866547,0.10904157534241676,0.5683051330313018
125,819.3996052742004,4.063148824684322,3.7560105005900066,0.14557311336199444,0.11410649766524633,0.021367204623917738,0.024555088331302006,0.1097842887043953,0.5151103766592285,4.139964058995247,3.7774782180786133,0.14962470531463623,0.1384350210428238,0.03317577950656414,0.04321378469467163,0.1309402734041214,0.6261472105979919,0.10898013040423393,0.5119193908261394
126,825.9053411483765,4.061751370721807,3.7539487361907957,0.14564211269219715,0.1144650345047315,0.021104908982912698,0.02420603670179844,0.11004839440186819,0.5186730332449947,4.140805167611688,3.777397036552429,0.14977145940065384,0.13897012174129486,0.03319019824266434,0.04232863150537014,0.13102174550294876,0.631149172782898,0.1091422513127327,0.5117384433368934
127,832.5616240501404,4.053067735023797,3.746854368845622,0.1445974290370941,0.11399608502785365,0.020888553621868294,0.02368992641568184,0.11006976962089539,0.5115354670717706,4.146381270606071,3.7838666439056396,0.15030428767204285,0.13843275606632233,0.032919518649578094,0.04198788292706013,0.13047082722187042,0.628479391336441,0.10943283885717392,0.527518261189118
128,839.3034789562225,4.048725059162825,3.7435944080352783,0.14428650240103405,0.11358720461527506,0.02074317882458369,0.023251962785919508,0.11011262883742651,0.4947971037932292,4.1340092034079134,3.771397352218628,0.14865601807832718,0.13895795494318008,0.03256860189139843,0.041471729055047035,0.13024111837148666,0.6313827335834503,0.10914411395788193,0.49865912395852446
129,845.8405170440674,4.053424686938524,3.747986062367757,0.1445608417193095,0.11369291643301646,0.020554251099626223,0.023089483380317688,0.11018798847993215,0.4955750652008199,4.140797093976289,3.7801493406295776,0.15062282234430313,0.13756533712148666,0.03258621506392956,0.040822671726346016,0.13031244277954102,0.625664085149765,0.10898164287209511,0.48753386757114303
130,852.3585782051086,4.054776050616056,3.7470074971516927,0.1449824959039688,0.11479258040587108,0.020318074834843478,0.022768578802545864,0.11025987416505814,0.5237765629552817,4.097086406778544,3.7419843673706055,0.14617551118135452,0.13607701659202576,0.03221839293837547,0.039441002532839775,0.12939834594726562,0.6228704154491425,0.10939371958374977,0.5316714908103177
131,859.0630881786346,4.044785228557885,3.739256477355957,0.14400536219278973,0.11397625108559926,0.0200780779744188,0.022294271737337112,0.11028135865926743,0.512297144032479,4.120238338131458,3.761581063270569,0.14867998659610748,0.13720201700925827,0.0321185365319252,0.03965299017727375,0.12923724949359894,0.6236027479171753,0.1086903028190136,0.5072592399977285
132,865.4932091236115,4.046096881758421,3.7423534711201984,0.14418814579645792,0.11307766338189443,0.01993254863967498,0.021976043904821076,0.11015581637620926,0.48791387695831434,4.115990866906941,3.7553298473358154,0.14827023446559906,0.13842596858739853,0.0318368636071682,0.03869586065411568,0.12858149409294128,0.6266600489616394,0.10928298160433769,0.4663632886095611
133,872.0235602855682,4.047529775525133,3.7416659514109294,0.14453767637411755,0.11408256689707438,0.01975411580254634,0.021719408531983692,0.11035405844449997,0.5227536819117918,4.1282137096859515,3.7670305967330933,0.14944634586572647,0.13838036358356476,0.03163126856088638,0.03879685141146183,0.12811525911092758,0.6297727823257446,0.10966756194829941,0.5284873241748909
134,878.7806901931763,4.047052373550832,3.741940498352051,0.1444265862305959,0.11376208861668904,0.019595307732621827,0.021497619400421778,0.11043435285488765,0.4804403658318168,4.11639798944816,3.758676767349243,0.14781420677900314,0.13715942203998566,0.03129027597606182,0.037981098517775536,0.1274293139576912,0.6225387156009674,0.10961710661649704,0.5014508982824774
135,885.3397600650787,4.040264092665166,3.736388889948527,0.14378410478432974,0.11335566341876983,0.019394728044668835,0.02108729394773642,0.11029031078020732,0.5198788199805027,4.15077578695491,3.7887669801712036,0.15103258192539215,0.13851868361234665,0.0313294492661953,0.037820594385266304,0.12761042267084122,0.6302007436752319,0.10972656309604645,0.5317792494514146
136,891.8596489429474,4.04002261540542,3.7349838574727374,0.1437768797079722,0.1139706035455068,0.019268368370831013,0.020836443950732548,0.11039426028728486,0.5015627494432715,4.140774764120579,3.780375361442566,0.15002524852752686,0.13802138715982437,0.030729610472917557,0.03737601637840271,0.12589963525533676,0.6265910267829895,0.10938505455851555,0.495198047730642
137,898.5398051738739,4.045358726040771,3.7406856536865236,0.1441446602344513,0.11372822374105454,0.019314955174922942,0.020577179019649824,0.11041449556748072,0.5311445076545112,4.137785336468369,3.7752314805984497,0.14910347014665604,0.13944680243730545,0.031799089163541794,0.03643406368792057,0.12858548760414124,0.6297718584537506,0.10915922746062279,0.524722177763799
138,905.0774519443512,4.039722296657661,3.7358360131581625,0.14394373595714569,0.11342633267243703,0.01914821850756804,0.020247000704209008,0.11043305099010467,0.4799267773199273,4.132941492833197,3.76885724067688,0.14944268018007278,0.14015736430883408,0.03072582744061947,0.03619273379445076,0.12556026875972748,0.6300981044769287,0.10961797833442688,0.47563207401254654
139,911.605250120163,4.038104511300722,3.7359121481577557,0.14383236169815064,0.11264234781265259,0.01877404029170672,0.019965946674346924,0.11046256522337596,0.478459250361712,4.101520478725433,3.744037389755249,0.1466641053557396,0.1376439481973648,0.030730964615941048,0.03545255959033966,0.12550944089889526,0.624819427728653,0.10941272601485252,0.4657798454094039
140,918.1962261199951,4.042403269000351,3.739529593785604,0.1439488877852758,0.11298405975103379,0.018677155238886675,0.019724447280168533,0.11060270269711812,0.4458141685690051,4.1124566830694675,3.7546592950820923,0.1487795189023018,0.13734529167413712,0.030590678565204144,0.03486818075180054,0.12527154758572578,0.6264402568340302,0.10925322026014328,0.45037940796122256
141,924.797413110733,4.038107957163205,3.735072628657023,0.14378506441911063,0.11314452042182287,0.01854932587593794,0.01941502181192239,0.11062537978092829,0.45746151999514584,4.0886066989041865,3.7307920455932617,0.14487645030021667,0.13837210088968277,0.030338920652866364,0.034528905525803566,0.12445271760225296,0.6258599162101746,0.10945452004671097,0.46937862493320576
142,931.5832860469818,4.029592263326049,3.727868127822876,0.14322585662206014,0.11266967952251435,0.018432181576887766,0.019087392588456473,0.11056873947381973,0.478870927667111,4.130300467368215,3.766751289367676,0.148659847676754,0.1403326392173767,0.030249844305217266,0.0342159029096365,0.12439635396003723,0.6300306022167206,0.10952514782547951,0.49005426543278485
143,938.1820480823517,4.034983652612815,3.7329871972401936,0.14368443290392557,0.11271687746047973,0.01833786318699519,0.018881935998797415,0.11058534036080042,0.4947604257769168,4.110895164310932,3.7509684562683105,0.14845547825098038,0.13862713426351547,0.030065437778830528,0.033778801560401917,0.12402153015136719,0.6284852623939514,0.10939639061689377,0.5050366548740828
144,944.6802651882172,4.036616609524936,3.7357742468516033,0.14381933907667796,0.11213272760311763,0.01816216390579939,0.01866895171503226,0.11064127584298451,0.4998352534182661,4.138466822449118,3.774857759475708,0.15021689981222153,0.14000564068555832,0.030042004771530628,0.03395732678472996,0.12330261617898941,0.6318493783473969,0.10958240181207657,0.5227514316020743
145,951.2587370872498,4.04102707595254,3.740546385447184,0.1442698319753011,0.11186596850554148,0.01811559796333313,0.018455350026488303,0.11063085893789927,0.4912892857000959,4.102336113806814,3.745918393135071,0.1474325731396675,0.13725214451551437,0.03012245986610651,0.032788580283522606,0.12365196272730827,0.6253988444805145,0.10956147685647011,0.47905270794221916
146,957.8804190158844,4.039525055512786,3.7389261722564697,0.14410862425963084,0.11199666212002436,0.017998368044694266,0.018204987545808158,0.1108148326476415,0.46251991570576484,4.130417009815574,3.7719556093215942,0.14980781078338623,0.1376640871167183,0.02964091207832098,0.03291728347539902,0.12260124459862709,0.625069260597229,0.10938464850187302,0.46026189935415845
147,964.4962730407715,4.034861414972693,3.7340519587198893,0.14357065558433532,0.11228083570798238,0.01792397362490495,0.017849828178683916,0.11072308917840322,0.48840116224845087,4.11734449211508,3.7547965049743652,0.14814206957817078,0.1402389258146286,0.029813967645168304,0.03199640288949013,0.12264434248209,0.6302971541881561,0.10972557216882706,0.4887190434572011
148,971.0079021453857,4.034744730436554,3.734187444051107,0.14381227095921834,0.11211802810430527,0.017732784959177177,0.01766037878890832,0.11076936821142833,0.48151115509651893,4.107717780163512,3.7439565658569336,0.14705639332532883,0.14115770906209946,0.029386162757873535,0.03167039807885885,0.1216253824532032,0.6321297287940979,0.10912324488162994,0.4947816561784954
149,977.6072721481323,4.028012552578002,3.728745158513387,0.1432654708623886,0.11164730389912923,0.017663182007769743,0.017360203340649603,0.11082698553800582,0.48698399401885084,4.107461146079004,3.7515740394592285,0.1483975276350975,0.1369158998131752,0.0294040460139513,0.03142617270350456,0.12168994545936584,0.6255167126655579,0.10940708592534065,0.47182182604931855
150,984.0339419841766,4.0416873609647155,3.7408178011576334,0.14441612958908082,0.1121709222594897,0.01753443603714307,0.017278601974248887,0.1107947587966919,0.45661539765856857,4.1188351209275424,3.757288336753845,0.14726277440786362,0.1400805190205574,0.029095496982336044,0.03101743571460247,0.12054987996816635,0.6319359540939331,0.11034493520855904,0.4648447209368287
151,990.8113901615143,4.027315669413656,3.7288952191670734,0.1431102752685547,0.11131988316774369,0.017427403355638187,0.016902185107270876,0.11078238983949025,0.49258981462159546,4.112089809030294,3.7531293630599976,0.14821407198905945,0.13855507224798203,0.029079697094857693,0.03097306191921234,0.12030765041708946,0.6303035616874695,0.10977963358163834,0.4951757957791581
152,997.4078891277313,4.030977654053519,3.7321683883666994,0.1435158371925354,0.11143704652786254,0.017315659299492837,0.01670901613930861,0.11073616544405619,0.5160075450578909,4.133926261449233,3.7775574922561646,0.1509988009929657,0.13660279661417007,0.029203712940216064,0.030655101872980595,0.12061042711138725,0.6239941418170929,0.10966047272086143,0.5407029837038062
153,1003.9315912723541,4.036326557832459,3.737271722157796,0.14413262506326038,0.11143320699532827,0.017307409830391408,0.016488436609506607,0.11091650327046712,0.49761516986000476,4.120328284567222,3.7624295949935913,0.1489545777440071,0.13793190568685532,0.028897409327328205,0.030230357311666012,0.11999377608299255,0.6272245049476624,0.10988868400454521,0.5030344035031895
154,1010.5644342899323,4.048752321551244,3.733439588546753,0.17543131013711294,0.1117634137471517,0.017142154400547345,0.016281001766522727,0.11078461358944575,1.0730450625863253,4.106465812772512,3.7382808923721313,0.17887824028730392,0.13569875061511993,0.028881399892270565,0.02939319610595703,0.11969372257590294,0.6184200942516327,0.11001941561698914,1.1233914420757507
155,1017.0582220554352,4.041135401045904,3.725838581720988,0.17386129200458528,0.11218518316745758,0.017047126218676566,0.015983227950831253,0.1109521488348643,1.0091869109666594,4.139208728214726,3.7655287981033325,0.18002338707447052,0.1381603553891182,0.028718956746160984,0.029390103183686733,0.11915028095245361,0.626436859369278,0.11011003702878952,1.0022931132560298
156,1023.4873132705688,4.057715879691144,3.7411810715993243,0.17547298967838287,0.11240857988595962,0.016983239352703093,0.015924613922834396,0.11086566845575968,0.9912945859311442,4.129142196150497,3.754814028739929,0.17838038504123688,0.13893159478902817,0.028749109245836735,0.029099141247570515,0.1188586950302124,0.6282249987125397,0.10979126021265984,1.001985595787487
157,1029.9807929992676,4.035068827789898,3.72282034556071,0.171371129155159,0.11133526265621185,0.016882296341160934,0.015569569356739522,0.11102994829416275,0.7551224954228025,4.137726862449199,3.7661945819854736,0.17952273041009903,0.1373022049665451,0.028637918643653393,0.028666021302342415,0.11843724176287651,0.6229138374328613,0.10982369258999825,0.7284391984462327
158,1036.3892850875854,4.053831080626696,3.7400766054789227,0.17318211595217387,0.1116415982445081,0.016821719706058502,0.015520882730682691,0.11093250910441081,0.7724755415745502,4.139587101759389,3.758711814880371,0.17892084270715714,0.14217212796211243,0.028444350697100163,0.028282438404858112,0.11772840470075607,0.6376000344753265,0.1100161038339138,0.779238440863908
159,1042.7652351856232,4.043081439146772,3.7303118546803793,0.1721242884794871,0.11145423849423726,0.016718955431133508,0.015195852952698867,0.11105821579694748,0.8883307212157022,4.13365145563148,3.7593528032302856,0.17891443520784378,0.1389017403125763,0.028454973362386227,0.028151816688477993,0.11760534718632698,0.6277210712432861,0.10968732833862305,0.9149291405447053
160,1049.1239531040192,4.046709307904044,3.7340643405914307,0.17212712665398916,0.11141185661156973,0.01667590709403157,0.0150307630499204,0.11104134172201156,0.7816435759392424,4.0943551172968,3.725146174430847,0.17420102655887604,0.13763077557086945,0.02824665978550911,0.027387513779103756,0.11713305860757828,0.628663957118988,0.10934163257479668,0.7713924490569365
161,1055.8298680782318,4.048870484034221,3.7358746846516926,0.17346846759319307,0.11127258290847143,0.016540054759631554,0.014865599075953166,0.1110145941376686,0.9634433321367233,4.1558150390628725,3.775738477706909,0.18036126345396042,0.14151565730571747,0.028289739042520523,0.027458460070192814,0.11728006228804588,0.6345559656620026,0.10959821194410324,1.0123892025761836
162,1062.3209111690521,4.043738435426106,3.732179594039917,0.17254692415396372,0.11082036097844442,0.01653882395476103,0.014578629409273465,0.1111141487956047,0.8743701147891614,4.150214108405635,3.772939920425415,0.18111160397529602,0.1399628221988678,0.028117649257183075,0.027170966379344463,0.11671880632638931,0.6298915147781372,0.11052658781409264,0.8142766324924097
163,1068.7227630615234,4.048251650746291,3.735346301396688,0.17232004205385845,0.11156325737635295,0.016417614618937173,0.014475254279871782,0.11125423163175582,0.8316479588848722,4.1369535913690925,3.762097716331482,0.1783597692847252,0.13949093222618103,0.028064358048141003,0.026776503771543503,0.11618109792470932,0.6308131217956543,0.11005603522062302,0.8205610032217348
164,1075.2420473098755,4.045996824217339,3.7342620054880777,0.1719179183244705,0.11110159903764724,0.016327909690638385,0.014290645966927211,0.11121571163336436,0.7829352415984078,4.109661746071652,3.73568594455719,0.17511507868766785,0.13994990289211273,0.027899435721337795,0.026073825545608997,0.11571131646633148,0.6317072212696075,0.10951108112931252,0.7961095651384035
165,1081.7633719444275,4.040939143486321,3.7319414297739666,0.17062902748584746,0.11008509943882624,0.01626304058978955,0.014052004367113114,0.11113145599762599,0.7146408127819327,4.14048383757472,3.763830542564392,0.177773579955101,0.14060883969068527,0.02790006250143051,0.026195302605628967,0.1157095804810524,0.6334624588489532,0.10997436568140984,0.703172285974091
166,1088.1585330963135,4.044153267486641,3.734633127848307,0.1716140200694402,0.11011779457330703,0.016185879769424597,0.01391016182800134,0.1111393228173256,0.7522019830628287,4.137221564305946,3.763378381729126,0.1778877004981041,0.1392078399658203,0.02768839616328478,0.025934609584510326,0.11497754231095314,0.6255927681922913,0.11034976318478584,0.810444660286014
167,1094.6018023490906,4.037704060335333,3.7291027069091798,0.1704539438088735,0.10998246520757675,0.01612384421750903,0.013637804426252842,0.11132329652706782,0.7440082645225292,4.1001681599300355,3.7267268896102905,0.17474164068698883,0.13991601020097733,0.027764596976339817,0.024953718297183514,0.11498955637216568,0.6342562735080719,0.10977701842784882,0.7224224467800207
168,1101.219680070877,4.0397400276890645,3.730035082499186,0.17088841497898102,0.1104482059677442,0.016069767313698927,0.01345730305959781,0.11122705141703287,0.8447691771033603,4.107070246944204,3.7393529415130615,0.1745619848370552,0.13708806037902832,0.02771604061126709,0.025040769018232822,0.11462394520640373,0.6200257837772369,0.11019525304436684,0.8567930947128357
169,1107.900178194046,4.0385028182528915,3.7295692602793378,0.17066766818364462,0.11013207733631133,0.016009610487769048,0.013342276836435,0.11128211816151937,0.7477981347079675,4.137611425248906,3.7620478868484497,0.1782587170600891,0.14009969681501389,0.02762901969254017,0.02493914496153593,0.11419013142585754,0.6324841380119324,0.10972237586975098,0.7225297126312411
170,1114.4768800735474,4.038545771020775,3.7291548252105713,0.16992285052935283,0.1105781356493632,0.01594963197906812,0.013092996987203757,0.1113485778371493,0.6671401453296543,4.140221789013594,3.761467695236206,0.17856112867593765,0.14166148751974106,0.027599917724728584,0.024602217599749565,0.11407098174095154,0.6332672238349915,0.11021530628204346,0.6683644648769137
171,1121.028046131134,4.041738749481738,3.733312702178955,0.17056314945220946,0.10994752297798792,0.015852116731305918,0.012997706482807795,0.1114624559879303,0.6946411390333243,4.117032272974029,3.743411421775818,0.17487822473049164,0.14006605744361877,0.02735144179314375,0.024198495782911777,0.11334803327918053,0.6299344599246979,0.11002790182828903,0.678061036398536
172,1127.655501127243,4.041733458917588,3.7324525833129885,0.1707458257675171,0.11035143733024597,0.015804551914334296,0.012820352241396904,0.11142003039518993,0.8014876973743363,4.1519920562859625,3.7777663469314575,0.1793961077928543,0.1392238587141037,0.027424936182796955,0.024319752119481564,0.1132066547870636,0.6258887350559235,0.11051943525671959,0.8303418268874252
173,1134.2448391914368,4.033444273332134,3.7253480275472004,0.1701519548892975,0.10993786404530208,0.015754373744130135,0.012578160998721917,0.11159347842137018,0.8072359704053065,4.115384129574522,3.7441834211349487,0.1750795617699623,0.13886971026659012,0.027330711483955383,0.023686028085649014,0.11286461353302002,0.6269690692424774,0.10987472906708717,0.7697540558568153
174,1140.9535160064697,4.0325511762096236,3.725349187850952,0.1694343199332555,0.10968802173932393,0.01567969142148892,0.012435139653583368,0.1116335724790891,0.6961411156161861,4.122439663624391,3.749069094657898,0.17458540201187134,0.14012346416711807,0.027287576347589493,0.023323758505284786,0.11232883110642433,0.6317590475082397,0.10990042611956596,0.6943842969938381
175,1147.5351159572601,4.033208703296259,3.7251017729441327,0.16982952256997427,0.11006119002898535,0.01563767989476522,0.012279156036674977,0.1115519752105077,0.7131054157517982,4.125432247761637,3.7515586614608765,0.1752357929944992,0.14025911688804626,0.027183682657778263,0.0229498241096735,0.11234604939818382,0.6319394707679749,0.11004098132252693,0.7157170765219114
176,1154.0950961112976,4.035732097147654,3.7290070692698163,0.16979090571403505,0.10940117488304774,0.015573474081854026,0.012108901018897692,0.11142068157593409,0.6779669113123562,4.147338584298268,3.7648847103118896,0.17921102046966553,0.14352655410766602,0.027046291157603264,0.02318102214485407,0.1117069274187088,0.6406348347663879,0.11030784994363785,0.6872900101253804
177,1160.6437690258026,4.035485764887805,3.729129203160604,0.16978672047456106,0.10923499713341395,0.015550205918649833,0.011972828892370065,0.11173242231210073,0.782952758901522,4.144922016886994,3.7654733657836914,0.17811378836631775,0.1423954889178276,0.02724967524409294,0.022403116337954998,0.11225374042987823,0.63445183634758,0.11108642444014549,0.7637120575704073
178,1167.3097341060638,4.034299477205301,3.727904526392619,0.170131915807724,0.10919595360755921,0.015509051363915205,0.011748342774808407,0.11168988794088364,0.7253963960052465,4.131870330311358,3.7585164308547974,0.17626260966062546,0.13983866572380066,0.02703798934817314,0.022181052714586258,0.1115308552980423,0.632783979177475,0.11011230573058128,0.7430157973856085
179,1173.7617101669312,4.031076219398528,3.724996550877889,0.1695786237716675,0.10919178028901418,0.015414727696528038,0.011627184227108955,0.11180810580650966,0.7409756776554679,4.123571748379618,3.745697021484375,0.17457354813814163,0.1425747275352478,0.0269918916746974,0.021753991022706032,0.11120929941534996,0.6376564502716064,0.10995617136359215,0.7405233521712952
180,1180.3620142936707,4.0398805887127915,3.7337887287139893,0.17061952153841656,0.10895135402679443,0.015371139285465081,0.011517564704020818,0.11174479275941848,0.7508377335409541,4.157436878886074,3.7797188758850098,0.17966429889202118,0.14118047803640366,0.02688763476908207,0.022099589928984642,0.11060114204883575,0.6343642175197601,0.11102492734789848,0.7444928787151781
181,1186.951255083084,4.032983618897076,3.726965236663818,0.17001421650250753,0.10908555835485459,0.015290593976775806,0.011360629089176654,0.11172450085481007,0.724897886952757,4.139913728227839,3.761370062828064,0.17698313295841217,0.14230378717184067,0.026775305159389973,0.021778098307549953,0.11069724708795547,0.636770099401474,0.11025454476475716,0.712623230027958
182,1193.5877532958984,4.038786198416104,3.7329768816630047,0.17034020721912385,0.10891852428515753,0.01528979679569602,0.011208658292889594,0.11176307598749796,0.7251757352047719,4.1508703890722245,3.7715317010879517,0.17897780984640121,0.1422322615981102,0.02689110953360796,0.02154103945940733,0.110679741948843,0.6357207596302032,0.11050066351890564,0.7293557033258692
183,1200.260977268219,4.034076937443266,3.72902143796285,0.1702505777279536,0.10858315130074819,0.015214219813545544,0.01105563205977281,0.11180474211772283,0.7808401495703189,4.142193644540384,3.760605216026306,0.17736081033945084,0.1437927559018135,0.026763053610920906,0.02129004616290331,0.11011743918061256,0.6411429643630981,0.1105823926627636,0.8100050662781614
184,1206.8187651634216,4.038110752419258,3.7330360730489094,0.17100544571876525,0.1084218775232633,0.01516226464882493,0.010912805857757727,0.11186534315347671,0.8417823353217762,4.124790037749335,3.7473479509353638,0.17564980685710907,0.14220821857452393,0.02673476655036211,0.020802984945476055,0.10973230376839638,0.636880099773407,0.11019310355186462,0.8833840161694229
185,1213.3666470050812,4.0365051253543545,3.732449467976888,0.17039503653844199,0.1080792635679245,0.015128186158835887,0.01079844788958629,0.11197206030289332,0.761223801802787,4.128502125153318,3.7562613487243652,0.17605895549058914,0.13952991366386414,0.02663558255881071,0.020605885423719883,0.10952574014663696,0.6314137578010559,0.10992954671382904,0.7547783555211186
186,1220.1614701747894,4.035769611379752,3.7318249702453614,0.17002741793791454,0.10813380728165309,0.01505476851016283,0.010653270408511162,0.1119610995054245,0.7150149324823408,4.120856539346278,3.744657039642334,0.1747823730111122,0.1418735533952713,0.02661585435271263,0.02024482563138008,0.10925772786140442,0.63790363073349,0.11041567847132683,0.7266880915650008
187,1226.7368071079254,4.0365090358226245,3.73118265469869,0.16997901797294618,0.1088582028945287,0.015020364336669445,0.010481865393618743,0.11209266583124797,0.675923339207465,4.130889431573451,3.752299427986145,0.17607994377613068,0.14275415241718292,0.026577171869575977,0.020166907459497452,0.10882844403386116,0.6362231969833374,0.11052658781409264,0.6813393668375245
188,1233.3766400814056,4.044795994569237,3.739528195063273,0.17068321804205577,0.10866185675064723,0.015012918226420879,0.010409907934566339,0.1119457463423411,0.6910111157584595,4.129699248354882,3.754483222961426,0.1757926493883133,0.14118187129497528,0.026646889746189117,0.01982383243739605,0.10911747068166733,0.6343427002429962,0.11068958044052124,0.7000207697887417
189,1240.1263871192932,4.035298599675298,3.7320417086283366,0.17012234131495158,0.10782274603843689,0.014982568193227052,0.010200913250446319,0.11209353307882945,0.6575395613440962,4.145296054892242,3.765693426132202,0.17843837291002274,0.14270110428333282,0.026420040987432003,0.019924934953451157,0.10855900123715401,0.6354846358299255,0.11071626096963882,0.6748046530556245
190,1246.662010192871,4.026757707213983,3.7252509276072185,0.1686116983493169,0.10734221885601679,0.014892585016787053,0.010065970880289873,0.11212483793497086,0.6583593905862808,4.128662482602522,3.753283977508545,0.17528938502073288,0.14142581075429916,0.02640678733587265,0.01952876430004835,0.10826116800308228,0.6355825364589691,0.11045055463910103,0.6521718379493014
191,1253.2695672512054,4.034166027776276,3.730510711669922,0.17002921005090077,0.10807428260644276,0.014849952701479197,0.009968583472073078,0.11207269926865895,0.6442586287730754,4.132025976432487,3.752044677734375,0.17432450503110886,0.14400393515825272,0.026390906423330307,0.019244703464210033,0.10782292112708092,0.6417382657527924,0.11094796285033226,0.6736934235561461
192,1260.0229020118713,4.035059943965947,3.730616044998169,0.16974291106065115,0.10855812480052313,0.014824382991840442,0.009824775345623493,0.11218386640151341,0.6755336266440518,4.118925980525091,3.746083378791809,0.17557747662067413,0.14014730602502823,0.02633803989738226,0.019037005491554737,0.1078302264213562,0.6315705478191376,0.11086390912532806,0.6528277417441873
193,1266.5639171600342,4.033403516948844,3.7298465251922606,0.1699596603711446,0.10807157059510548,0.01475556989510854,0.009736081523199876,0.11233734836181004,0.7286474921020706,4.133881670888513,3.7552173137664795,0.17520402371883392,0.14317038655281067,0.02622921857982874,0.01888628862798214,0.10731738060712814,0.6395238935947418,0.11063412576913834,0.7533373555103858
194,1273.1097521781921,4.035584270612647,3.734166447321574,0.17004972497622173,0.10699050227801005,0.014714824842909972,0.009647824987769126,0.11213454852501552,0.6451471871279133,4.1384758616331965,3.760323166847229,0.1763046383857727,0.14264973253011703,0.026242580264806747,0.018803642131388187,0.10706213861703873,0.6353458166122437,0.11100516468286514,0.6526866629464962
195,1279.8355712890625,4.038657270558178,3.735517660776774,0.170050252477328,0.10786475290854772,0.014695911637196938,0.009539910902579626,0.11216313938299814,0.6432317261789955,4.1327025895006955,3.755644202232361,0.1746578887104988,0.14254149049520493,0.026088716462254524,0.018585847690701485,0.10679001733660698,0.6373170614242554,0.11078368872404099,0.6254039630313301
196,1286.433193206787,4.032595015844951,3.7311043898264566,0.1698797474304835,0.10710245470205942,0.014653320362170538,0.009383371596535047,0.11232226590315501,0.6929229596690818,4.135910070966929,3.756026029586792,0.17791129648685455,0.14317114651203156,0.026041409000754356,0.018344400450587273,0.10669419169425964,0.6368355453014374,0.11096110194921494,0.7412333923118599
197,1293.0651772022247,4.043568969083329,3.7418792406717936,0.17133580545584362,0.10685078998406729,0.014609977199385563,0.009280982861916224,0.11229790697495143,0.7489383459782394,4.163494336185977,3.771997570991516,0.17988644540309906,0.14848966896533966,0.026063098572194576,0.018296818248927593,0.10637446120381355,0.6510380208492279,0.11054594442248344,0.7254315118888071
198,1299.6218430995941,4.033995763957501,3.7322168350219727,0.17021572093168894,0.10719301352898279,0.014558673587938149,0.00914016564687093,0.11233940919240316,0.76983324893245,4.135131456423551,3.7565447092056274,0.17565136402845383,0.14312416315078735,0.02603560220450163,0.01805095560848713,0.10628107935190201,0.6372037529945374,0.11095168441534042,0.7723146780661241
199,1306.203770160675,4.04870843756944,3.7445287386576336,0.17186903854211172,0.1079890285929044,0.01450640872741739,0.009068489819765092,0.11248117585976919,0.7308302335628716,4.135981668252498,3.7615206241607666,0.1760285720229149,0.14100752025842667,0.025921610184013844,0.017726870253682137,0.105772215873003,0.6334800720214844,0.11093947663903236,0.7258207775087916
200,1312.919834136963,4.039013082611685,3.7360359827677407,0.17030994693438212,0.10779331028461456,0.014496510072300831,0.008942023230095705,0.11242692122856776,0.7456601317178102,4.128352710511535,3.746948480606079,0.17641465365886688,0.1443975493311882,0.025880894623696804,0.01760721765458584,0.10538024082779884,0.6430623233318329,0.11109055206179619,0.7603385693290712
201,1319.9934740066528,4.277774677922328,3.845448064804077,0.13355080932378768,0.10699565112590789,0.014444640775521597,0.6062396248181661,0.11263378858566284,0.8532905285653479,4.3659960106015205,3.869926929473877,0.1377791166305542,0.14419633150100708,0.025754905305802822,0.5551474392414093,0.10519693046808243,0.6430095434188843,0.1109689474105835,0.7851100731769922
202,1326.7458429336548,4.197694086531798,3.8079570134480796,0.18631345132986704,0.10680713057518006,0.014381361442307632,0.33186434507369994,0.11268115192651748,1.0592859414769331,4.2454905435442924,3.7784714698791504,0.18037115037441254,0.14187128841876984,0.025715362280607224,0.3723636865615845,0.10476079210639,0.6382981836795807,0.11103474721312523,0.9749109964235096
203,1333.6790671348572,4.140498463064432,3.777409489949544,0.17561690310637157,0.10746583541234335,0.01440000645816326,0.24139540294806164,0.11265104164679846,0.7708954374034211,4.225779697299004,3.7744574546813965,0.1781833916902542,0.14289982616901398,0.025837993249297142,0.3057235777378082,0.10492416843771935,0.6352367401123047,0.11089064553380013,0.7388843996821369
204,1340.483468055725,4.1136229055623215,3.761845016479492,0.1731364945570628,0.1076503649353981,0.014322283118963242,0.19963564773400624,0.11267605225245157,0.6746774280224669,4.197436910122633,3.752939820289612,0.175858736038208,0.14472047239542007,0.025607949122786522,0.26850710809230804,0.10440673679113388,0.6440013647079468,0.11162260174751282,0.6787334308211231
205,1347.2193880081177,4.109404458850622,3.7646101156870526,0.17282804052035014,0.10725831339756647,0.014305240536729494,0.175454784433047,0.11269455254077912,0.6798695035963387,4.209755562245846,3.767982602119446,0.17748045176267624,0.1458030715584755,0.025635499507188797,0.24570636451244354,0.10427311807870865,0.6469805836677551,0.11110804975032806,0.6823123228007331
206,1353.906653881073,4.093536510070165,3.7554782390594483,0.1716509759426117,0.10650154004494349,0.014265311292062204,0.1569188117980957,0.11273567577203115,0.6902892155262907,4.237780530005693,3.7956639528274536,0.18067985773086548,0.14707260578870773,0.02551464084535837,0.23052574694156647,0.10372763127088547,0.6479214727878571,0.11127761378884315,0.6946630760312145
207,1360.8706192970276,4.102361965179443,3.7649174372355145,0.1735525796810786,0.10724661250909169,0.014216204515347879,0.1447000523408254,0.11302045385042826,0.6759717725570261,4.210384003818035,3.77954638004303,0.17792699486017227,0.14441584795713425,0.02531704306602478,0.21216972172260284,0.10332351922988892,0.6396284401416779,0.1113249845802784,0.6918380309441104
208,1367.756804227829,4.092221752554178,3.757881736755371,0.17230426669120788,0.1073646992444992,0.014211948619534572,0.13383393585681916,0.11300683617591858,0.7445582862140218,4.2093051839619875,3.780310869216919,0.17833703756332397,0.1451355218887329,0.025729545392096043,0.19821900874376297,0.10403887927532196,0.6443948745727539,0.11127842590212822,0.7596587991220691
209,1374.6423721313477,4.093283711870511,3.7598990917205812,0.173113676905632,0.1077985684076945,0.014219976713260014,0.12492257952690125,0.1129895289738973,0.7799166734230999,4.174748109653592,3.7505956888198853,0.1751348078250885,0.14513015747070312,0.025466020219027996,0.18529880791902542,0.10358687862753868,0.6437798142433167,0.1116303950548172,0.8216022735849207
210,1381.4191110134125,4.083306318894029,3.7554656346638997,0.17218621869881948,0.10625156611204148,0.014132730104029179,0.11697777062654495,0.11305186599493026,0.732095838953415,4.2028774581849575,3.780009150505066,0.17862518876791,0.14439865201711655,0.0254298010841012,0.17903363704681396,0.10302979126572609,0.6402309536933899,0.11149971932172775,0.731473297678669
211,1388.2493839263916,4.082275269428889,3.7547140598297117,0.1724685082832972,0.10687624762455622,0.014093505342801411,0.11029784083366394,0.11303390860557556,0.7095577292296339,4.195855550467968,3.7757736444473267,0.17592547088861465,0.14504102617502213,0.025301174260675907,0.168148472905159,0.10279813036322594,0.6413635313510895,0.11203305050730705,0.6988829762080784
212,1394.9931809902191,4.0802656347552935,3.754896132151286,0.17176486253738404,0.1066643089056015,0.014075524049500625,0.10463381409645081,0.11314946959416071,0.6520173168740262,4.18908616900444,3.769879102706909,0.17526348680257797,0.1457168236374855,0.025266412645578384,0.16056670248508453,0.10246380418539047,0.6451861560344696,0.11220906674861908,0.6640376102195186
213,1401.7275111675262,4.084724681079388,3.7599953492482503,0.1726216693719228,0.1067470669746399,0.014050318455944458,0.09969745278358459,0.11314751456181209,0.6729897733218818,4.18175820633769,3.766316056251526,0.17523253709077835,0.1447097584605217,0.025260301306843758,0.1536254584789276,0.10241767391562462,0.6426162421703339,0.1115405298769474,0.6554081173493478
214,1408.5418770313263,4.07879982230564,3.7544216314951577,0.1721247524023056,0.10734209815661112,0.014007798054565986,0.09452647318442663,0.11328743547201156,0.7611346072696986,4.180554827675223,3.761720895767212,0.17591028660535812,0.14706403017044067,0.025153017602860928,0.1470029130578041,0.10189956426620483,0.6486263573169708,0.1116199903190136,0.7780648071919936
215,1415.3616111278534,4.081892615060012,3.759390195210775,0.17201894919077557,0.10692471166451772,0.013967773194114368,0.09057408769925436,0.11323828051487604,0.6918663501303401,4.183862028643489,3.770401954650879,0.176571786403656,0.14492090791463852,0.0251698549836874,0.14132945984601974,0.10187308490276337,0.6432411074638367,0.11185924708843231,0.6859097800191244
216,1422.2691099643707,4.07036860200266,3.7496146678924562,0.17139774858951567,0.10675867100556692,0.013950578713168701,0.08615087121725082,0.11339724411567052,0.7662068731765772,4.177447576075792,3.767882227897644,0.178541399538517,0.1430496871471405,0.025066547095775604,0.13678109645843506,0.10165347158908844,0.6385253071784973,0.11205118522047997,0.7860476660724416
217,1429.0549042224884,4.076274888589978,3.7556163628896075,0.17258455355962118,0.10687981198231379,0.013905331306159497,0.0824264998237292,0.11351388841867446,0.751134868034699,4.18772198073566,3.7764298915863037,0.17692400515079498,0.14490292221307755,0.024936698377132416,0.13209696859121323,0.10114092007279396,0.6425963938236237,0.11177147179841995,0.7467649818676219
218,1435.9147882461548,4.075954439863563,3.7563385804494223,0.1721592495838801,0.10683143933614095,0.013880723497519891,0.07949342379967371,0.11328841100136439,0.7083638094472082,4.169508610852063,3.757514238357544,0.17543549090623856,0.14635638892650604,0.0250181145966053,0.12625539675354958,0.10126802325248718,0.6441397666931152,0.11202822625637054,0.7213237104679303
219,1442.5737810134888,4.063966842616598,3.74671155611674,0.17065555651982625,0.10648249139388402,0.01386165264993906,0.07585010180870692,0.11356662313143412,0.6731591011777748,4.176180152222514,3.7704567909240723,0.17444026470184326,0.14400877058506012,0.024865190498530865,0.12194275110960007,0.10078746825456619,0.6416819989681244,0.11205897852778435,0.6834791208996219
220,1449.386193037033,4.068382810801268,3.752888282140096,0.17103726665178934,0.10581144243478775,0.013822150975465774,0.07341204186280569,0.11362044264872868,0.6753043154181706,4.1456685503944755,3.7416470050811768,0.17352407425642014,0.14408550411462784,0.024899475276470184,0.11635399982333183,0.1005779318511486,0.6406023800373077,0.11222133040428162,0.6538993403195097
221,1456.1714391708374,4.077054369201263,3.7595037778218585,0.1718856265147527,0.10690658191839854,0.013792070591201385,0.07117845714092255,0.11346294532219568,0.6821296750232173,4.157876508310437,3.7488248348236084,0.1755322441458702,0.14650903642177582,0.02482468541711569,0.11306991428136826,0.10058026015758514,0.6468441486358643,0.11206298694014549,0.6652564724840593
222,1463.0735120773315,4.074547034874558,3.7562575499216715,0.17253751655419666,0.1074321836233139,0.013759873248636723,0.06862543771664302,0.11359304438034694,0.7109474526376828,4.161775093525648,3.75618577003479,0.17354748398065567,0.14561288803815842,0.02469815593212843,0.11035922169685364,0.10014501214027405,0.6448219120502472,0.11223702505230904,0.721819539798617
223,1469.8004200458527,4.069277023772399,3.753418191274007,0.17130627433458964,0.10684088170528412,0.013742622174322604,0.06609572768211365,0.11356754501660665,0.6999056253203612,4.151586195454001,3.746914863586426,0.17311660945415497,0.145744189620018,0.024726523086428642,0.1064985916018486,0.10007421299815178,0.6409976482391357,0.11251650750637054,0.7079569552980515
224,1476.604903936386,4.065256432754298,3.7503975868225097,0.1712661196788152,0.10663542995850245,0.013714466771731774,0.06381970470150312,0.11376540760199229,0.6486332891471795,4.178466614335775,3.772209882736206,0.176270991563797,0.1459021493792534,0.024584271013736725,0.10526774823665619,0.09954604133963585,0.6441960334777832,0.1120169498026371,0.6528047127523348
225,1483.4671280384064,4.070556073759993,3.7561959743499758,0.1714889278014501,0.10657079964876175,0.013673003328343232,0.061896144847075146,0.11365174651145935,0.6566188554472738,4.180657872930169,3.7769769430160522,0.17786818742752075,0.14469844847917557,0.024616798385977745,0.10139975696802139,0.09962127357721329,0.6411572098731995,0.11259643733501434,0.652849292122495
226,1490.3238079547882,4.062523068363467,3.7488149325052897,0.17132975856463115,0.10655807356039683,0.01364875240251422,0.05970843782027562,0.1138494461774826,0.6954437953177504,4.159188844263554,3.757780432701111,0.17423809319734573,0.14492104947566986,0.02446664683520794,0.09778906404972076,0.09920589253306389,0.6389914155006409,0.11238577589392662,0.7076635394263532
227,1497.121663093567,4.062477453052997,3.7503390947977704,0.17121410369873047,0.10602807601292928,0.013607935328036547,0.05790061752001444,0.11389360874891281,0.7341404273992292,4.16994346678257,3.7693285942077637,0.17638133466243744,0.1441633701324463,0.024469387717545033,0.09638985991477966,0.099007997661829,0.6392675638198853,0.11247337982058525,0.7582940286521125
228,1503.9284780025482,4.070037731466194,3.7569233894348146,0.1724120686451594,0.10641454756259919,0.013603860264023144,0.0563168503344059,0.11407644351323445,0.704875609939308,4.161843221634626,3.7600573301315308,0.17367321997880936,0.14599096029996872,0.0244572376832366,0.09186944365501404,0.09857364743947983,0.6452815532684326,0.11258725076913834,0.6824187918846474
229,1510.582897901535,4.061884041999777,3.748723284403483,0.1712252289056778,0.10697050988674164,0.013560094870626926,0.054428493479887645,0.11409288197755814,0.7092212115770852,4.15074454061687,3.7546757459640503,0.1739514395594597,0.1433601826429367,0.024456709623336792,0.08949083834886551,0.09850337728857994,0.6353665888309479,0.11281174421310425,0.7245149663045407
230,1517.4936909675598,4.065393703182538,3.7553462346394855,0.1712674081325531,0.10558183093865713,0.013537251017987728,0.053000410397847496,0.11403412570556005,0.660986848136591,4.164141343906522,3.7599011659622192,0.17461911588907242,0.14757633954286575,0.02413767483085394,0.08711176365613937,0.09799046069383621,0.6509634554386139,0.11245151981711388,0.6581845321806228
231,1524.2102332115173,4.066161252992848,3.754559787114461,0.17144446869691213,0.10650946497917176,0.01350168144951264,0.051441206286350884,0.11411669999361038,0.661931274401064,4.172909821383655,3.7720333337783813,0.17713703215122223,0.14545878022909164,0.02438830304890871,0.08556164428591728,0.09837985783815384,0.6442572176456451,0.11363333463668823,0.6682032666801284
232,1530.9585709571838,4.064412867774566,3.7516256968180337,0.17167567014694213,0.10722871720790864,0.013531409297138452,0.04996760586897532,0.11427175452311834,0.6595621050811792,4.142353810369968,3.7491263151168823,0.17307905107736588,0.14301393181085587,0.024113343097269535,0.08264042437076569,0.09768614917993546,0.6397673785686493,0.1130109503865242,0.6556158975616753
233,1537.7280700206757,4.072338006769617,3.7601123809814454,0.17262043555577597,0.1068576584259669,0.013450366475929816,0.04880036463340123,0.1142477219303449,0.6822827138091285,4.166466855444014,3.767652988433838,0.17583920061588287,0.14533045142889023,0.024216088466346264,0.08093345537781715,0.09755587577819824,0.6430674195289612,0.11268072202801704,0.6978791031010838
234,1544.485071182251,4.062502021715045,3.7519338448842365,0.17146582702795665,0.10650377323230108,0.013437297940254212,0.04731086740891139,0.1141891822218895,0.677990086209252,4.151695057749748,3.750824213027954,0.1752779483795166,0.14679626375436783,0.024203897453844547,0.07855737209320068,0.09746601805090904,0.6485723555088043,0.11340756341814995,0.679599911300001
235,1551.1511249542236,4.065778623086711,3.7540706475575765,0.17269791762034098,0.10692534496386846,0.013423656082401673,0.04603330716490746,0.11438151051600774,0.7043218294701231,4.1623056111857295,3.762663245201111,0.17604786902666092,0.14612911641597748,0.024142276495695114,0.07744079455733299,0.09719893708825111,0.645547479391098,0.11256266012787819,0.6923168203459362
236,1557.914789199829,4.06482651544114,3.7550351142883303,0.17161980470021565,0.10638953546682993,0.013404532801359892,0.044809711476167045,0.11441075305143993,0.6965962261062891,4.135332583449781,3.7440396547317505,0.17173761129379272,0.1434471607208252,0.023959902115166187,0.0741192065179348,0.09660191461443901,0.6390202939510345,0.11313825473189354,0.7051863226868228
237,1564.658843278885,4.06016156176726,3.7506100018819173,0.17215505242347717,0.1062815323472023,0.013362872662643592,0.043643875916798906,0.11443153222401937,0.8757132642013876,4.146938377059996,3.7512779235839844,0.17443065345287323,0.14514529705047607,0.024048523046076298,0.07261813059449196,0.09682122617959976,0.6406600475311279,0.11316597834229469,0.917624802366193
238,1571.334697008133,4.066123180029293,3.7564449310302734,0.1725656618674596,0.10637354950110117,0.01333968701461951,0.04259327625234922,0.11453868299722672,0.791710847805838,4.136190532706678,3.7420811653137207,0.17317678034305573,0.14488691091537476,0.02397531270980835,0.07098862156271935,0.0965459831058979,0.6424001753330231,0.11315557733178139,0.7726105892001656
239,1578.182676076889,4.059146439097821,3.7498181502024335,0.17101620634396872,0.10674174974362055,0.013308103165278832,0.041346744944651924,0.11460449099540711,0.6708422720769923,4.177256287075579,3.775997281074524,0.17798132449388504,0.14733030647039413,0.024066670797765255,0.0704309232532978,0.09650181978940964,0.6480512320995331,0.11333530768752098,0.6605695225420529
240,1584.8831670284271,4.0638562631482875,3.753536605834961,0.17218935787677764,0.10705766081809998,0.013307968744387229,0.04043862695495288,0.11454150329033534,0.7513792248249361,4.165555303916335,3.7695469856262207,0.17607033252716064,0.14544212818145752,0.023928972892463207,0.06835558265447617,0.0960918664932251,0.6447864770889282,0.11309861019253731,0.8136750891984667
241,1591.522332906723,4.063811680364112,3.7529273986816407,0.17194399933020274,0.10754738052686055,0.013283538694183031,0.03927008385459582,0.11479871968428294,0.7288651966984406,4.154395568184555,3.762710213661194,0.17469558864831924,0.14385312795639038,0.023825407028198242,0.06652521714568138,0.09593120962381363,0.6420204639434814,0.11312378197908401,0.6978055374609542
242,1598.297435283661,4.063390786759555,3.7528899828592936,0.17242298424243926,0.10736140559117,0.013240876886993647,0.0382660023868084,0.1146971583366394,0.7758506849854713,4.137099999003112,3.7476547956466675,0.17492679506540298,0.14290225505828857,0.023807811550796032,0.06470918282866478,0.09571763500571251,0.6375210285186768,0.11334094777703285,0.813846349572376
243,1605.039099931717,4.059080732179185,3.750977643330892,0.1715956578652064,0.10648426314194998,0.01323979307586948,0.03734693452715874,0.1149038091301918,0.7965607087562441,4.147131236735731,3.7532423734664917,0.17411762475967407,0.14556538313627243,0.023713924922049046,0.06279713846743107,0.09541839361190796,0.6430425345897675,0.11314662545919418,0.7959434610718491
244,1611.7542850971222,4.06906144618988,3.7600337346394856,0.17307836612065633,0.10666675766309103,0.013223279950519402,0.03662005265553792,0.11477479388316472,0.6768442888806733,4.14017476933077,3.750997304916382,0.17398350685834885,0.14339591562747955,0.023717816919088364,0.06157551892101765,0.09524990245699883,0.6376318037509918,0.11385544762015343,0.6963115778629543
245,1618.498927116394,4.0563686346014345,3.7502798398335773,0.17065483431021372,0.10592773308356603,0.013175925364096959,0.0356236457824707,0.1149447704354922,0.6455971487542757,4.115941858384758,3.7236407995224,0.1706799790263176,0.14605914056301117,0.02357683889567852,0.05937115289270878,0.09473051130771637,0.6445221900939941,0.11396670341491699,0.6606185313532291
246,1625.3995468616486,4.066407255704204,3.7579078515370687,0.17289785047372183,0.10667645583550135,0.013145608175545932,0.034790269037087755,0.11504796048005422,0.6787481516930364,4.154414466116577,3.761088252067566,0.1739683896303177,0.14579667150974274,0.023684472776949406,0.058994704857468605,0.09499895945191383,0.6441740989685059,0.11369256675243378,0.6886648392976902
247,1632.2229351997375,4.060838378344973,3.753223101298014,0.17132180730501811,0.10673468907674154,0.013158089108765125,0.03393998096386592,0.11505181193351746,0.6527018992304138,4.147388316690922,3.759379744529724,0.17399756610393524,0.1432834342122078,0.023530245758593082,0.05777168273925781,0.09450186789035797,0.6414036154747009,0.11400251090526581,0.6360126754035218
248,1638.9989709854126,4.065812762392064,3.7578543027242026,0.17274025678634644,0.10665507813294729,0.013124282596011956,0.033112700035174684,0.11512348155180613,0.6804849560299447,4.131824201904237,3.748567819595337,0.1748882755637169,0.1408400535583496,0.023678835481405258,0.05652854964137077,0.09470504894852638,0.630502462387085,0.11409737542271614,0.6933613265367858
249,1645.6228430271149,4.060499955403308,3.752108637491862,0.171527898311615,0.10727437088886897,0.013104978390038014,0.032314507911602654,0.11515283187230428,0.6804237015862813,4.142352319788188,3.7553818225860596,0.1738833710551262,0.14306364953517914,0.023591545410454273,0.0556060504168272,0.09440463781356812,0.6386131644248962,0.1141965426504612,0.6762025692410847
250,1652.500787973404,4.056201142755648,3.750039307276408,0.17139690121014914,0.10628989487886428,0.013092688626299302,0.03153438046574593,0.11531087259451549,0.6862758370135066,4.147747948300093,3.7586307525634766,0.17632456123828888,0.14366664737462997,0.02360890619456768,0.054486481472849846,0.09443653747439384,0.6409789621829987,0.11387061700224876,0.711754810039041
251,1659.2568440437317,4.057903974099705,3.7512237866719564,0.17143861552079517,0.10663385937611262,0.0130788069528838,0.030772643660505614,0.11529823193947474,0.6270390126284014,4.170880579855293,3.7778321504592896,0.1774367392063141,0.14541631191968918,0.023531300947070122,0.05398974381387234,0.09393629431724548,0.6445660889148712,0.11471946910023689,0.6182765253187769
252,1665.915627002716,4.063664509169757,3.7573779900868733,0.1720523456732432,0.10635144164164861,0.01305753504857421,0.03022985185186068,0.11553927858670553,0.6203692944134629,4.130250035785139,3.741146445274353,0.17283574491739273,0.1449243649840355,0.02353887353092432,0.05134795233607292,0.09397128596901894,0.640626460313797,0.11399757117033005,0.6324503659914847
253,1672.6661670207977,4.0514612309634686,3.7458394686381022,0.17054189046223958,0.10650386959314347,0.013028714340180159,0.02937231163183848,0.1155188262462616,0.700154941691008,4.130963418632746,3.7454663515090942,0.17295938730239868,0.14318089187145233,0.02333509922027588,0.05062235891819,0.09356898441910744,0.6390969455242157,0.11444307118654251,0.7028419232555417
254,1679.4151401519775,4.048475484612087,3.742830578486125,0.1712112049261729,0.10643672595421473,0.013006979444374641,0.028663407017787298,0.11554248134295146,0.7487180106889781,4.134806969203055,3.7418140172958374,0.1734815016388893,0.14693068712949753,0.0233250567689538,0.04956330731511116,0.09342214837670326,0.6482459902763367,0.11481637135148048,0.734441396297868
255,1686.18092918396,4.057794897692899,3.751818863550822,0.17208304007848105,0.10644655774037043,0.013002042192965746,0.02816559448838234,0.11570095519224803,0.6911232744418432,4.138883588835597,3.7487263679504395,0.17272109538316727,0.14579807966947556,0.023410549387335777,0.048802055418491364,0.09329207986593246,0.6440136134624481,0.11445417255163193,0.7006116866280625
256,1692.9066009521484,4.060392890715351,3.753322394688924,0.17193289597829184,0.10710587749878565,0.012978071998804807,0.027569172158837318,0.11579052656888962,0.6960808233266189,4.148615217767656,3.7592992782592773,0.17489269375801086,0.1449466049671173,0.023308100178837776,0.04790553078055382,0.09307505562901497,0.6415245831012726,0.11487031728029251,0.7058013846814054
257,1699.6622910499573,4.0513643840327855,3.7457524299621583,0.17134596308072408,0.10661754310131073,0.012956389381239811,0.02681554531057676,0.1158934473991394,0.7250985108626974,4.129777770489454,3.7400070428848267,0.1740492731332779,0.14552059769630432,0.023438003845512867,0.04681958258152008,0.0929642803966999,0.6422109007835388,0.11484188959002495,0.7389029500860372
258,1706.5334510803223,4.047035176462184,3.7425868193308514,0.17090750833352406,0.10621735701958339,0.012960289418697358,0.026239555701613425,0.11580327699581781,0.7203107900148332,4.129676830489188,3.742521286010742,0.17527247965335846,0.14399613440036774,0.02326603513211012,0.04610814340412617,0.0927240401506424,0.6424368619918823,0.11476637795567513,0.7312035431657706
259,1713.3436300754547,4.05226532050098,3.7472548484802246,0.17194681763648986,0.10630666762590409,0.012932430207729339,0.025694911802808442,0.11605392694473267,0.7613184870058062,4.118629916105419,3.730230927467346,0.17175301164388657,0.1456497609615326,0.02335881069302559,0.04489184357225895,0.09282854571938515,0.6431536078453064,0.11475969851016998,0.7585959162846765
260,1720.020931005478,4.0493125141287845,3.7446890354156492,0.17102729280789694,0.1064107542236646,0.012909539400910337,0.02515329544742902,0.11598231345415115,0.6974528388973423,4.126232882030308,3.7344956398010254,0.1735798791050911,0.1469845250248909,0.023329509422183037,0.04391301050782204,0.09258002415299416,0.6480554342269897,0.11532057821750641,0.7245582457735321
261,1726.9124691486359,4.054911596359064,3.7506680329640707,0.17201068103313447,0.10603961249192556,0.012892905777941147,0.024635991578300796,0.11606835971275965,0.7145457112338612,4.1185390036553144,3.7305930852890015,0.1716913804411888,0.14570574462413788,0.023252164013683796,0.04275495558977127,0.0923498272895813,0.6418204605579376,0.11500558257102966,0.6925386629303805
262,1733.7214579582214,4.045803589280695,3.74058731396993,0.17076864043871562,0.10691267351309458,0.012902276404201985,0.024026432260870933,0.11619704812765122,0.6927998529778051,4.125391623470932,3.7384097576141357,0.17212538421154022,0.14520017057657242,0.023355201818048954,0.04207533039152622,0.09270249307155609,0.6424180269241333,0.11491164192557335,0.6644830996929849
263,1740.5230441093445,4.043512531773498,3.73956667582194,0.16993005077044168,0.106552887459596,0.01286980180690686,0.02350022258857886,0.11621023267507553,0.6824284079331548,4.128010218497366,3.739097833633423,0.17373505234718323,0.14580988883972168,0.02329749334603548,0.041700324043631554,0.09228378534317017,0.6453578770160675,0.11536859348416328,0.6795014840514982
264,1747.3494021892548,4.051434961489091,3.7465694109598795,0.17227709690729778,0.10647986382246018,0.012854945876946052,0.0230690977225701,0.11630783379077911,0.6775471877582852,4.133060811087489,3.741940975189209,0.17256569862365723,0.14732737094163895,0.023295332677662373,0.04072897881269455,0.09209249168634415,0.6481855511665344,0.11530197784304619,0.6801579440473902
265,1754.1779010295868,4.038223285476366,3.734295050303141,0.1701788345972697,0.10661150465408961,0.012828959772984186,0.022463234265645345,0.11634000639120738,0.7365526904360029,4.132594856899232,3.7437885999679565,0.17275194823741913,0.14625675231218338,0.023128774017095566,0.03966711275279522,0.09175248444080353,0.6475117802619934,0.11577130854129791,0.7451782080050897
266,1761.021075963974,4.047515725530684,3.7432255427042644,0.17153112192948658,0.10650588075319926,0.012813878431916236,0.022051441421111425,0.11653119573990504,0.6665862818307811,4.117666639853269,3.7261734008789062,0.17071237415075302,0.14822489023208618,0.02301292773336172,0.03874908573925495,0.09149457514286041,0.6507663428783417,0.11546799540519714,0.6690421338595519
267,1767.8018679618835,4.040276356972754,3.736723311742147,0.16995685994625093,0.10659050593773524,0.012802595645189286,0.021574413528045018,0.11668316026528676,0.6869938767826979,4.129455843009055,3.7324875593185425,0.17497187852859497,0.14997940510511398,0.023082613945007324,0.038094136863946915,0.09152574464678764,0.6561596691608429,0.11578892543911934,0.7048463373073868
268,1774.6814301013947,4.037670607368152,3.735578266779582,0.17054133415222167,0.10576711893081665,0.012793373285482327,0.021149742603302,0.11660248537858327,0.7093265544401685,4.123754486441612,3.73408842086792,0.17163439840078354,0.14728280156850815,0.023039263673126698,0.037133052945137024,0.09125631675124168,0.6502819955348969,0.11584722250699997,0.675124781116278
269,1781.4756469726562,4.043049024945746,3.7400902112325034,0.1713890333970388,0.10604975819587707,0.0127796385747691,0.020659122491876285,0.11691617866357168,0.6766692724098934,4.125048322137445,3.738733649253845,0.17275460809469223,0.14533884078264236,0.023159736767411232,0.03703874908387661,0.09168950840830803,0.6420122981071472,0.11573875695466995,0.6719863565651261
270,1788.260635137558,4.037046162908276,3.734675137201945,0.16996658941109974,0.10616155713796616,0.012751307524740695,0.02025846689939499,0.11678548256556193,0.6271841350552806,4.1235211389139295,3.734543561935425,0.1719408556818962,0.14697951078414917,0.02313526626676321,0.03619251027703285,0.09127689525485039,0.6440452039241791,0.11595220491290092,0.6626100609070532
271,1795.1730120182037,4.034772833747168,3.7332916259765625,0.1702230284611384,0.10570464432239532,0.012741202923158805,0.019841619580984116,0.11686973720788955,0.69973029250734,4.113684910349548,3.7311556339263916,0.17179793119430542,0.14386408030986786,0.022917606867849827,0.035608600825071335,0.09072897583246231,0.640149712562561,0.11667073518037796,0.6973351777602155
272,1801.8809962272644,4.027582501930495,3.726631736755371,0.16894322633743286,0.10581742723782857,0.012742551416158676,0.019377190123001733,0.11732280850410462,0.6511888179873099,4.124248948413879,3.736584782600403,0.17352786660194397,0.14609643816947937,0.02306111715734005,0.03482942469418049,0.09092548489570618,0.6476955413818359,0.11664585769176483,0.6541823143473919
273,1808.594773054123,4.027230605452011,3.7263285477956134,0.16899984379609426,0.10582831601301829,0.012727951677516103,0.01898201492925485,0.11725173642237981,0.6591538643219031,4.120011807885021,3.735448122024536,0.1734899878501892,0.1446196213364601,0.022981151938438416,0.03431779704988003,0.09066802263259888,0.6411097943782806,0.11622029542922974,0.6452943195466567
274,1815.4238789081573,4.033037653844803,3.730156977971395,0.17045658032099406,0.10650049348672232,0.01271386155858636,0.018605594957868257,0.11714225262403488,0.6282538793738087,4.09463209612295,3.714800715446472,0.1693948283791542,0.14340727776288986,0.02297562826424837,0.03327764384448528,0.0906699150800705,0.6401349902153015,0.11626162379980087,0.6083656396010841
275,1822.2468280792236,4.02111209758247,3.7208228588104246,0.16840593020121256,0.10576540877421697,0.012686932521561781,0.018221824492017428,0.11730322291453679,0.6714197691179379,4.126566848251969,3.741005778312683,0.17369160801172256,0.14521624147891998,0.02304303739219904,0.033131131902337074,0.09072176739573479,0.6443401575088501,0.11665085703134537,0.7058927105546873
276,1828.9981989860535,4.030016622692346,3.727962525685628,0.17126650710900623,0.10596667677164077,0.012694252266859015,0.017949959635734557,0.11730810552835465,0.7605428229303025,4.12858611298725,3.742711663246155,0.17334487289190292,0.14554116874933243,0.02299373596906662,0.03247870318591595,0.09053922444581985,0.6446770131587982,0.11678425967693329,0.7641171235206399
277,1835.7411289215088,4.023137129284441,3.722267468770345,0.16928159296512604,0.10592706898848216,0.012665218425293763,0.01749890421827634,0.11764295647541682,0.7288198863326752,4.107074673986062,3.7220165729522705,0.17278676480054855,0.14537129551172256,0.0229114331305027,0.031688510440289974,0.09009810164570808,0.6449953019618988,0.11684378609061241,0.7406361861273706
278,1842.4301261901855,4.0236996467535695,3.7219144344329833,0.16937608122825623,0.10640081912279128,0.012647545586029688,0.01718213384350141,0.11773323516050975,0.8462428007464619,4.126514078117907,3.7394280433654785,0.17388641834259033,0.14614930003881454,0.022978483699262142,0.031376902014017105,0.09029889851808548,0.6442748606204987,0.11678734049201012,0.8543177219568762
279,1849.2638170719147,4.020456019416452,3.720779530207316,0.16934972604115803,0.10540109227101008,0.012625383740911881,0.016797766586144767,0.11750168204307557,0.7423675729709696,4.104278395185247,3.7180094718933105,0.1703062430024147,0.1467331349849701,0.022925770841538906,0.030598127283155918,0.0901477076113224,0.6471453607082367,0.11677025258541107,0.7317370673580753
280,1856.03799700737,4.010187564805771,3.7116310278574627,0.16785051027933756,0.10526273151238759,0.01263397024013102,0.016423275135457514,0.11767464280128478,0.7124818972824765,4.125662644393742,3.744226574897766,0.17308925837278366,0.14364054054021835,0.022965669631958008,0.030441436916589737,0.09004930779337883,0.637100875377655,0.11691080778837204,0.7417860126984994
281,1862.929071187973,4.028369052490841,3.7273581345876057,0.16989761193593342,0.10600486993789673,0.012613946292549371,0.016209488237897553,0.11765109598636628,0.6588711361897965,4.10972804389894,3.7247239351272583,0.17207472771406174,0.14577222615480423,0.023009548895061016,0.02968917042016983,0.09015706554055214,0.644041895866394,0.11721180006861687,0.6801535804496874
282,1869.776474237442,4.014635280069585,3.7157253583272296,0.16831232210000355,0.10539263337850571,0.012601472996175289,0.015873975741366547,0.11794894685347874,0.7006781352012119,4.111890444997698,3.7296602725982666,0.17317210137844086,0.14418146759271622,0.022816285490989685,0.029124746099114418,0.08941467851400375,0.6410209238529205,0.11762143298983574,0.6959715768655478
283,1876.543330192566,4.008976914128288,3.708998505274455,0.16794294516245525,0.10606322089831034,0.012579976891477903,0.015521977903942268,0.11820236593484879,0.7038051919011621,4.111775505822152,3.7271984815597534,0.1724545881152153,0.14559370279312134,0.022730416618287563,0.02864929847419262,0.08934573456645012,0.6448163688182831,0.11742309853434563,0.7229662853379919
284,1883.3576080799103,4.02512518549338,3.7241331418355306,0.16965477267901102,0.10616837690273921,0.012572521530091762,0.01531161405146122,0.1180273433526357,0.7054615614821529,4.0919623910449445,3.710134744644165,0.1704397052526474,0.1448061466217041,0.02296131383627653,0.02798200212419033,0.08970293402671814,0.6384973227977753,0.11709501594305038,0.707548685418514
285,1890.196986913681,4.007674476675068,3.7100079377492268,0.16759928663571674,0.10506426692008972,0.012567612249404192,0.014953447071214517,0.11838802049557368,0.6774920905713054,4.094564518192783,3.7146806716918945,0.17025252431631088,0.14393401890993118,0.022789468057453632,0.02755818609148264,0.08919510990381241,0.6413525640964508,0.11762137338519096,0.6647795563723154
286,1896.8744580745697,4.013843055209145,3.7139543374379476,0.1688600907723109,0.1058951735496521,0.01253950260579586,0.014673301142950852,0.11818760832150778,0.660469953011154,4.112052770098671,3.7275736331939697,0.17212921380996704,0.14580156654119492,0.022875845432281494,0.027245587669312954,0.08922946080565453,0.6447642743587494,0.11738159134984016,0.676961514157164
287,1903.8073840141296,4.0012625307931255,3.702732483545939,0.1672164132197698,0.10567209273576736,0.012538675653437774,0.014310620663066705,0.11840011924505234,0.6879122267395098,4.114774740533903,3.731220245361328,0.17197326570749283,0.14541595429182053,0.022962525486946106,0.0269438149407506,0.08927686139941216,0.6443902552127838,0.11766380444169044,0.6797856502949916
288,1910.57213306427,4.0020983122910065,3.704142665863037,0.16733031471570334,0.10538381685813268,0.012524175457656384,0.014091421415408452,0.11846674184004466,0.6159967330653929,4.083674390101805,3.7043960094451904,0.1692987084388733,0.14405639469623566,0.022804087959229946,0.026064948178827763,0.08911824598908424,0.6410840451717377,0.11760840937495232,0.5954995816859425
289,1917.4072818756104,3.9988977331047257,3.70082418123881,0.1671391079823176,0.1055227905511856,0.012496417481452226,0.013833667089541753,0.11845214863618216,0.6993514642608403,4.093493591994047,3.7124956846237183,0.1690709963440895,0.14498985558748245,0.022740990854799747,0.025930792093276978,0.08882259950041771,0.6430462002754211,0.11778837814927101,0.7070362231375665
290,1924.2044851779938,4.002251472556964,3.704150740305583,0.16789458195368448,0.1053771898150444,0.012501098867505788,0.01359624657779932,0.11871202240387599,0.712553970086144,4.112831971375272,3.726629376411438,0.17254923284053802,0.14678247272968292,0.022806267254054546,0.02545213233679533,0.08881216868758202,0.648650586605072,0.11797037720680237,0.7371418780591512
291,1930.919319152832,3.994557712832466,3.6969717502593995,0.16720564663410187,0.10532698035240173,0.01248879311606288,0.013316714204847813,0.11887863576412201,0.7172939608188059,4.091208411380649,3.7088595628738403,0.17086467891931534,0.1453334093093872,0.022711885161697865,0.02499876171350479,0.08880352228879929,0.6430632770061493,0.11803937703371048,0.7439361643807769
292,1937.8106849193573,3.9937622064879785,3.6966525395711263,0.16695000529289244,0.10518095095952353,0.01247560242190957,0.013091049405435722,0.1190894643465678,0.7818744247779573,4.103316135238856,3.7188220024108887,0.17246059328317642,0.14603950828313828,0.022763925604522228,0.024739278480410576,0.0886056162416935,0.6479703485965729,0.11808209866285324,0.7878154869263805
293,1944.5904340744019,3.9896321979817,3.692300732930501,0.16619797945022582,0.10551460087299347,0.012465103979532917,0.012813094320396583,0.11915809412797292,0.6574417680352472,4.083085177000612,3.705228567123413,0.16947778314352036,0.14355619996786118,0.022730286233127117,0.024021273478865623,0.08852363005280495,0.637184202671051,0.1180998869240284,0.6455741286975998
294,1951.3887412548065,3.9866200418832403,3.6891990184783934,0.1658136824766795,0.105685722331206,0.012438684236258268,0.012570950016379357,0.11925162672996521,0.6657173457358189,4.071410726988688,3.6916266679763794,0.17006848752498627,0.14439769089221954,0.022640635259449482,0.023817733861505985,0.08817078545689583,0.6416735947132111,0.1189238652586937,0.6714654515697343
295,1958.1491541862488,3.983853358433892,3.6873108545939126,0.16635060807069144,0.1051358550786972,0.012431241168330113,0.012381958588957787,0.11933116217454275,0.7404983074183675,4.078906477428973,3.698275923728943,0.16983859986066818,0.1449226662516594,0.022682336159050465,0.02346368506550789,0.08827664703130722,0.6427334547042847,0.11853765696287155,0.7685842541021379
296,1964.9284801483154,3.9851847330573946,3.689295736948649,0.16633216440677642,0.1048434168100357,0.012415103614330292,0.01214432114114364,0.11954020162423452,0.7703824660416274,4.073354099178687,3.691097378730774,0.1689080372452736,0.14602188020944595,0.02259794343262911,0.023035765625536442,0.08809441328048706,0.6483460664749146,0.11865286901593208,0.7552740144074505
297,1971.7399191856384,3.9851492241645854,3.689157978693644,0.16613362630208334,0.10497026294469833,0.01242153812199831,0.01193562572201093,0.11957177768150966,0.7244185194556696,4.07781084254384,3.6977787017822266,0.17053429782390594,0.14454511553049088,0.022662178613245487,0.02269904315471649,0.0881233774125576,0.6429864466190338,0.1190042532980442,0.7433282408053244
298,1978.4849972724915,3.982550778814281,3.6853192806243897,0.16641337672869363,0.10554962903261185,0.012406270547459523,0.011702207041283448,0.11971430132786433,0.745782889906772,4.084593113744631,3.70408833026886,0.17165235430002213,0.14453497529029846,0.02254683803766966,0.02243462298065424,0.08784455433487892,0.6442109942436218,0.11900762468576431,0.7097926287584782
299,1985.1550149917603,3.980397211496408,3.684492651621501,0.16535164217154186,0.1051766519745191,0.012400298255185287,0.011501739360392093,0.11993131538232167,0.6563254385855907,4.070367825916037,3.687151074409485,0.16716177016496658,0.1470656916499138,0.022491196170449257,0.02201793249696493,0.08774042129516602,0.6469639837741852,0.1194201111793518,0.6431764850800892
300,1991.9640130996704,3.9743607252525788,3.679230976104736,0.16523815989494323,0.10484654953082402,0.012373953219503164,0.011270280554890632,0.11992437144120534,0.7460281845863659,4.076216442976147,3.6974120140075684,0.16934582591056824,0.14435917139053345,0.022625045850872993,0.021652692928910255,0.08767697215080261,0.6405405700206757,0.11949247866868973,0.768234799530547
301,1998.6906461715698,3.9753914305319387,3.6802860260009767,0.16550982495148978,0.10478471616903941,0.012362794360766809,0.011124238868554433,0.12013064275185267,0.7738897548358208,4.0714163242373616,3.6928470134735107,0.17031212151050568,0.14403431117534637,0.022535501047968864,0.021378510631620884,0.08735862001776695,0.6395068764686584,0.11925508081912994,0.81343931443676
302,2005.3932490348816,3.9766051483340563,3.679923582077026,0.16686865091323852,0.10525786976019541,0.012375586945563555,0.010926005120078722,0.12015424221754074,0.9875742327696415,4.059508140431717,3.684088110923767,0.16684799641370773,0.1433623507618904,0.022664539515972137,0.021085319109261036,0.08783434331417084,0.6407264769077301,0.11937261745333672,0.9835625346870811
303,2012.173957824707,3.970519301605721,3.675379514694214,0.16474157075087228,0.1050447126229604,0.01235068473033607,0.010718305160601934,0.12029665807882944,0.7450969256687998,4.08593811141327,3.7048228979110718,0.17060385644435883,0.14529943466186523,0.02260523196309805,0.020857663825154305,0.08745257183909416,0.6441069543361664,0.11934070289134979,0.7178226015522371
304,2018.959391117096,3.9712225899565965,3.675508960088094,0.1654798448085785,0.10516965140899022,0.012336243626972039,0.010537618584930897,0.12036952078342437,0.7908639560078325,4.052057940745726,3.681126832962036,0.16851002722978592,0.14078935235738754,0.02260638866573572,0.0203895578160882,0.08734705299139023,0.6314996182918549,0.11975527554750443,0.8322119040931515
305,2025.7880580425262,3.9620073406336207,3.66849783261617,0.1645733545223872,0.10431970457235971,0.012319615421195826,0.010333686446150145,0.12034483601649602,0.7970303046469187,4.054047313751653,3.676932454109192,0.1671023741364479,0.14426854997873306,0.022626103833317757,0.020106290467083454,0.08732796832919121,0.6400714218616486,0.12044142931699753,0.7904979762463579
306,2032.5883049964905,3.9633154263254253,3.6689479827880858,0.16424448092778524,0.10485436171293258,0.012318258515248696,0.010145918590327103,0.12066541959842046,0.7008424535629468,4.057070928160101,3.6839842796325684,0.16733867675065994,0.14222895354032516,0.02255876362323761,0.01983761228621006,0.08715162798762321,0.636204183101654,0.11957676708698273,0.7289062581540883
307,2039.3341209888458,3.9594416410817455,3.6662652492523193,0.16410377224286396,0.10431233545144399,0.01229461831972003,0.009999339220424492,0.12064794898033142,0.7073136624317934,4.065278843743727,3.686728000640869,0.16836807131767273,0.1447397693991661,0.022444729693233967,0.019549074582755566,0.08676315099000931,0.6429450511932373,0.12002313509583473,0.7065435228227676
308,2046.2720141410828,3.9645158250040065,3.6700267950693766,0.16484498182932536,0.10480191260576248,0.01231860714033246,0.009850855233768623,0.12083767304817836,0.7899480773148786,4.058359308401123,3.6836750507354736,0.16869718581438065,0.14275070279836655,0.022501044906675816,0.01933703664690256,0.08697806671261787,0.636014848947525,0.1202220506966114,0.7991473142594764
309,2053.022287130356,3.9548799658038964,3.6602113882700604,0.1641066014766693,0.1050994113087654,0.012281675171107054,0.00966581671188275,0.12102788637081782,0.8614345274691467,4.048202972859144,3.6754571199417114,0.16780101507902145,0.14204112440347672,0.022313334047794342,0.01905238628387451,0.08645627275109291,0.6362265348434448,0.12028820440173149,0.869896691104709
310,2059.7500212192535,3.951217928513264,3.658039442698161,0.1639303187529246,0.10441836863756179,0.012284209672361612,0.009506356654067833,0.12122585674126943,0.7954433425948169,4.0818543555215,3.7004923820495605,0.17038525640964508,0.14572254568338394,0.022537927143275738,0.01889701560139656,0.08683297783136368,0.643241822719574,0.12078741192817688,0.7825461669714633
311,2066.5933198928833,3.94654894429259,3.654459571838379,0.16255255738894145,0.10423888961474101,0.012281390962501366,0.00934125812103351,0.12117100755373637,0.7043985750607474,4.038082861807197,3.670229911804199,0.16650696843862534,0.13998913019895554,0.02261277288198471,0.018484821543097496,0.08697047829627991,0.6277966201305389,0.12039324268698692,0.6664784615538608
312,2073.405562877655,3.9465341267952074,3.6532914956410725,0.16247725784778594,0.10485320637623469,0.012261023962249358,0.009190357911090056,0.12132975310087205,0.6735053905882078,4.054550068918616,3.677736520767212,0.16899564862251282,0.1438625380396843,0.022615772671997547,0.018362591043114662,0.08697372674942017,0.6392072141170502,0.12101737037301064,0.6643440661869379
313,2080.106933116913,3.9371867129579186,3.644833787282308,0.1615698218345642,0.10465738823016485,0.0122491423971951,0.009012953191995621,0.12147222260634104,0.6250585697308748,4.045328975422308,3.668664336204529,0.1658642813563347,0.1446138545870781,0.022408287040889263,0.018019157461822033,0.08642434701323509,0.6391978561878204,0.12094470858573914,0.6180420081095381
314,2086.948137998581,3.937046072562225,3.6457763353983563,0.16247832477092744,0.1039031445980072,0.012244316283613443,0.008897142329563698,0.12154041876395544,0.7856041475854926,4.047972488217056,3.673676013946533,0.16720380634069443,0.14312134683132172,0.022321133874356747,0.017807509750127792,0.0864110141992569,0.638355016708374,0.12120140343904495,0.8491407530148374
315,2093.8022980690002,3.931912877752135,3.641389989852905,0.1614443103472392,0.10380673557519912,0.012223085140188534,0.008749046300848325,0.12165917952855428,0.6074614655590818,4.059885585447773,3.68196177482605,0.16874388605356216,0.1445721685886383,0.02240313310176134,0.017630121670663357,0.08629963546991348,0.6402713358402252,0.12166358530521393,0.5933019517905032
316,2100.6487329006195,3.9316531681610893,3.6403390248616536,0.16107223232587178,0.1043132185935974,0.012213073577731848,0.008606359797219435,0.12173106571038564,0.6981266510469395,4.036305524175987,3.6618142127990723,0.16556420922279358,0.14369042962789536,0.022380119189620018,0.017313390038907528,0.08642512559890747,0.6383358240127563,0.12118902429938316,0.731846224412506
317,2107.3940868377686,3.93337801185747,3.641961765289307,0.161985253294309,0.10415181964635849,0.012213382124900817,0.008479922513167064,0.12188910643259684,0.7157387561021232,4.074097585165873,3.689973473548889,0.17010393738746643,0.14737331867218018,0.02248623315244913,0.01730202231556177,0.08626129105687141,0.6481189727783203,0.12150535732507706,0.7323218937554294
318,2114.1482429504395,3.9274221886570255,3.63815123240153,0.16163202226161957,0.10318347066640854,0.012199522523830334,0.008352015167474747,0.12200916806856792,0.7343490670805128,4.042142658028752,3.6680468320846558,0.16823972016572952,0.1428733989596367,0.022427614778280258,0.01691667176783085,0.08612778410315514,0.6363906562328339,0.12170253321528435,0.7392650706765498
319,2120.9569001197815,3.9255123619611063,3.6362303733825683,0.16129374106725056,0.10329084942738215,0.012191565955678623,0.008213676760594051,0.12225238829851151,0.6588376347807063,4.047248995164409,3.6730908155441284,0.16694676131010056,0.14324640482664108,0.022218109108507633,0.016767957247793674,0.08574473857879639,0.6399685740470886,0.12155953794717789,0.6513591366359434
320,2127.694192171097,3.9217141760513186,3.6323445002237955,0.16095847984155018,0.1034338633219401,0.012183403208230933,0.008090837051471074,0.12234749247630437,0.7013501154571861,4.050342193455435,3.6661847829818726,0.16824829578399658,0.14794974774122238,0.022488627582788467,0.01653506839647889,0.08624984323978424,0.6491362154483795,0.12161609530448914,0.7020037517141964
321,2134.591010093689,3.919459629703003,3.629218403498332,0.16056988338629405,0.10398054669300714,0.012183336929107705,0.007980764502038558,0.12246641665697097,0.703781377320809,4.03304208512418,3.656361222267151,0.16555196046829224,0.14491481333971024,0.022451543249189854,0.01630102377384901,0.08592252060770988,0.6413101553916931,0.12192992866039276,0.7139279214803957
322,2141.3539819717407,3.914271552224333,3.62496280670166,0.1602510859568914,0.10361069391171138,0.012162651463101307,0.00784725888321797,0.12259120047092438,0.7862681072662525,4.017249198514037,3.6484811305999756,0.16420143097639084,0.14132297784090042,0.022232549265027046,0.016085586976259947,0.08546911925077438,0.633062094449997,0.12190074846148491,0.7993671462023793
323,2148.0674061775208,3.9091117441188543,3.620329507191976,0.15975322425365449,0.10348624686400096,0.01214465470984578,0.0077325242881973585,0.12273209641377131,0.7199380819208376,4.031325581134297,3.6546109914779663,0.1672222912311554,0.14456858485937119,0.022282875142991543,0.015865097288042307,0.08562269434332848,0.6419025957584381,0.12215610966086388,0.7202204802341388
324,2154.921037197113,3.9153045881927633,3.625884215037028,0.1607593148946762,0.103566941122214,0.01213495012683173,0.00762733385587732,0.12272759427626928,0.7050773315446722,4.010228601284325,3.637041687965393,0.16284124553203583,0.14392270892858505,0.02242200542241335,0.01568349078297615,0.08597588539123535,0.6402111351490021,0.12215698510408401,0.7086579416852875
325,2161.6873910427094,3.905562224665967,3.6162827968597413,0.1590777277946472,0.10393102268377939,0.012124938486764828,0.007514074165374041,0.12303466846545537,0.6405323122315918,4.0282906495267525,3.654643416404724,0.16519871354103088,0.14356928318738937,0.022395221516489983,0.015637239906936884,0.08583835139870644,0.6399814188480377,0.12209763377904892,0.6553737882975412
326,2168.5772218704224,3.9048251857437815,3.616945234934489,0.15905853112538657,0.10324922402699789,0.012124411358187596,0.007408948770413796,0.12317475080490112,0.6577310893866739,4.048436000826769,3.6652296781539917,0.16762787103652954,0.14775537699460983,0.022450312972068787,0.015526532661169767,0.08579486981034279,0.6481905877590179,0.12286074832081795,0.6677885086154186
327,2175.476618051529,3.901422209160713,3.61221022605896,0.15935045977433523,0.10385646720727285,0.012122608783344428,0.007295275200158357,0.12338476628065109,0.7116850607147389,4.02185926947277,3.6462072134017944,0.16654682159423828,0.14428050816059113,0.022307763807475567,0.01527051581069827,0.0855952575802803,0.6394285261631012,0.12305606156587601,0.7140535938126266
328,2182.33776307106,3.896132766843463,3.607278760274251,0.15887274444103242,0.10381117165088653,0.012096438618997733,0.007181164187689622,0.12350428601106007,0.7087344122978679,4.005602698074654,3.6298842430114746,0.16276898235082626,0.1452917382121086,0.02215567324310541,0.015001949854195118,0.0851939469575882,0.6409890055656433,0.12250738218426704,0.7369653319616376
329,2189.1493241786957,3.8956333946436645,3.6085302352905275,0.15927569170792896,0.10284579892953237,0.012116593417401116,0.007094862560431163,0.12353710929552714,0.8178266054103356,4.017486749216914,3.639862895011902,0.16520807147026062,0.1456456482410431,0.022301243618130684,0.014914087951183319,0.08546137437224388,0.6422141194343567,0.12304913997650146,0.844236256081758
330,2195.914512872696,3.893950676700721,3.6067372957865396,0.15882932742436726,0.10302476038535437,0.01208568763298293,0.006996785725156466,0.12365917911132177,0.7334632840844482,4.016227726591751,3.640547752380371,0.1655007004737854,0.14462406188249588,0.022312992252409458,0.014726000837981701,0.08537700027227402,0.6404953896999359,0.12275640666484833,0.7119299803673005
331,2202.6781692504883,3.8911797671501214,3.6036845048268638,0.15854591329892476,0.10324795047442119,0.012080356851220131,0.006905618899812301,0.12384478151798248,0.7232670093865663,3.9959099631523713,3.616774559020996,0.1627293899655342,0.14707979559898376,0.022293489426374435,0.014444471802562475,0.0853620357811451,0.6475439071655273,0.12322788685560226,0.7119338647626787
332,2209.532691001892,3.8925650358122463,3.60479416847229,0.15859039922555287,0.1033854345480601,0.01208097302975754,0.0068191945242385065,0.12395344972610474,0.7343992333906125,4.024389504222199,3.6459710597991943,0.1668122336268425,0.14569485187530518,0.022257781587541103,0.014490495435893536,0.08506094291806221,0.6448330581188202,0.12340047210454941,0.7405650218591429
333,2216.2800629138947,3.887545312157211,3.6006291707356772,0.15766453742980957,0.10320259282986323,0.012062564833710591,0.0067147481876115005,0.12421706765890121,0.6738585687659918,3.9897071418818086,3.6174975633621216,0.16222215443849564,0.14376847445964813,0.022238305769860744,0.014246209524571896,0.08520299941301346,0.6384069919586182,0.12326584383845329,0.6715983578936606
334,2223.021507024765,3.8825243044101323,3.594897969563802,0.15728488663832346,0.10366369088490804,0.012082559941336512,0.006626039029409488,0.12425851672887803,0.6953774677852811,4.015215995139442,3.6349852085113525,0.16610272973775864,0.14681686460971832,0.0220814635977149,0.014182770159095526,0.08491044491529465,0.6492476165294647,0.1237805187702179,0.6722978335298306
335,2229.698093175888,3.8813837931957096,3.595376443862915,0.1580369472503662,0.10267659276723862,0.012047421094030142,0.006542760692536831,0.12442377507686615,0.6549288369401881,4.005644249264151,3.624083399772644,0.1643589660525322,0.14794503897428513,0.022274241782724857,0.013965154066681862,0.085044726729393,0.6514677107334137,0.1235964260995388,0.68092152991497
336,2236.3216619491577,3.8747165172283227,3.588010040918986,0.15710951685905455,0.10326950003703435,0.01204835797349612,0.006450871222962936,0.12457758088906606,0.7548908730234462,3.972805161261931,3.603233814239502,0.16175521910190582,0.14263080805540085,0.0222930870950222,0.013728485442698002,0.08487321808934212,0.6328784227371216,0.12370698526501656,0.7413854107240931
337,2243.1142530441284,3.875401122456727,3.589461580912272,0.15764680703481038,0.10276061395804087,0.012041661810750762,0.006379640443871419,0.12472157130638759,0.7742437603183886,3.9751083694864064,3.6064456701278687,0.16050267219543457,0.14249689131975174,0.022305897437036037,0.013670322485268116,0.08514438942074776,0.6330809593200684,0.12350307032465935,0.7706214352405051
338,2249.7811319828033,3.8690298052116607,3.581777016321818,0.1559000700712204,0.10386543522278467,0.012034148598710695,0.006287533634652694,0.124980957309405,0.6679587373704131,3.9721854807576165,3.6012386083602905,0.16120772063732147,0.14348533004522324,0.02218207996338606,0.013489407952874899,0.08458100631833076,0.6385926902294159,0.1234903372824192,0.6633234447458718
339,2256.4932548999786,3.8691435008930664,3.583614714940389,0.1567722717920939,0.10279537091652552,0.012015554107104738,0.006207632894317309,0.12501242409149807,0.7188744213303984,3.99134577519726,3.615683913230896,0.16355740278959274,0.1452619880437851,0.022200027480721474,0.013436737935990095,0.08450639247894287,0.6439149379730225,0.12413033843040466,0.7341086519143076
340,2263.183667898178,3.860598795325495,3.5758280118306476,0.15669224659601846,0.10244525820016862,0.012005965660015742,0.0061365751860042415,0.12517767995595933,0.7771657902619915,3.9944908637553453,3.6172271966934204,0.16406569629907608,0.14594540745019913,0.022137501277029514,0.01336001604795456,0.08449025452136993,0.6429461240768433,0.12446428462862968,0.7590618284611592
341,2269.746908903122,3.8617314936748395,3.576392571131388,0.15694982409477234,0.10267437348763148,0.012001216939340035,0.006061054083208243,0.12533127119143803,0.7874242313881991,3.9880896601825953,3.6124298572540283,0.16399288922548294,0.14517737179994583,0.022235236130654812,0.013234458863735199,0.08460453152656555,0.6451490521430969,0.12463036179542542,0.8138157999576473
342,2276.501783132553,3.8571109235985204,3.5727689425150553,0.15554293394088745,0.10253723114728927,0.01200788952410221,0.005984207273771366,0.12527105112870535,0.7807318512571298,3.9793592863716185,3.6073379516601562,0.1629667431116104,0.143642395734787,0.022045046091079712,0.013012686744332314,0.08423473313450813,0.6379394829273224,0.1250963769853115,0.7796871783130684
343,2283.1903722286224,3.8563231366764135,3.571046797434489,0.1559951474269231,0.10290052046378453,0.01198417078703642,0.005910898403575023,0.12561637461185454,0.7771996299560114,3.9756555618951097,3.599599599838257,0.16259772330522537,0.1457594707608223,0.02222113497555256,0.012952635530382395,0.08461429923772812,0.6427399516105652,0.12477283552289009,0.7719420465030439
344,2289.950819015503,3.8547009120152023,3.5696200370788573,0.15592459241549175,0.10282709896564483,0.011982468298325936,0.005857523189236721,0.12576426863670348,0.7797360276438295,3.972567082149908,3.5996081829071045,0.16011115163564682,0.14485137164592743,0.02223242912441492,0.012802320532500744,0.08440728858113289,0.6408966481685638,0.12492187693715096,0.7727999408267554
345,2296.890689134598,3.8497869999846444,3.565255848566691,0.1549686481555303,0.1028020997842153,0.011974295477072398,0.005770511087030172,0.12586729576190311,0.7788775526398061,3.9611619246425107,3.5865213871002197,0.1592843011021614,0.14591241627931595,0.022215228527784348,0.01269421773031354,0.08445234596729279,0.6450272500514984,0.12470116093754768,0.7664866302722086
346,2303.7020642757416,3.8452151471283287,3.5615001201629637,0.15454304615656536,0.10250856081644694,0.011972218736385305,0.005705529016753038,0.12595079243183135,0.6873720296461858,3.9658815399743617,3.593242883682251,0.16069792956113815,0.14456596225500107,0.0221271812915802,0.012631068006157875,0.08432155102491379,0.6401877701282501,0.12547345831990242,0.6599974460938683
347,2310.4952030181885,3.8409015455516053,3.5586082458496096,0.15407128632068634,0.10192238738139471,0.011959749506786466,0.005651527115454276,0.12619362821181615,0.6721282113973489,3.96156132069882,3.587973952293396,0.1618228629231453,0.14477218687534332,0.02211269550025463,0.012526252772659063,0.08416768908500671,0.6417394876480103,0.12564726173877716,0.6678445430986502
348,2317.3070900440216,3.8391467534238473,3.5564218839009603,0.15420126815636953,0.10211405903100967,0.011951835127547383,0.00558446953073144,0.12646723141272861,0.6690552191009916,3.948021868709475,3.576837658882141,0.16010042279958725,0.1440182775259018,0.022179423831403255,0.0123897735029459,0.08425246551632881,0.6385318040847778,0.12541189789772034,0.6713542355505264
349,2324.047824859619,3.8386335952207444,3.5559905687967936,0.15450673003991444,0.10200495272874832,0.011960739005977909,0.00551902378598849,0.12650108486413955,0.8214042201369283,3.959727126872167,3.585698366165161,0.16162266582250595,0.14507251232862473,0.02216560859233141,0.012289612554013729,0.08454158157110214,0.6433811783790588,0.12533586844801903,0.8204231105696284
350,2330.8805210590363,3.8334809257881717,3.5506105422973633,0.1537033349275589,0.10232642044623692,0.011939223638425272,0.005463500538220008,0.12678651263316473,0.6884313966547079,3.9659321751678362,3.5928609371185303,0.1630244106054306,0.14424815028905869,0.02219135593622923,0.012250928673893213,0.0841103047132492,0.6411601603031158,0.12593663483858109,0.6581464595020893
351,2337.6769590377808,3.8315166605248425,3.5482202688852946,0.15358117719491324,0.10257817556460698,0.011941950892408688,0.005397807651509841,0.12680685768524805,0.7143040880271432,3.941873350646347,3.5708523988723755,0.15846652537584305,0.14438658952713013,0.022232580929994583,0.012058040127158165,0.08415425941348076,0.6398299038410187,0.12574950978159904,0.7203559910687899
352,2344.405946969986,3.828361228356759,3.5455885410308836,0.15331342120965322,0.10239162544409434,0.011932903698955973,0.0053309033314387,0.1269845356543859,0.6647762894494867,3.954531262628734,3.578894853591919,0.1607721671462059,0.14612673968076706,0.021967323496937752,0.011987384408712387,0.08364612981677055,0.6452204883098602,0.126539945602417,0.6819365642229047
353,2351.21222615242,3.830366696207784,3.546599515279134,0.15404547452926637,0.10271149625380833,0.011928829457610845,0.005285804625600576,0.12711642781893412,0.7483055880978464,3.9522786322049797,3.578629970550537,0.15951796621084213,0.14545930176973343,0.022102457471191883,0.011884300038218498,0.08388218656182289,0.6418768763542175,0.12653134763240814,0.7708016897379834
354,2357.966120004654,3.8296118050813677,3.5466207027435304,0.15316843787829082,0.10254902988672257,0.011913085822016,0.005235294500986735,0.12744753956794738,0.6932920004619512,3.9402394260978326,3.5699466466903687,0.1582919806241989,0.14410024881362915,0.02205376885831356,0.011785165872424841,0.0837390199303627,0.6383498013019562,0.12635718286037445,0.6978740146141631
355,2364.698704957962,3.819637098760965,3.536698913574219,0.15240530669689178,0.10272081693013509,0.01191247122672697,0.005175591912120581,0.12746256639560063,0.6981408713028647,3.93449485686142,3.5647132396698,0.15859735012054443,0.14378391951322556,0.022143173031508923,0.011660412419587374,0.08394951745867729,0.6387648582458496,0.1268002986907959,0.7138605326122339
356,2371.567393064499,3.8181280044140293,3.536355972290039,0.1529004951318105,0.10202114532391231,0.011910160103191932,0.005117975641041994,0.12774251302083334,0.6998561253796763,3.9321973698679358,3.5593090057373047,0.1584373116493225,0.14539110660552979,0.021983115002512932,0.011549980379641056,0.08357075601816177,0.6429504454135895,0.12708984315395355,0.7208596538401439
357,2378.2908930778503,3.81382194312755,3.5321727275848387,0.15199609994888305,0.10219270487626393,0.0118927668624868,0.005063023262967666,0.12781494160493215,0.6775277449521871,3.9300314493011683,3.559483051300049,0.1571315973997116,0.14455311745405197,0.022035260684788227,0.011505457572638988,0.08353861048817635,0.6406559348106384,0.12704990804195404,0.6611901138542453
358,2385.1565639972687,3.8137805935538682,3.5320889631907146,0.15223385095596315,0.10215918719768524,0.011902102641761303,0.005025321959207455,0.12789073487122854,0.7121120904087764,3.9572390924440697,3.58273446559906,0.16089456528425217,0.14558888226747513,0.022160240449011326,0.011518318671733141,0.08387060090899467,0.6441808938980103,0.12733712047338486,0.7319852611578818
359,2391.9623029232025,3.813717524513292,3.5312267303466798,0.15238233804702758,0.10252836644649506,0.011895055028920373,0.0049715690004328884,0.1281160478790601,0.7258216432346754,3.9310501635773107,3.5582631826400757,0.15817896276712418,0.14543285965919495,0.022214358672499657,0.011327120941132307,0.08385690301656723,0.6414366960525513,0.12730811536312103,0.7266538864151988
360,2398.8141660690308,3.8085799791539707,3.527016766866048,0.15147542754809062,0.10229727377494176,0.011894273369883497,0.004923803855975469,0.12844563672939938,0.7183679245089586,3.923471932648681,3.553483009338379,0.15748130530118942,0.14421407878398895,0.02211034018546343,0.011280452366918325,0.08356551453471184,0.6400221586227417,0.12746285647153854,0.6926976209377564
361,2405.7673511505127,3.802313539447884,3.5215895652770994,0.15176402032375336,0.10181115766366323,0.011868329470356305,0.004878594726324082,0.12859564820925395,0.7399357331695648,3.9230233582202345,3.5495173931121826,0.15771812945604324,0.14592302590608597,0.02205471135675907,0.011203394271433353,0.08336162194609642,0.6439854800701141,0.12749314308166504,0.773935376277351
362,2412.54465007782,3.799276388552971,3.519920063018799,0.15108431379000345,0.1013034795721372,0.011861475588132938,0.004828837979584932,0.1286434441804886,0.7230261007649046,3.9228492866968736,3.5502220392227173,0.15675342082977295,0.14573045074939728,0.022076577879488468,0.01115854224190116,0.08333351835608482,0.6447168588638306,0.12785597890615463,0.6995026784147178
363,2419.5007219314575,3.796726553615493,3.5157894770304363,0.15110261936982472,0.10209452460209528,0.01185824053051571,0.004786870783815781,0.12880701969067257,0.7689939626734925,3.925603931886144,3.553278088569641,0.15739088505506516,0.14543382078409195,0.022042885422706604,0.01105103688314557,0.08318227902054787,0.6419340968132019,0.12819207459688187,0.7779661919642651
364,2426.2820370197296,3.801697253517341,3.520978323618571,0.15121400356292725,0.10196254402399063,0.011857233584548037,0.0047473602773000795,0.12903401652971905,0.7381916272451112,3.9263165306765586,3.5523147583007812,0.15743354707956314,0.14626722782850266,0.021929428912699223,0.011002172715961933,0.08308977633714676,0.6463371813297272,0.12828654050827026,0.7437452754323213
365,2433.026515007019,3.7926063825919605,3.513476101557414,0.1510645180940628,0.10121180564165115,0.011863511412714918,0.004697642816851536,0.12924598554770153,0.7069626862954143,3.919295469415374,3.5482828617095947,0.1565571427345276,0.14500627666711807,0.022044384852051735,0.010885932017117739,0.08324866369366646,0.6391005516052246,0.12837547808885574,0.7045123078813937
366,2439.8560252189636,3.7910497969792534,3.5105387528737384,0.15045978824297587,0.10205747882525126,0.011842093927164872,0.0046647693340977035,0.12932872076829274,0.7662913244347872,3.915887442184612,3.546096920967102,0.15619516372680664,0.1444939449429512,0.022009185515344143,0.010820197872817516,0.08308670297265053,0.6409046947956085,0.12848028540611267,0.7205379082359121
367,2446.586436033249,3.7850756203678126,3.505459674199422,0.14934087892373402,0.10189551413059235,0.01183864688500762,0.004617913781354825,0.129489529132843,0.6979735919169155,3.917036459897645,3.545460343360901,0.15648317337036133,0.14532044529914856,0.021918260492384434,0.010774557013064623,0.08294788002967834,0.6440267264842987,0.12878627330064774,0.723218462367918
368,2453.2517549991608,3.782943455882681,3.504067834218343,0.14918979008992514,0.10156883299350739,0.011847509210929275,0.004572242529441913,0.12969547708829243,0.665561798711358,3.9097920178901404,3.5428355932235718,0.1568058803677559,0.14293160289525986,0.02207193337380886,0.01076111476868391,0.08337726071476936,0.6378388106822968,0.12888142466545105,0.6391472550317352
369,2460.1114308834076,3.7777997420790297,3.5001177469889324,0.1487840195496877,0.10107660790284474,0.01183411927583317,0.004547078038255373,0.1298577497402827,0.7045144445484411,3.918776743579656,3.5452622175216675,0.15595228970050812,0.1464446559548378,0.022022648714482784,0.010596277192234993,0.08296559005975723,0.64666548371315,0.12899931520223618,0.6908836559389027
370,2467.0002160072327,3.7769718216654535,3.497532669703166,0.14934098422527314,0.10182183583577474,0.011815988458693027,0.004499952712406715,0.13011100192864736,0.769319525699833,3.9120496895629913,3.5409622192382812,0.15810561925172806,0.14469986408948898,0.02195757534354925,0.010539730079472065,0.08285266906023026,0.6396407783031464,0.1295873448252678,0.7986985294631326
371,2473.6988360881805,3.7737169960901764,3.4951927502950033,0.14891820251941681,0.10147546529769898,0.011813467430571715,0.004456855760266384,0.1302696943283081,0.7926821949648671,3.897054407163523,3.527097463607788,0.15431614220142365,0.14508754760026932,0.021977133117616177,0.010495109017938375,0.08291052281856537,0.6432162821292877,0.12919212877750397,0.7848889272704048
372,2480.5513410568237,3.7745660381391644,3.4949182828267413,0.1488025039434433,0.10206899940967559,0.011823109025135637,0.004434018085400264,0.13043679495652516,0.7078805046521759,3.913177368347533,3.541000008583069,0.1573878824710846,0.1454334780573845,0.02187126874923706,0.010465849656611681,0.08285791799426079,0.6435410380363464,0.13016606867313385,0.759274150335
373,2487.2973499298096,3.7679997848851294,3.4894519646962485,0.1479934722185135,0.10172765453656514,0.011809017260869343,0.004383100025976697,0.1305154085159302,0.7238542247507253,3.9134575829375535,3.5411806106567383,0.15725703537464142,0.14552299678325653,0.021980013698339462,0.010409844107925892,0.08293391391634941,0.6438317894935608,0.12962687015533447,0.7429924475496575
374,2494.1935980319977,3.765562535826272,3.4875102361043293,0.1478667934735616,0.10151386708021164,0.011806768008197348,0.00436467529895405,0.13082839846611022,0.668270739577576,3.8971067424863577,3.528852343559265,0.15416337549686432,0.14428742229938507,0.021895346231758595,0.010391466319561005,0.08259383961558342,0.6386021077632904,0.12992490082979202,0.6652841148032556
375,2501.0180039405823,3.7651132723122527,3.4876574357350667,0.1475261002779007,0.10130533476670583,0.011809072115768988,0.004328467619294922,0.13094211320082347,0.610448603315848,3.882484497036785,3.5124906301498413,0.15407776087522507,0.1451963111758232,0.02187982387840748,0.010249456390738487,0.0825035460293293,0.64222452044487,0.12982764840126038,0.6076520450916603
376,2507.8567731380463,3.7614650920499115,3.482756423950195,0.14789066513379415,0.1018467535575231,0.011792716523632406,0.004279313671092192,0.13100688954194387,0.6879094529663499,3.8935932725435123,3.5232644081115723,0.15463512390851974,0.14523110538721085,0.022004080936312675,0.01019636681303382,0.08283281698822975,0.640659511089325,0.13029465079307556,0.7439040136194625
377,2514.7455711364746,3.760452495860712,3.482342592875163,0.1476540356874466,0.10160903483629227,0.011787160175542037,0.004259261876965562,0.13136328160762786,0.7443966206955399,3.8920869341818616,3.5184801816940308,0.15391361713409424,0.14704891294240952,0.02209553588181734,0.010208472143858671,0.08273586258292198,0.6450173258781433,0.13043026626110077,0.7350821156539779
378,2521.5557010173798,3.757316824844262,3.478736082712809,0.1475093851486842,0.10188432186841964,0.011781178523475926,0.004229623281086485,0.1314766158660253,0.6736512641838973,3.8990533583564684,3.526513695716858,0.1559949666261673,0.14599767327308655,0.021994386799633503,0.0101873311214149,0.08252136409282684,0.6441903114318848,0.13035935163497925,0.674001891231346
379,2528.29203414917,3.7560003456582005,3.4782828172047933,0.14737720489501954,0.1014897440870603,0.011779570439830422,0.00419775132710735,0.13175840973854064,0.6716541932877858,3.9054060166236013,3.526930809020996,0.1559959053993225,0.14897727221250534,0.022066475823521614,0.01009084191173315,0.08277295157313347,0.6519257724285126,0.13088268786668777,0.6453898200812971
380,2535.3192892074585,3.7552109438848373,3.4772523562113444,0.147282874584198,0.10163617034753164,0.011771429485330978,0.00417923874532183,0.1319232871135076,0.74350318711456,3.87818907154724,3.509729266166687,0.1547980159521103,0.14427641779184341,0.02203671634197235,0.010031847283244133,0.08258263766765594,0.6400629580020905,0.13097522407770157,0.7743918465158443
381,2542.1640219688416,3.7519054317769283,3.474404780069987,0.14707493086655934,0.10146362731854121,0.011770546622574329,0.004143726546317339,0.13213954170544942,0.7492406270249513,3.8749705319060013,3.5045820474624634,0.152666375041008,0.1457822620868683,0.022060557268559933,0.009963090997189283,0.08249067887663841,0.6418970823287964,0.1306033805012703,0.7406940358552949
382,2548.981257915497,3.7446735113393514,3.4679028828938803,0.14649673600991567,0.10124831398328145,0.011767179953555267,0.004102529895802339,0.1322842349608739,0.7275711574494869,3.8933650130638853,3.5218231678009033,0.1553242728114128,0.1456906497478485,0.022065602242946625,0.009993637446314096,0.08264371007680893,0.6415886580944061,0.13165056705474854,0.7045385061777918
383,2555.8489780426025,3.7457026580775468,3.4692724545796714,0.1460915396610896,0.10118185679117839,0.011763230478391052,0.004082880339895686,0.13250211775302886,0.6614510954025213,3.8783951360965148,3.5068359375,0.15312150865793228,0.14626353234052658,0.021883081644773483,0.009885518345981836,0.08217363804578781,0.6443921327590942,0.1315423920750618,0.6499075575572795
384,2562.6933760643005,3.745721570996102,3.4680673599243166,0.14614134629567463,0.10178425411383311,0.0117750595168521,0.004060118785127997,0.13270100951194763,0.6447104435073344,3.882518443511799,3.5075855255126953,0.15440893918275833,0.14762601256370544,0.022053242661058903,0.009905693121254444,0.08279751613736153,0.6468051970005035,0.13179245591163635,0.6557830954872219
385,2569.565164089203,3.742467625167531,3.465248441696167,0.14594677090644836,0.10161821295817693,0.011753335098425547,0.004037488407144944,0.13286816577116647,0.6719882113489498,3.868354736478068,3.500286817550659,0.15420841425657272,0.14425461739301682,0.02200159803032875,0.009817908052355051,0.08247292414307594,0.6368322670459747,0.1321210041642189,0.6809136548709068
386,2576.310611963272,3.7375319673175302,3.460891771316528,0.14559967815876007,0.10141961624224981,0.01175139145925641,0.004004497748489181,0.13313167194525402,0.7415199735615566,3.8781292085768655,3.5054177045822144,0.15331025421619415,0.1468014493584633,0.02186326403170824,0.00981391267850995,0.08224663138389587,0.6436063945293427,0.13280843198299408,0.7022477422143332
387,2583.0638489723206,3.7383361175772736,3.460798501968384,0.1450992117325465,0.10199597924947738,0.011740576925997932,0.0039842049746463696,0.13324652711550394,0.6807321239969759,3.874212772003375,3.500955581665039,0.1532684564590454,0.14708960056304932,0.021892287768423557,0.009775043930858374,0.08217405155301094,0.6457081139087677,0.1323011964559555,0.6748668820702018
388,2589.9475660324097,3.7334716413441735,3.4565189520517987,0.14527804752190907,0.10166271229585012,0.011728076916188001,0.003952963758880893,0.13333962758382162,0.6755135543946396,3.8646084032952785,3.4936448335647583,0.15326440334320068,0.1459505259990692,0.021998065523803234,0.009721264243125916,0.0823071300983429,0.6402965486049652,0.1329696774482727,0.7101393839863819
389,2596.6828899383545,3.731700828357134,3.454233694076538,0.14554747740427654,0.10185459405183792,0.01172208044057091,0.003936829899127285,0.13360731502374013,0.813178445761338,3.8681485558627173,3.4995129108428955,0.15401360392570496,0.14460249245166779,0.021914806216955185,0.009695432614535093,0.08199209347367287,0.6393365859985352,0.1329708993434906,0.8267765735023737
390,2603.5676102638245,3.7288558344977596,3.4514166514078775,0.14530526300271351,0.1019037902355194,0.011719081550836563,0.003915884469946226,0.13377826611200969,0.8269409761399891,3.872276335489005,3.5003589391708374,0.15341802686452866,0.14640133827924728,0.02181339543312788,0.009622825309634209,0.08177000284194946,0.6426275372505188,0.13358700275421143,0.7973946493967423
391,2610.441563844681,3.729569434285319,3.4527156988779706,0.14559218684832256,0.10154344489177068,0.011727406736463308,0.003883008798584342,0.13400927682717642,0.7178492078583459,3.8604091396555305,3.4950907230377197,0.1525568589568138,0.14331841468811035,0.021967134438455105,0.009612631052732468,0.08207182213664055,0.6353827118873596,0.13315016776323318,0.7345046560584538
392,2617.13818192482,3.722416192017651,3.4454485416412353,0.14461502730846404,0.1018470083673795,0.011725574514518182,0.003864479949697852,0.13420307139555612,0.775327005700161,3.8602591424714774,3.492417812347412,0.15409215539693832,0.14420227706432343,0.021748988889157772,0.00956279318779707,0.08159180358052254,0.6345342099666595,0.1335916593670845,0.7541096253509567
393,2624.0610518455505,3.7202036975184454,3.4440896987915037,0.14428468147913615,0.10150604645411174,0.011702398645381133,0.003838260316600402,0.13439349929491679,0.5992758590154632,3.848773286328651,3.4811829328536987,0.15153741091489792,0.14472276717424393,0.02192937582731247,0.009504454676061869,0.08199350908398628,0.6391994953155518,0.13360805064439774,0.5950936046441276
394,2630.941473007202,3.7182364940138846,3.4419519583384197,0.14436941941579182,0.10157284537951151,0.011702999503662189,0.003816540834183494,0.13459559281667074,0.6868734882874982,3.8455589018994942,3.476825714111328,0.1518990620970726,0.14520452916622162,0.02194647490978241,0.009498393628746271,0.0819474384188652,0.6416482031345367,0.1335008591413498,0.7061127447312939
395,2637.88378405571,3.712684856188328,3.4361460049947103,0.14408613046010335,0.10177258153756459,0.011695673518503705,0.0038024915537486475,0.13477408786614736,0.7488629678441889,3.8644690233049914,3.4919376373291016,0.15359437465667725,0.14668069779872894,0.021850495599210262,0.009491212200373411,0.08172130584716797,0.6421396434307098,0.13454792648553848,0.7467032406482901
396,2644.7089200019836,3.7135253301550013,3.4368336041768393,0.14434449672698973,0.10178615599870681,0.01169598363339901,0.0037886624690145255,0.13484814365704853,0.7823185573146554,3.8572922161547467,3.486749291419983,0.15203207731246948,0.1460907980799675,0.021833189763128757,0.00938115967437625,0.08177243918180466,0.6418434083461761,0.134696863591671,0.7923470635665314
397,2651.5219810009003,3.709665354717678,3.434692319234212,0.14389468232790628,0.10104319651921591,0.01170262008284529,0.0037572051243235666,0.13516650299231212,0.7101845806729956,3.8383167807478458,3.473795175552368,0.15157045423984528,0.14319977164268494,0.02200409583747387,0.009347339160740376,0.08201427385210991,0.635179728269577,0.1345134600996971,0.7209816774404378
398,2658.6026260852814,3.704671599001934,3.430027373631795,0.14333981573581694,0.10102048466602961,0.01168835892652472,0.0037333926806847255,0.1352590064207713,0.7209265234853207,3.8382304477272555,3.468673586845398,0.14998206496238708,0.14610525220632553,0.021960790269076824,0.009421295952051878,0.08190879225730896,0.6407839953899384,0.1347731277346611,0.7383452799925061
399,2665.346743106842,3.700958531322734,3.425872564315796,0.1425287882486979,0.10144500980774561,0.011684214944640796,0.003726213068390886,0.13557991484800974,0.6417833117653959,3.819893324514851,3.4557873010635376,0.14894074946641922,0.14365443587303162,0.021903560496866703,0.009307107888162136,0.08156874775886536,0.6358120143413544,0.13470569998025894,0.6257564805548633
400,2672.2035191059113,3.6966813440977906,3.4210927645365397,0.1423877497514089,0.10173558791478475,0.011690109906097253,0.0036941154239078363,0.13558495938777923,0.6902630040283947,3.8307451143627986,3.4629461765289307,0.14948783069849014,0.14536280184984207,0.022001883946359158,0.00931767513975501,0.08222649246454239,0.6419016122817993,0.1349819228053093,0.7185565969118978
401,2679.814296245575,3.9470734049876532,3.5502002557118733,0.1135196715593338,0.1017436941464742,0.011678119438389938,0.5465037008126576,0.13589176336924236,0.9213089715455989,4.024973077699542,3.5601121187210083,0.11629810556769371,0.1457257643342018,0.02186716813594103,0.46104151010513306,0.08165597915649414,0.6418561339378357,0.1354243978857994,0.8373358144566682
402,2686.5939240455627,3.8390662178397177,3.4920557339986167,0.15639474391937255,0.10152213921149572,0.011680278632168969,0.26307533383369447,0.13616379002730053,1.1002909581042661,3.956626281142235,3.5117267370224,0.15577081590890884,0.14537516981363297,0.021851553581655025,0.3050551861524582,0.08178487792611122,0.64127117395401,0.135422483086586,0.9975475106854003
403,2693.182109117508,3.77255966886878,3.4495872974395754,0.14610036412874858,0.10158225297927856,0.01167678420121471,0.1870307336250941,0.1362958441178004,0.8293784021910153,3.931029949337244,3.499027967453003,0.15472068637609482,0.14640815556049347,0.021739202551543713,0.24730131030082703,0.08129191026091576,0.6439163386821747,0.135584257543087,0.7965964568415224
404,2700.0220980644226,3.7491832219064234,3.435718599955241,0.14390448133150738,0.10151806026697159,0.011680468264967204,0.1539050430059433,0.13647737701733906,0.7007434722431485,3.903549427166581,3.480734348297119,0.1523212268948555,0.14649420976638794,0.02163030207157135,0.21466418355703354,0.08129414543509483,0.6447978317737579,0.1356930062174797,0.7124656590270407
405,2706.692666053772,3.736436227460702,3.4273553689320884,0.14316426813602448,0.10187790989875793,0.011687852690617244,0.13497161865234375,0.1366150716940562,0.6748629066799655,3.876796029508114,3.4589635133743286,0.15073826164007187,0.14699090272188187,0.02209553960710764,0.19392631947994232,0.08184367418289185,0.644403487443924,0.13574206829071045,0.6773932151513142
406,2713.431921005249,3.728765648851792,3.4225933869679768,0.14315124452114106,0.10214398304621379,0.011674601305276155,0.12123469412326812,0.13688737054665884,0.7352495393056461,3.867026064544916,3.4600340127944946,0.1486865058541298,0.1440594643354416,0.021788357757031918,0.1781194806098938,0.08128759264945984,0.6372975409030914,0.13622383773326874,0.7265750581067274
407,2720.2252361774445,3.7195930391550065,3.417999807993571,0.14252283573150634,0.10135808487733206,0.011671788897365332,0.11046257416407267,0.13710047801335654,0.7756583518751693,3.883142715319991,3.4735050201416016,0.15238377451896667,0.14582322537899017,0.022127525880932808,0.16719742864370346,0.08199886605143547,0.6395026743412018,0.13633178919553757,0.8100971754720121
408,2727.061589241028,3.7135999090969563,3.4146661599477133,0.1423682580391566,0.10112101932366689,0.011644029415523012,0.10203032592932383,0.13732698659102122,0.7091623531639487,3.876807836815715,3.4676907062530518,0.15145061165094376,0.14694835245609283,0.0218465868383646,0.15798047930002213,0.08115682005882263,0.6426952183246613,0.1362762749195099,0.7009099192452094
409,2733.699885368347,3.7088223484655223,3.4108920256296793,0.14168716371059417,0.1016745463013649,0.011668184275428454,0.09495059351126353,0.1375260959068934,0.7523938742057475,3.871840715408325,3.4680219888687134,0.15096045285463333,0.1458054855465889,0.021871739998459816,0.14691011607646942,0.08155284821987152,0.6413387656211853,0.13703316450119019,0.7741720170503344
410,2740.5460472106934,3.706226061657071,3.4097421487172443,0.1423338125149409,0.1015415092309316,0.011634713225066661,0.088935952881972,0.13760948379834492,0.7653445749566185,3.8609902933239937,3.461889863014221,0.15022142976522446,0.14467763155698776,0.021902495063841343,0.13853780925273895,0.08135463297367096,0.6400938928127289,0.13750267028808594,0.8012845418401542
411,2747.2983441352844,3.7009423433492583,3.4059985796610515,0.1417587697505951,0.10159690628449122,0.011629145142311852,0.08348226497570674,0.13800656497478486,0.7570832973256303,3.8564941361546516,3.449800968170166,0.15103839337825775,0.14907420426607132,0.0218361122533679,0.13210225105285645,0.0812019445002079,0.6492553055286407,0.13709089159965515,0.7426981721722621
412,2754.3380053043365,3.6940135075400273,3.4005847930908204,0.141277081767718,0.10153483003377914,0.0116272891095529,0.0788820539911588,0.13824170033137004,0.6895301756173876,3.8461370477452874,3.445844292640686,0.14812630414962769,0.1475871428847313,0.02187252603471279,0.12422126904129982,0.08107909932732582,0.646709531545639,0.13777640461921692,0.7036503001870767
413,2761.2389919757843,3.691341576601068,3.3990839163462323,0.1408463438351949,0.10158198823531468,0.01162328259088099,0.07468204746643702,0.1383708784977595,0.6680795400185545,3.856936141848564,3.4613685607910156,0.14969002455472946,0.14529962092638016,0.021872324869036674,0.12049330770969391,0.08103698119521141,0.6399809718132019,0.1379493921995163,0.648555890376598
414,2767.9773881435394,3.6866511846582095,3.3949881553649903,0.14043562312920888,0.10181530813376109,0.011619385393957297,0.07125840584437053,0.1385831703742345,0.6803242342668671,3.8442152850329876,3.4442901611328125,0.15037309378385544,0.14796596765518188,0.02175692841410637,0.11522656679153442,0.08079257234930992,0.645932674407959,0.13806245476007462,0.6895232916841216
415,2774.900653362274,3.6856201242655517,3.3945726712544757,0.1408455600341161,0.10183689991633098,0.011632986273616553,0.06780349264542261,0.13874300221602123,0.7815638065166114,3.824519896879792,3.435167908668518,0.14807198196649551,0.1439954787492752,0.021964541636407375,0.1093001589179039,0.08115723729133606,0.635245144367218,0.13837693631649017,0.7591261559610296
416,2781.7470152378082,3.678042824814717,3.3885644912719726,0.14024108151594797,0.1015899990995725,0.011620887632792195,0.06471117834250133,0.1389781375726064,0.7403954357675133,3.8330058371648192,3.4374793767929077,0.14788901805877686,0.14754262566566467,0.021779583767056465,0.10598680004477501,0.08087806031107903,0.6432732343673706,0.1381564512848854,0.7298324434112763
417,2788.4245541095734,3.67590646011134,3.386405579249064,0.1399691124757131,0.10201532244682313,0.011606780998408794,0.06194271892309189,0.13919536670049032,0.7185928348578519,3.8245929479599,3.4349985122680664,0.1478857398033142,0.14509428292512894,0.021849269047379494,0.10185199975967407,0.0810026079416275,0.6388162970542908,0.13857584446668625,0.6844194655865512
418,2795.1666300296783,3.6734165931741396,3.3862625916798907,0.1394023408492406,0.1012898455063502,0.011601728309566775,0.059492560227711995,0.13936138153076172,0.6108239619203235,3.830775802023709,3.4348092079162598,0.14803873747587204,0.14867635071277618,0.02180694043636322,0.09837809577584267,0.08083106949925423,0.6474035084247589,0.13859102129936218,0.5588319802345678
419,2801.879860162735,3.6630625891809663,3.3760806719462075,0.13908230861028034,0.10158876279989879,0.011607548190901677,0.05705294931928317,0.13952625989913942,0.721600321590023,3.814782300963998,3.4242037534713745,0.14720973372459412,0.14673694968223572,0.021870159544050694,0.09399912506341934,0.08091254532337189,0.6425201594829559,0.13907214999198914,0.7413071904551181
420,2808.400626182556,3.6644581112389765,3.378312126795451,0.13944452504316965,0.10134830524524054,0.011610146953413884,0.05490844572583834,0.13974696199099224,0.7411552630611619,3.8273187838494778,3.4363116025924683,0.14868085831403732,0.14690525829792023,0.02180548943579197,0.09142494201660156,0.0809241496026516,0.641497015953064,0.13936738669872284,0.7166402202217428
421,2815.1756823062897,3.6616985386237504,3.375668414433797,0.13889027933279674,0.1016863505045573,0.011606435617431998,0.05284913405776024,0.14010687867800395,0.6644831936126625,3.8124890178442,3.422791361808777,0.14689935743808746,0.14713576436042786,0.02168248128145933,0.08790579438209534,0.08055604249238968,0.6448895633220673,0.13936244696378708,0.6770029716531585
422,2821.741063117981,3.658555319905281,3.372515885035197,0.13873685499032337,0.10196383049090703,0.011594035243615509,0.05097338557243347,0.14011116524537404,0.6285533209662033,3.810185272246599,3.420510172843933,0.14674979448318481,0.14753810316324234,0.021914434619247913,0.08489598333835602,0.08088930323719978,0.6457270979881287,0.13979747891426086,0.6296963168505443
423,2828.4288601875305,3.65186388262858,3.3674418926239014,0.13823901116847992,0.10152666519085567,0.011598046543076635,0.048996616154909134,0.14046495159467062,0.6292794847411041,3.796541984193027,3.4067224264144897,0.145469032227993,0.14830275624990463,0.021942853927612305,0.08191811665892601,0.08089328184723854,0.6469001173973083,0.14007830619812012,0.6213185909820627
424,2835.1731762886047,3.6473876599222423,3.3627508163452147,0.13770757615566254,0.10197542558113734,0.011587743367999791,0.047328817347685494,0.14065402348836262,0.6683620258557564,3.808727235533297,3.418033003807068,0.14742431789636612,0.1484633833169937,0.02179746236652136,0.08022122457623482,0.08049850165843964,0.6450242400169373,0.14047735184431076,0.6853718566325845
425,2841.726529121399,3.6515605652704837,3.3668994744618734,0.1385040710369746,0.10197329719861349,0.011603503332783779,0.04584984357158343,0.14086556037267048,0.76166312039409,3.79180873837322,3.404874563217163,0.14487162977457047,0.14757966250181198,0.0216662073507905,0.07735614106059074,0.08052301779389381,0.6451393067836761,0.14056216180324554,0.7901575659951082
426,2848.4513790607452,3.6444128725677727,3.3612674554189046,0.1377148022254308,0.1016044204433759,0.011579552510132393,0.04431670059760411,0.14102164804935455,0.6631348117686802,3.8001023391261697,3.4112731218338013,0.14526481181383133,0.1487232744693756,0.021749846637248993,0.0750010497868061,0.08027804642915726,0.6474991738796234,0.14089541137218475,0.6521363537616279
427,2855.1404452323914,3.640224778652191,3.356918954849243,0.13740858435630798,0.10194999923308691,0.011574781018619735,0.04280613263448079,0.14127766887346904,0.6679900326448961,3.812228904105723,3.423010468482971,0.14736539870500565,0.1485835686326027,0.02177815604954958,0.07347439602017403,0.08039451763033867,0.647104948759079,0.14107433706521988,0.6917493065891673
428,2861.659357070923,3.6397370234131814,3.357361634572347,0.13804752131303152,0.10146382649739584,0.011568642547354102,0.0416959007581075,0.14155832131703694,0.7762536490682989,3.785799143835902,3.400596022605896,0.14503716677427292,0.14749543368816376,0.02175018936395645,0.07077468186616898,0.08030958473682404,0.6439797282218933,0.1410534605383873,0.8022925597770991
429,2868.322578191757,3.6365226838116844,3.3534119288126627,0.13769028782844545,0.10210254043340683,0.0115724658438315,0.04024212087194125,0.1416700839996338,0.8627504048927739,3.7879000874236226,3.3998498916625977,0.14543824642896652,0.14907336980104446,0.021917265839874744,0.06873733177781105,0.08046314492821693,0.6483263373374939,0.1415077969431877,0.8701185811954231
430,2874.877989053726,3.6329719052339593,3.350586986541748,0.13768299420674643,0.10188630322615305,0.011562958809857566,0.03908326054612796,0.1419108639160792,0.775312336905907,3.7962332516908646,3.406237840652466,0.14643015712499619,0.1499163582921028,0.021915078163146973,0.06779046356678009,0.08051742240786552,0.6505702435970306,0.14145420491695404,0.757102705741118
431,2881.4749763011932,3.6277502819895746,3.345095634460449,0.13675508002440134,0.10240614314874014,0.011557864118367433,0.0378592848777771,0.14215939740339914,0.7331114379326151,3.79418867547065,3.407047390937805,0.14549647271633148,0.14903708547353745,0.0217922767624259,0.06527550891041756,0.0802876390516758,0.650393158197403,0.14219697564840317,0.6878929768155568
432,2888.1270213127136,3.626349597113828,3.345430930455526,0.1367262413104375,0.10168297837177913,0.011567853779221574,0.03675835703810056,0.14238221645355226,0.7096384898837675,3.7809806619770825,3.397216796875,0.14364631474018097,0.14805489033460617,0.021870692260563374,0.06332370825111866,0.08044278994202614,0.6479245722293854,0.14205949753522873,0.7443964701015678
433,2894.7576620578766,3.620355343259871,3.3403989632924396,0.13605909744898478,0.1015002633134524,0.011551204090937971,0.03570521846413612,0.14262407918771108,0.7254047753988253,3.782215718179941,3.3906242847442627,0.1440616175532341,0.15205112099647522,0.02175876311957836,0.06183353066444397,0.08016104251146317,0.6553516387939453,0.14220476895570755,0.7457228248049773
434,2901.3161981105804,3.6226958399638534,3.34212859471639,0.1366898169120153,0.10175198862950006,0.011562729968378942,0.034873438129822416,0.1427873820066452,0.6910923270734138,3.7772233495488763,3.3904154300689697,0.1447426602244377,0.14965616166591644,0.02162790857255459,0.060497064143419266,0.07993646711111069,0.6506386995315552,0.14262573421001434,0.6788763619718892
435,2908.228068113327,3.6181933293119073,3.3383158365885417,0.13582655787467957,0.1017574022213618,0.011540524289011955,0.033797637373209,0.14301958481470745,0.6699610196795801,3.766065949574113,3.3832268714904785,0.14304741472005844,0.1482960656285286,0.021720951423048973,0.058892957866191864,0.08013170585036278,0.6451410949230194,0.14257394522428513,0.6815785802137929
436,2915.0047273635864,3.6162212494760753,3.336400779088338,0.13568401336669922,0.10187689165274302,0.011567647708579898,0.03289872159560522,0.14320095578829448,0.6656036074243501,3.782089816406369,3.3962132930755615,0.14477892965078354,0.1494974121451378,0.02197570726275444,0.05796893686056137,0.0805305577814579,0.6505860388278961,0.14314226806163788,0.6870174814696915
437,2921.724421977997,3.6108121667678157,3.3310738722483317,0.13551274836063384,0.10199275463819504,0.011540246211613219,0.03198564425110817,0.14351839224497479,0.6872757335978407,3.7741320147179067,3.3874118328094482,0.14302756637334824,0.1505996435880661,0.02184413280338049,0.056028446182608604,0.08003390207886696,0.6524389386177063,0.14324968308210373,0.7213503997532221
438,2928.6440422534943,3.6086039405937,3.3294366041819257,0.13463970224062602,0.1020286609729131,0.011541762637595336,0.03116065338253975,0.1436224490404129,0.5895377718308054,3.7661701384931803,3.3845733404159546,0.1425241157412529,0.14831440895795822,0.021872512064874172,0.05482368916273117,0.0800766609609127,0.646161288022995,0.1434427872300148,0.5845370230987448
439,2935.391808271408,3.607180429932972,3.32887552579244,0.13484760026137035,0.10163461814324061,0.011551182918871443,0.0304474708934625,0.14393332401911418,0.6654127045104364,3.76930076116696,3.375375270843506,0.14407378435134888,0.15426503121852875,0.02170357760041952,0.05343414284288883,0.08003091439604759,0.6612379848957062,0.14335350692272186,0.629138235278549
440,2942.0646760463715,3.6032412230968474,3.3245466868082683,0.1348009725411733,0.10193993449211121,0.011526166026790937,0.029656724135080973,0.14414735237757365,0.7160678434760472,3.767005067784339,3.379604458808899,0.14350838959217072,0.15130116045475006,0.021753079257905483,0.052176373079419136,0.07969449833035469,0.6517740488052368,0.14390933513641357,0.7491288271504943
441,2948.9287021160126,3.6025941060855984,3.3239226659138996,0.13468285302321117,0.1020558680097262,0.011531074872861306,0.02887311056256294,0.14436632096767427,0.7482086431533574,3.7654201122932136,3.37492573261261,0.14260300248861313,0.15323017537593842,0.021773656830191612,0.05093011073768139,0.07996587827801704,0.6583521366119385,0.14381416887044907,0.7333326713741182
442,2955.6702930927277,3.5970776840113103,3.318864933649699,0.13415954113006592,0.10204708029826483,0.011523753528793652,0.028155276800195375,0.14451860785484313,0.7400036197768785,3.7602417524904013,3.376002073287964,0.14213037490844727,0.1503337249159813,0.021654274314641953,0.05002816766500473,0.07970264926552773,0.6530989408493042,0.14459670335054398,0.7443356425374045
443,2962.314527273178,3.597555588527272,3.3203042189280194,0.13417485356330872,0.10164667715628942,0.011528242457037171,0.027482354020078977,0.14474050601323446,0.6642768858359688,3.766399395186454,3.381823182106018,0.14278146624565125,0.15046679973602295,0.02177009265869856,0.04900752194225788,0.07971350476145744,0.6522798836231232,0.14468465000391006,0.6775763523969911
444,2969.187889099121,3.591540396865457,3.3136845588684083,0.13440150916576385,0.10197864274183908,0.011516529818375905,0.026791191721955935,0.14501003722349803,0.7421786714439947,3.7442921469919384,3.3618990182876587,0.14157892018556595,0.1498475894331932,0.021775877103209496,0.04763395898044109,0.07957763597369194,0.6503129601478577,0.14491280913352966,0.792808837451386
445,2975.925560951233,3.5948135992512107,3.3161860624949138,0.13509942193826038,0.10225972930590312,0.01151254870928824,0.026233468701442084,0.14518473347028096,0.8043814578757159,3.7456661136820912,3.3641873598098755,0.14330172538757324,0.1490776091814041,0.021794929169118404,0.0466906912624836,0.0796441026031971,0.6483010947704315,0.14496123045682907,0.8041493115536966
446,2982.781098127365,3.5839419808549184,3.3075167814890545,0.1339178095261256,0.1015496626496315,0.011525483910615246,0.025467877214153608,0.14547553459803264,0.7545195138564552,3.7530641863122582,3.36662757396698,0.14344251155853271,0.15163439512252808,0.021768562495708466,0.04578626528382301,0.07953748479485512,0.6544007360935211,0.14492326974868774,0.7417610744165312
447,2989.581647157669,3.5876533801667394,3.3109182357788085,0.1340425451596578,0.10173450360695521,0.011518720972041289,0.02497945837676525,0.14558995266755423,0.7457345695105191,3.7496394789777696,3.3666003942489624,0.14282162487506866,0.1501622572541237,0.02166902180761099,0.04521503113210201,0.07955114170908928,0.6493569612503052,0.14528825879096985,0.7420570450881617
448,2996.3384301662445,3.583671022268633,3.3069745858510333,0.13341576606035233,0.10194649050633113,0.011504292037958901,0.02438228949904442,0.14596717754999797,0.6857667114650373,3.741519581992179,3.3553404808044434,0.14082393050193787,0.15241815149784088,0.02168934978544712,0.0437233317643404,0.07941799610853195,0.6575710475444794,0.14562110602855682,0.6745789908744962
449,3003.223664999008,3.579117011992882,3.3032061735788982,0.13303757905960084,0.10171808451414108,0.011509089296062787,0.02382351942360401,0.1461215277512868,0.6547262403213205,3.741189931984991,3.358781933784485,0.1405903622508049,0.15071828663349152,0.021834072656929493,0.042704975232481956,0.07944751903414726,0.6510248184204102,0.14601033926010132,0.6869242022415041
450,3009.950936317444,3.5766237940018377,3.3000577608744304,0.13264240821202597,0.1022184466322263,0.01151122129522264,0.023231743027766545,0.14635541339715322,0.7014380820317219,3.7413420914672315,3.3575944900512695,0.14111535996198654,0.15133386105298996,0.02158489264547825,0.04208879731595516,0.07898809760808945,0.6541090309619904,0.14622721076011658,0.7005227610669932
451,3016.884254217148,3.57508447614188,3.298696279525757,0.13282325863838196,0.10214812954266866,0.011499918314317863,0.02272123284637928,0.14654107093811036,0.6894302837390603,3.7509943093173206,3.366814136505127,0.14141128957271576,0.1515650972723961,0.021798787638545036,0.04137733392417431,0.07929898798465729,0.65659099817276,0.14659958332777023,0.6724309484428499
452,3023.8092770576477,3.5742690198433897,3.29860421816508,0.132754980524381,0.10186371604601542,0.011527765014519294,0.022239517296353976,0.14683197438716888,0.7298033345664018,3.742284584324807,3.3566709756851196,0.1419302597641945,0.15227988362312317,0.021593164652585983,0.04035484604537487,0.07937579229474068,0.6559339165687561,0.1465449407696724,0.7651918260648105
453,3030.575650215149,3.5731229714117942,3.297617244720459,0.13279948830604554,0.10183341155449549,0.01148749537145098,0.021756637717286746,0.146952689687411,0.6644504991319627,3.7258478249423206,3.344006657600403,0.14006808400154114,0.15099335461854935,0.021826949901878834,0.03928166441619396,0.07935823500156403,0.6502661108970642,0.14649710804224014,0.6756602483685533
454,3037.461905002594,3.5651735773620508,3.2901131312052407,0.1320320298274358,0.10186762362718582,0.011488334105039636,0.021236735954880716,0.1473015954097112,0.6761807243512974,3.715094109531492,3.3350027799606323,0.13972429931163788,0.15029342472553253,0.021757331676781178,0.03856932185590267,0.07914911955595016,0.6523275673389435,0.14694207906723022,0.6641931533126734
455,3044.269742012024,3.5606583322708807,3.2855588595072427,0.13208705087502798,0.1019352912902832,0.011490928164372841,0.020741458982229233,0.14742805858453115,0.6975838233533594,3.7188687222078443,3.3420461416244507,0.1394704356789589,0.14877138286828995,0.021832619793713093,0.03817838802933693,0.07923849299550056,0.6475407779216766,0.14729010313749313,0.688079933066417
456,3050.96488904953,3.562013311528911,3.2876447359720866,0.13202533920605977,0.10163827240467072,0.0114859687940528,0.02031744457781315,0.14772748549779255,0.7390410808307049,3.7379665463231504,3.3555880784988403,0.1434207409620285,0.15064534544944763,0.021782049909234047,0.037509625777602196,0.07908505573868752,0.6531084179878235,0.14728916436433792,0.7602275925506006
457,3057.903220176697,3.5584855837437015,3.282973368962606,0.1320243050654729,0.10226561278104782,0.011481570514539878,0.019875346745053927,0.14796408414840698,0.7101020966437119,3.7201831033453345,3.34114933013916,0.14061060547828674,0.1498037725687027,0.021696243435144424,0.036483701318502426,0.07887670770287514,0.6514464318752289,0.14758597314357758,0.6792068491721405
458,3064.63552236557,3.5585167494602503,3.2840864658355713,0.1319982056816419,0.10177644938230515,0.011477859333778422,0.019513128076990446,0.1480847974618276,0.6902975512826693,3.704045140184462,3.327843189239502,0.13935112953186035,0.14880917221307755,0.02178206294775009,0.035632167011499405,0.07893095165491104,0.6481447517871857,0.14803460985422134,0.720988118599518
459,3071.3122782707214,3.55201892638579,3.278071880340576,0.1313022424777349,0.10176906883716583,0.011484209541231393,0.019031148528059323,0.14836740593115488,0.6678304512093295,3.6956966761499643,3.3200364112854004,0.1388585865497589,0.14872915297746658,0.021886725910007954,0.03509066253900528,0.07901367172598839,0.6481791436672211,0.14813214540481567,0.6902806230750592
460,3078.126386165619,3.5522470836838087,3.278022527694702,0.13133230457703274,0.10194984426101049,0.011480252351611852,0.01863486071427663,0.1485303282737732,0.7272589564345769,3.7230257936753333,3.341767430305481,0.14043962955474854,0.15118814259767532,0.02174364123493433,0.03464905358850956,0.07887300103902817,0.653409481048584,0.14837059378623962,0.7469367118473457
461,3084.9544003009796,3.5499021427395445,3.275769058863322,0.1311488409837087,0.10200058072805404,0.011469146236777306,0.018230007713039717,0.14877430498600006,0.6876765759333026,3.7074090191163123,3.3328856229782104,0.13868409395217896,0.1483592689037323,0.02159461658447981,0.033851245418190956,0.0785149410367012,0.6457787752151489,0.14877109974622726,0.6921622712316928
462,3091.8140630722046,3.5433455921399095,3.270282745361328,0.1303824692964554,0.10170001834630966,0.011484199793388446,0.017886301750938097,0.14914149343967437,0.6824987853734634,3.6937262946739793,3.3172425031661987,0.1377495750784874,0.14967921376228333,0.02168524544686079,0.033002305775880814,0.0788612999022007,0.6505618393421173,0.14847760647535324,0.6501546157533333
463,3098.612452030182,3.543346217740327,3.2708229700724285,0.13056323677301407,0.10143151034911474,0.011472084062794844,0.017514434332648914,0.14924387037754058,0.7354161934808199,3.6996513716876507,3.3254406452178955,0.13863912224769592,0.14836666733026505,0.021812002174556255,0.032631322741508484,0.0788944698870182,0.647415816783905,0.14912109076976776,0.7087482028030282
464,3105.4285111427307,3.538889517604063,3.265181223551432,0.1307999720176061,0.10200979361931482,0.011459293790782492,0.017154883220791818,0.14945627351601917,0.7216757399753781,3.6871961725410074,3.312901735305786,0.138359434902668,0.14853670448064804,0.02170593850314617,0.03216524329036474,0.0786731168627739,0.6462749242782593,0.14951125532388687,0.7223908800345284
465,3112.1962242126465,3.5399137834242236,3.266749636332194,0.13060232102870942,0.10182275424400965,0.011456599148611227,0.016869912358621755,0.14972455501556398,0.7031938469911355,3.6880460523534566,3.311479091644287,0.13753365725278854,0.1499711126089096,0.021653330884873867,0.031431627459824085,0.07857593894004822,0.6521402299404144,0.1497986987233162,0.6973390261670346
466,3118.848580121994,3.532277876511216,3.260756492614746,0.129909448325634,0.10122458885113399,0.011462073214352131,0.016469928125540417,0.14985568523406984,0.7457183178891603,3.685416450491175,3.3078434467315674,0.1378372311592102,0.1504797860980034,0.021758370101451874,0.03077926393598318,0.07863626256585121,0.6524478793144226,0.14995750784873962,0.751595333252714
467,3125.7225062847137,3.5344213266546527,3.2612018744150797,0.13067813167969386,0.10191722214221954,0.01148622022010386,0.016183768461147944,0.150212890903155,0.861221768677448,3.689763860311359,3.3109848499298096,0.13741590082645416,0.15126239508390427,0.02170671708881855,0.03018507920205593,0.07877491414546967,0.6532912850379944,0.15003319084644318,0.8654303676143801
468,3132.5604281425476,3.5315955913470436,3.2599668820699055,0.13065580427646636,0.10117092529932657,0.01147268945351243,0.015835826161007087,0.15039925078550975,0.8479399225203993,3.674254046753049,3.300732731819153,0.1389879286289215,0.14830365031957626,0.021907060407102108,0.029680199921131134,0.07890265434980392,0.6471964120864868,0.15029610693454742,0.8651055396107619
469,3139.333101272583,3.5255938498768957,3.253712558746338,0.12995904038349787,0.10151257614294688,0.011453033005818725,0.015506474611659845,0.15055739978949229,0.8382845123672862,3.6853435528464615,3.3089033365249634,0.13763964176177979,0.1501474231481552,0.021846668794751167,0.029302196577191353,0.07875442132353783,0.652387410402298,0.15045537799596786,0.7748613009226009
470,3146.0899753570557,3.523210371363287,3.2513001759847007,0.12919169366359712,0.10175717473030091,0.011449859337881207,0.01519999634474516,0.15086290140946707,0.6735906178503358,3.671347984112799,3.296340584754944,0.1367057040333748,0.14973631501197815,0.02158639393746853,0.028727669268846512,0.07843771204352379,0.6510090529918671,0.15083380043506622,0.6648753547653891
471,3152.8352732658386,3.519741915569951,3.2480859597524008,0.12933427592118582,0.10162544449170431,0.011447673911849659,0.014951715494195621,0.15101188123226167,0.7815291154235242,3.667885662522167,3.2986685037612915,0.13571102172136307,0.14715147763490677,0.021546360105276108,0.02823477052152157,0.07820385321974754,0.6442504525184631,0.15095871686935425,0.7563596886087338
472,3159.6581552028656,3.518926386224727,3.2473210175832112,0.12884387324253718,0.10176218698422114,0.011450630938634276,0.014636232207218805,0.15125585993131002,0.7286045929923411,3.674423678778112,3.292640805244446,0.13660050928592682,0.15325898677110672,0.021615957841277122,0.027858581393957138,0.07828103750944138,0.6598787903785706,0.1511966437101364,0.7471410965541578
473,3166.4300832748413,3.513041117352744,3.242152706782023,0.1287509948015213,0.10146360993385314,0.0114538064536949,0.014342773209015528,0.15144026776154837,0.7426070725756263,3.655500086490065,3.2851449251174927,0.1351027861237526,0.1479916125535965,0.021580751985311508,0.027282172814011574,0.07827667891979218,0.6458719074726105,0.15148501098155975,0.7478716933770497
474,3173.2402811050415,3.5086681144622465,3.238702138264974,0.127839133143425,0.10126153230667115,0.01143898890974621,0.01409338004887104,0.15171587268511455,0.6436078371780364,3.6644527660682797,3.291293501853943,0.13570375740528107,0.14929693937301636,0.021530743688344955,0.026854027062654495,0.07799609377980232,0.650366872549057,0.15179402381181717,0.651604576978055
475,3180.0674521923065,3.511165695916861,3.2403289953867596,0.12852060447136562,0.10155633340279262,0.01143579074802498,0.0138549259553353,0.15189610520998637,0.7575834071007972,3.6503946045413613,3.2765382528305054,0.13539446890354156,0.14978760480880737,0.02168665174394846,0.02633563056588173,0.07813115790486336,0.6511581540107727,0.1516290009021759,0.75949683958413
476,3186.8506281375885,3.5062370755864927,3.2358432610829673,0.12835642397403718,0.10141333391269049,0.011427857680246234,0.013555738764504591,0.1521589607000351,0.7261841616392545,3.6611267698463053,3.2876697778701782,0.13487670570611954,0.14973954111337662,0.021660251542925835,0.0261582275852561,0.07804913818836212,0.6494233012199402,0.1523175984621048,0.7594994906114846
477,3193.6993560791016,3.5055354521920283,3.2347861925760903,0.12794247368971506,0.10172002365191778,0.011431007630502183,0.013351901868979136,0.15229329466819763,0.6450543235929175,3.652578707318753,3.2786831855773926,0.13490179553627968,0.1500185802578926,0.021703531965613365,0.025629853829741478,0.0782681480050087,0.6511240601539612,0.15211106091737747,0.6343222231455709
478,3200.5626871585846,3.499961833873143,3.23042680422465,0.12753541767597198,0.10124655812978745,0.011449704117452105,0.013096818203727404,0.1526163746913274,0.7063539396634994,3.6421616142615676,3.2670061588287354,0.13425055891275406,0.15087079256772995,0.021603058092296124,0.025154363363981247,0.07805594056844711,0.6544185280799866,0.15245628356933594,0.6997636250531036
479,3207.2947602272034,3.497020033545171,3.227776050567627,0.12758292804161708,0.1011226033171018,0.011425660643726587,0.012829249290128549,0.15284043947855633,0.7330019118510344,3.6554735631216317,3.2795517444610596,0.1353912279009819,0.15102305263280869,0.021713629364967346,0.024720397777855396,0.07817760109901428,0.6534222066402435,0.1529860720038414,0.7650914931219931
480,3214.319674015045,3.494734036969021,3.2252994060516356,0.1271948665380478,0.10134095748265584,0.011427535582333804,0.012621130732198556,0.1530467132727305,0.6996744922127571,3.64246809668839,3.2704259157180786,0.1343611180782318,0.1493978053331375,0.021589300595223904,0.02426404505968094,0.07800045982003212,0.6509680449962616,0.15304571390151978,0.7058405455417408
481,3221.118408203125,3.49133856773066,3.221860154469808,0.1272518997391065,0.10137728254000346,0.011428866224984327,0.012391593245168527,0.1532212456067403,0.7085481585201404,3.63635625410825,3.2611292600631714,0.13324229046702385,0.15129977464675903,0.021660039201378822,0.024025198072195053,0.07791449874639511,0.6532743573188782,0.15325555950403214,0.7010387581751509
482,3227.8247849941254,3.4895015097999322,3.2197179317474367,0.12709953784942626,0.10159498850504557,0.011419004279499252,0.012175328470766545,0.15350537200768788,0.6863591071716111,3.636840181890875,3.26434862613678,0.13371113687753677,0.14983879029750824,0.021627092733979225,0.0238336268812418,0.07784556970000267,0.6505987346172333,0.15355131775140762,0.710653097110759
483,3234.7379422187805,3.4880811394347497,3.2190328439076743,0.12720774014790853,0.1012239138285319,0.011416398330281179,0.011986391184230645,0.15377338329950968,0.7111989058261571,3.6237230324186385,3.25026535987854,0.13325457647442818,0.15052258223295212,0.021776624023914337,0.023140879347920418,0.07801928743720055,0.6516036093235016,0.15330228954553604,0.6834210994488786
484,3241.5647172927856,3.485181604558602,3.2156991004943847,0.1265819251537323,0.10162920703490576,0.011409344865630071,0.011732509670158228,0.1539353827635447,0.6967496945036216,3.6346069413702935,3.262120246887207,0.13416141644120216,0.14982063323259354,0.021663306280970573,0.02305887918919325,0.0777793824672699,0.6506065130233765,0.15388701111078262,0.7181574462043316
485,3248.3111951351166,3.4825271017694224,3.2138662815093992,0.12646687825520833,0.10126654903093973,0.011408093618229032,0.011577132282157739,0.15418077111244202,0.7208337460165322,3.6279058665968478,3.253246307373047,0.13398951664566994,0.15101325511932373,0.021573267877101898,0.022553162649273872,0.07760728895664215,0.6548983156681061,0.1540021002292633,0.7106698570221001
486,3255.1938190460205,3.4785862444123876,3.2096185207366945,0.1262984961271286,0.10149006942907969,0.011403207760304212,0.011353347015877565,0.15435622831185658,0.7427574325807084,3.628986182389781,3.2531967163085938,0.13437818363308907,0.15150044113397598,0.021639983169734478,0.022397967986762524,0.07771779596805573,0.6550843119621277,0.15417009592056274,0.7681405705042407
487,3261.9755873680115,3.4781990906223657,3.2096174081166584,0.12652740081151326,0.10125946750243504,0.011421396055569251,0.011196188380320866,0.15457465449968974,0.7103152506304939,3.6274984693154693,3.251384139060974,0.13412827998399734,0.15177740156650543,0.021740160882472992,0.02198154851794243,0.07779286801815033,0.6559379398822784,0.15466204285621643,0.7283004623765278
488,3268.859346151352,3.4725616914530595,3.204497226079305,0.12579473505417507,0.10121285816033682,0.011420942392821114,0.010965526103973389,0.1548430989185969,0.6759943724455718,3.6240840181708336,3.24756121635437,0.1329614371061325,0.15229156613349915,0.021660427562892437,0.021835803985595703,0.0775955468416214,0.6565139889717102,0.15443923324346542,0.6717408134207669
489,3275.6680810451508,3.466481983708218,3.1985275745391846,0.12568324953317642,0.10120863417784373,0.01140057371618847,0.010782064187029998,0.15503287712732952,0.7685637642133762,3.6084275713656098,3.237665891647339,0.1329040452837944,0.14948275685310364,0.02159478235989809,0.021376573480665684,0.07745914906263351,0.651213139295578,0.15476609021425247,0.7697548282627248
490,3282.5152332782745,3.4667627753534664,3.1989734490712483,0.12541434069474539,0.10121441731850306,0.011399625272800525,0.010613285191357135,0.15533159573872884,0.6888187137299233,3.6199892095755786,3.2455310821533203,0.13269948586821556,0.15141624212265015,0.021665362641215324,0.021103600971400738,0.07762207090854645,0.6548855304718018,0.15516147762537003,0.635923611677866
491,3289.4160261154175,3.4630717859913904,3.195885944366455,0.12512062788009642,0.10100768854220708,0.011397871173297365,0.010440602401892344,0.15547780990600585,0.6626522400048859,3.6128638847731054,3.2391059398651123,0.13189208880066872,0.15131165832281113,0.02164163626730442,0.020754335448145866,0.07751183211803436,0.6538402736186981,0.15550926327705383,0.7087490364857953
492,3296.140165090561,3.460707259907698,3.193108383814494,0.12529829641183218,0.1011936808625857,0.011404832825064659,0.010249464648465316,0.15581629673639932,0.7309169953957696,3.605647476390004,3.2273894548416138,0.13228760659694672,0.15350442379713058,0.021482407115399837,0.020421482622623444,0.07733727991580963,0.6601914763450623,0.1554531678557396,0.7415139618998549
493,3303.0129091739655,3.4564430212291577,3.189587211608887,0.12492842425902685,0.10093394915262859,0.011398104671388864,0.01009479674200217,0.15590597887833912,0.7715159663369734,3.6024644407443702,3.229204773902893,0.1320125050842762,0.15110772848129272,0.021651532500982285,0.020151829347014427,0.07754030078649521,0.6517738103866577,0.15588053315877914,0.7908611378940764
494,3309.79913520813,3.4534791925611596,3.186029068628947,0.12458990613619486,0.10133447498083115,0.011396856373175978,0.009944883609811465,0.15617453356583913,0.6915480120312324,3.6062280777841806,3.230769991874695,0.13162506371736526,0.15231743454933167,0.021520858630537987,0.020042739808559418,0.07718966901302338,0.6564545929431915,0.15599068254232407,0.6695229805310646
495,3316.572466135025,3.452889124288534,3.186409060160319,0.12428766886393229,0.1009436865647634,0.011385714852561553,0.009795426266888778,0.15641981462637583,0.6049082972568757,3.6086896592751145,3.236413836479187,0.13167186826467514,0.15075987577438354,0.021655112504959106,0.019680548459291458,0.07739688828587532,0.6538973748683929,0.15664847195148468,0.5964036628007102
496,3323.412096261978,3.45268348348327,3.186445379257202,0.12454830060402552,0.10077561189730962,0.011383428781603774,0.009650920517742634,0.15671576758225758,0.6796060675380237,3.597856314154342,3.223788857460022,0.13170380890369415,0.15167918801307678,0.02159244567155838,0.019428704865276814,0.07722603157162666,0.6554819047451019,0.15641368925571442,0.7095047656989416
497,3330.162317276001,3.445861148896317,3.1800314585367837,0.12377292364835739,0.10078703661759694,0.011391184013336896,0.009476621200640996,0.15691661437352497,0.6809333995925454,3.5997004692908376,3.2248144149780273,0.131520327180624,0.15217077732086182,0.02156355045735836,0.01913734432309866,0.07730447128415108,0.6586464047431946,0.15662842243909836,0.7086733274104933
498,3336.9857981204987,3.446667189259703,3.1803712209065753,0.12426410814126333,0.10091413309176762,0.011382057486722866,0.009342592395842075,0.15702777604262033,0.7654338717636002,3.5990898844320327,3.2224494218826294,0.13185568526387215,0.15297751873731613,0.02166736964136362,0.019030329771339893,0.07734723389148712,0.6575283408164978,0.156890869140625,0.7138729572384062
499,3343.830488204956,3.4428536248238135,3.1770554860432942,0.12417711714903513,0.10070495208104452,0.011422028345987201,0.009198704175651074,0.157425128420194,0.7551476446579174,3.588731173425913,3.216739296913147,0.13048836216330528,0.15103021264076233,0.02189918328076601,0.01874908059835434,0.07764769718050957,0.6548004448413849,0.1570589244365692,0.7639692644190242
500,3350.665612220764,3.4428972985595463,3.176482884089152,0.12440353979667028,0.10097230672836303,0.011389970546588302,0.009072124461332957,0.15758333305517833,0.7774460856123544,3.594385903328657,3.216962695121765,0.1317531242966652,0.1534610614180565,0.021481613628566265,0.018498092889785767,0.07685019075870514,0.6591088771820068,0.1573900803923607,0.758762779225553
501,3357.6026861667633,3.436765469331294,3.1713805357615152,0.12354862789312998,0.10069285680850347,0.011387827604388197,0.008899624024828275,0.1577695846557617,0.7575697676406813,3.5798159055411816,3.208966612815857,0.13072451204061508,0.15046142041683197,0.021554965525865555,0.018256783485412598,0.07699190452694893,0.6515836715698242,0.15765514969825745,0.7388915256652555
502,3364.39208817482,3.4336042088301233,3.1679182688395184,0.12345458865165711,0.10088014205296834,0.011375335091724992,0.008793446235358715,0.1580302725235621,0.7519109642648909,3.5983364558778703,3.219195604324341,0.1314535066485405,0.15443985164165497,0.02144599799066782,0.018137579783797264,0.0768195129930973,0.6637368500232697,0.1580074056982994,0.7668996016090095
503,3371.100830078125,3.4341493039236712,3.1679264227549235,0.12376753737529118,0.1010856216152509,0.011394680012017488,0.008671477002402147,0.1583003471295039,0.8372746482468455,3.578627360984683,3.20539653301239,0.13046898692846298,0.15177369862794876,0.02144001889973879,0.017795749008655548,0.07691480964422226,0.6553288698196411,0.15813791006803513,0.8186689774268258
504,3377.8641471862793,3.4301431308655688,3.1649566014607746,0.12329998463392258,0.10070220728715261,0.011370041671519478,0.008528490054110686,0.1585031469662984,0.7839876294538759,3.5757395734544843,3.1995187997817993,0.13031389564275742,0.15333221852779388,0.021662041544914246,0.017597555182874203,0.07721898704767227,0.6596899330615997,0.1583700105547905,0.7755801250843338
505,3384.582103252411,3.4262627127813174,3.1610590775807696,0.12312264045079549,0.10076857308546702,0.011368246578300992,0.008420675216863552,0.15877110362052918,0.7532590151034607,3.56338663212955,3.1921725273132324,0.12864810973405838,0.15127486735582352,0.02165595442056656,0.017361260950565338,0.07719887048006058,0.6539440751075745,0.15862217545509338,0.7302530530361537
506,3391.328274011612,3.4223012735834346,3.156831916173299,0.12299536218245824,0.1009495715300242,0.01138553530909121,0.008290133035431305,0.15901106595993042,0.7228894120723097,3.5756012417841703,3.2023825645446777,0.1318357065320015,0.15149477124214172,0.021546702831983566,0.017245125956833363,0.0769871212542057,0.653590738773346,0.15863606333732605,0.7437564185058548
507,3398.217940092087,3.4235289997265985,3.158881123860677,0.12289033283789953,0.10057940284411113,0.011371897161006927,0.008175615034997464,0.15919314324855804,0.8051675361448594,3.5698781453538686,3.196028232574463,0.12995361536741257,0.1523023396730423,0.021519270725548267,0.01707370299845934,0.07717995718121529,0.6571407914161682,0.15885555744171143,0.8073568807848893
508,3404.91118311882,3.416095551592298,3.1515031814575196,0.12223334809144339,0.10072956283887227,0.011364982090890407,0.008066281645248334,0.1593537857135137,0.7146031964904197,3.562120400601998,3.190369963645935,0.1291433684527874,0.15149425715208054,0.021589966490864754,0.016760953702032566,0.07702400162816048,0.6546201109886169,0.15930180996656418,0.7515070388407998
509,3411.7397141456604,3.4127248241488513,3.148822069168091,0.12187630285819372,0.10048840244611104,0.011370788576702278,0.007951194637765486,0.15972580115000407,0.7064218773819668,3.566069913096726,3.1921757459640503,0.13003264367580414,0.1523682177066803,0.021622026339173317,0.016565639525651932,0.07686617970466614,0.6575746834278107,0.1599615141749382,0.6753543867546563
510,3418.572067975998,3.4127488650769617,3.148479127883911,0.12202251652876536,0.1006459246079127,0.011368156503885984,0.00786651885136962,0.15992317696412403,0.7153915351551952,3.559600859764032,3.18704092502594,0.1294616237282753,0.1518642082810402,0.021546044386923313,0.016402825247496367,0.07692555338144302,0.6566939651966095,0.15966180711984634,0.7042516445672777
511,3425.2403371334076,3.406097766625074,3.142646646499634,0.12134715567032496,0.10042349696159363,0.011366600388040144,0.007722193468362093,0.16022222340106965,0.6934911608816694,3.5528330779634416,3.1813154220581055,0.1296079307794571,0.15131253004074097,0.021530763246119022,0.016354521736502647,0.07686865329742432,0.6552193760871887,0.1597464457154274,0.6914009182354978
512,3432.14745426178,3.406358902870367,3.1420682112375897,0.1215310941139857,0.10080818384885788,0.011358613179375728,0.007635107512275378,0.16040744384129843,0.7284930818724316,3.5499518254073337,3.1747580766677856,0.12811630964279175,0.15356384962797165,0.02155196201056242,0.01603157864883542,0.07669593393802643,0.6592366397380829,0.16010811924934387,0.7253689076235389
513,3438.9187030792236,3.4027872587554158,3.1396411577860515,0.12144931058088938,0.10026749173800151,0.011381831423689922,0.007545848811666171,0.16051698128382366,0.7266636296636482,3.554212969262153,3.182419538497925,0.12833186239004135,0.15183135122060776,0.021454603411257267,0.01585918851196766,0.07687743008136749,0.6575169563293457,0.16050705313682556,0.7293881562643916
514,3445.5771491527557,3.4029885166091844,3.1386183420817058,0.12142081509033839,0.100901497900486,0.01138036553747952,0.0074270847253501415,0.16080116033554076,0.7299025900521274,3.5543582781683654,3.180204391479492,0.12865187600255013,0.15293845534324646,0.021723708137869835,0.015804152004420757,0.07707712426781654,0.6595371961593628,0.1608242616057396,0.7540266210066415
515,3452.578020095825,3.398783083120361,3.1351202805836995,0.12098893870910009,0.10066698739926021,0.011353076668456197,0.0073374335343639055,0.16115820308526357,0.7413200347407394,3.546583632356487,3.173741579055786,0.1276266872882843,0.15255314856767654,0.021502410992980003,0.01568965008482337,0.07658081129193306,0.6570760905742645,0.1609414592385292,0.7691430042761197
516,3459.2979831695557,3.3970337448175996,3.133402681350708,0.12082300931215287,0.10070416977008184,0.01137982572739323,0.0072448770826061566,0.16134662528832752,0.7230924663282956,3.5438249255530536,3.1712199449539185,0.13033036142587662,0.15178119391202927,0.021746043115854263,0.015509648248553276,0.07723766192793846,0.6561623513698578,0.16132039576768875,0.750673667691912
517,3466.1985330581665,3.395890467047381,3.131989574432373,0.12198400447765986,0.100559368232886,0.011354703114678462,0.007160615641623735,0.161610080798467,0.8779191442145943,3.5493149963440374,3.1741288900375366,0.12937159836292267,0.15333491563796997,0.021484767086803913,0.015321903396397829,0.0764806717634201,0.6620182394981384,0.16145764291286469,0.8521129350668752
518,3473.120615005493,3.3902649174289157,3.1278711954752603,0.12038602381944656,0.10021853893995285,0.011353061767295003,0.0070545286561052006,0.16179665823777517,0.7305398783253415,3.543026721687056,3.169324040412903,0.12861324101686478,0.1527944877743721,0.02147851698100567,0.015228340867906809,0.07648499682545662,0.6582044064998627,0.16180192679166794,0.7181890801926616
519,3479.911960363388,3.3891847871166343,3.1264769554138185,0.12038510143756867,0.10038769990205765,0.011343871895223855,0.006959524719665448,0.16196066637833914,0.7411063280554807,3.536376049160026,3.1642457246780396,0.12814583256840706,0.15215528011322021,0.02149089239537716,0.014987391885370016,0.0764930509030819,0.6574167907238007,0.16193830221891403,0.7742069340542755
520,3486.7844083309174,3.386061709925222,3.1225017070770265,0.12044966171185176,0.10080818484226862,0.011351764854043721,0.006875209230929613,0.16229926149050394,0.8333062854495542,3.5471518924459815,3.171104073524475,0.12762459367513657,0.15425550937652588,0.02152891643345356,0.014898013323545456,0.07643716782331467,0.6634067296981812,0.162391297519207,0.7615970625766313
521,3493.603865146637,3.384462222782895,3.122023026148478,0.12016771088043848,0.10032627781232198,0.011341461973885695,0.006811142278214295,0.16258507072925568,0.6949742217536389,3.5324375834316015,3.1582285165786743,0.12749364972114563,0.15338769555091858,0.02153854165226221,0.01474740356206894,0.0764354020357132,0.6616122722625732,0.16265223920345306,0.6950246529827526
522,3500.3530373573303,3.381198015405486,3.118885707855225,0.1200094332297643,0.10031323234240214,0.011341866990551352,0.0067245050022999445,0.16274419526259104,0.7219047709260225,3.5384270296199247,3.1625808477401733,0.12748713046312332,0.1542186439037323,0.02147647552192211,0.014661315362900496,0.07638772949576378,0.6623343527317047,0.1627044454216957,0.7224605845865482
523,3507.1839640140533,3.376806599056969,3.114813248316447,0.11981370747089386,0.1002137670914332,0.01134096272289753,0.006635851288835207,0.16295600235462188,0.7787314721328713,3.542514668777585,3.166690230369568,0.12819170951843262,0.15404412895441055,0.02138254325836897,0.014561302959918976,0.07609279826283455,0.6630173325538635,0.1629447415471077,0.8007525300198426
524,3514.0237431526184,3.376682823896408,3.114201482137044,0.11996236393849055,0.1004287431637446,0.011344991686443488,0.006570693850517273,0.16317979792753856,0.8092697216498155,3.522361143724993,3.1489083766937256,0.12679241597652435,0.15323837101459503,0.02138625457882881,0.014319268055260181,0.07618308439850807,0.6594592034816742,0.16319074481725693,0.816694546669505
525,3520.7433931827545,3.372375150079218,3.1100671609242756,0.11939339389403661,0.10049558331569036,0.011339118828376134,0.006480502306173245,0.16339490910371143,0.7146874414079496,3.5193053372204304,3.149245858192444,0.12628911435604095,0.15167932212352753,0.021416244097054005,0.014225110411643982,0.07618014514446259,0.6560787558555603,0.1632610186934471,0.6932603659623974
526,3527.6692690849304,3.3699911226208012,3.1080833594004313,0.11910875787337621,0.10037488589684168,0.01134186143365999,0.006414449959993363,0.1636711170276006,0.6800154576764116,3.5350922460202128,3.157538890838623,0.1275930143892765,0.15511629730463028,0.021460493095219135,0.014097013510763645,0.07627305760979652,0.664491206407547,0.16337629407644272,0.6659193548230558
527,3534.5579891204834,3.3706360490138954,3.108164993921916,0.11917651842037837,0.100650321940581,0.011339198782419164,0.006328608002513647,0.16386322677135468,0.7273898162427431,3.528732914244756,3.1546601057052612,0.1261662058532238,0.1537463366985321,0.021634405478835106,0.013988128863275051,0.07657616958022118,0.6608566045761108,0.16394368559122086,0.7634381348259266
528,3541.4444081783295,3.3684465089580042,3.1069894790649415,0.11935282796621323,0.10010635157426198,0.011352085632582505,0.0062716510457297165,0.16418392062187195,0.7572815656606628,3.533911786857061,3.1557435989379883,0.12722885236144066,0.15553464740514755,0.021344764158129692,0.01393786771222949,0.07579415291547775,0.6666023433208466,0.16420409828424454,0.7521098356113749
529,3548.256788253784,3.3675097847590223,3.1061633427937827,0.11925890396038691,0.10008489141861597,0.011348761431872845,0.006188828591257333,0.16435129245122274,0.7959427092170976,3.523563430760987,3.1482653617858887,0.12717853114008904,0.15413698554039001,0.02167597971856594,0.013739329297095537,0.07674645632505417,0.6634480357170105,0.16448044776916504,0.8071904849294883
530,3555.0125122070312,3.3630479769936454,3.1008642673492433,0.11973977535963058,0.10038980891307195,0.0113340868614614,0.0061368165537714955,0.16463628609975178,0.9312445627117101,3.5150605080416426,3.136546492576599,0.12663966417312622,0.15589750558137894,0.02146948128938675,0.013596688862890005,0.07604767009615898,0.6658583283424377,0.16406511515378952,0.912030401175356
531,3561.8690133094788,3.3604981582456577,3.0988054275512695,0.11881110568841298,0.10038645764191946,0.011327184597030282,0.0060570502653718,0.16492919822533925,0.767738356753155,3.5207746191881597,3.1464585065841675,0.12573577836155891,0.154035784304142,0.021490102633833885,0.01350661925971508,0.07609861716628075,0.6609146595001221,0.16472528129816055,0.7359316694792262
532,3568.6725511550903,3.3580996063382673,3.096948989232381,0.11798116366068521,0.10033232222000758,0.011333328656231363,0.00598156334211429,0.1650257150332133,0.6807713653827877,3.506458634743467,3.130115509033203,0.1244950219988823,0.15538133680820465,0.021507510915398598,0.013331764377653599,0.07611566036939621,0.6644207239151001,0.16526442766189575,0.6807935584865813
533,3575.515570163727,3.3537012313880648,3.0929497400919597,0.11797112474838893,0.1001432940363884,0.011327766176934043,0.005917363396535317,0.1653425544500351,0.7247083912248955,3.50705842114985,3.13187313079834,0.12608042731881142,0.15440451353788376,0.021559218876063824,0.01334419846534729,0.07620222866535187,0.6629886627197266,0.16522303968667984,0.7514293348989423
534,3582.260961294174,3.3498799006144204,3.0892751534779865,0.118007359902064,0.10006965696811676,0.011331643738473455,0.005847012996673584,0.16560400227705638,0.790446336811897,3.5032752534607425,3.128702163696289,0.12621589377522469,0.15408247709274292,0.021639573387801647,0.013200754765421152,0.07632355764508247,0.6613352596759796,0.16540364176034927,0.837340351397389
535,3589.0642290115356,3.349086203488211,3.088883558909098,0.11813073456287385,0.09984385420878729,0.011322590926041206,0.00579827552040418,0.16585666338602703,0.7984676969290647,3.5035434211604297,3.1254929304122925,0.1261662021279335,0.15584708005189896,0.021542816422879696,0.013092918321490288,0.07615545392036438,0.6678144335746765,0.1659306436777115,0.7612981616998293
536,3595.9614412784576,3.3468937090054776,3.0862677097320557,0.11785003890593847,0.10013297845919927,0.01133088933614393,0.005740091608216365,0.16605197389920553,0.7365007078092997,3.5022156555205584,3.123732566833496,0.12414015829563141,0.15659799426794052,0.02143761422485113,0.012868084013462067,0.07585609704256058,0.6657473742961884,0.16582292318344116,0.750812182304561
537,3602.862748146057,3.341322310687974,3.081612968444824,0.11717285513877869,0.09985370834668478,0.011324110580608249,0.005661991921563943,0.16622103055318196,0.677849837290493,3.5017690586391836,3.1250747442245483,0.12466106191277504,0.15557175129652023,0.021534659899771214,0.012881123460829258,0.07613398134708405,0.6635211408138275,0.16623122990131378,0.6906561667732039
538,3609.605898141861,3.3402597785228862,3.079570245742798,0.11751452833414078,0.10026427855094273,0.011320428317412734,0.005614846044530471,0.1665711263815562,0.8288384815161662,3.5132429868681356,3.1334186792373657,0.1272135227918625,0.15650931000709534,0.021394292823970318,0.012795704882591963,0.07581398263573647,0.667581170797348,0.16622349619865417,0.8172918834801562
539,3616.405783176422,3.342758805273722,3.0826080004374186,0.1179566204547882,0.09989043126503626,0.011314796982333064,0.005566528315345446,0.16664626995722454,0.7682436219212453,3.5045778108760715,3.1277226209640503,0.12600181251764297,0.1553381383419037,0.021409334614872932,0.012712027877569199,0.07585467025637627,0.6666864454746246,0.1668148934841156,0.692327811773075
540,3623.29194521904,3.334824277538185,3.075181722640991,0.1170267457763354,0.09987788597742717,0.011332481602827708,0.005493640216688315,0.16692556341489156,0.670293754369236,3.4973095055902377,3.120625138282776,0.1242535412311554,0.15570634603500366,0.02141919732093811,0.012579618487507105,0.07588431611657143,0.6657216846942902,0.16690237820148468,0.6598098065173683
541,3630.1019670963287,3.333698121706645,3.0740490277608234,0.11668143769105276,0.09997343669335047,0.011310426595931252,0.005446006854375203,0.16721901893615723,0.6663797412110815,3.4802636347012594,3.1053727865219116,0.1243230551481247,0.15480472147464752,0.021563460119068623,0.012479510623961687,0.07591939345002174,0.663300096988678,0.16719703376293182,0.6830705788503888
542,3636.8260011672974,3.330844816821627,3.0708798090616862,0.11678447177012762,0.10011277198791504,0.011314670617381731,0.0053889115961889425,0.16739420692125956,0.7419363342007108,3.4827932260232046,3.106518864631653,0.12428165972232819,0.15551281720399857,0.02157856896519661,0.012431588489562273,0.07591510191559792,0.6639358699321747,0.16731777042150497,0.7841104357790251
543,3643.773750305176,3.3293932765489442,3.0697008768717446,0.11690867791573206,0.09995073129733403,0.011332009655113022,0.0053463924986620745,0.1676966687043508,0.817146852135408,3.4880411232588813,3.113739013671875,0.12381481751799583,0.15466386079788208,0.021450499072670937,0.012267916928976774,0.075890451669693,0.6636199653148651,0.16746186465024948,0.8004817123249757
544,3650.5959062576294,3.324969623486201,3.0652154604593913,0.11611469636360804,0.10018855482339858,0.011311056977137923,0.005278820792833964,0.1679436316092809,0.6991882928184584,3.4946778275771067,3.11527681350708,0.12405532225966454,0.15716086328029633,0.02152855321764946,0.01220650551840663,0.07584984973073006,0.6685341596603394,0.16779541224241257,0.7303870091261064
545,3657.4795501232147,3.3214573949420205,3.063077449798584,0.11562847048044204,0.0996292069554329,0.011334235904117425,0.0052291839693983395,0.1681552191575368,0.675020672316029,3.4786852502729744,3.10373592376709,0.12302939966320992,0.15520095825195312,0.02170121017843485,0.012130840681493282,0.07636142522096634,0.6644696593284607,0.16829386353492737,0.668964601491848
546,3664.178076028824,3.322921054329102,3.063113578160604,0.11585000703732172,0.10029167433579762,0.011324386624619365,0.005196495912969112,0.16843294401963552,0.6585987181919865,3.4711709588300437,3.0987184047698975,0.12343082204461098,0.15385843068361282,0.021356494165956974,0.012081126682460308,0.07556500285863876,0.6619073748588562,0.1684623807668686,0.6335888976426148
547,3670.9761550426483,3.3200069842472053,3.0605493704477946,0.11582945138216019,0.10012987901767095,0.011304189916700125,0.005132520291954279,0.16857389310995738,0.7812698765237232,3.4833605476887897,3.103933572769165,0.12374836951494217,0.15728158503770828,0.021488288417458534,0.011958480346947908,0.0756479986011982,0.6673462688922882,0.16867338865995407,0.8365777226144099
548,3677.8110060691833,3.313716663637509,3.054800764719645,0.11528206169605255,0.10000041375557582,0.0113137679019322,0.005096162234743436,0.1689809024333954,0.7518310049495308,3.487992777954787,3.102825880050659,0.12357776612043381,0.16019226610660553,0.021592769771814346,0.011973930522799492,0.07593460008502007,0.677725613117218,0.16895031183958054,0.7595801712664436
549,3684.5872962474823,3.314149092176619,3.055129035313924,0.11516187687714895,0.10008796056111653,0.011300052516162395,0.005052789207547903,0.1691763788461685,0.7062883032774263,3.465432016295381,3.0913158655166626,0.12228269129991531,0.15500492602586746,0.021453460678458214,0.011859812308102846,0.07556138187646866,0.6627809703350067,0.16921090334653854,0.7110645362044663
550,3691.3257892131805,3.307929175820512,3.048944600423177,0.1148370956381162,0.10015752762556077,0.011314956952507298,0.005003889308621486,0.16929622391859692,0.649710694252068,3.477531238924712,3.0988845825195312,0.1234138011932373,0.1570013388991356,0.021460337564349174,0.011748312041163445,0.07554348558187485,0.6690342426300049,0.1695207878947258,0.6496252425331908
551,3698.199946165085,3.31112060478578,3.0517202854156493,0.11552471419175465,0.10019781589508056,0.011316160640368859,0.004969321936368942,0.16970502237478893,0.7616954652964847,3.4670963790267706,3.0922971963882446,0.1230613999068737,0.15517845749855042,0.02130262739956379,0.011646270751953125,0.07542684674263,0.6620218455791473,0.16962873190641403,0.7793380641874352
552,3704.9496700763702,3.3049236761871725,3.0459819634755454,0.11563042352596918,0.09995053013165792,0.01130267729361852,0.004901762741307418,0.16979003846645355,0.8782920593766403,3.4807499289745465,3.1023515462875366,0.12475455924868584,0.1565597653388977,0.02146937046200037,0.01160628953948617,0.07605058327317238,0.6676832437515259,0.16979189962148666,0.9497553351785971
553,3711.80216217041,3.3062330946947136,3.046941566467285,0.11617815345525742,0.09999113579591115,0.011300108255818486,0.004880719631910324,0.1701653649409612,0.962872863614917,3.4647887881146744,3.088673710823059,0.12314882129430771,0.1558266505599022,0.021398985758423805,0.011549462098628283,0.07548520714044571,0.6649868488311768,0.17001737654209137,0.9295183074465841
554,3718.5296170711517,3.2998599630314858,3.0412903308868406,0.11467817823092143,0.10001212606827418,0.011323950439691543,0.0048251635705431305,0.17039127747217814,0.8066837132718072,3.466228245291859,3.087255358695984,0.12281741574406624,0.1573473960161209,0.021707206964492798,0.011477546766400337,0.07602393254637718,0.6685638129711151,0.17027227580547333,0.7956117985702355
555,3725.3441121578217,3.3001066079052785,3.040812047322591,0.11455971648295721,0.1004084125161171,0.011332555580884219,0.004791509235898653,0.17068478961785635,0.78004224038003,3.46309268521145,3.0837539434432983,0.12213794887065887,0.15771222859621048,0.02124481089413166,0.0113812405616045,0.07517333328723907,0.6698164939880371,0.1706155315041542,0.8128310163116742
556,3732.123717069626,3.2970738955928636,3.0383997758229575,0.11454559365908305,0.10010892748832703,0.01130732895495991,0.004733871854841709,0.17077186405658723,0.7252734956359437,3.4569084343966097,3.075438976287842,0.1222483441233635,0.1587642803788185,0.021603195928037167,0.011266901157796383,0.07564141228795052,0.6732141375541687,0.17091285437345505,0.7645463947948689
557,3738.844024181366,3.2899316473320748,3.032263247172038,0.11386647472778956,0.09977966994047165,0.011291165743023157,0.004703291660795609,0.17118066350619,0.6564090386449593,3.4517520893132314,3.077551484107971,0.12171127274632454,0.15525516122579575,0.0215464998036623,0.011338585522025824,0.07556375116109848,0.6615568399429321,0.17120908200740814,0.618998454882514
558,3745.660485982895,3.2915531176840886,3.032881323496501,0.11398107161124547,0.10025634715954462,0.011290285425881544,0.004674256251504024,0.17143728137016295,0.7047883416452358,3.4462807533564046,3.069963574409485,0.1212046705186367,0.15645479410886765,0.021396446973085403,0.011221021879464388,0.07529353722929955,0.6684213280677795,0.17152559012174606,0.706722391237509
559,3752.649131298065,3.2912832094317612,3.032036034266154,0.1138221671183904,0.10058894455432892,0.011297340830788016,0.004632809991016984,0.17157356739044188,0.7080964004475379,3.451344096334651,3.0724817514419556,0.12150340899825096,0.1576732024550438,0.021273438818752766,0.01105694193392992,0.0752032957971096,0.6689167022705078,0.1714751347899437,0.7307913538021182
560,3759.4605901241302,3.2870362884093387,3.0287200927734377,0.11344551046689351,0.10022211720546087,0.011301142675802112,0.004596823966130615,0.1718083769083023,0.6647070706313944,3.439332301262766,3.0637199878692627,0.12143741548061371,0.15606924891471863,0.02141790557652712,0.01102043129503727,0.07532765716314316,0.6648382544517517,0.1717683970928192,0.6645192277876725
561,3766.471113204956,3.2846700134764735,3.025814406077067,0.1134563739101092,0.10049413392941157,0.01129193181792895,0.0045566103421151635,0.17206542988618215,0.6890572447122494,3.441491347970441,3.065774440765381,0.12160435318946838,0.15608420968055725,0.0214034803211689,0.010985244996845722,0.07546060532331467,0.6651275753974915,0.17210623621940613,0.7046851691321325
562,3773.203597307205,3.283293595327996,3.0250692844390867,0.11349497040112813,0.1001720701654752,0.011302813080449899,0.004530741429577271,0.17224370539188386,0.7054465224043027,3.4380965208401904,3.0601203441619873,0.1207706406712532,0.1574402078986168,0.021427134051918983,0.01084176218137145,0.07547058165073395,0.6679028868675232,0.17239170521497726,0.7047705816723163
563,3780.0535793304443,3.281227239764606,3.022592560450236,0.11418966253598531,0.10021082758903503,0.011310713753725091,0.004472771473228931,0.17258707582950591,0.9231992125364852,3.449161837808788,3.0713707208633423,0.12292308360338211,0.15680231153964996,0.021650485694408417,0.010899808257818222,0.07563584670424461,0.6666983962059021,0.17263119667768478,0.9110098997452567
564,3786.949667930603,3.2778523912808546,3.018732182184855,0.11359878232081731,0.10060294220844905,0.011304605333134533,0.004459734074771404,0.17292496661345164,0.870829546719644,3.431835798546672,3.0551317930221558,0.12029018625617027,0.15691912174224854,0.02159733884036541,0.010882675647735596,0.07550286129117012,0.6686833202838898,0.17283854633569717,0.8313223330150652
565,3793.6744022369385,3.2724888179916887,3.0146040121714273,0.11288985709349314,0.10016804287830988,0.011282861450066168,0.004415166067580382,0.17308843433856963,0.7312265943722832,3.43032129004132,3.0534701347351074,0.12104735523462296,0.15682005882263184,0.02146086748689413,0.010749440174549818,0.07528258860111237,0.6656746864318848,0.17326026409864426,0.7562094873027092
566,3800.662253379822,3.2714112705434673,3.013250144322713,0.11344941258430481,0.10016912072896958,0.011297501157969236,0.004392713882649938,0.17338910500208538,0.8481196636434423,3.4281204517465085,3.0508400201797485,0.12142879515886307,0.15694236010313034,0.021506574004888535,0.010725255124270916,0.07533639669418335,0.6658786833286285,0.17347045987844467,0.8865871861634178
567,3807.4702439308167,3.2689007877061766,3.0100762367248537,0.11288686941067377,0.10064647148052851,0.01129045068907241,0.004352693259716034,0.1735777993996938,0.7947726473371841,3.4253900876501575,3.046671152114868,0.12095057964324951,0.15778979659080505,0.021472047083079815,0.010656210128217936,0.0757499523460865,0.670600175857544,0.17364896833896637,0.7815355726665156
568,3814.2411313056946,3.2665799171314576,3.0087076505025228,0.11319389988978704,0.10009739349285761,0.01128825390090545,0.004322118793303768,0.173873969912529,0.8592293489462738,3.4262501124758273,3.047735333442688,0.12126462906599045,0.15760992467403412,0.021537537686526775,0.010650460608303547,0.07538621872663498,0.6673584878444672,0.1736215353012085,0.8270263836033495
569,3821.1683852672577,3.2631199220583462,3.005182393391927,0.11209766616423925,0.10040746728579203,0.01128698258350293,0.004295044050862392,0.17403363486131032,0.7257212543015663,3.417933735414408,3.0425703525543213,0.11905636638402939,0.1566082015633583,0.02139292936772108,0.010475186165422201,0.07501905411481857,0.6652689874172211,0.17410290241241455,0.7014862659298663
570,3828.059041261673,3.260495502559934,3.003125270207723,0.11189154436190923,0.10017976512511571,0.011289389835049709,0.004259719684099158,0.17429161171118418,0.6918002199289935,3.4165522165130824,3.041786789894104,0.11986502259969711,0.1561058610677719,0.021472226828336716,0.010484772734344006,0.07569264620542526,0.6634446084499359,0.1742757111787796,0.6945422552655162
571,3834.924450159073,3.2556715176052724,2.998362827301025,0.11150398602088292,0.10024897356828054,0.011281004051367442,0.004235000628978014,0.17461057007312775,0.6821667344736121,3.410177667392418,3.035573959350586,0.11870840191841125,0.156317301094532,0.02136277500540018,0.01045961957424879,0.07509863004088402,0.6666483581066132,0.17455525696277618,0.6648247590021035
572,3841.744775056839,3.256566408916842,2.99892479578654,0.11196163694063822,0.10030286113421122,0.01128076333552599,0.0042202895662436886,0.17476779421170552,0.7366488948478149,3.411604259512387,3.0325225591659546,0.11924266070127487,0.15843183547258377,0.021236936561763287,0.010386796202510595,0.0749148316681385,0.6701279878616333,0.17479387670755386,0.7507246796070663
573,3848.709328174591,3.2564807771821505,2.9985966523488363,0.11210112671057383,0.10039471238851547,0.011288340560471018,0.004176546803986033,0.17500092188517252,0.8018191487729618,3.415954388328828,3.0365989208221436,0.11920725926756859,0.1585875153541565,0.02123058307915926,0.010307228658348322,0.0750264897942543,0.6705814003944397,0.1748509630560875,0.8150452631380313
574,3855.4165210723877,3.2510967934969814,2.993792994817098,0.1114377905925115,0.10027518620093663,0.01127251780902346,0.004138123927017053,0.17521137197812398,0.679156113269491,3.40321044519078,3.0233139991760254,0.11836808547377586,0.15907291322946548,0.02141085360199213,0.010266307275742292,0.07518748566508293,0.6705976724624634,0.17530256509780884,0.6798129914013696
575,3862.3550441265106,3.2474691268211853,2.9898937861124675,0.11081688106060028,0.10056942850351333,0.01128011221686999,0.004112172685563564,0.1755485028028488,0.6882288613791261,3.3996549788862467,3.02544105052948,0.11808407679200172,0.15629591792821884,0.021543659269809723,0.010320216417312622,0.07521792128682137,0.6641206443309784,0.17568667232990265,0.6695732924048896
576,3869.207997083664,3.2440930365468374,2.9866196791330974,0.11095953087011973,0.10048496971527736,0.01127469576895237,0.0040946101925025385,0.17581656873226165,0.7209648095178195,3.397640938637778,3.022326946258545,0.11812402307987213,0.15684717148542404,0.021543762646615505,0.010230551473796368,0.07525504007935524,0.6670211851596832,0.17578375339508057,0.7271352747291673
577,3876.1000821590424,3.246429528967322,2.9878753344217936,0.11105477611223856,0.10100349734226863,0.011268840202440818,0.004079247219488024,0.17605935533841452,0.6980064612354219,3.4110408744309098,3.032534599304199,0.11933127045631409,0.15814432501792908,0.021368086338043213,0.010207959450781345,0.07483117282390594,0.6703072488307953,0.1759534254670143,0.738317694888111
578,3882.848731994629,3.2413598257349805,2.983613697687785,0.110911130408446,0.10064039925734201,0.011270682575802009,0.004039057313154141,0.17623681525389354,0.7254762721391409,3.39424474502448,3.0216965675354004,0.1189880296587944,0.15525446087121964,0.021386158652603626,0.010180963668972254,0.07509147375822067,0.663163036108017,0.17637142539024353,0.7153941514974813
579,3889.612706184387,3.239366639898314,2.9813600540161134,0.11065285503864289,0.10083685467640559,0.011274708264196912,0.004025796040271719,0.176536891857783,0.7433936920663353,3.3947282962035388,3.0195592641830444,0.11804793775081635,0.15680629014968872,0.021242606453597546,0.010129931382834911,0.07474518567323685,0.6666867136955261,0.17634271830320358,0.7285790990131783
580,3896.5406041145325,3.2382892927581755,2.9809909661610923,0.11074411620696385,0.10046319911877315,0.011267057340592145,0.003999481024220586,0.17671744922796886,0.7293093266108566,3.3922410948434845,3.01856791973114,0.1181190088391304,0.15605852007865906,0.021301218308508396,0.009986522141844034,0.07475908100605011,0.6651158630847931,0.17661748826503754,0.7276169942921797
581,3903.3302381038666,3.233030394829499,2.975565052032471,0.11045171270767848,0.10062436113754908,0.01127881333231926,0.0039630566723644735,0.17703412473201752,0.7530854898207592,3.389451336930506,3.0121735334396362,0.1175660490989685,0.1579909399151802,0.0215006647631526,0.010051596444100142,0.07511939480900764,0.6689720153808594,0.1772586554288864,0.7509992484120032
582,3910.148201227188,3.230621890355057,2.9735599676767985,0.11047428051630656,0.10041838934024175,0.011267691866184275,0.003952014958485961,0.177327365676562,0.7232413672162851,3.393791427835822,3.016090750694275,0.11809257045388222,0.15808308124542236,0.0213721776381135,0.009952917695045471,0.07488495856523514,0.6695619523525238,0.17714767903089523,0.7313543561521438
583,3917.0105681419373,3.2312041090219283,2.9734559853871665,0.11088285346825917,0.10066211918989817,0.01126202621186773,0.003929834083343546,0.1774947911500931,0.9257748788344797,3.385410680784844,3.004714846611023,0.11917233094573021,0.15931279212236404,0.02137192152440548,0.00993633782491088,0.07473587244749069,0.6715906858444214,0.17766572535037994,0.9587690452530063
584,3923.779965162277,3.226151496292247,2.9681266148885093,0.1107669249176979,0.1008335734407107,0.011269700014963746,0.0038970882538706063,0.17780355016390484,0.9161360080215543,3.3826186620863155,3.0059584379196167,0.11805827915668488,0.15757938474416733,0.021472609601914883,0.009889260400086641,0.07516854628920555,0.6678594052791595,0.17809035629034042,0.9215293219357978
585,3930.637143135071,3.227851019462105,2.9701999187469483,0.11062541753053665,0.10068349192539851,0.011277109819153945,0.0038856323963652054,0.17803553640842437,0.8475180846804495,3.379649648675695,3.006255626678467,0.1168869361281395,0.15624510496854782,0.021162482909858227,0.0098413759842515,0.07459445297718048,0.6643949747085571,0.1777854710817337,0.8148538727166649
586,3937.42121219635,3.2199572502713028,2.963025140762329,0.10972158958514532,0.10055594841639201,0.011298714826504389,0.00383767153446873,0.178266113003095,0.752494878561654,3.3816545193549246,3.003592610359192,0.11811032518744469,0.15827275812625885,0.021492652595043182,0.009844920597970486,0.07510535791516304,0.6688889861106873,0.17844482511281967,0.7880738149015005
587,3944.2534742355347,3.2198769546618373,2.9625182151794434,0.11003994892040889,0.10068968385457992,0.011271091504022479,0.003837589252119263,0.17859098315238953,0.7896910203535709,3.3685880536213517,2.995113253593445,0.11714458093047142,0.15622320771217346,0.021474233828485012,0.009824376553297043,0.07544587180018425,0.663603663444519,0.1787697672843933,0.8308221670119377
588,3951.11598610878,3.217820704522698,2.9604499340057373,0.11008347272872925,0.10068649301926295,0.011266420781612396,0.0038241924562801917,0.17880637049674988,0.8126291763306536,3.3735626065172255,2.995430588722229,0.11705750226974487,0.15858237445354462,0.02143565844744444,0.00975407101213932,0.0750940591096878,0.6694886386394501,0.17894409596920013,0.7694597405942376
589,3957.8417451381683,3.2127806005068122,2.9558101971944173,0.10928688198328018,0.10068905949592591,0.011260674723113576,0.0037953733156124753,0.17903526624043783,0.7146637804910362,3.3622583699179813,2.988274335861206,0.11657964065670967,0.15663554519414902,0.021303839050233364,0.009692493360489607,0.07451979070901871,0.6668973863124847,0.1792212501168251,0.7278446502981677
590,3964.7329370975494,3.2100986751417317,2.9531093279520673,0.10926601638396581,0.10070627530415853,0.011260052599633733,0.0037751535574595133,0.17926557064056398,0.7691347714221967,3.3686861640308052,2.9903695583343506,0.11657755076885223,0.15881015360355377,0.021330783143639565,0.009630092419683933,0.0747954361140728,0.6724404692649841,0.1792588010430336,0.7567224835392288
591,3971.5282850265503,3.20662817042709,2.949848238627116,0.1083162506421407,0.10084250072638194,0.011274072388187052,0.003747220104560256,0.1794758568207423,0.6423761607631039,3.3620710883988068,2.986547112464905,0.11553102731704712,0.15767095983028412,0.021470447070896626,0.009666170459240675,0.07498759403824806,0.6674746870994568,0.17949707061052322,0.6465047578687655
592,3978.306398153305,3.203159706876613,2.947209866841634,0.10829022626082102,0.10043510148922602,0.011251738186304767,0.0037380957044661047,0.17985004385312398,0.61275920236463,3.362020774045959,2.981750011444092,0.11588659882545471,0.1599608063697815,0.02128703985363245,0.009623401798307896,0.07457763701677322,0.6750304996967316,0.17974847555160522,0.6097401608057632
593,3985.162126302719,3.2037923028420967,2.946596082051595,0.10852739463249843,0.1010019063949585,0.01126462798565626,0.0037148427373419205,0.1800285905599594,0.7414628603187355,3.350763805792667,2.9757273197174072,0.1156962513923645,0.15738961100578308,0.021386411041021347,0.009636553470045328,0.07490681856870651,0.6677005589008331,0.18027517944574356,0.7806243958625558
594,3991.912796020508,3.2001853258969883,2.943878507614136,0.10859960863987604,0.10054068813721338,0.01126010005051891,0.0037025507539510728,0.1802502711613973,0.7961301306236154,3.3534845077665523,2.9772228002548218,0.11636669561266899,0.15784504264593124,0.021282553672790527,0.009553097654134035,0.07447739690542221,0.6680251359939575,0.18026640266180038,0.7890118893884579
595,3998.6644949913025,3.197833753245262,2.9412643909454346,0.10865860283374787,0.10065926512082418,0.01125417398288846,0.0036861225652198,0.180504177014033,0.7549424758179079,3.3546118699014187,2.97827684879303,0.11519511416554451,0.158187635242939,0.021301042288541794,0.00944877415895462,0.07477504760026932,0.6696854531764984,0.18041672557592392,0.7324425446296543
596,4005.5857412815094,3.2002775062574074,2.943644094467163,0.10892338355382283,0.10062676817178726,0.011300190165638924,0.003672734679033359,0.1807243913412094,0.7693743985097199,3.355969190481119,2.9803420305252075,0.11729976534843445,0.15731100738048553,0.02109477762132883,0.00942105008289218,0.07476213946938515,0.6672808825969696,0.1806391254067421,0.805468435395207
597,4012.376460313797,3.19242288179618,2.935539690653483,0.10826733807722727,0.1009234627087911,0.011261842663710315,0.003610386746004224,0.18097813526789347,0.8305178909161146,3.3466189655009657,2.9684020280838013,0.11442667245864868,0.15932194888591766,0.02156325150281191,0.009438813664019108,0.07506832107901573,0.6696361005306244,0.1810634657740593,0.794053335323522
598,4019.1689052581787,3.187105989200063,2.930588785807292,0.10730540951093039,0.10097833275794983,0.011252567249660691,0.0036313324856261414,0.1814020723104477,0.7568521572660099,3.3470878161024302,2.9733102321624756,0.11474984511733055,0.15701433271169662,0.021514841355383396,0.009495983831584454,0.07489310204982758,0.6661599576473236,0.18139171600341797,0.7805179844515479
599,4026.0675480365753,3.185723979829345,2.9297354221343994,0.10728106051683425,0.10072242617607116,0.01124813842276732,0.0036127003375440838,0.18157627979914348,0.6990189501781819,3.340291792410426,2.962697386741638,0.11444364115595818,0.1590106263756752,0.02149665355682373,0.00940532935783267,0.07477134093642235,0.6718675196170807,0.18162614852190018,0.7099485620691762
600,4032.7115910053253,3.184069551162732,2.928316895167033,0.10761742790540059,0.10052302579085032,0.011251139858116706,0.0035915618451933065,0.1817702353000641,0.8323208890003281,3.338134581921622,2.9614317417144775,0.11536245048046112,0.1583409532904625,0.021389986388385296,0.00935883354395628,0.074964489787817,0.6689211428165436,0.1817411333322525,0.8644959222340425
